dataset,profile,method,seed,selected_rows,good_count,good_ratio,downstream_gain_mean,harm_score_mean,loss_reduction_mean,influence_gain_mean,collapse_to_single_digits,scoring_semantics,online_scoring_uses_downstream_model,sample_packaging_enabled,package_size,sample_packaging_stage,sample_package_summary,seller_packaging_rule,package_count,package_size_min,package_size_max,scored_objects,student_calibration_size,student_landmark_count,student_sigma2,student_supervision,eval_time,test_auroc,test_macro_f1,test_acc,type_coreset_far_wrong_decoy,type_kmeans_center_decoy,type_typiclust_dense_decoy,type_uncertainty_badge_decoy,ckks_simd_enabled,ckks_scheme,ckks_reference_rows,ckks_reference_dim,ckks_reference_package_size,ckks_rows_per_second_mean,ckks_est_encrypted_compute_ms,ckks_scaled_from_reference_ms,ckks_est_input_prepare_encrypt_ms,ckks_est_decrypt_decode_ms,ckks_est_total_full_flow_ms,ckks_ref_input_prepare_encrypt_ms_mean,ckks_ref_encrypted_compute_ms_mean,ckks_ref_decrypt_decode_ms_mean,ckks_ref_total_full_flow_ms_mean,ckks_ref_rows_per_second_mean,ckks_ref_scored_objects_per_second_mean,ckks_ref_output_ciphertexts_mean,ckks_ref_decoded_values_mean,ckks_ref_input_ciphertexts_mean,ckks_ref_input_ciphertext_bytes_mean,ckks_ref_output_ciphertext_bytes_mean,ckks_ref_total_communication_bytes_mean,ckks_ref_ct_ct_mults_mean,ckks_ref_ct_pt_mults_mean,ckks_ref_rotations_mean,ckks_ref_additions_mean,ckks_ref_relinearizations_mean,ckks_ref_rescales_mean,ckks_ref_scored_objects,ckks_ref_raw_rows_per_scored_object,primary_metric,primary_metric_value,type_cosine_decoy,type_useful_clean,package_size_sweep,run_seed,type_noise_decoy
hateful_memes,noise,ours_sample_package_krr,42,48,46,0.9583333333333334,3.056881666183472,-3.056881666183472,0.0003028834762517,0.0273210052400827,0,online_student,0,1,2,buyer_pca_synchronized_indices,mean_seller_phi_by_buyer_membership,reuse_buyer_package_membership,2496,2,2,2496,28000,1000,0.9174745082855223,top_quantile,0.0,,,,1.0,13.0,21.0,13.0,1,ours_student_pkg_ctpt,10000.0,64.0,2.0,839113.920474,5.949132624542936,5.952201216,36.0482304,0.501436416,42.501868032,72.212,11.92348,1.00448,85.13996,839113.920474,419556.960237,2.0,8192.0,20.0,6686676.0,470643.0,7157319.0,0.0,20.0,0.0,20.0,0.0,20.0,5000.0,2.0,good_count,46.0,,,2,42,
hateful_memes,coreset_far_wrong,ours_sample_package_krr,42,48,40,0.8333333333333334,2.531710624694824,-2.531710624694824,0.0002617624995764,0.0214345213025808,0,online_student,0,1,2,buyer_pca_synchronized_indices,mean_seller_phi_by_buyer_membership,reuse_buyer_package_membership,2496,2,2,2496,28000,1000,0.9174745082855223,top_quantile,0.0,,,,4.0,16.0,17.0,11.0,1,ours_student_pkg_ctpt,10000.0,64.0,2.0,839113.920474,5.949132624542936,5.952201216,36.0482304,0.501436416,42.501868032,72.212,11.92348,1.00448,85.13996,839113.920474,419556.960237,2.0,8192.0,20.0,6686676.0,470643.0,7157319.0,0.0,20.0,0.0,20.0,0.0,20.0,5000.0,2.0,good_count,40.0,,,2,42,
hateful_memes,typiclust_dense,ours_sample_package_krr,42,48,19,0.3958333333333333,1.6039485931396484,-1.6039485931396484,0.0001566745340824,0.0172377023845911,0,online_student,0,1,2,buyer_pca_synchronized_indices,mean_seller_phi_by_buyer_membership,reuse_buyer_package_membership,2496,2,2,2496,28000,1000,0.9174745082855223,top_quantile,0.0,,,,,10.0,30.0,8.0,1,ours_student_pkg_ctpt,10000.0,64.0,2.0,839113.920474,5.949132624542936,5.952201216,36.0482304,0.501436416,42.501868032,72.212,11.92348,1.00448,85.13996,839113.920474,419556.960237,2.0,8192.0,20.0,6686676.0,470643.0,7157319.0,0.0,20.0,0.0,20.0,0.0,20.0,5000.0,2.0,good_count,19.0,,,2,42,
hateful_memes,kmeans_center,ours_sample_package_krr,42,48,18,0.375,1.1377819776535034,-1.1377819776535034,0.0001228799374075,0.0114952092990279,0,online_student,0,1,2,buyer_pca_synchronized_indices,mean_seller_phi_by_buyer_membership,reuse_buyer_package_membership,2496,2,2,2496,28000,1000,0.9174745082855223,top_quantile,0.0,,,,,31.0,11.0,6.0,1,ours_student_pkg_ctpt,10000.0,64.0,2.0,839113.920474,5.949132624542936,5.952201216,36.0482304,0.501436416,42.501868032,72.212,11.92348,1.00448,85.13996,839113.920474,419556.960237,2.0,8192.0,20.0,6686676.0,470643.0,7157319.0,0.0,20.0,0.0,20.0,0.0,20.0,5000.0,2.0,good_count,18.0,,,2,42,
hateful_memes,uncertainty_badge,ours_sample_package_krr,42,48,36,0.75,2.569243192672729,-2.569243192672729,0.0002515638771001,0.0243666414171457,0,online_student,0,1,2,buyer_pca_synchronized_indices,mean_seller_phi_by_buyer_membership,reuse_buyer_package_membership,2496,2,2,2496,28000,1000,0.9174745082855223,top_quantile,0.0,,,,,12.0,17.0,19.0,1,ours_student_pkg_ctpt,10000.0,64.0,2.0,839113.920474,5.949132624542936,5.952201216,36.0482304,0.501436416,42.501868032,72.212,11.92348,1.00448,85.13996,839113.920474,419556.960237,2.0,8192.0,20.0,6686676.0,470643.0,7157319.0,0.0,20.0,0.0,20.0,0.0,20.0,5000.0,2.0,good_count,36.0,,,2,42,
hateful_memes,cosine,ours_sample_package_krr,42,48,41,0.8541666666666666,2.517788887023926,-2.517788887023926,0.0002609292569104,0.0212293658405542,0,online_student,0,1,2,buyer_pca_synchronized_indices,mean_seller_phi_by_buyer_membership,reuse_buyer_package_membership,2496,2,2,2496,28000,1000,0.9174745082855223,top_quantile,0.0,,,,,18.0,21.0,8.0,1,ours_student_pkg_ctpt,10000.0,64.0,2.0,839113.920474,5.949132624542936,5.952201216,36.0482304,0.501436416,42.501868032,72.212,11.92348,1.00448,85.13996,839113.920474,419556.960237,2.0,8192.0,20.0,6686676.0,470643.0,7157319.0,0.0,20.0,0.0,20.0,0.0,20.0,5000.0,2.0,good_count,41.0,1.0,,2,42,
hateful_memes,all_average,ours_sample_package_krr,42,48,28,0.5833333333333334,0.6733846068382263,-0.6733846068382263,0.0001109627410187,0.0016167890280485,0,online_student,0,1,2,buyer_pca_synchronized_indices,mean_seller_phi_by_buyer_membership,reuse_buyer_package_membership,2496,2,2,2496,28000,1000,0.9174745082855223,top_quantile,0.0,,,,1.0,23.0,14.0,10.0,1,ours_student_pkg_ctpt,10000.0,64.0,2.0,839113.920474,5.949132624542936,5.952201216,36.0482304,0.501436416,42.501868032,72.212,11.92348,1.00448,85.13996,839113.920474,419556.960237,2.0,8192.0,20.0,6686676.0,470643.0,7157319.0,0.0,20.0,0.0,20.0,0.0,20.0,5000.0,2.0,good_count,28.0,,,2,42,
hatespeech,noise,ours_sample_package_krr,142,48,48,1.0,3.1805992126464844,-3.1805992126464844,0.0002394579350948,0.0803686827421188,0,online_student,0,1,2,buyer_pca_synchronized_indices,mean_seller_phi_by_buyer_membership,reuse_buyer_package_membership,2496,2,2,2496,28000,1000,1.0360314846038818,top_quantile,0.0,,,,,23.0,20.0,5.0,1,ours_student_pkg_ctpt,10000.0,64.0,2.0,839113.920474,5.949132624542936,5.952201216,36.0482304,0.501436416,42.501868032,72.212,11.92348,1.00448,85.13996,839113.920474,419556.960237,2.0,8192.0,20.0,6686676.0,470643.0,7157319.0,0.0,20.0,0.0,20.0,0.0,20.0,5000.0,2.0,good_count,48.0,,,2,42,
hatespeech,coreset_far_wrong,ours_sample_package_krr,142,48,48,1.0,3.354761838912964,-3.354761838912964,0.0002573430538177,0.0805137082934379,0,online_student,0,1,2,buyer_pca_synchronized_indices,mean_seller_phi_by_buyer_membership,reuse_buyer_package_membership,2496,2,2,2496,28000,1000,1.0360314846038818,top_quantile,0.0,,,,,19.0,22.0,7.0,1,ours_student_pkg_ctpt,10000.0,64.0,2.0,839113.920474,5.949132624542936,5.952201216,36.0482304,0.501436416,42.501868032,72.212,11.92348,1.00448,85.13996,839113.920474,419556.960237,2.0,8192.0,20.0,6686676.0,470643.0,7157319.0,0.0,20.0,0.0,20.0,0.0,20.0,5000.0,2.0,good_count,48.0,,,2,42,
hatespeech,typiclust_dense,ours_sample_package_krr,142,48,30,0.625,1.954849362373352,-1.954849362373352,0.0001650887279538,0.0506265647709369,0,online_student,0,1,2,buyer_pca_synchronized_indices,mean_seller_phi_by_buyer_membership,reuse_buyer_package_membership,2496,2,2,2496,28000,1000,1.0360314846038818,top_quantile,0.0,,,,,16.0,24.0,8.0,1,ours_student_pkg_ctpt,10000.0,64.0,2.0,839113.920474,5.949132624542936,5.952201216,36.0482304,0.501436416,42.501868032,72.212,11.92348,1.00448,85.13996,839113.920474,419556.960237,2.0,8192.0,20.0,6686676.0,470643.0,7157319.0,0.0,20.0,0.0,20.0,0.0,20.0,5000.0,2.0,good_count,30.0,,,2,42,
hatespeech,kmeans_center,ours_sample_package_krr,142,48,33,0.6875,2.1135284900665283,-2.1135284900665283,0.0001753618271322,0.0541167706251144,0,online_student,0,1,2,buyer_pca_synchronized_indices,mean_seller_phi_by_buyer_membership,reuse_buyer_package_membership,2496,2,2,2496,28000,1000,1.0360314846038818,top_quantile,0.0,,,,,25.0,14.0,9.0,1,ours_student_pkg_ctpt,10000.0,64.0,2.0,839113.920474,5.949132624542936,5.952201216,36.0482304,0.501436416,42.501868032,72.212,11.92348,1.00448,85.13996,839113.920474,419556.960237,2.0,8192.0,20.0,6686676.0,470643.0,7157319.0,0.0,20.0,0.0,20.0,0.0,20.0,5000.0,2.0,good_count,33.0,,,2,42,
hatespeech,uncertainty_badge,ours_sample_package_krr,142,48,42,0.875,3.2147979736328125,-3.2147979736328125,0.00024339184165,0.0801618620753288,0,online_student,0,1,2,buyer_pca_synchronized_indices,mean_seller_phi_by_buyer_membership,reuse_buyer_package_membership,2496,2,2,2496,28000,1000,1.0360314846038818,top_quantile,0.0,,,,,18.0,18.0,12.0,1,ours_student_pkg_ctpt,10000.0,64.0,2.0,839113.920474,5.949132624542936,5.952201216,36.0482304,0.501436416,42.501868032,72.212,11.92348,1.00448,85.13996,839113.920474,419556.960237,2.0,8192.0,20.0,6686676.0,470643.0,7157319.0,0.0,20.0,0.0,20.0,0.0,20.0,5000.0,2.0,good_count,42.0,,,2,42,
hatespeech,cosine,ours_sample_package_krr,142,48,47,0.9791666666666666,3.083396673202514,-3.083396673202514,0.0002372575254412,0.0759484693408012,0,online_student,0,1,2,buyer_pca_synchronized_indices,mean_seller_phi_by_buyer_membership,reuse_buyer_package_membership,2496,2,2,2496,28000,1000,1.0360314846038818,top_quantile,0.0,,,,,19.0,18.0,11.0,1,ours_student_pkg_ctpt,10000.0,64.0,2.0,839113.920474,5.949132624542936,5.952201216,36.0482304,0.501436416,42.501868032,72.212,11.92348,1.00448,85.13996,839113.920474,419556.960237,2.0,8192.0,20.0,6686676.0,470643.0,7157319.0,0.0,20.0,0.0,20.0,0.0,20.0,5000.0,2.0,good_count,47.0,,,2,42,
hatespeech,all_average,ours_sample_package_krr,142,48,32,0.6666666666666666,1.1864584684371948,-1.1864584684371948,0.0001255435199709,0.0280367210507392,0,online_student,0,1,2,buyer_pca_synchronized_indices,mean_seller_phi_by_buyer_membership,reuse_buyer_package_membership,2496,2,2,2496,28000,1000,1.0360314846038818,top_quantile,0.0,,,,,17.0,18.0,13.0,1,ours_student_pkg_ctpt,10000.0,64.0,2.0,839113.920474,5.949132624542936,5.952201216,36.0482304,0.501436416,42.501868032,72.212,11.92348,1.00448,85.13996,839113.920474,419556.960237,2.0,8192.0,20.0,6686676.0,470643.0,7157319.0,0.0,20.0,0.0,20.0,0.0,20.0,5000.0,2.0,good_count,32.0,,,2,42,
mscoco,noise,ours_sample_package_krr,242,48,48,1.0,4.913403034210205,-4.913403034210205,0.0003091307880822,0.0058863093145191,0,online_student,0,1,2,buyer_pca_synchronized_indices,mean_seller_phi_by_buyer_membership,reuse_buyer_package_membership,2496,2,2,2496,28000,1000,1.1260383129119873,top_quantile,0.0,,,,,20.0,19.0,9.0,1,ours_student_pkg_ctpt,10000.0,64.0,2.0,839113.920474,5.949132624542936,5.952201216,36.0482304,0.501436416,42.501868032,72.212,11.92348,1.00448,85.13996,839113.920474,419556.960237,2.0,8192.0,20.0,6686676.0,470643.0,7157319.0,0.0,20.0,0.0,20.0,0.0,20.0,5000.0,2.0,good_count,48.0,,,2,42,
mscoco,coreset_far_wrong,ours_sample_package_krr,242,48,46,0.9583333333333334,4.8923163414001465,-4.8923163414001465,0.000304469227558,0.0060328766703605,0,online_student,0,1,2,buyer_pca_synchronized_indices,mean_seller_phi_by_buyer_membership,reuse_buyer_package_membership,2496,2,2,2496,28000,1000,1.1260383129119873,top_quantile,0.0,,,,2.0,19.0,19.0,8.0,1,ours_student_pkg_ctpt,10000.0,64.0,2.0,839113.920474,5.949132624542936,5.952201216,36.0482304,0.501436416,42.501868032,72.212,11.92348,1.00448,85.13996,839113.920474,419556.960237,2.0,8192.0,20.0,6686676.0,470643.0,7157319.0,0.0,20.0,0.0,20.0,0.0,20.0,5000.0,2.0,good_count,46.0,,,2,42,
mscoco,typiclust_dense,ours_sample_package_krr,242,48,48,1.0,4.918605327606201,-4.918605327606201,0.0002953720686491,0.0065872357226908,0,online_student,0,1,2,buyer_pca_synchronized_indices,mean_seller_phi_by_buyer_membership,reuse_buyer_package_membership,2496,2,2,2496,28000,1000,1.1260383129119873,top_quantile,0.0,,,,1.0,16.0,18.0,11.0,1,ours_student_pkg_ctpt,10000.0,64.0,2.0,839113.920474,5.949132624542936,5.952201216,36.0482304,0.501436416,42.501868032,72.212,11.92348,1.00448,85.13996,839113.920474,419556.960237,2.0,8192.0,20.0,6686676.0,470643.0,7157319.0,0.0,20.0,0.0,20.0,0.0,20.0,5000.0,2.0,good_count,48.0,1.0,1.0,2,42,
mscoco,kmeans_center,ours_sample_package_krr,242,48,45,0.9375,4.793934345245361,-4.793934345245361,0.0002942718565464,0.0061455857940018,0,online_student,0,1,2,buyer_pca_synchronized_indices,mean_seller_phi_by_buyer_membership,reuse_buyer_package_membership,2496,2,2,2496,28000,1000,1.1260383129119873,top_quantile,0.0,,,,1.0,21.0,16.0,10.0,1,ours_student_pkg_ctpt,10000.0,64.0,2.0,839113.920474,5.949132624542936,5.952201216,36.0482304,0.501436416,42.501868032,72.212,11.92348,1.00448,85.13996,839113.920474,419556.960237,2.0,8192.0,20.0,6686676.0,470643.0,7157319.0,0.0,20.0,0.0,20.0,0.0,20.0,5000.0,2.0,good_count,45.0,,,2,42,
mscoco,uncertainty_badge,ours_sample_package_krr,242,48,44,0.9166666666666666,4.81786584854126,-4.81786584854126,0.000295760721201,0.0061671938747167,0,online_student,0,1,2,buyer_pca_synchronized_indices,mean_seller_phi_by_buyer_membership,reuse_buyer_package_membership,2496,2,2,2496,28000,1000,1.1260383129119873,top_quantile,0.0,,,,,20.0,16.0,12.0,1,ours_student_pkg_ctpt,10000.0,64.0,2.0,839113.920474,5.949132624542936,5.952201216,36.0482304,0.501436416,42.501868032,72.212,11.92348,1.00448,85.13996,839113.920474,419556.960237,2.0,8192.0,20.0,6686676.0,470643.0,7157319.0,0.0,20.0,0.0,20.0,0.0,20.0,5000.0,2.0,good_count,44.0,,,2,42,
mscoco,cosine,ours_sample_package_krr,242,48,48,1.0,4.96116828918457,-4.96116828918457,0.0003113771381322,0.0059652994386851,0,online_student,0,1,2,buyer_pca_synchronized_indices,mean_seller_phi_by_buyer_membership,reuse_buyer_package_membership,2496,2,2,2496,28000,1000,1.1260383129119873,top_quantile,0.0,,,,,17.0,22.0,9.0,1,ours_student_pkg_ctpt,10000.0,64.0,2.0,839113.920474,5.949132624542936,5.952201216,36.0482304,0.501436416,42.501868032,72.212,11.92348,1.00448,85.13996,839113.920474,419556.960237,2.0,8192.0,20.0,6686676.0,470643.0,7157319.0,0.0,20.0,0.0,20.0,0.0,20.0,5000.0,2.0,good_count,48.0,,,2,42,
mscoco,all_average,ours_sample_package_krr,242,48,48,1.0,5.154260635375977,-5.154260635375977,0.0003176977334078,0.0064210915006697,0,online_student,0,1,2,buyer_pca_synchronized_indices,mean_seller_phi_by_buyer_membership,reuse_buyer_package_membership,2496,2,2,2496,28000,1000,1.1260383129119873,top_quantile,0.0,,,,,17.0,16.0,15.0,1,ours_student_pkg_ctpt,10000.0,64.0,2.0,839113.920474,5.949132624542936,5.952201216,36.0482304,0.501436416,42.501868032,72.212,11.92348,1.00448,85.13996,839113.920474,419556.960237,2.0,8192.0,20.0,6686676.0,470643.0,7157319.0,0.0,20.0,0.0,20.0,0.0,20.0,5000.0,2.0,good_count,48.0,,,2,42,
hateful_memes,noise,ours_sample_package_krr,43,48,46,0.9583333333333334,3.0000598430633545,-3.0000598430633545,0.000280567765003,0.0412129871547222,0,online_student,0,1,2,buyer_pca_synchronized_indices,mean_seller_phi_by_buyer_membership,reuse_buyer_package_membership,2496,2,2,2496,28000,1000,1.0231167078018188,top_quantile,0.0,,,,,16.0,21.0,11.0,1,ours_student_pkg_ctpt,10000.0,64.0,2.0,839113.920474,5.949132624542936,5.952201216,36.0482304,0.501436416,42.501868032,72.212,11.92348,1.00448,85.13996,839113.920474,419556.960237,2.0,8192.0,20.0,6686676.0,470643.0,7157319.0,0.0,20.0,0.0,20.0,0.0,20.0,5000.0,2.0,good_count,46.0,,,2,43,
hateful_memes,coreset_far_wrong,ours_sample_package_krr,43,48,48,1.0,3.237663507461548,-3.237663507461548,0.00029588243342,0.0456129908561706,0,online_student,0,1,2,buyer_pca_synchronized_indices,mean_seller_phi_by_buyer_membership,reuse_buyer_package_membership,2496,2,2,2496,28000,1000,1.0231167078018188,top_quantile,0.0,,,,,22.0,19.0,7.0,1,ours_student_pkg_ctpt,10000.0,64.0,2.0,839113.920474,5.949132624542936,5.952201216,36.0482304,0.501436416,42.501868032,72.212,11.92348,1.00448,85.13996,839113.920474,419556.960237,2.0,8192.0,20.0,6686676.0,470643.0,7157319.0,0.0,20.0,0.0,20.0,0.0,20.0,5000.0,2.0,good_count,48.0,,,2,43,
hateful_memes,typiclust_dense,ours_sample_package_krr,43,48,25,0.5208333333333334,2.0749781131744385,-2.0749781131744385,0.0001845968217821,0.034064132720232,0,online_student,0,1,2,buyer_pca_synchronized_indices,mean_seller_phi_by_buyer_membership,reuse_buyer_package_membership,2496,2,2,2496,28000,1000,1.0231167078018188,top_quantile,0.0,,,,,14.0,31.0,3.0,1,ours_student_pkg_ctpt,10000.0,64.0,2.0,839113.920474,5.949132624542936,5.952201216,36.0482304,0.501436416,42.501868032,72.212,11.92348,1.00448,85.13996,839113.920474,419556.960237,2.0,8192.0,20.0,6686676.0,470643.0,7157319.0,0.0,20.0,0.0,20.0,0.0,20.0,5000.0,2.0,good_count,25.0,,,2,43,
hateful_memes,kmeans_center,ours_sample_package_krr,43,48,30,0.625,2.0149550437927246,-2.0149550437927246,0.0001902294607134,0.0303431060165166,0,online_student,0,1,2,buyer_pca_synchronized_indices,mean_seller_phi_by_buyer_membership,reuse_buyer_package_membership,2496,2,2,2496,28000,1000,1.0231167078018188,top_quantile,0.0,,,,,26.0,17.0,5.0,1,ours_student_pkg_ctpt,10000.0,64.0,2.0,839113.920474,5.949132624542936,5.952201216,36.0482304,0.501436416,42.501868032,72.212,11.92348,1.00448,85.13996,839113.920474,419556.960237,2.0,8192.0,20.0,6686676.0,470643.0,7157319.0,0.0,20.0,0.0,20.0,0.0,20.0,5000.0,2.0,good_count,30.0,,,2,43,
hateful_memes,uncertainty_badge,ours_sample_package_krr,43,48,39,0.8125,2.850478410720825,-2.850478410720825,0.000250719487667,0.0439927764236927,0,online_student,0,1,2,buyer_pca_synchronized_indices,mean_seller_phi_by_buyer_membership,reuse_buyer_package_membership,2496,2,2,2496,28000,1000,1.0231167078018188,top_quantile,0.0,,,,,20.0,15.0,13.0,1,ours_student_pkg_ctpt,10000.0,64.0,2.0,839113.920474,5.949132624542936,5.952201216,36.0482304,0.501436416,42.501868032,72.212,11.92348,1.00448,85.13996,839113.920474,419556.960237,2.0,8192.0,20.0,6686676.0,470643.0,7157319.0,0.0,20.0,0.0,20.0,0.0,20.0,5000.0,2.0,good_count,39.0,,,2,43,
hateful_memes,cosine,ours_sample_package_krr,43,48,46,0.9583333333333334,2.976191759109497,-2.976191759109497,0.0002764090895652,0.041490651667118,0,online_student,0,1,2,buyer_pca_synchronized_indices,mean_seller_phi_by_buyer_membership,reuse_buyer_package_membership,2496,2,2,2496,28000,1000,1.0231167078018188,top_quantile,0.0,,,,,19.0,22.0,7.0,1,ours_student_pkg_ctpt,10000.0,64.0,2.0,839113.920474,5.949132624542936,5.952201216,36.0482304,0.501436416,42.501868032,72.212,11.92348,1.00448,85.13996,839113.920474,419556.960237,2.0,8192.0,20.0,6686676.0,470643.0,7157319.0,0.0,20.0,0.0,20.0,0.0,20.0,5000.0,2.0,good_count,46.0,,,2,43,
hateful_memes,all_average,ours_sample_package_krr,43,48,33,0.6875,1.4399398565292358,-1.4399398565292358,0.0001528908760519,0.0197707042098045,0,online_student,0,1,2,buyer_pca_synchronized_indices,mean_seller_phi_by_buyer_membership,reuse_buyer_package_membership,2496,2,2,2496,28000,1000,1.0231167078018188,top_quantile,0.0,,,,,20.0,22.0,6.0,1,ours_student_pkg_ctpt,10000.0,64.0,2.0,839113.920474,5.949132624542936,5.952201216,36.0482304,0.501436416,42.501868032,72.212,11.92348,1.00448,85.13996,839113.920474,419556.960237,2.0,8192.0,20.0,6686676.0,470643.0,7157319.0,0.0,20.0,0.0,20.0,0.0,20.0,5000.0,2.0,good_count,33.0,,,2,43,
hatespeech,noise,ours_sample_package_krr,143,48,48,1.0,3.5411784648895264,-3.5411784648895264,0.0010254742810502,0.0858551189303398,0,online_student,0,1,2,buyer_pca_synchronized_indices,mean_seller_phi_by_buyer_membership,reuse_buyer_package_membership,2496,2,2,2496,28000,1000,0.924261748790741,top_quantile,0.0,,,,,15.0,21.0,12.0,1,ours_student_pkg_ctpt,10000.0,64.0,2.0,839113.920474,5.949132624542936,5.952201216,36.0482304,0.501436416,42.501868032,72.212,11.92348,1.00448,85.13996,839113.920474,419556.960237,2.0,8192.0,20.0,6686676.0,470643.0,7157319.0,0.0,20.0,0.0,20.0,0.0,20.0,5000.0,2.0,good_count,48.0,,,2,43,
hatespeech,coreset_far_wrong,ours_sample_package_krr,143,48,48,1.0,3.5172364711761475,-3.5172364711761475,0.0010165671119466,0.0858374238014221,0,online_student,0,1,2,buyer_pca_synchronized_indices,mean_seller_phi_by_buyer_membership,reuse_buyer_package_membership,2496,2,2,2496,28000,1000,0.924261748790741,top_quantile,0.0,,,,,19.0,18.0,11.0,1,ours_student_pkg_ctpt,10000.0,64.0,2.0,839113.920474,5.949132624542936,5.952201216,36.0482304,0.501436416,42.501868032,72.212,11.92348,1.00448,85.13996,839113.920474,419556.960237,2.0,8192.0,20.0,6686676.0,470643.0,7157319.0,0.0,20.0,0.0,20.0,0.0,20.0,5000.0,2.0,good_count,48.0,,,2,43,
hatespeech,typiclust_dense,ours_sample_package_krr,143,48,28,0.5833333333333334,1.7071857452392578,-1.7071857452392578,0.0005769121344201,0.0466859675943851,0,online_student,0,1,2,buyer_pca_synchronized_indices,mean_seller_phi_by_buyer_membership,reuse_buyer_package_membership,2496,2,2,2496,28000,1000,0.924261748790741,top_quantile,0.0,,,,,13.0,26.0,9.0,1,ours_student_pkg_ctpt,10000.0,64.0,2.0,839113.920474,5.949132624542936,5.952201216,36.0482304,0.501436416,42.501868032,72.212,11.92348,1.00448,85.13996,839113.920474,419556.960237,2.0,8192.0,20.0,6686676.0,470643.0,7157319.0,0.0,20.0,0.0,20.0,0.0,20.0,5000.0,2.0,good_count,28.0,,,2,43,
hatespeech,kmeans_center,ours_sample_package_krr,143,48,27,0.5625,0.5536584854125977,-0.5536584854125977,0.000287185102934,0.0232783686369657,0,online_student,0,1,2,buyer_pca_synchronized_indices,mean_seller_phi_by_buyer_membership,reuse_buyer_package_membership,2496,2,2,2496,28000,1000,0.924261748790741,top_quantile,0.0,,,,,23.0,19.0,6.0,1,ours_student_pkg_ctpt,10000.0,64.0,2.0,839113.920474,5.949132624542936,5.952201216,36.0482304,0.501436416,42.501868032,72.212,11.92348,1.00448,85.13996,839113.920474,419556.960237,2.0,8192.0,20.0,6686676.0,470643.0,7157319.0,0.0,20.0,0.0,20.0,0.0,20.0,5000.0,2.0,good_count,27.0,,,2,43,
hatespeech,uncertainty_badge,ours_sample_package_krr,143,48,39,0.8125,3.007960319519043,-3.007960319519043,0.000873630226124,0.0779336616396904,0,online_student,0,1,2,buyer_pca_synchronized_indices,mean_seller_phi_by_buyer_membership,reuse_buyer_package_membership,2496,2,2,2496,28000,1000,0.924261748790741,top_quantile,0.0,,,,,16.0,12.0,20.0,1,ours_student_pkg_ctpt,10000.0,64.0,2.0,839113.920474,5.949132624542936,5.952201216,36.0482304,0.501436416,42.501868032,72.212,11.92348,1.00448,85.13996,839113.920474,419556.960237,2.0,8192.0,20.0,6686676.0,470643.0,7157319.0,0.0,20.0,0.0,20.0,0.0,20.0,5000.0,2.0,good_count,39.0,,,2,43,
hatespeech,cosine,ours_sample_package_krr,143,48,46,0.9583333333333334,3.1778323650360107,-3.1778323650360107,0.0009354762732982,0.0782778337597847,0,online_student,0,1,2,buyer_pca_synchronized_indices,mean_seller_phi_by_buyer_membership,reuse_buyer_package_membership,2496,2,2,2496,28000,1000,0.924261748790741,top_quantile,0.0,,,,,19.0,15.0,14.0,1,ours_student_pkg_ctpt,10000.0,64.0,2.0,839113.920474,5.949132624542936,5.952201216,36.0482304,0.501436416,42.501868032,72.212,11.92348,1.00448,85.13996,839113.920474,419556.960237,2.0,8192.0,20.0,6686676.0,470643.0,7157319.0,0.0,20.0,0.0,20.0,0.0,20.0,5000.0,2.0,good_count,46.0,,,2,43,
hatespeech,all_average,ours_sample_package_krr,143,48,26,0.5416666666666666,0.486009269952774,-0.486009269952774,0.0002618817088659,0.023250350728631,0,online_student,0,1,2,buyer_pca_synchronized_indices,mean_seller_phi_by_buyer_membership,reuse_buyer_package_membership,2496,2,2,2496,28000,1000,0.924261748790741,top_quantile,0.0,,,,,20.0,19.0,9.0,1,ours_student_pkg_ctpt,10000.0,64.0,2.0,839113.920474,5.949132624542936,5.952201216,36.0482304,0.501436416,42.501868032,72.212,11.92348,1.00448,85.13996,839113.920474,419556.960237,2.0,8192.0,20.0,6686676.0,470643.0,7157319.0,0.0,20.0,0.0,20.0,0.0,20.0,5000.0,2.0,good_count,26.0,,,2,43,
mscoco,noise,ours_sample_package_krr,243,48,48,1.0,4.97581672668457,-4.97581672668457,0.0001186865047202,0.0053583323024213,0,online_student,0,1,2,buyer_pca_synchronized_indices,mean_seller_phi_by_buyer_membership,reuse_buyer_package_membership,2496,2,2,2496,28000,1000,1.1473939418792725,top_quantile,0.0,,,,,21.0,19.0,8.0,1,ours_student_pkg_ctpt,10000.0,64.0,2.0,839113.920474,5.949132624542936,5.952201216,36.0482304,0.501436416,42.501868032,72.212,11.92348,1.00448,85.13996,839113.920474,419556.960237,2.0,8192.0,20.0,6686676.0,470643.0,7157319.0,0.0,20.0,0.0,20.0,0.0,20.0,5000.0,2.0,good_count,48.0,,,2,43,
mscoco,coreset_far_wrong,ours_sample_package_krr,243,48,47,0.9791666666666666,4.957987308502197,-4.957987308502197,0.0001167232767329,0.0055044218897819,0,online_student,0,1,2,buyer_pca_synchronized_indices,mean_seller_phi_by_buyer_membership,reuse_buyer_package_membership,2496,2,2,2496,28000,1000,1.1473939418792725,top_quantile,0.0,,,,1.0,22.0,18.0,7.0,1,ours_student_pkg_ctpt,10000.0,64.0,2.0,839113.920474,5.949132624542936,5.952201216,36.0482304,0.501436416,42.501868032,72.212,11.92348,1.00448,85.13996,839113.920474,419556.960237,2.0,8192.0,20.0,6686676.0,470643.0,7157319.0,0.0,20.0,0.0,20.0,0.0,20.0,5000.0,2.0,good_count,47.0,,,2,43,
mscoco,typiclust_dense,ours_sample_package_krr,243,48,47,0.9791666666666666,4.825623989105225,-4.825623989105225,0.0001119424923672,0.0055470219813287,0,online_student,0,1,2,buyer_pca_synchronized_indices,mean_seller_phi_by_buyer_membership,reuse_buyer_package_membership,2496,2,2,2496,28000,1000,1.1473939418792725,top_quantile,0.0,,,,,19.0,20.0,9.0,1,ours_student_pkg_ctpt,10000.0,64.0,2.0,839113.920474,5.949132624542936,5.952201216,36.0482304,0.501436416,42.501868032,72.212,11.92348,1.00448,85.13996,839113.920474,419556.960237,2.0,8192.0,20.0,6686676.0,470643.0,7157319.0,0.0,20.0,0.0,20.0,0.0,20.0,5000.0,2.0,good_count,47.0,,,2,43,
mscoco,kmeans_center,ours_sample_package_krr,243,48,44,0.9166666666666666,4.706851482391357,-4.706851482391357,0.0001060093418345,0.0057600638829171,0,online_student,0,1,2,buyer_pca_synchronized_indices,mean_seller_phi_by_buyer_membership,reuse_buyer_package_membership,2496,2,2,2496,28000,1000,1.1473939418792725,top_quantile,0.0,,,,,21.0,19.0,8.0,1,ours_student_pkg_ctpt,10000.0,64.0,2.0,839113.920474,5.949132624542936,5.952201216,36.0482304,0.501436416,42.501868032,72.212,11.92348,1.00448,85.13996,839113.920474,419556.960237,2.0,8192.0,20.0,6686676.0,470643.0,7157319.0,0.0,20.0,0.0,20.0,0.0,20.0,5000.0,2.0,good_count,44.0,,,2,43,
mscoco,uncertainty_badge,ours_sample_package_krr,243,48,42,0.875,4.983034610748291,-4.983034610748291,0.0001170312389149,0.0055598425678908,0,online_student,0,1,2,buyer_pca_synchronized_indices,mean_seller_phi_by_buyer_membership,reuse_buyer_package_membership,2496,2,2,2496,28000,1000,1.1473939418792725,top_quantile,0.0,,,,,17.0,23.0,8.0,1,ours_student_pkg_ctpt,10000.0,64.0,2.0,839113.920474,5.949132624542936,5.952201216,36.0482304,0.501436416,42.501868032,72.212,11.92348,1.00448,85.13996,839113.920474,419556.960237,2.0,8192.0,20.0,6686676.0,470643.0,7157319.0,0.0,20.0,0.0,20.0,0.0,20.0,5000.0,2.0,good_count,42.0,,,2,43,
mscoco,cosine,ours_sample_package_krr,243,48,48,1.0,4.8294453620910645,-4.8294453620910645,0.0001158950253739,0.0051399818621575,0,online_student,0,1,2,buyer_pca_synchronized_indices,mean_seller_phi_by_buyer_membership,reuse_buyer_package_membership,2496,2,2,2496,28000,1000,1.1473939418792725,top_quantile,0.0,,,,,22.0,21.0,5.0,1,ours_student_pkg_ctpt,10000.0,64.0,2.0,839113.920474,5.949132624542936,5.952201216,36.0482304,0.501436416,42.501868032,72.212,11.92348,1.00448,85.13996,839113.920474,419556.960237,2.0,8192.0,20.0,6686676.0,470643.0,7157319.0,0.0,20.0,0.0,20.0,0.0,20.0,5000.0,2.0,good_count,48.0,,,2,43,
mscoco,all_average,ours_sample_package_krr,243,48,48,1.0,4.897361755371094,-4.897361755371094,0.0001140832901,0.0055718347430229,0,online_student,0,1,2,buyer_pca_synchronized_indices,mean_seller_phi_by_buyer_membership,reuse_buyer_package_membership,2496,2,2,2496,28000,1000,1.1473939418792725,top_quantile,0.0,,,,,18.0,17.0,13.0,1,ours_student_pkg_ctpt,10000.0,64.0,2.0,839113.920474,5.949132624542936,5.952201216,36.0482304,0.501436416,42.501868032,72.212,11.92348,1.00448,85.13996,839113.920474,419556.960237,2.0,8192.0,20.0,6686676.0,470643.0,7157319.0,0.0,20.0,0.0,20.0,0.0,20.0,5000.0,2.0,good_count,48.0,,,2,43,
hateful_memes,noise,ours_sample_package_krr,44,48,46,0.9583333333333334,2.9517662525177,-2.9517662525177,0.0004703799786511,0.0283014476299285,0,online_student,0,1,2,buyer_pca_synchronized_indices,mean_seller_phi_by_buyer_membership,reuse_buyer_package_membership,2496,2,2,2496,28000,1000,1.0172555446624756,top_quantile,0.0,,,,,17.0,20.0,11.0,1,ours_student_pkg_ctpt,10000.0,64.0,2.0,839113.920474,5.949132624542936,5.952201216,36.0482304,0.501436416,42.501868032,72.212,11.92348,1.00448,85.13996,839113.920474,419556.960237,2.0,8192.0,20.0,6686676.0,470643.0,7157319.0,0.0,20.0,0.0,20.0,0.0,20.0,5000.0,2.0,good_count,46.0,,,2,44,
hateful_memes,coreset_far_wrong,ours_sample_package_krr,44,48,45,0.9375,2.9717838764190674,-2.9717838764190674,0.0004625171422958,0.0297423545271158,0,online_student,0,1,2,buyer_pca_synchronized_indices,mean_seller_phi_by_buyer_membership,reuse_buyer_package_membership,2496,2,2,2496,28000,1000,1.0172555446624756,top_quantile,0.0,,,,2.0,17.0,20.0,9.0,1,ours_student_pkg_ctpt,10000.0,64.0,2.0,839113.920474,5.949132624542936,5.952201216,36.0482304,0.501436416,42.501868032,72.212,11.92348,1.00448,85.13996,839113.920474,419556.960237,2.0,8192.0,20.0,6686676.0,470643.0,7157319.0,0.0,20.0,0.0,20.0,0.0,20.0,5000.0,2.0,good_count,45.0,,,2,44,
hateful_memes,typiclust_dense,ours_sample_package_krr,44,48,26,0.5416666666666666,1.8090620040893557,-1.8090620040893557,0.0002852926554623,0.0196729805320501,0,online_student,0,1,2,buyer_pca_synchronized_indices,mean_seller_phi_by_buyer_membership,reuse_buyer_package_membership,2496,2,2,2496,28000,1000,1.0172555446624756,top_quantile,0.0,,,,,14.0,26.0,8.0,1,ours_student_pkg_ctpt,10000.0,64.0,2.0,839113.920474,5.949132624542936,5.952201216,36.0482304,0.501436416,42.501868032,72.212,11.92348,1.00448,85.13996,839113.920474,419556.960237,2.0,8192.0,20.0,6686676.0,470643.0,7157319.0,0.0,20.0,0.0,20.0,0.0,20.0,5000.0,2.0,good_count,26.0,,,2,44,
hateful_memes,kmeans_center,ours_sample_package_krr,44,48,20,0.4166666666666667,1.450931429862976,-1.450931429862976,0.000219474241021,0.0178759228438138,0,online_student,0,1,2,buyer_pca_synchronized_indices,mean_seller_phi_by_buyer_membership,reuse_buyer_package_membership,2496,2,2,2496,28000,1000,1.0172555446624756,top_quantile,0.0,,,,,35.0,10.0,3.0,1,ours_student_pkg_ctpt,10000.0,64.0,2.0,839113.920474,5.949132624542936,5.952201216,36.0482304,0.501436416,42.501868032,72.212,11.92348,1.00448,85.13996,839113.920474,419556.960237,2.0,8192.0,20.0,6686676.0,470643.0,7157319.0,0.0,20.0,0.0,20.0,0.0,20.0,5000.0,2.0,good_count,20.0,,,2,44,
hateful_memes,uncertainty_badge,ours_sample_package_krr,44,48,36,0.75,2.6963260173797607,-2.6963260173797607,0.000422158598667,0.0271678436547517,0,online_student,0,1,2,buyer_pca_synchronized_indices,mean_seller_phi_by_buyer_membership,reuse_buyer_package_membership,2496,2,2,2496,28000,1000,1.0172555446624756,top_quantile,0.0,,,,,11.0,17.0,20.0,1,ours_student_pkg_ctpt,10000.0,64.0,2.0,839113.920474,5.949132624542936,5.952201216,36.0482304,0.501436416,42.501868032,72.212,11.92348,1.00448,85.13996,839113.920474,419556.960237,2.0,8192.0,20.0,6686676.0,470643.0,7157319.0,0.0,20.0,0.0,20.0,0.0,20.0,5000.0,2.0,good_count,36.0,,,2,44,
hateful_memes,cosine,ours_sample_package_krr,44,48,41,0.8541666666666666,2.363210916519165,-2.363210916519165,0.0004001135530415,0.0209464225918054,0,online_student,0,1,2,buyer_pca_synchronized_indices,mean_seller_phi_by_buyer_membership,reuse_buyer_package_membership,2496,2,2,2496,28000,1000,1.0172555446624756,top_quantile,0.0,,,,,17.0,20.0,11.0,1,ours_student_pkg_ctpt,10000.0,64.0,2.0,839113.920474,5.949132624542936,5.952201216,36.0482304,0.501436416,42.501868032,72.212,11.92348,1.00448,85.13996,839113.920474,419556.960237,2.0,8192.0,20.0,6686676.0,470643.0,7157319.0,0.0,20.0,0.0,20.0,0.0,20.0,5000.0,2.0,good_count,41.0,,,2,44,
hateful_memes,all_average,ours_sample_package_krr,44,48,32,0.6666666666666666,0.9748611450195312,-0.9748611450195312,0.000200809285161,0.0074932812713086,0,online_student,0,1,2,buyer_pca_synchronized_indices,mean_seller_phi_by_buyer_membership,reuse_buyer_package_membership,2496,2,2,2496,28000,1000,1.0172555446624756,top_quantile,0.0,,,,,19.0,17.0,12.0,1,ours_student_pkg_ctpt,10000.0,64.0,2.0,839113.920474,5.949132624542936,5.952201216,36.0482304,0.501436416,42.501868032,72.212,11.92348,1.00448,85.13996,839113.920474,419556.960237,2.0,8192.0,20.0,6686676.0,470643.0,7157319.0,0.0,20.0,0.0,20.0,0.0,20.0,5000.0,2.0,good_count,32.0,,,2,44,
hatespeech,noise,ours_sample_package_krr,144,48,48,1.0,3.3007285594940186,-3.3007285594940186,0.0003744276764336,0.0880575105547905,0,online_student,0,1,2,buyer_pca_synchronized_indices,mean_seller_phi_by_buyer_membership,reuse_buyer_package_membership,2496,2,2,2496,28000,1000,1.1208701133728027,top_quantile,0.0,,,,,23.0,19.0,6.0,1,ours_student_pkg_ctpt,10000.0,64.0,2.0,839113.920474,5.949132624542936,5.952201216,36.0482304,0.501436416,42.501868032,72.212,11.92348,1.00448,85.13996,839113.920474,419556.960237,2.0,8192.0,20.0,6686676.0,470643.0,7157319.0,0.0,20.0,0.0,20.0,0.0,20.0,5000.0,2.0,good_count,48.0,,,2,44,
hatespeech,coreset_far_wrong,ours_sample_package_krr,144,48,48,1.0,3.3866474628448486,-3.3866474628448486,0.0003885515034198,0.0877893045544624,0,online_student,0,1,2,buyer_pca_synchronized_indices,mean_seller_phi_by_buyer_membership,reuse_buyer_package_membership,2496,2,2,2496,28000,1000,1.1208701133728027,top_quantile,0.0,,,,,22.0,19.0,7.0,1,ours_student_pkg_ctpt,10000.0,64.0,2.0,839113.920474,5.949132624542936,5.952201216,36.0482304,0.501436416,42.501868032,72.212,11.92348,1.00448,85.13996,839113.920474,419556.960237,2.0,8192.0,20.0,6686676.0,470643.0,7157319.0,0.0,20.0,0.0,20.0,0.0,20.0,5000.0,2.0,good_count,48.0,,,2,44,
hatespeech,typiclust_dense,ours_sample_package_krr,144,48,33,0.6875,2.286227226257324,-2.286227226257324,0.0002701009216252,0.0679054036736488,0,online_student,0,1,2,buyer_pca_synchronized_indices,mean_seller_phi_by_buyer_membership,reuse_buyer_package_membership,2496,2,2,2496,28000,1000,1.1208701133728027,top_quantile,0.0,,,,,15.0,25.0,8.0,1,ours_student_pkg_ctpt,10000.0,64.0,2.0,839113.920474,5.949132624542936,5.952201216,36.0482304,0.501436416,42.501868032,72.212,11.92348,1.00448,85.13996,839113.920474,419556.960237,2.0,8192.0,20.0,6686676.0,470643.0,7157319.0,0.0,20.0,0.0,20.0,0.0,20.0,5000.0,2.0,good_count,33.0,,,2,44,
hatespeech,kmeans_center,ours_sample_package_krr,144,48,35,0.7291666666666666,2.315046548843384,-2.315046548843384,0.0002842942776624,0.0642841681838035,0,online_student,0,1,2,buyer_pca_synchronized_indices,mean_seller_phi_by_buyer_membership,reuse_buyer_package_membership,2496,2,2,2496,28000,1000,1.1208701133728027,top_quantile,0.0,,,,,25.0,18.0,5.0,1,ours_student_pkg_ctpt,10000.0,64.0,2.0,839113.920474,5.949132624542936,5.952201216,36.0482304,0.501436416,42.501868032,72.212,11.92348,1.00448,85.13996,839113.920474,419556.960237,2.0,8192.0,20.0,6686676.0,470643.0,7157319.0,0.0,20.0,0.0,20.0,0.0,20.0,5000.0,2.0,good_count,35.0,,,2,44,
hatespeech,uncertainty_badge,ours_sample_package_krr,144,48,39,0.8125,3.0469272136688232,-3.0469272136688232,0.0003462135791778,0.0838055610656738,0,online_student,0,1,2,buyer_pca_synchronized_indices,mean_seller_phi_by_buyer_membership,reuse_buyer_package_membership,2496,2,2,2496,28000,1000,1.1208701133728027,top_quantile,0.0,,,,,15.0,17.0,16.0,1,ours_student_pkg_ctpt,10000.0,64.0,2.0,839113.920474,5.949132624542936,5.952201216,36.0482304,0.501436416,42.501868032,72.212,11.92348,1.00448,85.13996,839113.920474,419556.960237,2.0,8192.0,20.0,6686676.0,470643.0,7157319.0,0.0,20.0,0.0,20.0,0.0,20.0,5000.0,2.0,good_count,39.0,,,2,44,
hatespeech,cosine,ours_sample_package_krr,144,48,47,0.9791666666666666,3.146734952926636,-3.146734952926636,0.0003626892867032,0.0834683254361152,0,online_student,0,1,2,buyer_pca_synchronized_indices,mean_seller_phi_by_buyer_membership,reuse_buyer_package_membership,2496,2,2,2496,28000,1000,1.1208701133728027,top_quantile,0.0,,,,,17.0,21.0,10.0,1,ours_student_pkg_ctpt,10000.0,64.0,2.0,839113.920474,5.949132624542936,5.952201216,36.0482304,0.501436416,42.501868032,72.212,11.92348,1.00448,85.13996,839113.920474,419556.960237,2.0,8192.0,20.0,6686676.0,470643.0,7157319.0,0.0,20.0,0.0,20.0,0.0,20.0,5000.0,2.0,good_count,47.0,,,2,44,
hatespeech,all_average,ours_sample_package_krr,144,48,34,0.7083333333333334,1.758157730102539,-1.758157730102539,0.0002393573522567,0.0486171133816242,0,online_student,0,1,2,buyer_pca_synchronized_indices,mean_seller_phi_by_buyer_membership,reuse_buyer_package_membership,2496,2,2,2496,28000,1000,1.1208701133728027,top_quantile,0.0,,,,,15.0,19.0,14.0,1,ours_student_pkg_ctpt,10000.0,64.0,2.0,839113.920474,5.949132624542936,5.952201216,36.0482304,0.501436416,42.501868032,72.212,11.92348,1.00448,85.13996,839113.920474,419556.960237,2.0,8192.0,20.0,6686676.0,470643.0,7157319.0,0.0,20.0,0.0,20.0,0.0,20.0,5000.0,2.0,good_count,34.0,,,2,44,
mscoco,noise,ours_sample_package_krr,244,48,46,0.9583333333333334,3.575737714767456,-3.575737714767456,1.1399388313293457e-06,0.0067398510873317,0,online_student,0,1,2,buyer_pca_synchronized_indices,mean_seller_phi_by_buyer_membership,reuse_buyer_package_membership,2496,2,2,2496,28000,1000,0.96003395318985,top_quantile,0.0,,,,1.0,,1.0,5.0,1,ours_student_pkg_ctpt,10000.0,64.0,2.0,839113.920474,5.949132624542936,5.952201216,36.0482304,0.501436416,42.501868032,72.212,11.92348,1.00448,85.13996,839113.920474,419556.960237,2.0,8192.0,20.0,6686676.0,470643.0,7157319.0,0.0,20.0,0.0,20.0,0.0,20.0,5000.0,2.0,good_count,46.0,18.0,21.0,2,44,2.0
mscoco,coreset_far_wrong,ours_sample_package_krr,244,48,45,0.9375,3.460111618041992,-3.460111618041992,1.0778506975839264e-06,0.0066083245910704,0,online_student,0,1,2,buyer_pca_synchronized_indices,mean_seller_phi_by_buyer_membership,reuse_buyer_package_membership,2496,2,2,2496,28000,1000,0.96003395318985,top_quantile,0.0,,,,4.0,,,2.0,1,ours_student_pkg_ctpt,10000.0,64.0,2.0,839113.920474,5.949132624542936,5.952201216,36.0482304,0.501436416,42.501868032,72.212,11.92348,1.00448,85.13996,839113.920474,419556.960237,2.0,8192.0,20.0,6686676.0,470643.0,7157319.0,0.0,20.0,0.0,20.0,0.0,20.0,5000.0,2.0,good_count,45.0,17.0,25.0,2,44,
mscoco,typiclust_dense,ours_sample_package_krr,244,48,44,0.9166666666666666,2.989553213119507,-2.989553213119507,7.227063179016113e-07,0.006324790418148,0,online_student,0,1,2,buyer_pca_synchronized_indices,mean_seller_phi_by_buyer_membership,reuse_buyer_package_membership,2496,2,2,2496,28000,1000,0.96003395318985,top_quantile,0.0,,,,3.0,,2.0,2.0,1,ours_student_pkg_ctpt,10000.0,64.0,2.0,839113.920474,5.949132624542936,5.952201216,36.0482304,0.501436416,42.501868032,72.212,11.92348,1.00448,85.13996,839113.920474,419556.960237,2.0,8192.0,20.0,6686676.0,470643.0,7157319.0,0.0,20.0,0.0,20.0,0.0,20.0,5000.0,2.0,good_count,44.0,17.0,23.0,2,44,1.0
mscoco,kmeans_center,ours_sample_package_krr,244,48,47,0.9791666666666666,3.3103935718536377,-3.3103935718536377,7.636845111846924e-07,0.0070123211480677,0,online_student,0,1,2,buyer_pca_synchronized_indices,mean_seller_phi_by_buyer_membership,reuse_buyer_package_membership,2496,2,2,2496,28000,1000,0.96003395318985,top_quantile,0.0,,,,2.0,1.0,,,1,ours_student_pkg_ctpt,10000.0,64.0,2.0,839113.920474,5.949132624542936,5.952201216,36.0482304,0.501436416,42.501868032,72.212,11.92348,1.00448,85.13996,839113.920474,419556.960237,2.0,8192.0,20.0,6686676.0,470643.0,7157319.0,0.0,20.0,0.0,20.0,0.0,20.0,5000.0,2.0,good_count,47.0,17.0,26.0,2,44,2.0
mscoco,uncertainty_badge,ours_sample_package_krr,244,48,43,0.8958333333333334,3.059185743331909,-3.059185743331909,7.264316082000732e-07,0.0064867041073739,0,online_student,0,1,2,buyer_pca_synchronized_indices,mean_seller_phi_by_buyer_membership,reuse_buyer_package_membership,2496,2,2,2496,28000,1000,0.96003395318985,top_quantile,0.0,,,,,,,6.0,1,ours_student_pkg_ctpt,10000.0,64.0,2.0,839113.920474,5.949132624542936,5.952201216,36.0482304,0.501436416,42.501868032,72.212,11.92348,1.00448,85.13996,839113.920474,419556.960237,2.0,8192.0,20.0,6686676.0,470643.0,7157319.0,0.0,20.0,0.0,20.0,0.0,20.0,5000.0,2.0,good_count,43.0,21.0,21.0,2,44,
mscoco,cosine,ours_sample_package_krr,244,48,35,0.7291666666666666,3.2397594451904297,-3.2397594451904297,6.332993507385254e-07,0.0071591096930205,0,online_student,0,1,2,buyer_pca_synchronized_indices,mean_seller_phi_by_buyer_membership,reuse_buyer_package_membership,2496,2,2,2496,28000,1000,0.96003395318985,top_quantile,0.0,,,,2.0,,,3.0,1,ours_student_pkg_ctpt,10000.0,64.0,2.0,839113.920474,5.949132624542936,5.952201216,36.0482304,0.501436416,42.501868032,72.212,11.92348,1.00448,85.13996,839113.920474,419556.960237,2.0,8192.0,20.0,6686676.0,470643.0,7157319.0,0.0,20.0,0.0,20.0,0.0,20.0,5000.0,2.0,good_count,35.0,29.0,14.0,2,44,
mscoco,all_average,ours_sample_package_krr,244,48,45,0.9375,3.404184341430664,-3.404184341430664,9.847184401223783e-07,0.006699725985527,0,online_student,0,1,2,buyer_pca_synchronized_indices,mean_seller_phi_by_buyer_membership,reuse_buyer_package_membership,2496,2,2,2496,28000,1000,0.96003395318985,top_quantile,0.0,,,,4.0,,,4.0,1,ours_student_pkg_ctpt,10000.0,64.0,2.0,839113.920474,5.949132624542936,5.952201216,36.0482304,0.501436416,42.501868032,72.212,11.92348,1.00448,85.13996,839113.920474,419556.960237,2.0,8192.0,20.0,6686676.0,470643.0,7157319.0,0.0,20.0,0.0,20.0,0.0,20.0,5000.0,2.0,good_count,45.0,16.0,22.0,2,44,2.0
hateful_memes,noise,ours_sample_package_krr,42,48,28,0.5833333333333334,1.3773380517959597,-1.3773380517959597,0.0001140745953307,0.0194493923336267,0,online_student,0,1,4,buyer_pca_synchronized_indices,mean_seller_phi_by_buyer_membership,reuse_buyer_package_membership,1248,4,4,1248,28000,1000,0.9174745082855223,top_quantile,0.0,,,,4.0,11.0,11.0,8.0,1,ours_student_pkg_ctpt,,,,,,,,,,,,,,,,,,,,,,,,,,,,,,good_count,28.0,,,4,42,14.0
hateful_memes,coreset_far_wrong,ours_sample_package_krr,42,48,26,0.5416666666666666,1.5148626565933228,-1.5148626565933228,0.0001270237116841,0.0205739513039588,0,online_student,0,1,4,buyer_pca_synchronized_indices,mean_seller_phi_by_buyer_membership,reuse_buyer_package_membership,1248,4,4,1248,28000,1000,0.9174745082855223,top_quantile,0.0,,,,17.0,11.0,10.0,6.0,1,ours_student_pkg_ctpt,,,,,,,,,,,,,,,,,,,,,,,,,,,,,,good_count,26.0,,,4,42,4.0
hateful_memes,typiclust_dense,ours_sample_package_krr,42,48,23,0.4791666666666667,1.3685497045516968,-1.3685497045516968,0.0001530560402898,0.0117673762142658,0,online_student,0,1,4,buyer_pca_synchronized_indices,mean_seller_phi_by_buyer_membership,reuse_buyer_package_membership,1248,4,4,1248,28000,1000,0.9174745082855223,top_quantile,0.0,,,,1.0,10.0,27.0,8.0,1,ours_student_pkg_ctpt,,,,,,,,,,,,,,,,,,,,,,,,,,,,,,good_count,23.0,2.0,,4,42,
hateful_memes,kmeans_center,ours_sample_package_krr,42,48,20,0.4166666666666667,0.7616322040557861,-0.7616322040557861,0.0001016482710838,0.0057074786163866,0,online_student,0,1,4,buyer_pca_synchronized_indices,mean_seller_phi_by_buyer_membership,reuse_buyer_package_membership,1248,4,4,1248,28000,1000,0.9174745082855223,top_quantile,0.0,,,,5.0,25.0,9.0,9.0,1,ours_student_pkg_ctpt,,,,,,,,,,,,,,,,,,,,,,,,,,,,,,good_count,20.0,,,4,42,
hateful_memes,uncertainty_badge,ours_sample_package_krr,42,48,15,0.3125,1.0193095207214355,-1.0193095207214355,9.2924885393586e-05,0.0141203561797738,0,online_student,0,1,4,buyer_pca_synchronized_indices,mean_seller_phi_by_buyer_membership,reuse_buyer_package_membership,1248,4,4,1248,28000,1000,0.9174745082855223,top_quantile,0.0,,,,2.0,6.0,6.0,31.0,1,ours_student_pkg_ctpt,,,,,,,,,,,,,,,,,,,,,,,,,,,,,,good_count,15.0,3.0,,4,42,
hateful_memes,cosine,ours_sample_package_krr,42,48,28,0.5833333333333334,1.4041337966918943,-1.4041337966918943,0.0001605798752279,0.0112605541944503,0,online_student,0,1,4,buyer_pca_synchronized_indices,mean_seller_phi_by_buyer_membership,reuse_buyer_package_membership,1248,4,4,1248,28000,1000,0.9174745082855223,top_quantile,0.0,,,,1.0,11.0,15.0,8.0,1,ours_student_pkg_ctpt,,,,,,,,,,,,,,,,,,,,,,,,,,,,,,good_count,28.0,13.0,,4,42,
hateful_memes,all_average,ours_sample_package_krr,42,48,14,0.2916666666666667,-0.7786752581596375,0.7786752581596375,-3.267079591751098e-06,-0.0145570114254951,0,online_student,0,1,4,buyer_pca_synchronized_indices,mean_seller_phi_by_buyer_membership,reuse_buyer_package_membership,1248,4,4,1248,28000,1000,0.9174745082855223,top_quantile,0.0,,,,5.0,16.0,12.0,11.0,1,ours_student_pkg_ctpt,,,,,,,,,,,,,,,,,,,,,,,,,,,,,,good_count,14.0,3.0,,4,42,1.0
hatespeech,noise,ours_sample_package_krr,142,48,38,0.7916666666666666,1.9625381231307983,-1.9625381231307983,0.0001210868358612,0.0756104439496994,0,online_student,0,1,4,buyer_pca_synchronized_indices,mean_seller_phi_by_buyer_membership,reuse_buyer_package_membership,1248,4,4,1248,28000,1000,1.0360314846038818,top_quantile,0.0,,,,2.0,14.0,19.0,5.0,1,ours_student_pkg_ctpt,,,,,,,,,,,,,,,,,,,,,,,,,,,,,,good_count,38.0,,,4,42,8.0
hatespeech,coreset_far_wrong,ours_sample_package_krr,142,48,37,0.7708333333333334,2.079023838043213,-2.079023838043213,0.0001307179481955,0.0770073235034942,0,online_student,0,1,4,buyer_pca_synchronized_indices,mean_seller_phi_by_buyer_membership,reuse_buyer_package_membership,1248,4,4,1248,28000,1000,1.0360314846038818,top_quantile,0.0,,,,8.0,14.0,16.0,7.0,1,ours_student_pkg_ctpt,,,,,,,,,,,,,,,,,,,,,,,,,,,,,,good_count,37.0,,,4,42,3.0
hatespeech,typiclust_dense,ours_sample_package_krr,142,48,35,0.7291666666666666,2.0039961338043213,-2.0039961338043213,0.0001704171299934,0.0505105517804622,0,online_student,0,1,4,buyer_pca_synchronized_indices,mean_seller_phi_by_buyer_membership,reuse_buyer_package_membership,1248,4,4,1248,28000,1000,1.0360314846038818,top_quantile,0.0,,,,,14.0,23.0,11.0,1,ours_student_pkg_ctpt,,,,,,,,,,,,,,,,,,,,,,,,,,,,,,good_count,35.0,,,4,42,
hatespeech,kmeans_center,ours_sample_package_krr,142,48,22,0.4583333333333333,1.8987350463867188,-1.8987350463867188,0.0001392525882693,0.0617736838757991,0,online_student,0,1,4,buyer_pca_synchronized_indices,mean_seller_phi_by_buyer_membership,reuse_buyer_package_membership,1248,4,4,1248,28000,1000,1.0360314846038818,top_quantile,0.0,,,,2.0,31.0,9.0,6.0,1,ours_student_pkg_ctpt,,,,,,,,,,,,,,,,,,,,,,,,,,,,,,good_count,22.0,,,4,42,
hatespeech,uncertainty_badge,ours_sample_package_krr,142,48,33,0.6875,2.741850614547729,-2.741850614547729,0.0001923826785059,0.0811293944716453,0,online_student,0,1,4,buyer_pca_synchronized_indices,mean_seller_phi_by_buyer_membership,reuse_buyer_package_membership,1248,4,4,1248,28000,1000,1.0360314846038818,top_quantile,0.0,,,,,14.0,15.0,19.0,1,ours_student_pkg_ctpt,,,,,,,,,,,,,,,,,,,,,,,,,,,,,,good_count,33.0,,,4,42,
hatespeech,cosine,ours_sample_package_krr,142,48,36,0.75,2.4790477752685547,-2.4790477752685547,0.000185967728612,0.0694383606314659,0,online_student,0,1,4,buyer_pca_synchronized_indices,mean_seller_phi_by_buyer_membership,reuse_buyer_package_membership,1248,4,4,1248,28000,1000,1.0360314846038818,top_quantile,0.0,,,,,15.0,12.0,11.0,1,ours_student_pkg_ctpt,,,,,,,,,,,,,,,,,,,,,,,,,,,,,,good_count,36.0,10.0,,4,42,
hatespeech,all_average,ours_sample_package_krr,142,48,22,0.4583333333333333,-0.111504353582859,0.111504353582859,4.972517490386963e-05,-0.0050927302800118,0,online_student,0,1,4,buyer_pca_synchronized_indices,mean_seller_phi_by_buyer_membership,reuse_buyer_package_membership,1248,4,4,1248,28000,1000,1.0360314846038818,top_quantile,0.0,,,,3.0,14.0,12.0,14.0,1,ours_student_pkg_ctpt,,,,,,,,,,,,,,,,,,,,,,,,,,,,,,good_count,22.0,4.0,,4,42,1.0
mscoco,noise,ours_sample_package_krr,242,48,36,0.75,3.898921012878418,-3.898921012878418,0.0002183032484026,0.0063403490930795,0,online_student,0,1,4,buyer_pca_synchronized_indices,mean_seller_phi_by_buyer_membership,reuse_buyer_package_membership,1248,4,4,1248,28000,1000,1.1260383129119873,top_quantile,0.0,,,,,11.0,14.0,11.0,1,ours_student_pkg_ctpt,,,,,,,,,,,,,,,,,,,,,,,,,,,,,,good_count,36.0,,,4,42,12.0
mscoco,coreset_far_wrong,ours_sample_package_krr,242,48,34,0.7083333333333334,3.4087841510772705,-3.4087841510772705,0.0001813558192225,0.0062168501317501,0,online_student,0,1,4,buyer_pca_synchronized_indices,mean_seller_phi_by_buyer_membership,reuse_buyer_package_membership,1248,4,4,1248,28000,1000,1.1260383129119873,top_quantile,0.0,,,,10.0,12.0,13.0,10.0,1,ours_student_pkg_ctpt,,,,,,,,,,,,,,,,,,,,,,,,,,,,,,good_count,34.0,,,4,42,3.0
mscoco,typiclust_dense,ours_sample_package_krr,242,48,39,0.8125,4.09763765335083,-4.09763765335083,0.0002444311976432,0.0058392505161464,0,online_student,0,1,4,buyer_pca_synchronized_indices,mean_seller_phi_by_buyer_membership,reuse_buyer_package_membership,1248,4,4,1248,28000,1000,1.1260383129119873,top_quantile,0.0,,,,1.0,12.0,21.0,11.0,1,ours_student_pkg_ctpt,,,,,,,,,,,,,,,,,,,,,,,,,,,,,,good_count,39.0,2.0,1.0,4,42,
mscoco,kmeans_center,ours_sample_package_krr,242,48,42,0.875,4.047232151031494,-4.047232151031494,0.0002558293344918,0.0050751757808029,0,online_student,0,1,4,buyer_pca_synchronized_indices,mean_seller_phi_by_buyer_membership,reuse_buyer_package_membership,1248,4,4,1248,28000,1000,1.1260383129119873,top_quantile,0.0,,,,4.0,18.0,13.0,12.0,1,ours_student_pkg_ctpt,,,,,,,,,,,,,,,,,,,,,,,,,,,,,,good_count,42.0,1.0,,4,42,
mscoco,uncertainty_badge,ours_sample_package_krr,242,48,31,0.6458333333333334,3.3856475353240967,-3.3856475353240967,0.00018997117877,0.0056988522410392,0,online_student,0,1,4,buyer_pca_synchronized_indices,mean_seller_phi_by_buyer_membership,reuse_buyer_package_membership,1248,4,4,1248,28000,1000,1.1260383129119873,top_quantile,0.0,,,,1.0,12.0,12.0,23.0,1,ours_student_pkg_ctpt,,,,,,,,,,,,,,,,,,,,,,,,,,,,,,good_count,31.0,,,4,42,
mscoco,cosine,ours_sample_package_krr,242,48,36,0.75,4.277589321136475,-4.277589321136475,0.00025175511837,0.0061931530945003,0,online_student,0,1,4,buyer_pca_synchronized_indices,mean_seller_phi_by_buyer_membership,reuse_buyer_package_membership,1248,4,4,1248,28000,1000,1.1260383129119873,top_quantile,0.0,,,,2.0,12.0,12.0,10.0,1,ours_student_pkg_ctpt,,,,,,,,,,,,,,,,,,,,,,,,,,,,,,good_count,36.0,12.0,,4,42,
mscoco,all_average,ours_sample_package_krr,242,48,37,0.7708333333333334,3.4741761684417725,-3.4741761684417725,0.0002009061427088,0.0055104717612266,0,online_student,0,1,4,buyer_pca_synchronized_indices,mean_seller_phi_by_buyer_membership,reuse_buyer_package_membership,1248,4,4,1248,28000,1000,1.1260383129119873,top_quantile,0.0,,,,3.0,12.0,13.0,16.0,1,ours_student_pkg_ctpt,,,,,,,,,,,,,,,,,,,,,,,,,,,,,,good_count,37.0,2.0,,4,42,2.0
hateful_memes,noise,ours_sample_package_krr,43,48,31,0.6458333333333334,1.735045075416565,-1.735045075416565,0.0001592747867107,0.0287062134593725,0,online_student,0,1,4,buyer_pca_synchronized_indices,mean_seller_phi_by_buyer_membership,reuse_buyer_package_membership,1248,4,4,1248,28000,1000,1.0231167078018188,top_quantile,0.0,,,,2.0,10.0,10.0,14.0,1,ours_student_pkg_ctpt,,,,,,,,,,,,,,,,,,,,,,,,,,,,,,good_count,31.0,,,4,43,12.0
hateful_memes,coreset_far_wrong,ours_sample_package_krr,43,48,38,0.7916666666666666,2.7194983959198,-2.7194983959198,0.0002475989458616,0.0401056855916976,0,online_student,0,1,4,buyer_pca_synchronized_indices,mean_seller_phi_by_buyer_membership,reuse_buyer_package_membership,1248,4,4,1248,28000,1000,1.0231167078018188,top_quantile,0.0,,,,10.0,14.0,15.0,9.0,1,ours_student_pkg_ctpt,,,,,,,,,,,,,,,,,,,,,,,,,,,,,,good_count,38.0,,,4,43,
hateful_memes,typiclust_dense,ours_sample_package_krr,43,48,21,0.4375,1.28492534160614,-1.28492534160614,0.0001246494502993,0.0219123866409063,0,online_student,0,1,4,buyer_pca_synchronized_indices,mean_seller_phi_by_buyer_membership,reuse_buyer_package_membership,1248,4,4,1248,28000,1000,1.0231167078018188,top_quantile,0.0,,,,,11.0,31.0,6.0,1,ours_student_pkg_ctpt,,,,,,,,,,,,,,,,,,,,,,,,,,,,,,good_count,21.0,,,4,43,
hateful_memes,kmeans_center,ours_sample_package_krr,43,48,19,0.3958333333333333,1.5969175100326538,-1.5969175100326538,0.0001425680966349,0.028291592374444,0,online_student,0,1,4,buyer_pca_synchronized_indices,mean_seller_phi_by_buyer_membership,reuse_buyer_package_membership,1248,4,4,1248,28000,1000,1.0231167078018188,top_quantile,0.0,,,,,35.0,9.0,4.0,1,ours_student_pkg_ctpt,,,,,,,,,,,,,,,,,,,,,,,,,,,,,,good_count,19.0,,,4,43,
hateful_memes,uncertainty_badge,ours_sample_package_krr,43,48,29,0.6041666666666666,2.2690258026123047,-2.2690258026123047,0.0002036181540461,0.0358684994280338,0,online_student,0,1,4,buyer_pca_synchronized_indices,mean_seller_phi_by_buyer_membership,reuse_buyer_package_membership,1248,4,4,1248,28000,1000,1.0231167078018188,top_quantile,0.0,,,,,12.0,11.0,25.0,1,ours_student_pkg_ctpt,,,,,,,,,,,,,,,,,,,,,,,,,,,,,,good_count,29.0,,,4,43,
hateful_memes,cosine,ours_sample_package_krr,43,48,32,0.6666666666666666,1.9172393083572388,-1.9172393083572388,0.0001729565410641,0.0315477289259433,0,online_student,0,1,4,buyer_pca_synchronized_indices,mean_seller_phi_by_buyer_membership,reuse_buyer_package_membership,1248,4,4,1248,28000,1000,1.0231167078018188,top_quantile,0.0,,,,,13.0,14.0,9.0,1,ours_student_pkg_ctpt,,,,,,,,,,,,,,,,,,,,,,,,,,,,,,good_count,32.0,12.0,,4,43,
hateful_memes,all_average,ours_sample_package_krr,43,48,25,0.5208333333333334,0.5570823550224304,-0.5570823550224304,9.45789142861031e-05,0.003808376379311,0,online_student,0,1,4,buyer_pca_synchronized_indices,mean_seller_phi_by_buyer_membership,reuse_buyer_package_membership,1248,4,4,1248,28000,1000,1.0231167078018188,top_quantile,0.0,,,,2.0,20.0,15.0,8.0,1,ours_student_pkg_ctpt,,,,,,,,,,,,,,,,,,,,,,,,,,,,,,good_count,25.0,2.0,,4,43,1.0
hatespeech,noise,ours_sample_package_krr,143,48,38,0.7916666666666666,2.406662702560425,-2.406662702560425,0.0006618946790695,0.0755535364151001,0,online_student,0,1,4,buyer_pca_synchronized_indices,mean_seller_phi_by_buyer_membership,reuse_buyer_package_membership,1248,4,4,1248,28000,1000,0.924261748790741,top_quantile,0.0,,,,,12.0,16.0,11.0,1,ours_student_pkg_ctpt,,,,,,,,,,,,,,,,,,,,,,,,,,,,,,good_count,38.0,,,4,43,9.0
hatespeech,coreset_far_wrong,ours_sample_package_krr,143,48,38,0.7916666666666666,2.776982069015503,-2.776982069015503,0.0008581168949604,0.0663709416985511,0,online_student,0,1,4,buyer_pca_synchronized_indices,mean_seller_phi_by_buyer_membership,reuse_buyer_package_membership,1248,4,4,1248,28000,1000,0.924261748790741,top_quantile,0.0,,,,10.0,13.0,14.0,11.0,1,ours_student_pkg_ctpt,,,,,,,,,,,,,,,,,,,,,,,,,,,,,,good_count,38.0,,,4,43,
hatespeech,typiclust_dense,ours_sample_package_krr,143,48,32,0.6666666666666666,2.854670286178589,-2.854670286178589,0.0008412289316765,0.0738362297415733,0,online_student,0,1,4,buyer_pca_synchronized_indices,mean_seller_phi_by_buyer_membership,reuse_buyer_package_membership,1248,4,4,1248,28000,1000,0.924261748790741,top_quantile,0.0,,,,,11.0,28.0,9.0,1,ours_student_pkg_ctpt,,,,,,,,,,,,,,,,,,,,,,,,,,,,,,good_count,32.0,,,4,43,
hatespeech,kmeans_center,ours_sample_package_krr,143,48,24,0.5,1.6922730207443235,-1.6922730207443235,0.0005036766524426,0.0576252937316894,0,online_student,0,1,4,buyer_pca_synchronized_indices,mean_seller_phi_by_buyer_membership,reuse_buyer_package_membership,1248,4,4,1248,28000,1000,0.924261748790741,top_quantile,0.0,,,,3.0,25.0,12.0,8.0,1,ours_student_pkg_ctpt,,,,,,,,,,,,,,,,,,,,,,,,,,,,,,good_count,24.0,,,4,43,
hatespeech,uncertainty_badge,ours_sample_package_krr,143,48,32,0.6666666666666666,2.6261794567108154,-2.6261794567108154,0.0007360614836215,0.0769291147589683,0,online_student,0,1,4,buyer_pca_synchronized_indices,mean_seller_phi_by_buyer_membership,reuse_buyer_package_membership,1248,4,4,1248,28000,1000,0.924261748790741,top_quantile,0.0,,,,1.0,11.0,11.0,25.0,1,ours_student_pkg_ctpt,,,,,,,,,,,,,,,,,,,,,,,,,,,,,,good_count,32.0,,,4,43,
hatespeech,cosine,ours_sample_package_krr,143,48,35,0.7291666666666666,2.378042459487915,-2.378042459487915,0.0007550219888798,0.0587439052760601,0,online_student,0,1,4,buyer_pca_synchronized_indices,mean_seller_phi_by_buyer_membership,reuse_buyer_package_membership,1248,4,4,1248,28000,1000,0.924261748790741,top_quantile,0.0,,,,,11.0,16.0,13.0,1,ours_student_pkg_ctpt,,,,,,,,,,,,,,,,,,,,,,,,,,,,,,good_count,35.0,8.0,,4,43,
hatespeech,all_average,ours_sample_package_krr,143,48,19,0.3958333333333333,0.0212798118591308,-0.0212798118591308,0.0002808955905493,-0.0081394761800765,0,online_student,0,1,4,buyer_pca_synchronized_indices,mean_seller_phi_by_buyer_membership,reuse_buyer_package_membership,1248,4,4,1248,28000,1000,0.924261748790741,top_quantile,0.0,,,,2.0,14.0,16.0,13.0,1,ours_student_pkg_ctpt,,,,,,,,,,,,,,,,,,,,,,,,,,,,,,good_count,19.0,3.0,,4,43,
mscoco,noise,ours_sample_package_krr,243,48,36,0.75,2.840836763381958,-2.840836763381958,6.431961810449138e-05,0.0036256362218409,0,online_student,0,1,4,buyer_pca_synchronized_indices,mean_seller_phi_by_buyer_membership,reuse_buyer_package_membership,1248,4,4,1248,28000,1000,1.1473939418792725,top_quantile,0.0,,,,1.0,13.0,12.0,11.0,1,ours_student_pkg_ctpt,,,,,,,,,,,,,,,,,,,,,,,,,,,,,,good_count,36.0,,,4,43,11.0
mscoco,coreset_far_wrong,ours_sample_package_krr,243,48,34,0.7083333333333334,3.2417666912078857,-3.2417666912078857,6.970638787606731e-05,0.004464101511985,0,online_student,0,1,4,buyer_pca_synchronized_indices,mean_seller_phi_by_buyer_membership,reuse_buyer_package_membership,1248,4,4,1248,28000,1000,1.1473939418792725,top_quantile,0.0,,,,10.0,14.0,12.0,9.0,1,ours_student_pkg_ctpt,,,,,,,,,,,,,,,,,,,,,,,,,,,,,,good_count,34.0,,,4,43,3.0
mscoco,typiclust_dense,ours_sample_package_krr,243,48,35,0.7291666666666666,4.358216762542725,-4.358216762542725,0.0001032650470733,0.0048245904035866,0,online_student,0,1,4,buyer_pca_synchronized_indices,mean_seller_phi_by_buyer_membership,reuse_buyer_package_membership,1248,4,4,1248,28000,1000,1.1473939418792725,top_quantile,0.0,,,,,12.0,24.0,12.0,1,ours_student_pkg_ctpt,,,,,,,,,,,,,,,,,,,,,,,,,,,,,,good_count,35.0,,,4,43,
mscoco,kmeans_center,ours_sample_package_krr,243,48,34,0.7083333333333334,4.123491287231445,-4.123491287231445,9.396299719810486e-05,0.0049878056161105,0,online_student,0,1,4,buyer_pca_synchronized_indices,mean_seller_phi_by_buyer_membership,reuse_buyer_package_membership,1248,4,4,1248,28000,1000,1.1473939418792725,top_quantile,0.0,,,,,23.0,13.0,12.0,1,ours_student_pkg_ctpt,,,,,,,,,,,,,,,,,,,,,,,,,,,,,,good_count,34.0,,,4,43,
mscoco,uncertainty_badge,ours_sample_package_krr,243,48,34,0.7083333333333334,3.941902875900269,-3.941902875900269,9.08300280570984e-05,0.0046817963011562,0,online_student,0,1,4,buyer_pca_synchronized_indices,mean_seller_phi_by_buyer_membership,reuse_buyer_package_membership,1248,4,4,1248,28000,1000,1.1473939418792725,top_quantile,0.0,,,,,12.0,14.0,22.0,1,ours_student_pkg_ctpt,,,,,,,,,,,,,,,,,,,,,,,,,,,,,,good_count,34.0,,,4,43,
mscoco,cosine,ours_sample_package_krr,243,48,35,0.7291666666666666,3.905760526657105,-3.905760526657105,8.417417848249897e-05,0.0052626407705247,0,online_student,0,1,4,buyer_pca_synchronized_indices,mean_seller_phi_by_buyer_membership,reuse_buyer_package_membership,1248,4,4,1248,28000,1000,1.1473939418792725,top_quantile,0.0,,,,,14.0,15.0,7.0,1,ours_student_pkg_ctpt,,,,,,,,,,,,,,,,,,,,,,,,,,,,,,good_count,35.0,12.0,,4,43,
mscoco,all_average,ours_sample_package_krr,243,48,36,0.75,3.203798055648804,-3.203798055648804,7.474546873709187e-05,0.003794340416789,0,online_student,0,1,4,buyer_pca_synchronized_indices,mean_seller_phi_by_buyer_membership,reuse_buyer_package_membership,1248,4,4,1248,28000,1000,1.1473939418792725,top_quantile,0.0,,,,2.0,13.0,12.0,15.0,1,ours_student_pkg_ctpt,,,,,,,,,,,,,,,,,,,,,,,,,,,,,,good_count,36.0,5.0,,4,43,1.0
hateful_memes,noise,ours_sample_package_krr,44,48,25,0.5208333333333334,1.0459188222885132,-1.0459188222885132,0.0001871113927336,0.0109574096277356,0,online_student,0,1,4,buyer_pca_synchronized_indices,mean_seller_phi_by_buyer_membership,reuse_buyer_package_membership,1248,4,4,1248,28000,1000,1.0172555446624756,top_quantile,0.0,,,,4.0,10.0,11.0,11.0,1,ours_student_pkg_ctpt,,,,,,,,,,,,,,,,,,,,,,,,,,,,,,good_count,25.0,,,4,44,12.0
hateful_memes,coreset_far_wrong,ours_sample_package_krr,44,48,30,0.625,2.001732110977173,-2.001732110977173,0.000307623296976,0.0221587587147951,0,online_student,0,1,4,buyer_pca_synchronized_indices,mean_seller_phi_by_buyer_membership,reuse_buyer_package_membership,1248,4,4,1248,28000,1000,1.0172555446624756,top_quantile,0.0,,,,14.0,10.0,11.0,10.0,1,ours_student_pkg_ctpt,,,,,,,,,,,,,,,,,,,,,,,,,,,,,,good_count,30.0,,,4,44,3.0
hateful_memes,typiclust_dense,ours_sample_package_krr,44,48,23,0.4791666666666667,1.8262687921524048,-1.8262687921524048,0.0002901405096054,0.019563565030694,0,online_student,0,1,4,buyer_pca_synchronized_indices,mean_seller_phi_by_buyer_membership,reuse_buyer_package_membership,1248,4,4,1248,28000,1000,1.0172555446624756,top_quantile,0.0,,,,,11.0,32.0,5.0,1,ours_student_pkg_ctpt,,,,,,,,,,,,,,,,,,,,,,,,,,,,,,good_count,23.0,,,4,44,
hateful_memes,kmeans_center,ours_sample_package_krr,44,48,17,0.3541666666666667,1.201802134513855,-1.201802134513855,0.0002001536340685,0.0135521525517106,0,online_student,0,1,4,buyer_pca_synchronized_indices,mean_seller_phi_by_buyer_membership,reuse_buyer_package_membership,1248,4,4,1248,28000,1000,1.0172555446624756,top_quantile,0.0,,,,,32.0,12.0,4.0,1,ours_student_pkg_ctpt,,,,,,,,,,,,,,,,,,,,,,,,,,,,,,good_count,17.0,,,4,44,
hateful_memes,uncertainty_badge,ours_sample_package_krr,44,48,26,0.5416666666666666,2.2837727069854736,-2.2837727069854736,0.0003388486802577,0.025967538356781,0,online_student,0,1,4,buyer_pca_synchronized_indices,mean_seller_phi_by_buyer_membership,reuse_buyer_package_membership,1248,4,4,1248,28000,1000,1.0172555446624756,top_quantile,0.0,,,,1.0,9.0,11.0,27.0,1,ours_student_pkg_ctpt,,,,,,,,,,,,,,,,,,,,,,,,,,,,,,good_count,26.0,,,4,44,
hateful_memes,cosine,ours_sample_package_krr,44,48,25,0.5208333333333334,1.129391074180603,-1.129391074180603,0.0001949816942214,0.0122438902035355,0,online_student,0,1,4,buyer_pca_synchronized_indices,mean_seller_phi_by_buyer_membership,reuse_buyer_package_membership,1248,4,4,1248,28000,1000,1.0172555446624756,top_quantile,0.0,,,,,8.0,17.0,9.0,1,ours_student_pkg_ctpt,,,,,,,,,,,,,,,,,,,,,,,,,,,,,,good_count,25.0,14.0,,4,44,
hateful_memes,all_average,ours_sample_package_krr,44,48,14,0.2916666666666667,-0.9010183811187744,0.9010183811187744,-7.514034950872883e-05,-0.0099107539281249,0,online_student,0,1,4,buyer_pca_synchronized_indices,mean_seller_phi_by_buyer_membership,reuse_buyer_package_membership,1248,4,4,1248,28000,1000,1.0172555446624756,top_quantile,0.0,,,,4.0,13.0,13.0,13.0,1,ours_student_pkg_ctpt,,,,,,,,,,,,,,,,,,,,,,,,,,,,,,good_count,14.0,3.0,,4,44,2.0
hatespeech,noise,ours_sample_package_krr,144,48,35,0.7291666666666666,1.851022839546204,-1.851022839546204,0.0001845198421506,0.0745070800185203,0,online_student,0,1,4,buyer_pca_synchronized_indices,mean_seller_phi_by_buyer_membership,reuse_buyer_package_membership,1248,4,4,1248,28000,1000,1.1208701133728027,top_quantile,0.0,,,,,13.0,11.0,12.0,1,ours_student_pkg_ctpt,,,,,,,,,,,,,,,,,,,,,,,,,,,,,,good_count,35.0,,,4,44,12.0
hatespeech,coreset_far_wrong,ours_sample_package_krr,144,48,38,0.7916666666666666,2.90958571434021,-2.90958571434021,0.0003285917046014,0.0823838487267494,0,online_student,0,1,4,buyer_pca_synchronized_indices,mean_seller_phi_by_buyer_membership,reuse_buyer_package_membership,1248,4,4,1248,28000,1000,1.1208701133728027,top_quantile,0.0,,,,8.0,12.0,15.0,11.0,1,ours_student_pkg_ctpt,,,,,,,,,,,,,,,,,,,,,,,,,,,,,,good_count,38.0,,,4,44,2.0
hatespeech,typiclust_dense,ours_sample_package_krr,144,48,27,0.5625,2.5071442127227783,-2.5071442127227783,0.000283595174551,0.0757383480668068,0,online_student,0,1,4,buyer_pca_synchronized_indices,mean_seller_phi_by_buyer_membership,reuse_buyer_package_membership,1248,4,4,1248,28000,1000,1.1208701133728027,top_quantile,0.0,,,,,10.0,29.0,9.0,1,ours_student_pkg_ctpt,,,,,,,,,,,,,,,,,,,,,,,,,,,,,,good_count,27.0,,,4,44,
hatespeech,kmeans_center,ours_sample_package_krr,144,48,26,0.5416666666666666,2.151020050048828,-2.151020050048828,0.0002573008241597,0.0648073628544807,0,online_student,0,1,4,buyer_pca_synchronized_indices,mean_seller_phi_by_buyer_membership,reuse_buyer_package_membership,1248,4,4,1248,28000,1000,1.1208701133728027,top_quantile,0.0,,,,1.0,29.0,11.0,7.0,1,ours_student_pkg_ctpt,,,,,,,,,,,,,,,,,,,,,,,,,,,,,,good_count,26.0,,,4,44,
hatespeech,uncertainty_badge,ours_sample_package_krr,144,48,28,0.5833333333333334,2.3918943405151367,-2.3918943405151367,0.0002758304181043,0.0719227120280265,0,online_student,0,1,4,buyer_pca_synchronized_indices,mean_seller_phi_by_buyer_membership,reuse_buyer_package_membership,1248,4,4,1248,28000,1000,1.1208701133728027,top_quantile,0.0,,,,,11.0,13.0,24.0,1,ours_student_pkg_ctpt,,,,,,,,,,,,,,,,,,,,,,,,,,,,,,good_count,28.0,,,4,44,
hatespeech,cosine,ours_sample_package_krr,144,48,35,0.7291666666666666,2.643306970596313,-2.643306970596313,0.0003149757685605,0.0719532296061515,0,online_student,0,1,4,buyer_pca_synchronized_indices,mean_seller_phi_by_buyer_membership,reuse_buyer_package_membership,1248,4,4,1248,28000,1000,1.1208701133728027,top_quantile,0.0,,,,1.0,10.0,14.0,12.0,1,ours_student_pkg_ctpt,,,,,,,,,,,,,,,,,,,,,,,,,,,,,,good_count,35.0,11.0,,4,44,
hatespeech,all_average,ours_sample_package_krr,144,48,17,0.3541666666666667,-0.4130799770355224,0.4130799770355224,4.4636428356170654e-05,-0.0051778904162347,0,online_student,0,1,4,buyer_pca_synchronized_indices,mean_seller_phi_by_buyer_membership,reuse_buyer_package_membership,1248,4,4,1248,28000,1000,1.1208701133728027,top_quantile,0.0,,,,2.0,15.0,14.0,15.0,1,ours_student_pkg_ctpt,,,,,,,,,,,,,,,,,,,,,,,,,,,,,,good_count,17.0,1.0,,4,44,1.0
mscoco,noise,ours_sample_package_krr,244,48,37,0.7708333333333334,2.9642820358276367,-2.9642820358276367,1.166015863418579e-06,0.0051736417226493,0,online_student,0,1,4,buyer_pca_synchronized_indices,mean_seller_phi_by_buyer_membership,reuse_buyer_package_membership,1248,4,4,1248,28000,1000,0.96003395318985,top_quantile,0.0,,,,2.0,,1.0,6.0,1,ours_student_pkg_ctpt,,,,,,,,,,,,,,,,,,,,,,,,,,,,,,good_count,37.0,14.0,14.0,4,44,11.0
mscoco,coreset_far_wrong,ours_sample_package_krr,244,48,37,0.7708333333333334,2.7876577377319336,-2.7876577377319336,1.1349717397024506e-06,0.0048159989528357,0,online_student,0,1,4,buyer_pca_synchronized_indices,mean_seller_phi_by_buyer_membership,reuse_buyer_package_membership,1248,4,4,1248,28000,1000,0.96003395318985,top_quantile,0.0,,,,11.0,1.0,1.0,6.0,1,ours_student_pkg_ctpt,,,,,,,,,,,,,,,,,,,,,,,,,,,,,,good_count,37.0,12.0,17.0,4,44,
mscoco,typiclust_dense,ours_sample_package_krr,244,48,36,0.75,3.173598289489746,-3.173598289489746,1.5310943126678469e-06,0.0047909854911267,0,online_student,0,1,4,buyer_pca_synchronized_indices,mean_seller_phi_by_buyer_membership,reuse_buyer_package_membership,1248,4,4,1248,28000,1000,0.96003395318985,top_quantile,0.0,,,,4.0,,11.0,3.0,1,ours_student_pkg_ctpt,,,,,,,,,,,,,,,,,,,,,,,,,,,,,,good_count,36.0,13.0,16.0,4,44,1.0
mscoco,kmeans_center,ours_sample_package_krr,244,48,32,0.6666666666666666,2.6652214527130127,-2.6652214527130127,1.030663611345517e-06,0.0047714640386402,0,online_student,0,1,4,buyer_pca_synchronized_indices,mean_seller_phi_by_buyer_membership,reuse_buyer_package_membership,1248,4,4,1248,28000,1000,0.96003395318985,top_quantile,0.0,,,,4.0,15.0,1.0,1.0,1,ours_student_pkg_ctpt,,,,,,,,,,,,,,,,,,,,,,,,,,,,,,good_count,32.0,12.0,14.0,4,44,1.0
mscoco,uncertainty_badge,ours_sample_package_krr,244,48,33,0.6875,2.7482097148895264,-2.7482097148895264,9.760260581970217e-07,0.0051095657981932,0,online_student,0,1,4,buyer_pca_synchronized_indices,mean_seller_phi_by_buyer_membership,reuse_buyer_package_membership,1248,4,4,1248,28000,1000,0.96003395318985,top_quantile,0.0,,,,1.0,,,19.0,1,ours_student_pkg_ctpt,,,,,,,,,,,,,,,,,,,,,,,,,,,,,,good_count,33.0,13.0,15.0,4,44,
mscoco,cosine,ours_sample_package_krr,244,48,31,0.6458333333333334,2.7747042179107666,-2.7747042179107666,9.176631579066452e-07,0.0053180325776338,0,online_student,0,1,4,buyer_pca_synchronized_indices,mean_seller_phi_by_buyer_membership,reuse_buyer_package_membership,1248,4,4,1248,28000,1000,0.96003395318985,top_quantile,0.0,,,,,1.0,1.0,3.0,1,ours_student_pkg_ctpt,,,,,,,,,,,,,,,,,,,,,,,,,,,,,,good_count,31.0,29.0,13.0,4,44,1.0
mscoco,all_average,ours_sample_package_krr,244,48,38,0.7916666666666666,2.7757670879364014,-2.7757670879364014,1.0629495363900787e-06,0.0049637220799922,0,online_student,0,1,4,buyer_pca_synchronized_indices,mean_seller_phi_by_buyer_membership,reuse_buyer_package_membership,1248,4,4,1248,28000,1000,0.96003395318985,top_quantile,0.0,,,,6.0,3.0,2.0,6.0,1,ours_student_pkg_ctpt,,,,,,,,,,,,,,,,,,,,,,,,,,,,,,good_count,38.0,11.0,16.0,4,44,4.0
hateful_memes,noise,ours_sample_package_krr,42,48,23,0.4791666666666667,1.3355499505996704,-1.3355499505996704,0.0001202238127007,0.0171799678355455,0,online_student,0,1,6,buyer_pca_synchronized_indices,mean_seller_phi_by_buyer_membership,reuse_buyer_package_membership,832,6,6,832,28000,1000,0.9174745082855223,top_quantile,0.0,,,,3.0,9.0,8.0,9.0,1,ours_student_pkg_ctpt,,,,,,,,,,,,,,,,,,,,,,,,,,,,,,good_count,23.0,,,6,42,19.0
hateful_memes,coreset_far_wrong,ours_sample_package_krr,42,48,14,0.2916666666666667,0.4518620669841766,-0.4518620669841766,4.137431460549124e-05,0.0091209718957543,0,online_student,0,1,6,buyer_pca_synchronized_indices,mean_seller_phi_by_buyer_membership,reuse_buyer_package_membership,832,6,6,832,28000,1000,0.9174745082855223,top_quantile,0.0,,,,28.0,6.0,6.0,6.0,1,ours_student_pkg_ctpt,,,,,,,,,,,,,,,,,,,,,,,,,,,,,,good_count,14.0,,,6,42,2.0
hateful_memes,typiclust_dense,ours_sample_package_krr,42,48,12,0.25,0.5783975720405579,-0.5783975720405579,6.033231693436392e-05,0.008809165097773,0,online_student,0,1,6,buyer_pca_synchronized_indices,mean_seller_phi_by_buyer_membership,reuse_buyer_package_membership,832,6,6,832,28000,1000,0.9174745082855223,top_quantile,0.0,,,,,9.0,36.0,2.0,1,ours_student_pkg_ctpt,,,,,,,,,,,,,,,,,,,,,,,,,,,,,,good_count,12.0,1.0,,6,42,
hateful_memes,kmeans_center,ours_sample_package_krr,42,48,15,0.3125,0.8808034062385559,-0.8808034062385559,9.42784026847221e-05,0.010235914029181,0,online_student,0,1,6,buyer_pca_synchronized_indices,mean_seller_phi_by_buyer_membership,reuse_buyer_package_membership,832,6,6,832,28000,1000,0.9174745082855223,top_quantile,0.0,,,,4.0,32.0,8.0,4.0,1,ours_student_pkg_ctpt,,,,,,,,,,,,,,,,,,,,,,,,,,,,,,good_count,15.0,,,6,42,
hateful_memes,uncertainty_badge,ours_sample_package_krr,42,48,13,0.2708333333333333,1.2732951641082764,-1.2732951641082764,0.0001144036650657,0.0166629422456026,0,online_student,0,1,6,buyer_pca_synchronized_indices,mean_seller_phi_by_buyer_membership,reuse_buyer_package_membership,832,6,6,832,28000,1000,0.9174745082855223,top_quantile,0.0,,,,3.0,7.0,6.0,32.0,1,ours_student_pkg_ctpt,,,,,,,,,,,,,,,,,,,,,,,,,,,,,,good_count,13.0,,,6,42,
hateful_memes,cosine,ours_sample_package_krr,42,48,18,0.375,0.7607212066650391,-0.7607212066650391,7.370859384536743e-05,0.0110247740522027,0,online_student,0,1,6,buyer_pca_synchronized_indices,mean_seller_phi_by_buyer_membership,reuse_buyer_package_membership,832,6,6,832,28000,1000,0.9174745082855223,top_quantile,0.0,,,,1.0,6.0,11.0,8.0,1,ours_student_pkg_ctpt,,,,,,,,,,,,,,,,,,,,,,,,,,,,,,good_count,18.0,22.0,,6,42,
hateful_memes,all_average,ours_sample_package_krr,42,48,10,0.2083333333333333,-0.8883514404296875,0.8883514404296875,-6.637349724769592e-05,-0.0053641623817384,0,online_student,0,1,6,buyer_pca_synchronized_indices,mean_seller_phi_by_buyer_membership,reuse_buyer_package_membership,832,6,6,832,28000,1000,0.9174745082855223,top_quantile,0.0,,,,9.0,8.0,10.0,11.0,1,ours_student_pkg_ctpt,,,,,,,,,,,,,,,,,,,,,,,,,,,,,,good_count,10.0,5.0,,6,42,5.0
hatespeech,noise,ours_sample_package_krr,142,48,33,0.6875,1.262797236442566,-1.262797236442566,5.190695446799509e-05,0.0735344886779785,0,online_student,0,1,6,buyer_pca_synchronized_indices,mean_seller_phi_by_buyer_membership,reuse_buyer_package_membership,832,6,6,832,28000,1000,1.0360314846038818,top_quantile,0.0,,,,2.0,13.0,14.0,6.0,1,ours_student_pkg_ctpt,,,,,,,,,,,,,,,,,,,,,,,,,,,,,,good_count,33.0,,,6,42,13.0
hatespeech,coreset_far_wrong,ours_sample_package_krr,142,48,29,0.6041666666666666,1.5434690713882446,-1.5434690713882446,0.0001012558714137,0.0623219944536685,0,online_student,0,1,6,buyer_pca_synchronized_indices,mean_seller_phi_by_buyer_membership,reuse_buyer_package_membership,832,6,6,832,28000,1000,1.0360314846038818,top_quantile,0.0,,,,16.0,12.0,13.0,5.0,1,ours_student_pkg_ctpt,,,,,,,,,,,,,,,,,,,,,,,,,,,,,,good_count,29.0,,,6,42,2.0
hatespeech,typiclust_dense,ours_sample_package_krr,142,48,20,0.4166666666666667,1.3123325109481812,-1.3123325109481812,9.051585948327556e-05,0.0548825375735759,0,online_student,0,1,6,buyer_pca_synchronized_indices,mean_seller_phi_by_buyer_membership,reuse_buyer_package_membership,832,6,6,832,28000,1000,1.0360314846038818,top_quantile,0.0,,,,,7.0,27.0,6.0,1,ours_student_pkg_ctpt,,,,,,,,,,,,,,,,,,,,,,,,,,,,,,good_count,20.0,8.0,,6,42,
hatespeech,kmeans_center,ours_sample_package_krr,142,48,23,0.4791666666666667,1.811600685119629,-1.811600685119629,0.0001427916140528,0.0547378659248352,0,online_student,0,1,6,buyer_pca_synchronized_indices,mean_seller_phi_by_buyer_membership,reuse_buyer_package_membership,832,6,6,832,28000,1000,1.0360314846038818,top_quantile,0.0,,,,5.0,26.0,12.0,4.0,1,ours_student_pkg_ctpt,,,,,,,,,,,,,,,,,,,,,,,,,,,,,,good_count,23.0,,,6,42,1.0
hatespeech,uncertainty_badge,ours_sample_package_krr,142,48,28,0.5833333333333334,2.1556246280670166,-2.1556246280670166,0.0001521967351436,0.0694802328944206,0,online_student,0,1,6,buyer_pca_synchronized_indices,mean_seller_phi_by_buyer_membership,reuse_buyer_package_membership,832,6,6,832,28000,1000,1.0360314846038818,top_quantile,0.0,,,,,12.0,12.0,24.0,1,ours_student_pkg_ctpt,,,,,,,,,,,,,,,,,,,,,,,,,,,,,,good_count,28.0,,,6,42,
hatespeech,cosine,ours_sample_package_krr,142,48,30,0.625,1.835872292518616,-1.835872292518616,0.0001297295093536,0.0634319558739662,0,online_student,0,1,6,buyer_pca_synchronized_indices,mean_seller_phi_by_buyer_membership,reuse_buyer_package_membership,832,6,6,832,28000,1000,1.0360314846038818,top_quantile,0.0,,,,,13.0,13.0,8.0,1,ours_student_pkg_ctpt,,,,,,,,,,,,,,,,,,,,,,,,,,,,,,good_count,30.0,14.0,,6,42,
hatespeech,all_average,ours_sample_package_krr,142,48,23,0.4791666666666667,0.1859563440084457,-0.1859563440084457,5.845228952239268e-05,0.0073224883526563,0,online_student,0,1,6,buyer_pca_synchronized_indices,mean_seller_phi_by_buyer_membership,reuse_buyer_package_membership,832,6,6,832,28000,1000,1.0360314846038818,top_quantile,0.0,,,,4.0,10.0,14.0,11.0,1,ours_student_pkg_ctpt,,,,,,,,,,,,,,,,,,,,,,,,,,,,,,good_count,23.0,5.0,,6,42,4.0
mscoco,noise,ours_sample_package_krr,242,48,29,0.6041666666666666,2.4391770362854004,-2.4391770362854004,0.0001378034503431,0.0045121684670448,0,online_student,0,1,6,buyer_pca_synchronized_indices,mean_seller_phi_by_buyer_membership,reuse_buyer_package_membership,832,6,6,832,28000,1000,1.1260383129119873,top_quantile,0.0,,,,1.0,10.0,12.0,7.0,1,ours_student_pkg_ctpt,,,,,,,,,,,,,,,,,,,,,,,,,,,,,,good_count,29.0,,,6,42,18.0
mscoco,coreset_far_wrong,ours_sample_package_krr,242,48,28,0.5833333333333334,2.6477651596069336,-2.6477651596069336,0.0001492177398176,0.0047777853906154,0,online_student,0,1,6,buyer_pca_synchronized_indices,mean_seller_phi_by_buyer_membership,reuse_buyer_package_membership,832,6,6,832,28000,1000,1.1260383129119873,top_quantile,0.0,,,,17.0,9.0,12.0,8.0,1,ours_student_pkg_ctpt,,,,,,,,,,,,,,,,,,,,,,,,,,,,,,good_count,28.0,,,6,42,2.0
mscoco,typiclust_dense,ours_sample_package_krr,242,48,27,0.5625,2.952453374862671,-2.952453374862671,0.0001619135291548,0.0053624100983142,0,online_student,0,1,6,buyer_pca_synchronized_indices,mean_seller_phi_by_buyer_membership,reuse_buyer_package_membership,832,6,6,832,28000,1000,1.1260383129119873,top_quantile,0.0,,,,1.0,6.0,24.0,8.0,1,ours_student_pkg_ctpt,,,,,,,,,,,,,,,,,,,,,,,,,,,,,,good_count,27.0,4.0,5.0,6,42,
mscoco,kmeans_center,ours_sample_package_krr,242,48,35,0.7291666666666666,3.542231559753418,-3.542231559753418,0.0001980190427275,0.0059239887632429,0,online_student,0,1,6,buyer_pca_synchronized_indices,mean_seller_phi_by_buyer_membership,reuse_buyer_package_membership,832,6,6,832,28000,1000,1.1260383129119873,top_quantile,0.0,,,,3.0,21.0,10.0,9.0,1,ours_student_pkg_ctpt,,,,,,,,,,,,,,,,,,,,,,,,,,,,,,good_count,35.0,3.0,2.0,6,42,
mscoco,uncertainty_badge,ours_sample_package_krr,242,48,24,0.5,2.3327131271362305,-2.3327131271362305,0.0001457879989175,0.0036938150878995,0,online_student,0,1,6,buyer_pca_synchronized_indices,mean_seller_phi_by_buyer_membership,reuse_buyer_package_membership,832,6,6,832,28000,1000,1.1260383129119873,top_quantile,0.0,,,,3.0,10.0,11.0,23.0,1,ours_student_pkg_ctpt,,,,,,,,,,,,,,,,,,,,,,,,,,,,,,good_count,24.0,1.0,,6,42,
mscoco,cosine,ours_sample_package_krr,242,48,25,0.5208333333333334,2.539079189300537,-2.539079189300537,0.000157764807227,0.0039227795787155,0,online_student,0,1,6,buyer_pca_synchronized_indices,mean_seller_phi_by_buyer_membership,reuse_buyer_package_membership,832,6,6,832,28000,1000,1.1260383129119873,top_quantile,0.0,,,,1.0,8.0,11.0,8.0,1,ours_student_pkg_ctpt,,,,,,,,,,,,,,,,,,,,,,,,,,,,,,good_count,25.0,20.0,,6,42,
mscoco,all_average,ours_sample_package_krr,242,48,25,0.5208333333333334,1.079387068748474,-1.079387068748474,4.93203588121105e-05,0.0034763796720653,0,online_student,0,1,6,buyer_pca_synchronized_indices,mean_seller_phi_by_buyer_membership,reuse_buyer_package_membership,832,6,6,832,28000,1000,1.1260383129119873,top_quantile,0.0,,,,2.0,8.0,9.0,13.0,1,ours_student_pkg_ctpt,,,,,,,,,,,,,,,,,,,,,,,,,,,,,,good_count,25.0,9.0,,6,42,7.0
hateful_memes,noise,ours_sample_package_krr,43,48,9,0.1875,-0.2197675853967666,0.2197675853967666,-1.3671815395355225e-05,0.0054011126048862,1,online_student,0,1,6,buyer_pca_synchronized_indices,mean_seller_phi_by_buyer_membership,reuse_buyer_package_membership,832,6,6,832,28000,1000,1.0231167078018188,top_quantile,0.0,,,,7.0,3.0,3.0,9.0,1,ours_student_pkg_ctpt,,,,,,,,,,,,,,,,,,,,,,,,,,,,,,good_count,9.0,,,6,43,26.0
hateful_memes,coreset_far_wrong,ours_sample_package_krr,43,48,14,0.2916666666666667,0.4098811149597168,-0.4098811149597168,-1.16427736429614e-05,0.0276499520987272,0,online_student,0,1,6,buyer_pca_synchronized_indices,mean_seller_phi_by_buyer_membership,reuse_buyer_package_membership,832,6,6,832,28000,1000,1.0231167078018188,top_quantile,0.0,,,,23.0,5.0,6.0,6.0,1,ours_student_pkg_ctpt,,,,,,,,,,,,,,,,,,,,,,,,,,,,,,good_count,14.0,,,6,43,8.0
hateful_memes,typiclust_dense,ours_sample_package_krr,43,48,13,0.2708333333333333,0.4946011006832123,-0.4946011006832123,6.698817014694214e-05,0.0091229416429996,0,online_student,0,1,6,buyer_pca_synchronized_indices,mean_seller_phi_by_buyer_membership,reuse_buyer_package_membership,832,6,6,832,28000,1000,1.0231167078018188,top_quantile,0.0,,,,,10.0,31.0,3.0,1,ours_student_pkg_ctpt,,,,,,,,,,,,,,,,,,,,,,,,,,,,,,good_count,13.0,4.0,,6,43,
hateful_memes,kmeans_center,ours_sample_package_krr,43,48,9,0.1875,0.2177254110574722,-0.2177254110574722,3.9458274841308594e-05,0.0066553521901369,1,online_student,0,1,6,buyer_pca_synchronized_indices,mean_seller_phi_by_buyer_membership,reuse_buyer_package_membership,832,6,6,832,28000,1000,1.0231167078018188,top_quantile,0.0,,,,2.0,33.0,9.0,3.0,1,ours_student_pkg_ctpt,,,,,,,,,,,,,,,,,,,,,,,,,,,,,,good_count,9.0,,,6,43,1.0
hateful_memes,uncertainty_badge,ours_sample_package_krr,43,48,17,0.3541666666666667,1.1925339698791504,-1.1925339698791504,0.0001119561493396,0.0220520887523889,0,online_student,0,1,6,buyer_pca_synchronized_indices,mean_seller_phi_by_buyer_membership,reuse_buyer_package_membership,832,6,6,832,28000,1000,1.0231167078018188,top_quantile,0.0,,,,5.0,6.0,7.0,30.0,1,ours_student_pkg_ctpt,,,,,,,,,,,,,,,,,,,,,,,,,,,,,,good_count,17.0,,,6,43,
hateful_memes,cosine,ours_sample_package_krr,43,48,23,0.4791666666666667,1.5805797576904297,-1.5805797576904297,0.0001384243369102,0.0288378950208425,0,online_student,0,1,6,buyer_pca_synchronized_indices,mean_seller_phi_by_buyer_membership,reuse_buyer_package_membership,832,6,6,832,28000,1000,1.0231167078018188,top_quantile,0.0,,,,,10.0,12.0,5.0,1,ours_student_pkg_ctpt,,,,,,,,,,,,,,,,,,,,,,,,,,,,,,good_count,23.0,21.0,,6,43,
hateful_memes,all_average,ours_sample_package_krr,43,48,12,0.25,-0.5294244885444641,0.5294244885444641,-1.132736633735476e-05,-0.0064586657099425,0,online_student,0,1,6,buyer_pca_synchronized_indices,mean_seller_phi_by_buyer_membership,reuse_buyer_package_membership,832,6,6,832,28000,1000,1.0231167078018188,top_quantile,0.0,,,,4.0,11.0,11.0,7.0,1,ours_student_pkg_ctpt,,,,,,,,,,,,,,,,,,,,,,,,,,,,,,good_count,12.0,7.0,,6,43,8.0
hatespeech,noise,ours_sample_package_krr,143,48,31,0.6458333333333334,1.4287079572677612,-1.4287079572677612,0.0003734727797564,0.062631607055664,0,online_student,0,1,6,buyer_pca_synchronized_indices,mean_seller_phi_by_buyer_membership,reuse_buyer_package_membership,832,6,6,832,28000,1000,0.924261748790741,top_quantile,0.0,,,,2.0,11.0,12.0,10.0,1,ours_student_pkg_ctpt,,,,,,,,,,,,,,,,,,,,,,,,,,,,,,good_count,31.0,,,6,43,13.0
hatespeech,coreset_far_wrong,ours_sample_package_krr,143,48,25,0.5208333333333334,1.7642561197280884,-1.7642561197280884,0.0004984326660633,0.0628592446446418,0,online_student,0,1,6,buyer_pca_synchronized_indices,mean_seller_phi_by_buyer_membership,reuse_buyer_package_membership,832,6,6,832,28000,1000,0.924261748790741,top_quantile,0.0,,,,17.0,8.0,9.0,10.0,1,ours_student_pkg_ctpt,,,,,,,,,,,,,,,,,,,,,,,,,,,,,,good_count,25.0,,,6,43,4.0
hatespeech,typiclust_dense,ours_sample_package_krr,143,48,17,0.3541666666666667,1.2197694778442385,-1.2197694778442385,0.0003558745083864,0.0527489744126796,0,online_student,0,1,6,buyer_pca_synchronized_indices,mean_seller_phi_by_buyer_membership,reuse_buyer_package_membership,832,6,6,832,28000,1000,0.924261748790741,top_quantile,0.0,,,,,13.0,22.0,6.0,1,ours_student_pkg_ctpt,,,,,,,,,,,,,,,,,,,,,,,,,,,,,,good_count,17.0,7.0,,6,43,
hatespeech,kmeans_center,ours_sample_package_krr,143,48,15,0.3125,0.9997462630271912,-0.9997462630271912,0.0003337810339871,0.0429182201623916,0,online_student,0,1,6,buyer_pca_synchronized_indices,mean_seller_phi_by_buyer_membership,reuse_buyer_package_membership,832,6,6,832,28000,1000,0.924261748790741,top_quantile,0.0,,,,5.0,27.0,10.0,6.0,1,ours_student_pkg_ctpt,,,,,,,,,,,,,,,,,,,,,,,,,,,,,,good_count,15.0,,,6,43,
hatespeech,uncertainty_badge,ours_sample_package_krr,143,48,23,0.4791666666666667,1.6506881713867188,-1.6506881713867188,0.0004645027220249,0.0614291876554489,0,online_student,0,1,6,buyer_pca_synchronized_indices,mean_seller_phi_by_buyer_membership,reuse_buyer_package_membership,832,6,6,832,28000,1000,0.924261748790741,top_quantile,0.0,,,,,9.0,11.0,26.0,1,ours_student_pkg_ctpt,,,,,,,,,,,,,,,,,,,,,,,,,,,,,,good_count,23.0,2.0,,6,43,
hatespeech,cosine,ours_sample_package_krr,143,48,26,0.5416666666666666,1.4904340505599976,-1.4904340505599976,0.000517550855875,0.0430836267769336,0,online_student,0,1,6,buyer_pca_synchronized_indices,mean_seller_phi_by_buyer_membership,reuse_buyer_package_membership,832,6,6,832,28000,1000,0.924261748790741,top_quantile,0.0,,,,,10.0,13.0,8.0,1,ours_student_pkg_ctpt,,,,,,,,,,,,,,,,,,,,,,,,,,,,,,good_count,26.0,17.0,,6,43,
hatespeech,all_average,ours_sample_package_krr,143,48,11,0.2291666666666666,-1.5999547243118286,1.5999547243118286,-0.0001558326184749,-0.0362607575953006,0,online_student,0,1,6,buyer_pca_synchronized_indices,mean_seller_phi_by_buyer_membership,reuse_buyer_package_membership,832,6,6,832,28000,1000,0.924261748790741,top_quantile,0.0,,,,4.0,10.0,11.0,13.0,1,ours_student_pkg_ctpt,,,,,,,,,,,,,,,,,,,,,,,,,,,,,,good_count,11.0,7.0,,6,43,3.0
mscoco,noise,ours_sample_package_krr,243,48,29,0.6041666666666666,1.4578291177749634,-1.4578291177749634,2.336998841201421e-05,0.0031129803974181,0,online_student,0,1,6,buyer_pca_synchronized_indices,mean_seller_phi_by_buyer_membership,reuse_buyer_package_membership,832,6,6,832,28000,1000,1.1473939418792725,top_quantile,0.0,,,,2.0,12.0,10.0,8.0,1,ours_student_pkg_ctpt,,,,,,,,,,,,,,,,,,,,,,,,,,,,,,good_count,29.0,,,6,43,16.0
mscoco,coreset_far_wrong,ours_sample_package_krr,243,48,25,0.5208333333333334,2.094916582107544,-2.094916582107544,3.874550384352915e-05,0.0037202201783657,0,online_student,0,1,6,buyer_pca_synchronized_indices,mean_seller_phi_by_buyer_membership,reuse_buyer_package_membership,832,6,6,832,28000,1000,1.1473939418792725,top_quantile,0.0,,,,19.0,10.0,8.0,7.0,1,ours_student_pkg_ctpt,,,,,,,,,,,,,,,,,,,,,,,,,,,,,,good_count,25.0,,,6,43,4.0
mscoco,typiclust_dense,ours_sample_package_krr,243,48,30,0.625,3.4940130710601807,-3.4940130710601807,8.184338366845623e-05,0.004060975741595,0,online_student,0,1,6,buyer_pca_synchronized_indices,mean_seller_phi_by_buyer_membership,reuse_buyer_package_membership,832,6,6,832,28000,1000,1.1473939418792725,top_quantile,0.0,,,,,10.0,28.0,9.0,1,ours_student_pkg_ctpt,,,,,,,,,,,,,,,,,,,,,,,,,,,,,,good_count,30.0,1.0,,6,43,
mscoco,kmeans_center,ours_sample_package_krr,243,48,30,0.625,3.070039987564087,-3.070039987564087,7.288157939910889e-05,0.0035217150580137,0,online_student,0,1,6,buyer_pca_synchronized_indices,mean_seller_phi_by_buyer_membership,reuse_buyer_package_membership,832,6,6,832,28000,1000,1.1473939418792725,top_quantile,0.0,,,,1.0,23.0,14.0,10.0,1,ours_student_pkg_ctpt,,,,,,,,,,,,,,,,,,,,,,,,,,,,,,good_count,30.0,,,6,43,
mscoco,uncertainty_badge,ours_sample_package_krr,243,48,28,0.5833333333333334,3.265373945236206,-3.265373945236206,7.372846448561177e-05,0.0041193249635398,0,online_student,0,1,6,buyer_pca_synchronized_indices,mean_seller_phi_by_buyer_membership,reuse_buyer_package_membership,832,6,6,832,28000,1000,1.1473939418792725,top_quantile,0.0,,,,2.0,10.0,13.0,22.0,1,ours_student_pkg_ctpt,,,,,,,,,,,,,,,,,,,,,,,,,,,,,,good_count,28.0,1.0,,6,43,
mscoco,cosine,ours_sample_package_krr,243,48,26,0.5416666666666666,2.638603925704956,-2.638603925704956,6.029754877090454e-05,0.003341531381011,0,online_student,0,1,6,buyer_pca_synchronized_indices,mean_seller_phi_by_buyer_membership,reuse_buyer_package_membership,832,6,6,832,28000,1000,1.1473939418792725,top_quantile,0.0,,,,,11.0,13.0,8.0,1,ours_student_pkg_ctpt,,,,,,,,,,,,,,,,,,,,,,,,,,,,,,good_count,26.0,16.0,,6,43,
mscoco,all_average,ours_sample_package_krr,243,48,31,0.6458333333333334,2.183429956436157,-2.183429956436157,4.257882756064646e-05,0.0036240343470126,0,online_student,0,1,6,buyer_pca_synchronized_indices,mean_seller_phi_by_buyer_membership,reuse_buyer_package_membership,832,6,6,832,28000,1000,1.1473939418792725,top_quantile,0.0,,,,3.0,13.0,14.0,9.0,1,ours_student_pkg_ctpt,,,,,,,,,,,,,,,,,,,,,,,,,,,,,,good_count,31.0,3.0,,6,43,6.0
hateful_memes,noise,ours_sample_package_krr,44,48,15,0.3125,0.746239185333252,-0.746239185333252,0.0001258626580238,0.0101705426350235,0,online_student,0,1,6,buyer_pca_synchronized_indices,mean_seller_phi_by_buyer_membership,reuse_buyer_package_membership,832,6,6,832,28000,1000,1.0172555446624756,top_quantile,0.0,,,,2.0,7.0,5.0,3.0,1,ours_student_pkg_ctpt,,,,,,,,,,,,,,,,,,,,,,,,,,,,,,good_count,15.0,,,6,44,31.0
hateful_memes,coreset_far_wrong,ours_sample_package_krr,44,48,14,0.2916666666666667,0.9738219380378724,-0.9738219380378724,0.0001126167699112,0.0177085679024457,0,online_student,0,1,6,buyer_pca_synchronized_indices,mean_seller_phi_by_buyer_membership,reuse_buyer_package_membership,832,6,6,832,28000,1000,1.0172555446624756,top_quantile,0.0,,,,32.0,5.0,5.0,4.0,1,ours_student_pkg_ctpt,,,,,,,,,,,,,,,,,,,,,,,,,,,,,,good_count,14.0,,,6,44,2.0
hateful_memes,typiclust_dense,ours_sample_package_krr,44,48,20,0.4166666666666667,1.1991275548934937,-1.1991275548934937,0.0002057837991742,0.0128277605399489,0,online_student,0,1,6,buyer_pca_synchronized_indices,mean_seller_phi_by_buyer_membership,reuse_buyer_package_membership,832,6,6,832,28000,1000,1.0172555446624756,top_quantile,0.0,,,,,9.0,29.0,7.0,1,ours_student_pkg_ctpt,,,,,,,,,,,,,,,,,,,,,,,,,,,,,,good_count,20.0,3.0,,6,44,
hateful_memes,kmeans_center,ours_sample_package_krr,44,48,20,0.4166666666666667,1.1936559677124023,-1.1936559677124023,0.0002078128309221,0.0124478628858923,0,online_student,0,1,6,buyer_pca_synchronized_indices,mean_seller_phi_by_buyer_membership,reuse_buyer_package_membership,832,6,6,832,28000,1000,1.0172555446624756,top_quantile,0.0,,,,3.0,28.0,11.0,6.0,1,ours_student_pkg_ctpt,,,,,,,,,,,,,,,,,,,,,,,,,,,,,,good_count,20.0,,,6,44,
hateful_memes,uncertainty_badge,ours_sample_package_krr,44,48,18,0.375,1.0614842176437378,-1.0614842176437378,0.000229250639677,0.006473699118942,0,online_student,0,1,6,buyer_pca_synchronized_indices,mean_seller_phi_by_buyer_membership,reuse_buyer_package_membership,832,6,6,832,28000,1000,1.0172555446624756,top_quantile,0.0,,,,4.0,7.0,5.0,30.0,1,ours_student_pkg_ctpt,,,,,,,,,,,,,,,,,,,,,,,,,,,,,,good_count,18.0,2.0,,6,44,
hateful_memes,cosine,ours_sample_package_krr,44,48,23,0.4791666666666667,0.9518619179725648,-0.9518619179725648,0.0001541090459795,0.0123107321560382,0,online_student,0,1,6,buyer_pca_synchronized_indices,mean_seller_phi_by_buyer_membership,reuse_buyer_package_membership,832,6,6,832,28000,1000,1.0172555446624756,top_quantile,0.0,,,,,7.0,14.0,8.0,1,ours_student_pkg_ctpt,,,,,,,,,,,,,,,,,,,,,,,,,,,,,,good_count,23.0,19.0,,6,44,
hateful_memes,all_average,ours_sample_package_krr,44,48,16,0.3333333333333333,-0.8616177439689636,0.8616177439689636,-5.716582018067129e-05,-0.0109596149995923,0,online_student,0,1,6,buyer_pca_synchronized_indices,mean_seller_phi_by_buyer_membership,reuse_buyer_package_membership,832,6,6,832,28000,1000,1.0172555446624756,top_quantile,0.0,,,,5.0,12.0,14.0,10.0,1,ours_student_pkg_ctpt,,,,,,,,,,,,,,,,,,,,,,,,,,,,,,good_count,16.0,4.0,,6,44,3.0
hatespeech,noise,ours_sample_package_krr,144,48,28,0.5833333333333334,1.3661317825317385,-1.3661317825317385,0.0001375141291646,0.0638077482581138,0,online_student,0,1,6,buyer_pca_synchronized_indices,mean_seller_phi_by_buyer_membership,reuse_buyer_package_membership,832,6,6,832,28000,1000,1.1208701133728027,top_quantile,0.0,,,,,10.0,10.0,10.0,1,ours_student_pkg_ctpt,,,,,,,,,,,,,,,,,,,,,,,,,,,,,,good_count,28.0,,,6,44,18.0
hatespeech,coreset_far_wrong,ours_sample_package_krr,144,48,28,0.5833333333333334,1.5956381559371948,-1.5956381559371948,0.0001599465758772,0.0688032135367393,0,online_student,0,1,6,buyer_pca_synchronized_indices,mean_seller_phi_by_buyer_membership,reuse_buyer_package_membership,832,6,6,832,28000,1000,1.1208701133728027,top_quantile,0.0,,,,15.0,10.0,12.0,7.0,1,ours_student_pkg_ctpt,,,,,,,,,,,,,,,,,,,,,,,,,,,,,,good_count,28.0,,,6,44,4.0
hatespeech,typiclust_dense,ours_sample_package_krr,144,48,20,0.4166666666666667,1.932679533958435,-1.932679533958435,0.0002070193440886,0.0708626434206962,0,online_student,0,1,6,buyer_pca_synchronized_indices,mean_seller_phi_by_buyer_membership,reuse_buyer_package_membership,832,6,6,832,28000,1000,1.1208701133728027,top_quantile,0.0,,,,,9.0,28.0,6.0,1,ours_student_pkg_ctpt,,,,,,,,,,,,,,,,,,,,,,,,,,,,,,good_count,20.0,5.0,,6,44,
hatespeech,kmeans_center,ours_sample_package_krr,144,48,24,0.5,2.2099921703338623,-2.2099921703338623,0.0002570611832197,0.0683330371975898,0,online_student,0,1,6,buyer_pca_synchronized_indices,mean_seller_phi_by_buyer_membership,reuse_buyer_package_membership,832,6,6,832,28000,1000,1.1208701133728027,top_quantile,0.0,,,,2.0,28.0,11.0,7.0,1,ours_student_pkg_ctpt,,,,,,,,,,,,,,,,,,,,,,,,,,,,,,good_count,24.0,,,6,44,
hatespeech,uncertainty_badge,ours_sample_package_krr,144,48,28,0.5833333333333334,1.9901567697525024,-1.9901567697525024,0.0002328902482986,0.0645502880215644,0,online_student,0,1,6,buyer_pca_synchronized_indices,mean_seller_phi_by_buyer_membership,reuse_buyer_package_membership,832,6,6,832,28000,1000,1.1208701133728027,top_quantile,0.0,,,,2.0,12.0,11.0,23.0,1,ours_student_pkg_ctpt,,,,,,,,,,,,,,,,,,,,,,,,,,,,,,good_count,28.0,,,6,44,
hatespeech,cosine,ours_sample_package_krr,144,48,24,0.5,1.024421453475952,-1.024421453475952,0.0001703749148873,0.0316253118216991,0,online_student,0,1,6,buyer_pca_synchronized_indices,mean_seller_phi_by_buyer_membership,reuse_buyer_package_membership,832,6,6,832,28000,1000,1.1208701133728027,top_quantile,0.0,,,,,9.0,17.0,7.0,1,ours_student_pkg_ctpt,,,,,,,,,,,,,,,,,,,,,,,,,,,,,,good_count,24.0,14.0,,6,44,1.0
hatespeech,all_average,ours_sample_package_krr,144,48,27,0.5625,0.5787299275398254,-0.5787299275398254,0.0001156143844127,0.0261060614138841,0,online_student,0,1,6,buyer_pca_synchronized_indices,mean_seller_phi_by_buyer_membership,reuse_buyer_package_membership,832,6,6,832,28000,1000,1.1208701133728027,top_quantile,0.0,,,,4.0,13.0,10.0,14.0,1,ours_student_pkg_ctpt,,,,,,,,,,,,,,,,,,,,,,,,,,,,,,good_count,27.0,3.0,,6,44,4.0
mscoco,noise,ours_sample_package_krr,244,48,34,0.7083333333333334,2.819708824157715,-2.819708824157715,1.5012919902801514e-06,0.0039948089979588,0,online_student,0,1,6,buyer_pca_synchronized_indices,mean_seller_phi_by_buyer_membership,reuse_buyer_package_membership,832,6,6,832,28000,1000,0.96003395318985,top_quantile,0.0,,,,4.0,3.0,1.0,6.0,1,ours_student_pkg_ctpt,,,,,,,,,,,,,,,,,,,,,,,,,,,,,,good_count,34.0,12.0,10.0,6,44,12.0
mscoco,coreset_far_wrong,ours_sample_package_krr,244,48,33,0.6875,2.63983154296875,-2.63983154296875,1.1498729008962982e-06,0.0044162315316498,0,online_student,0,1,6,buyer_pca_synchronized_indices,mean_seller_phi_by_buyer_membership,reuse_buyer_package_membership,832,6,6,832,28000,1000,0.96003395318985,top_quantile,0.0,,,,15.0,1.0,1.0,4.0,1,ours_student_pkg_ctpt,,,,,,,,,,,,,,,,,,,,,,,,,,,,,,good_count,33.0,11.0,16.0,6,44,
mscoco,typiclust_dense,ours_sample_package_krr,244,48,29,0.6041666666666666,2.6490986347198486,-2.6490986347198486,1.5360614042947418e-06,0.0034902589395642,0,online_student,0,1,6,buyer_pca_synchronized_indices,mean_seller_phi_by_buyer_membership,reuse_buyer_package_membership,832,6,6,832,28000,1000,0.96003395318985,top_quantile,0.0,,,,3.0,,17.0,1.0,1,ours_student_pkg_ctpt,,,,,,,,,,,,,,,,,,,,,,,,,,,,,,good_count,29.0,13.0,13.0,6,44,1.0
mscoco,kmeans_center,ours_sample_package_krr,244,48,26,0.5416666666666666,1.8801473379135127,-1.8801473379135127,5.414088377619919e-07,0.0040447325445711,0,online_student,0,1,6,buyer_pca_synchronized_indices,mean_seller_phi_by_buyer_membership,reuse_buyer_package_membership,832,6,6,832,28000,1000,0.96003395318985,top_quantile,0.0,,,,7.0,17.0,1.0,,1,ours_student_pkg_ctpt,,,,,,,,,,,,,,,,,,,,,,,,,,,,,,good_count,26.0,9.0,13.0,6,44,1.0
mscoco,uncertainty_badge,ours_sample_package_krr,244,48,38,0.7916666666666666,2.9073054790496826,-2.9073054790496826,1.3522803783416748e-06,0.0045760781504213,0,online_student,0,1,6,buyer_pca_synchronized_indices,mean_seller_phi_by_buyer_membership,reuse_buyer_package_membership,832,6,6,832,28000,1000,0.96003395318985,top_quantile,0.0,,,,1.0,2.0,1.0,16.0,1,ours_student_pkg_ctpt,,,,,,,,,,,,,,,,,,,,,,,,,,,,,,good_count,38.0,12.0,16.0,6,44,
mscoco,cosine,ours_sample_package_krr,244,48,26,0.5416666666666666,2.366011381149292,-2.366011381149292,1.0405977945993072e-06,0.0040119984187185,0,online_student,0,1,6,buyer_pca_synchronized_indices,mean_seller_phi_by_buyer_membership,reuse_buyer_package_membership,832,6,6,832,28000,1000,0.96003395318985,top_quantile,0.0,,,,2.0,1.0,3.0,4.0,1,ours_student_pkg_ctpt,,,,,,,,,,,,,,,,,,,,,,,,,,,,,,good_count,26.0,27.0,9.0,6,44,2.0
mscoco,all_average,ours_sample_package_krr,244,48,35,0.7291666666666666,2.0984411239624023,-2.0984411239624023,8.009374141693115e-07,0.0039434321224689,0,online_student,0,1,6,buyer_pca_synchronized_indices,mean_seller_phi_by_buyer_membership,reuse_buyer_package_membership,832,6,6,832,28000,1000,0.96003395318985,top_quantile,0.0,,,,5.0,3.0,4.0,6.0,1,ours_student_pkg_ctpt,,,,,,,,,,,,,,,,,,,,,,,,,,,,,,good_count,35.0,11.0,13.0,6,44,6.0
hateful_memes,noise,ours_sample_package_krr,42,48,17,0.3541666666666667,0.7143012881278992,-0.7143012881278992,5.690877515007742e-05,0.0130212036892771,0,online_student,0,1,8,buyer_pca_synchronized_indices,mean_seller_phi_by_buyer_membership,reuse_buyer_package_membership,624,8,8,624,28000,1000,0.9174745082855223,top_quantile,0.0,,,,5.0,6.0,6.0,9.0,1,ours_student_pkg_ctpt,,,,,,,,,,,,,,,,,,,,,,,,,,,,,,good_count,17.0,,,8,42,22.0
hateful_memes,coreset_far_wrong,ours_sample_package_krr,42,48,13,0.2708333333333333,0.6720700860023499,-0.6720700860023499,8.025765419006348e-05,0.0074521787464618,0,online_student,0,1,8,buyer_pca_synchronized_indices,mean_seller_phi_by_buyer_membership,reuse_buyer_package_membership,624,8,8,624,28000,1000,0.9174745082855223,top_quantile,0.0,,,,31.0,6.0,4.0,6.0,1,ours_student_pkg_ctpt,,,,,,,,,,,,,,,,,,,,,,,,,,,,,,good_count,13.0,,,8,42,1.0
hateful_memes,typiclust_dense,ours_sample_package_krr,42,48,16,0.3333333333333333,0.864501416683197,-0.864501416683197,9.037181735038756e-05,0.0105559825897216,0,online_student,0,1,8,buyer_pca_synchronized_indices,mean_seller_phi_by_buyer_membership,reuse_buyer_package_membership,624,8,8,624,28000,1000,0.9174745082855223,top_quantile,0.0,,,,,10.0,32.0,4.0,1,ours_student_pkg_ctpt,,,,,,,,,,,,,,,,,,,,,,,,,,,,,,good_count,16.0,2.0,,8,42,
hateful_memes,kmeans_center,ours_sample_package_krr,42,48,16,0.3333333333333333,0.2254568189382553,-0.2254568189382553,5.841876190970652e-05,-6.400421261787415e-05,0,online_student,0,1,8,buyer_pca_synchronized_indices,mean_seller_phi_by_buyer_membership,reuse_buyer_package_membership,624,8,8,624,28000,1000,0.9174745082855223,top_quantile,0.0,,,,6.0,27.0,9.0,4.0,1,ours_student_pkg_ctpt,,,,,,,,,,,,,,,,,,,,,,,,,,,,,,good_count,16.0,1.0,1.0,8,42,
hateful_memes,uncertainty_badge,ours_sample_package_krr,42,48,13,0.2708333333333333,1.419180989265442,-1.419180989265442,0.0001015936359181,0.0229306668043136,0,online_student,0,1,8,buyer_pca_synchronized_indices,mean_seller_phi_by_buyer_membership,reuse_buyer_package_membership,624,8,8,624,28000,1000,0.9174745082855223,top_quantile,0.0,,,,1.0,5.0,5.0,35.0,1,ours_student_pkg_ctpt,,,,,,,,,,,,,,,,,,,,,,,,,,,,,,good_count,13.0,2.0,,8,42,
hateful_memes,cosine,ours_sample_package_krr,42,48,21,0.4375,0.8335005640983582,-0.8335005640983582,9.763737762114032e-05,0.0083555364981293,0,online_student,0,1,8,buyer_pca_synchronized_indices,mean_seller_phi_by_buyer_membership,reuse_buyer_package_membership,624,8,8,624,28000,1000,0.9174745082855223,top_quantile,0.0,,,,1.0,7.0,12.0,7.0,1,ours_student_pkg_ctpt,,,,,,,,,,,,,,,,,,,,,,,,,,,,,,good_count,21.0,20.0,,8,42,1.0
hateful_memes,all_average,ours_sample_package_krr,42,48,21,0.4375,0.4424832761287689,-0.4424832761287689,3.531451147864573e-05,0.0100338952615857,0,online_student,0,1,8,buyer_pca_synchronized_indices,mean_seller_phi_by_buyer_membership,reuse_buyer_package_membership,624,8,8,624,28000,1000,0.9174745082855223,top_quantile,0.0,,,,3.0,12.0,11.0,9.0,1,ours_student_pkg_ctpt,,,,,,,,,,,,,,,,,,,,,,,,,,,,,,good_count,21.0,6.0,,8,42,7.0
hatespeech,noise,ours_sample_package_krr,142,48,26,0.5416666666666666,0.4619785249233246,-0.4619785249233246,-1.3830761417921169e-05,0.0636666417121887,0,online_student,0,1,8,buyer_pca_synchronized_indices,mean_seller_phi_by_buyer_membership,reuse_buyer_package_membership,624,8,8,624,28000,1000,1.0360314846038818,top_quantile,0.0,,,,1.0,12.0,12.0,3.0,1,ours_student_pkg_ctpt,,,,,,,,,,,,,,,,,,,,,,,,,,,,,,good_count,26.0,,,8,42,20.0
hatespeech,coreset_far_wrong,ours_sample_package_krr,142,48,27,0.5625,1.5038939714431765,-1.5038939714431765,8.714696014067158e-05,0.0678904578089714,0,online_student,0,1,8,buyer_pca_synchronized_indices,mean_seller_phi_by_buyer_membership,reuse_buyer_package_membership,624,8,8,624,28000,1000,1.0360314846038818,top_quantile,0.0,,,,18.0,11.0,12.0,4.0,1,ours_student_pkg_ctpt,,,,,,,,,,,,,,,,,,,,,,,,,,,,,,good_count,27.0,,,8,42,3.0
hatespeech,typiclust_dense,ours_sample_package_krr,142,48,18,0.375,1.7565070390701294,-1.7565070390701294,0.0001157584265456,0.0666118264198303,0,online_student,0,1,8,buyer_pca_synchronized_indices,mean_seller_phi_by_buyer_membership,reuse_buyer_package_membership,624,8,8,624,28000,1000,1.0360314846038818,top_quantile,0.0,,,,,6.0,27.0,5.0,1,ours_student_pkg_ctpt,,,,,,,,,,,,,,,,,,,,,,,,,,,,,,good_count,18.0,10.0,,8,42,
hatespeech,kmeans_center,ours_sample_package_krr,142,48,14,0.2916666666666667,1.115820288658142,-1.115820288658142,8.994961535790935e-05,0.0437813699245452,0,online_student,0,1,8,buyer_pca_synchronized_indices,mean_seller_phi_by_buyer_membership,reuse_buyer_package_membership,624,8,8,624,28000,1000,1.0360314846038818,top_quantile,0.0,,,,8.0,28.0,8.0,3.0,1,ours_student_pkg_ctpt,,,,,,,,,,,,,,,,,,,,,,,,,,,,,,good_count,14.0,,,8,42,1.0
hatespeech,uncertainty_badge,ours_sample_package_krr,142,48,25,0.5208333333333334,1.7691818475723269,-1.7691818475723269,0.0001262985169887,0.0614706464111804,0,online_student,0,1,8,buyer_pca_synchronized_indices,mean_seller_phi_by_buyer_membership,reuse_buyer_package_membership,624,8,8,624,28000,1000,1.0360314846038818,top_quantile,0.0,,,,2.0,11.0,10.0,24.0,1,ours_student_pkg_ctpt,,,,,,,,,,,,,,,,,,,,,,,,,,,,,,good_count,25.0,1.0,,8,42,
hatespeech,cosine,ours_sample_package_krr,142,48,27,0.5625,1.354496955871582,-1.354496955871582,9.568408131599426e-05,0.0544501952826976,0,online_student,0,1,8,buyer_pca_synchronized_indices,mean_seller_phi_by_buyer_membership,reuse_buyer_package_membership,624,8,8,624,28000,1000,1.0360314846038818,top_quantile,0.0,,,,,10.0,13.0,5.0,1,ours_student_pkg_ctpt,,,,,,,,,,,,,,,,,,,,,,,,,,,,,,good_count,27.0,19.0,,8,42,1.0
hatespeech,all_average,ours_sample_package_krr,142,48,7,0.1458333333333333,-1.5822147130966189,1.5822147130966189,-4.62035350210499e-05,-0.0370441041886806,1,online_student,0,1,8,buyer_pca_synchronized_indices,mean_seller_phi_by_buyer_membership,reuse_buyer_package_membership,624,8,8,624,28000,1000,1.0360314846038818,top_quantile,0.0,,,,9.0,7.0,9.0,8.0,1,ours_student_pkg_ctpt,,,,,,,,,,,,,,,,,,,,,,,,,,,,,,good_count,7.0,10.0,,8,42,5.0
mscoco,noise,ours_sample_package_krr,242,48,27,0.5625,2.4483635425567627,-2.4483635425567627,0.0001367727963952,0.0045996760018169,0,online_student,0,1,8,buyer_pca_synchronized_indices,mean_seller_phi_by_buyer_membership,reuse_buyer_package_membership,624,8,8,624,28000,1000,1.1260383129119873,top_quantile,0.0,,,,2.0,9.0,12.0,7.0,1,ours_student_pkg_ctpt,,,,,,,,,,,,,,,,,,,,,,,,,,,,,,good_count,27.0,,,8,42,18.0
mscoco,coreset_far_wrong,ours_sample_package_krr,242,48,25,0.5208333333333334,2.1152126789093018,-2.1152126789093018,0.0001351572573184,0.003353999229148,0,online_student,0,1,8,buyer_pca_synchronized_indices,mean_seller_phi_by_buyer_membership,reuse_buyer_package_membership,624,8,8,624,28000,1000,1.1260383129119873,top_quantile,0.0,,,,16.0,8.0,11.0,9.0,1,ours_student_pkg_ctpt,,,,,,,,,,,,,,,,,,,,,,,,,,,,,,good_count,25.0,,,8,42,4.0
mscoco,typiclust_dense,ours_sample_package_krr,242,48,26,0.5416666666666666,2.5296456813812256,-2.5296456813812256,0.0001602657139301,0.0037616009358316,0,online_student,0,1,8,buyer_pca_synchronized_indices,mean_seller_phi_by_buyer_membership,reuse_buyer_package_membership,624,8,8,624,28000,1000,1.1260383129119873,top_quantile,0.0,,,,1.0,8.0,26.0,8.0,1,ours_student_pkg_ctpt,,,,,,,,,,,,,,,,,,,,,,,,,,,,,,good_count,26.0,4.0,1.0,8,42,
mscoco,kmeans_center,ours_sample_package_krr,242,48,35,0.7291666666666666,3.6529715061187744,-3.6529715061187744,0.0002432937471894,0.0041262372396886,0,online_student,0,1,8,buyer_pca_synchronized_indices,mean_seller_phi_by_buyer_membership,reuse_buyer_package_membership,624,8,8,624,28000,1000,1.1260383129119873,top_quantile,0.0,,,,3.0,21.0,12.0,10.0,1,ours_student_pkg_ctpt,,,,,,,,,,,,,,,,,,,,,,,,,,,,,,good_count,35.0,2.0,,8,42,
mscoco,uncertainty_badge,ours_sample_package_krr,242,48,26,0.5416666666666666,2.9059078693389893,-2.9059078693389893,0.000198823705432,0.0033523868769407,0,online_student,0,1,8,buyer_pca_synchronized_indices,mean_seller_phi_by_buyer_membership,reuse_buyer_package_membership,624,8,8,624,28000,1000,1.1260383129119873,top_quantile,0.0,,,,1.0,10.0,10.0,25.0,1,ours_student_pkg_ctpt,,,,,,,,,,,,,,,,,,,,,,,,,,,,,,good_count,26.0,2.0,,8,42,
mscoco,cosine,ours_sample_package_krr,242,48,29,0.6041666666666666,3.4227750301361084,-3.4227750301361084,0.0002192966639995,0.0043967342935502,0,online_student,0,1,8,buyer_pca_synchronized_indices,mean_seller_phi_by_buyer_membership,reuse_buyer_package_membership,624,8,8,624,28000,1000,1.1260383129119873,top_quantile,0.0,,,,1.0,10.0,11.0,9.0,1,ours_student_pkg_ctpt,,,,,,,,,,,,,,,,,,,,,,,,,,,,,,good_count,29.0,17.0,,8,42,
mscoco,all_average,ours_sample_package_krr,242,48,28,0.5833333333333334,1.890108108520508,-1.890108108520508,0.0001064712778315,0.0038765727076679,0,online_student,0,1,8,buyer_pca_synchronized_indices,mean_seller_phi_by_buyer_membership,reuse_buyer_package_membership,624,8,8,624,28000,1000,1.1260383129119873,top_quantile,0.0,,,,2.0,11.0,10.0,13.0,1,ours_student_pkg_ctpt,,,,,,,,,,,,,,,,,,,,,,,,,,,,,,good_count,28.0,7.0,,8,42,5.0
hateful_memes,noise,ours_sample_package_krr,43,48,15,0.3125,0.3282115459442138,-0.3282115459442138,-1.0671715244825464e-05,0.0244251508265733,0,online_student,0,1,8,buyer_pca_synchronized_indices,mean_seller_phi_by_buyer_membership,reuse_buyer_package_membership,624,8,8,624,28000,1000,1.0231167078018188,top_quantile,0.0,,,,5.0,7.0,5.0,4.0,1,ours_student_pkg_ctpt,,,,,,,,,,,,,,,,,,,,,,,,,,,,,,good_count,15.0,,,8,43,27.0
hateful_memes,coreset_far_wrong,ours_sample_package_krr,43,48,9,0.1875,0.1763642281293869,-0.1763642281293869,5.406638138083508e-06,0.0145093472674489,1,online_student,0,1,8,buyer_pca_synchronized_indices,mean_seller_phi_by_buyer_membership,reuse_buyer_package_membership,624,8,8,624,28000,1000,1.0231167078018188,top_quantile,0.0,,,,32.0,3.0,4.0,6.0,1,ours_student_pkg_ctpt,,,,,,,,,,,,,,,,,,,,,,,,,,,,,,good_count,9.0,,,8,43,3.0
hateful_memes,typiclust_dense,ours_sample_package_krr,43,48,6,0.125,-0.1132566109299659,0.1132566109299659,2.773354390228633e-05,-0.002112798159942,1,online_student,0,1,8,buyer_pca_synchronized_indices,mean_seller_phi_by_buyer_membership,reuse_buyer_package_membership,624,8,8,624,28000,1000,1.0231167078018188,top_quantile,0.0,,,,,10.0,31.0,2.0,1,ours_student_pkg_ctpt,,,,,,,,,,,,,,,,,,,,,,,,,,,,,,good_count,6.0,5.0,,8,43,
hateful_memes,kmeans_center,ours_sample_package_krr,43,48,9,0.1875,0.1620996445417404,-0.1620996445417404,4.626189547707327e-05,0.0027719873469322,1,online_student,0,1,8,buyer_pca_synchronized_indices,mean_seller_phi_by_buyer_membership,reuse_buyer_package_membership,624,8,8,624,28000,1000,1.0231167078018188,top_quantile,0.0,,,,4.0,34.0,6.0,3.0,1,ours_student_pkg_ctpt,,,,,,,,,,,,,,,,,,,,,,,,,,,,,,good_count,9.0,,,8,43,1.0
hateful_memes,uncertainty_badge,ours_sample_package_krr,43,48,7,0.1458333333333333,0.7720446586608887,-0.7720446586608887,5.382050949265249e-05,0.0227884799242019,1,online_student,0,1,8,buyer_pca_synchronized_indices,mean_seller_phi_by_buyer_membership,reuse_buyer_package_membership,624,8,8,624,28000,1000,1.0231167078018188,top_quantile,0.0,,,,4.0,3.0,3.0,34.0,1,ours_student_pkg_ctpt,,,,,,,,,,,,,,,,,,,,,,,,,,,,,,good_count,7.0,4.0,,8,43,
hateful_memes,cosine,ours_sample_package_krr,43,48,20,0.4166666666666667,1.0157321691513062,-1.0157321691513062,0.0001068773344741,0.0170431341975927,0,online_student,0,1,8,buyer_pca_synchronized_indices,mean_seller_phi_by_buyer_membership,reuse_buyer_package_membership,624,8,8,624,28000,1000,1.0231167078018188,top_quantile,0.0,,,,,7.0,11.0,6.0,1,ours_student_pkg_ctpt,,,,,,,,,,,,,,,,,,,,,,,,,,,,,,good_count,20.0,23.0,,8,43,1.0
hateful_memes,all_average,ours_sample_package_krr,43,48,15,0.3125,0.1156211569905281,-0.1156211569905281,-5.525847086573776e-07,0.0139458840712904,0,online_student,0,1,8,buyer_pca_synchronized_indices,mean_seller_phi_by_buyer_membership,reuse_buyer_package_membership,624,8,8,624,28000,1000,1.0231167078018188,top_quantile,0.0,,,,7.0,10.0,9.0,7.0,1,ours_student_pkg_ctpt,,,,,,,,,,,,,,,,,,,,,,,,,,,,,,good_count,15.0,4.0,,8,43,11.0
hatespeech,noise,ours_sample_package_krr,143,48,26,0.5416666666666666,1.4216331243515017,-1.4216331243515017,0.0003643259406089,0.0636803284287452,0,online_student,0,1,8,buyer_pca_synchronized_indices,mean_seller_phi_by_buyer_membership,reuse_buyer_package_membership,624,8,8,624,28000,1000,0.924261748790741,top_quantile,0.0,,,,1.0,9.0,9.0,8.0,1,ours_student_pkg_ctpt,,,,,,,,,,,,,,,,,,,,,,,,,,,,,,good_count,26.0,,,8,43,21.0
hatespeech,coreset_far_wrong,ours_sample_package_krr,143,48,20,0.4166666666666667,1.2979735136032104,-1.2979735136032104,0.0004132787289563,0.0482268445193767,0,online_student,0,1,8,buyer_pca_synchronized_indices,mean_seller_phi_by_buyer_membership,reuse_buyer_package_membership,624,8,8,624,28000,1000,0.924261748790741,top_quantile,0.0,,,,22.0,7.0,7.0,9.0,1,ours_student_pkg_ctpt,,,,,,,,,,,,,,,,,,,,,,,,,,,,,,good_count,20.0,,,8,43,3.0
hatespeech,typiclust_dense,ours_sample_package_krr,143,48,17,0.3541666666666667,0.6938241124153137,-0.6938241124153137,0.0002226208598585,0.0422630757093429,0,online_student,0,1,8,buyer_pca_synchronized_indices,mean_seller_phi_by_buyer_membership,reuse_buyer_package_membership,624,8,8,624,28000,1000,0.924261748790741,top_quantile,0.0,,,,,12.0,22.0,4.0,1,ours_student_pkg_ctpt,,,,,,,,,,,,,,,,,,,,,,,,,,,,,,good_count,17.0,10.0,,8,43,
hatespeech,kmeans_center,ours_sample_package_krr,143,48,19,0.3958333333333333,1.5556238889694214,-1.5556238889694214,0.0004580480454023,0.0566815882921218,0,online_student,0,1,8,buyer_pca_synchronized_indices,mean_seller_phi_by_buyer_membership,reuse_buyer_package_membership,624,8,8,624,28000,1000,0.924261748790741,top_quantile,0.0,,,,6.0,24.0,12.0,6.0,1,ours_student_pkg_ctpt,,,,,,,,,,,,,,,,,,,,,,,,,,,,,,good_count,19.0,,,8,43,
hatespeech,uncertainty_badge,ours_sample_package_krr,143,48,23,0.4791666666666667,1.6391407251358032,-1.6391407251358032,0.000449808925623,0.0631027892231941,0,online_student,0,1,8,buyer_pca_synchronized_indices,mean_seller_phi_by_buyer_membership,reuse_buyer_package_membership,624,8,8,624,28000,1000,0.924261748790741,top_quantile,0.0,,,,3.0,7.0,8.0,29.0,1,ours_student_pkg_ctpt,,,,,,,,,,,,,,,,,,,,,,,,,,,,,,good_count,23.0,1.0,,8,43,
hatespeech,cosine,ours_sample_package_krr,143,48,25,0.5208333333333334,1.545500874519348,-1.545500874519348,0.0004723096790257,0.0537576265633106,0,online_student,0,1,8,buyer_pca_synchronized_indices,mean_seller_phi_by_buyer_membership,reuse_buyer_package_membership,624,8,8,624,28000,1000,0.924261748790741,top_quantile,0.0,,,,,8.0,12.0,9.0,1,ours_student_pkg_ctpt,,,,,,,,,,,,,,,,,,,,,,,,,,,,,,good_count,25.0,19.0,,8,43,
hatespeech,all_average,ours_sample_package_krr,143,48,7,0.1458333333333333,-1.7684017419815063,1.7684017419815063,-0.0002356556506128,-0.0336098410189151,1,online_student,0,1,8,buyer_pca_synchronized_indices,mean_seller_phi_by_buyer_membership,reuse_buyer_package_membership,624,8,8,624,28000,1000,0.924261748790741,top_quantile,0.0,,,,8.0,9.0,11.0,12.0,1,ours_student_pkg_ctpt,,,,,,,,,,,,,,,,,,,,,,,,,,,,,,good_count,7.0,7.0,,8,43,1.0
mscoco,noise,ours_sample_package_krr,243,48,28,0.5833333333333334,1.3739781379699707,-1.3739781379699707,2.049406430160161e-05,0.003123725997284,0,online_student,0,1,8,buyer_pca_synchronized_indices,mean_seller_phi_by_buyer_membership,reuse_buyer_package_membership,624,8,8,624,28000,1000,1.1473939418792725,top_quantile,0.0,,,,3.0,10.0,12.0,6.0,1,ours_student_pkg_ctpt,,,,,,,,,,,,,,,,,,,,,,,,,,,,,,good_count,28.0,,,8,43,17.0
mscoco,coreset_far_wrong,ours_sample_package_krr,243,48,25,0.5208333333333334,2.177297353744507,-2.177297353744507,4.884973168373108e-05,0.0029353082645684,0,online_student,0,1,8,buyer_pca_synchronized_indices,mean_seller_phi_by_buyer_membership,reuse_buyer_package_membership,624,8,8,624,28000,1000,1.1473939418792725,top_quantile,0.0,,,,17.0,11.0,11.0,6.0,1,ours_student_pkg_ctpt,,,,,,,,,,,,,,,,,,,,,,,,,,,,,,good_count,25.0,,,8,43,3.0
mscoco,typiclust_dense,ours_sample_package_krr,243,48,27,0.5625,2.8138208389282227,-2.8138208389282227,6.153807044029236e-05,0.0038264391478151,0,online_student,0,1,8,buyer_pca_synchronized_indices,mean_seller_phi_by_buyer_membership,reuse_buyer_package_membership,624,8,8,624,28000,1000,1.1473939418792725,top_quantile,0.0,,,,,11.0,26.0,10.0,1,ours_student_pkg_ctpt,,,,,,,,,,,,,,,,,,,,,,,,,,,,,,good_count,27.0,1.0,,8,43,
mscoco,kmeans_center,ours_sample_package_krr,243,48,30,0.625,3.233832597732544,-3.233832597732544,7.582952821394429e-05,0.0037847540806978,0,online_student,0,1,8,buyer_pca_synchronized_indices,mean_seller_phi_by_buyer_membership,reuse_buyer_package_membership,624,8,8,624,28000,1000,1.1473939418792725,top_quantile,0.0,,,,1.0,24.0,11.0,12.0,1,ours_student_pkg_ctpt,,,,,,,,,,,,,,,,,,,,,,,,,,,,,,good_count,30.0,,,8,43,
mscoco,uncertainty_badge,ours_sample_package_krr,243,48,28,0.5833333333333334,2.815354585647583,-2.815354585647583,6.465489423135296e-05,0.0035002529621124,0,online_student,0,1,8,buyer_pca_synchronized_indices,mean_seller_phi_by_buyer_membership,reuse_buyer_package_membership,624,8,8,624,28000,1000,1.1473939418792725,top_quantile,0.0,,,,6.0,9.0,13.0,20.0,1,ours_student_pkg_ctpt,,,,,,,,,,,,,,,,,,,,,,,,,,,,,,good_count,28.0,,,8,43,
mscoco,cosine,ours_sample_package_krr,243,48,23,0.4791666666666667,2.0019490718841557,-2.0019490718841557,4.535168409347534e-05,0.0026901073288172,0,online_student,0,1,8,buyer_pca_synchronized_indices,mean_seller_phi_by_buyer_membership,reuse_buyer_package_membership,624,8,8,624,28000,1000,1.1473939418792725,top_quantile,0.0,,,,,9.0,15.0,6.0,1,ours_student_pkg_ctpt,,,,,,,,,,,,,,,,,,,,,,,,,,,,,,good_count,23.0,18.0,,8,43,
mscoco,all_average,ours_sample_package_krr,243,48,27,0.5625,1.541975021362305,-1.541975021362305,3.331775587867014e-05,0.0023509284947067,0,online_student,0,1,8,buyer_pca_synchronized_indices,mean_seller_phi_by_buyer_membership,reuse_buyer_package_membership,624,8,8,624,28000,1000,1.1473939418792725,top_quantile,0.0,,,,2.0,11.0,13.0,12.0,1,ours_student_pkg_ctpt,,,,,,,,,,,,,,,,,,,,,,,,,,,,,,good_count,27.0,2.0,,8,43,8.0
hateful_memes,noise,ours_sample_package_krr,44,48,10,0.2083333333333333,0.1581099182367324,-0.1581099182367324,7.850924885133281e-05,0.0001656242384342,0,online_student,0,1,8,buyer_pca_synchronized_indices,mean_seller_phi_by_buyer_membership,reuse_buyer_package_membership,624,8,8,624,28000,1000,1.0172555446624756,top_quantile,0.0,,,,5.0,3.0,4.0,9.0,1,ours_student_pkg_ctpt,,,,,,,,,,,,,,,,,,,,,,,,,,,,,,good_count,10.0,,,8,44,27.0
hateful_memes,coreset_far_wrong,ours_sample_package_krr,44,48,8,0.1666666666666666,0.1693319082260131,-0.1693319082260131,-2.0597130060195923e-05,0.0119716813787817,1,online_student,0,1,8,buyer_pca_synchronized_indices,mean_seller_phi_by_buyer_membership,reuse_buyer_package_membership,624,8,8,624,28000,1000,1.0172555446624756,top_quantile,0.0,,,,30.0,4.0,3.0,3.0,1,ours_student_pkg_ctpt,,,,,,,,,,,,,,,,,,,,,,,,,,,,,,good_count,8.0,,,8,44,8.0
hateful_memes,typiclust_dense,ours_sample_package_krr,44,48,14,0.2916666666666667,0.0658659115433693,-0.0658659115433693,6.488835060736164e-05,-0.0006842237780801,0,online_student,0,1,8,buyer_pca_synchronized_indices,mean_seller_phi_by_buyer_membership,reuse_buyer_package_membership,624,8,8,624,28000,1000,1.0172555446624756,top_quantile,0.0,,,,,9.0,26.0,5.0,1,ours_student_pkg_ctpt,,,,,,,,,,,,,,,,,,,,,,,,,,,,,,good_count,14.0,7.0,1.0,8,44,
hateful_memes,kmeans_center,ours_sample_package_krr,44,48,21,0.4375,1.6044527292251587,-1.6044527292251587,0.0002578472194727,0.0174664929509162,0,online_student,0,1,8,buyer_pca_synchronized_indices,mean_seller_phi_by_buyer_membership,reuse_buyer_package_membership,624,8,8,624,28000,1000,1.0172555446624756,top_quantile,0.0,,,,3.0,27.0,9.0,6.0,1,ours_student_pkg_ctpt,,,,,,,,,,,,,,,,,,,,,,,,,,,,,,good_count,21.0,2.0,1.0,8,44,
hateful_memes,uncertainty_badge,ours_sample_package_krr,44,48,10,0.2083333333333333,0.3508131504058838,-0.3508131504058838,6.682673847535625e-05,0.0066025666892528,0,online_student,0,1,8,buyer_pca_synchronized_indices,mean_seller_phi_by_buyer_membership,reuse_buyer_package_membership,624,8,8,624,28000,1000,1.0172555446624756,top_quantile,0.0,,,,4.0,3.0,5.0,30.0,1,ours_student_pkg_ctpt,,,,,,,,,,,,,,,,,,,,,,,,,,,,,,good_count,10.0,6.0,,8,44,
hateful_memes,cosine,ours_sample_package_krr,44,48,22,0.4583333333333333,1.3610906600952148,-1.3610906600952148,0.0002201820461777,0.0154252983629703,0,online_student,0,1,8,buyer_pca_synchronized_indices,mean_seller_phi_by_buyer_membership,reuse_buyer_package_membership,624,8,8,624,28000,1000,1.0172555446624756,top_quantile,0.0,,,,,7.0,10.0,7.0,1,ours_student_pkg_ctpt,,,,,,,,,,,,,,,,,,,,,,,,,,,,,,good_count,22.0,24.0,,8,44,
hateful_memes,all_average,ours_sample_package_krr,44,48,7,0.1458333333333333,-1.5174641609191897,1.5174641609191897,-0.0001347524375887,-0.019238444045186,1,online_student,0,1,8,buyer_pca_synchronized_indices,mean_seller_phi_by_buyer_membership,reuse_buyer_package_membership,624,8,8,624,28000,1000,1.0172555446624756,top_quantile,0.0,,,,6.0,8.0,11.0,11.0,1,ours_student_pkg_ctpt,,,,,,,,,,,,,,,,,,,,,,,,,,,,,,good_count,7.0,9.0,,8,44,3.0
hatespeech,noise,ours_sample_package_krr,144,48,24,0.5,0.7078335881233215,-0.7078335881233215,4.1134655475616455e-05,0.061442881822586,0,online_student,0,1,8,buyer_pca_synchronized_indices,mean_seller_phi_by_buyer_membership,reuse_buyer_package_membership,624,8,8,624,28000,1000,1.1208701133728027,top_quantile,0.0,,,,3.0,9.0,10.0,6.0,1,ours_student_pkg_ctpt,,,,,,,,,,,,,,,,,,,,,,,,,,,,,,good_count,24.0,,,8,44,20.0
hatespeech,coreset_far_wrong,ours_sample_package_krr,144,48,23,0.4791666666666667,1.201409101486206,-1.201409101486206,0.0001401988120051,0.0532071478664875,0,online_student,0,1,8,buyer_pca_synchronized_indices,mean_seller_phi_by_buyer_membership,reuse_buyer_package_membership,624,8,8,624,28000,1000,1.1208701133728027,top_quantile,0.0,,,,21.0,10.0,9.0,7.0,1,ours_student_pkg_ctpt,,,,,,,,,,,,,,,,,,,,,,,,,,,,,,good_count,23.0,,,8,44,1.0
hatespeech,typiclust_dense,ours_sample_package_krr,144,48,22,0.4583333333333333,1.6842578649520874,-1.6842578649520874,0.0002015444188145,0.0584322810173034,0,online_student,0,1,8,buyer_pca_synchronized_indices,mean_seller_phi_by_buyer_membership,reuse_buyer_package_membership,624,8,8,624,28000,1000,1.1208701133728027,top_quantile,0.0,,,,,13.0,26.0,5.0,1,ours_student_pkg_ctpt,,,,,,,,,,,,,,,,,,,,,,,,,,,,,,good_count,22.0,4.0,,8,44,
hatespeech,kmeans_center,ours_sample_package_krr,144,48,22,0.4583333333333333,1.80229651927948,-1.80229651927948,0.0002095239906338,0.062330175191164,0,online_student,0,1,8,buyer_pca_synchronized_indices,mean_seller_phi_by_buyer_membership,reuse_buyer_package_membership,624,8,8,624,28000,1000,1.1208701133728027,top_quantile,0.0,,,,3.0,29.0,9.0,7.0,1,ours_student_pkg_ctpt,,,,,,,,,,,,,,,,,,,,,,,,,,,,,,good_count,22.0,,,8,44,
hatespeech,uncertainty_badge,ours_sample_package_krr,144,48,21,0.4375,1.9085043668746948,-1.9085043668746948,0.0002120335848303,0.0675814598798751,0,online_student,0,1,8,buyer_pca_synchronized_indices,mean_seller_phi_by_buyer_membership,reuse_buyer_package_membership,624,8,8,624,28000,1000,1.1208701133728027,top_quantile,0.0,,,,,8.0,9.0,31.0,1,ours_student_pkg_ctpt,,,,,,,,,,,,,,,,,,,,,,,,,,,,,,good_count,21.0,,,8,44,
hatespeech,cosine,ours_sample_package_krr,144,48,16,0.3333333333333333,0.2779071033000946,-0.2779071033000946,7.037445902824402e-05,0.0254725310951471,0,online_student,0,1,8,buyer_pca_synchronized_indices,mean_seller_phi_by_buyer_membership,reuse_buyer_package_membership,624,8,8,624,28000,1000,1.1208701133728027,top_quantile,0.0,,,,,6.0,12.0,8.0,1,ours_student_pkg_ctpt,,,,,,,,,,,,,,,,,,,,,,,,,,,,,,good_count,16.0,22.0,,8,44,
hatespeech,all_average,ours_sample_package_krr,144,48,16,0.3333333333333333,-0.2882379591464996,0.2882379591464996,4.408260065247305e-05,0.002303184242919,0,online_student,0,1,8,buyer_pca_synchronized_indices,mean_seller_phi_by_buyer_membership,reuse_buyer_package_membership,624,8,8,624,28000,1000,1.1208701133728027,top_quantile,0.0,,,,5.0,14.0,13.0,9.0,1,ours_student_pkg_ctpt,,,,,,,,,,,,,,,,,,,,,,,,,,,,,,good_count,16.0,4.0,,8,44,3.0
mscoco,noise,ours_sample_package_krr,244,48,39,0.8125,3.4517853260040283,-3.4517853260040283,2.3730099201202397e-06,0.0034060885664075,0,online_student,0,1,8,buyer_pca_synchronized_indices,mean_seller_phi_by_buyer_membership,reuse_buyer_package_membership,624,8,8,624,28000,1000,0.96003395318985,top_quantile,0.0,,,,4.0,4.0,3.0,7.0,1,ours_student_pkg_ctpt,,,,,,,,,,,,,,,,,,,,,,,,,,,,,,good_count,39.0,9.0,11.0,8,44,10.0
mscoco,coreset_far_wrong,ours_sample_package_krr,244,48,36,0.75,3.058278083801269,-3.058278083801269,1.968194965229486e-06,0.0034338675905019,0,online_student,0,1,8,buyer_pca_synchronized_indices,mean_seller_phi_by_buyer_membership,reuse_buyer_package_membership,624,8,8,624,28000,1000,0.96003395318985,top_quantile,0.0,,,,11.0,3.0,4.0,7.0,1,ours_student_pkg_ctpt,,,,,,,,,,,,,,,,,,,,,,,,,,,,,,good_count,36.0,10.0,11.0,8,44,2.0
mscoco,typiclust_dense,ours_sample_package_krr,244,48,25,0.5208333333333334,2.105381965637207,-2.105381965637207,1.1709829550454742e-06,0.0030514032114297,0,online_student,0,1,8,buyer_pca_synchronized_indices,mean_seller_phi_by_buyer_membership,reuse_buyer_package_membership,624,8,8,624,28000,1000,0.96003395318985,top_quantile,0.0,,,,2.0,3.0,19.0,2.0,1,ours_student_pkg_ctpt,,,,,,,,,,,,,,,,,,,,,,,,,,,,,,good_count,25.0,11.0,10.0,8,44,1.0
mscoco,kmeans_center,ours_sample_package_krr,244,48,25,0.5208333333333334,2.158363580703736,-2.158363580703736,1.1026859283447266e-06,0.0033493458759039,0,online_student,0,1,8,buyer_pca_synchronized_indices,mean_seller_phi_by_buyer_membership,reuse_buyer_package_membership,624,8,8,624,28000,1000,0.96003395318985,top_quantile,0.0,,,,9.0,18.0,1.0,1.0,1,ours_student_pkg_ctpt,,,,,,,,,,,,,,,,,,,,,,,,,,,,,,good_count,25.0,7.0,11.0,8,44,1.0
mscoco,uncertainty_badge,ours_sample_package_krr,244,48,36,0.75,2.7207376956939697,-2.7207376956939697,1.4640390872955322e-06,0.0038431882858276,0,online_student,0,1,8,buyer_pca_synchronized_indices,mean_seller_phi_by_buyer_membership,reuse_buyer_package_membership,624,8,8,624,28000,1000,0.96003395318985,top_quantile,0.0,,,,1.0,2.0,4.0,16.0,1,ours_student_pkg_ctpt,,,,,,,,,,,,,,,,,,,,,,,,,,,,,,good_count,36.0,9.0,16.0,8,44,
mscoco,cosine,ours_sample_package_krr,244,48,25,0.5208333333333334,1.8687986135482788,-1.8687986135482788,8.530914783477783e-07,0.0032511504832655,0,online_student,0,1,8,buyer_pca_synchronized_indices,mean_seller_phi_by_buyer_membership,reuse_buyer_package_membership,624,8,8,624,28000,1000,0.96003395318985,top_quantile,0.0,,,,3.0,2.0,5.0,6.0,1,ours_student_pkg_ctpt,,,,,,,,,,,,,,,,,,,,,,,,,,,,,,good_count,25.0,24.0,7.0,8,44,1.0
mscoco,all_average,ours_sample_package_krr,244,48,32,0.6666666666666666,2.233848810195923,-2.233848810195923,1.010795472211612e-06,0.0037605322431772,0,online_student,0,1,8,buyer_pca_synchronized_indices,mean_seller_phi_by_buyer_membership,reuse_buyer_package_membership,624,8,8,624,28000,1000,0.96003395318985,top_quantile,0.0,,,,5.0,3.0,6.0,7.0,1,ours_student_pkg_ctpt,,,,,,,,,,,,,,,,,,,,,,,,,,,,,,good_count,32.0,11.0,14.0,8,44,2.0
