dataset,profile,method,purchase_ratio,purchase_total,test_auroc_mean,test_auroc_std,test_macro_f1_mean,test_macro_f1_std,test_acc_mean,test_acc_std,eval_time_mean,eval_time_std,good_count_mean,good_count_std,method_label
hateful_memes,all_average,market_badge_select,0.0025,12,0.5465002596529814,0.01518011878627712,0.3697478991596639,0.0,0.5866666666666667,0.0,0.18627306666652052,0.06486166520403545,0.0,0.0,BADGE
hateful_memes,all_average,market_badge_select,0.005,25,0.5265050708699902,0.02183501830370381,0.3439828761693356,0.044626328877428706,0.5288888888888889,0.10007404665953516,0.1328245999999732,0.032689217805959174,0.3333333333333333,0.5773502691896258,BADGE
hateful_memes,all_average,market_badge_select,0.01,50,0.5201048539833822,0.012375761250439139,0.3182178531790074,0.044626328877428706,0.4711111111111111,0.10007404665953516,0.10360299999986937,0.010152744739800686,0.3333333333333333,0.5773502691896258,BADGE
hateful_memes,all_average,market_badge_select,0.02,100,0.5164949902248289,0.019591114984031096,0.3697478991596639,0.0,0.5866666666666667,0.0,0.12689063333315664,0.031394424085259505,0.6666666666666666,1.1547005383792517,BADGE
hateful_memes,all_average,market_coreset_select,0.0025,12,0.5184086326979472,0.02599065275016102,0.3182178531790074,0.044626328877428706,0.47111111111111104,0.10007404665953519,0.1741137666666266,0.0182731107539869,0.0,0.0,CoreSet
hateful_memes,all_average,market_coreset_select,0.005,25,0.5144908510508309,0.017458029435739927,0.3697478991596639,0.0,0.5866666666666667,0.0,0.18973089999978276,0.05444563517161394,0.3333333333333333,0.5773502691896258,CoreSet
hateful_memes,all_average,market_coreset_select,0.01,50,0.5037727578201369,0.047833986381995444,0.3697478991596639,0.0,0.5866666666666667,0.0,0.1765527666664941,0.03658776106118901,0.3333333333333333,0.5773502691896258,CoreSet
hateful_memes,all_average,market_coreset_select,0.02,100,0.5228382361925709,0.0300412885768523,0.3697478991596639,0.0,0.5866666666666667,0.0,0.22340426666657243,0.07379368243615539,1.0,1.0,CoreSet
hateful_memes,all_average,market_cosine_select,0.0025,12,0.5463392748044966,0.014403898718549813,0.3439828761693356,0.044626328877428706,0.5288888888888889,0.10007404665953516,0.1812859333334321,0.03072088277801869,0.0,0.0,Cosine
hateful_memes,all_average,market_cosine_select,0.005,25,0.5477678244134897,0.02344286105184205,0.3697478991596639,0.0,0.5866666666666667,0.0,0.15791313333329524,0.0023409102597298642,0.0,0.0,Cosine
hateful_memes,all_average,market_cosine_select,0.01,50,0.510937347262952,0.020224956765129747,0.3697478991596639,0.0,0.5866666666666667,0.0,0.11714753333338494,0.03465064359733026,0.0,0.0,Cosine
hateful_memes,all_average,market_cosine_select,0.02,100,0.5217266923264908,0.05701283199141113,0.3439828761693356,0.044626328877428706,0.5288888888888889,0.10007404665953516,0.13488133333339639,0.032730107784600414,0.0,0.0,Cosine
hateful_memes,all_average,market_kmeans_center_select,0.0025,12,0.5385590023216031,0.026111952012966205,0.3697478991596639,0.0,0.5866666666666667,0.0,0.15921586666672735,0.012050171410558117,0.0,0.0,KMeans
hateful_memes,all_average,market_kmeans_center_select,0.005,25,0.5391282532991203,0.016227940327683568,0.3439828761693356,0.044626328877428706,0.5288888888888889,0.10007404665953516,0.1493271333333723,0.013088405833454268,0.0,0.0,KMeans
hateful_memes,all_average,market_kmeans_center_select,0.01,50,0.5531397391251222,0.018542666047900714,0.3439828761693356,0.044626328877428706,0.5288888888888889,0.10007404665953518,0.1623183333331326,0.013073583416231323,0.6666666666666666,1.1547005383792517,KMeans
hateful_memes,all_average,market_kmeans_center_select,0.02,100,0.5572323283235582,0.016928038107451616,0.3439828761693356,0.044626328877428706,0.5288888888888889,0.10007404665953516,0.14836613333288065,0.022421553466624975,0.6666666666666666,1.1547005383792517,KMeans
hateful_memes,all_average,market_random_select,0.0025,12,0.5311508736559141,0.0198443546753032,0.3439828761693356,0.044626328877428706,0.5288888888888889,0.10007404665953518,0.1516853666666975,0.05313393541617779,2.0,0.0,Random
hateful_memes,all_average,market_random_select,0.005,25,0.5300770558406648,0.039337386162619996,0.3439828761693356,0.044626328877428706,0.5288888888888889,0.10007404665953516,0.13438853333324607,0.03056009722491335,3.0,1.0,Random
hateful_memes,all_average,market_random_select,0.01,50,0.54685392228739,0.01715135186314817,0.3697478991596639,0.0,0.5866666666666667,0.0,0.16099726666667866,0.053082485758244334,6.0,1.0,Random
hateful_memes,all_average,market_random_select,0.02,100,0.5242499847262952,0.04566815517556244,0.3697478991596639,0.0,0.5866666666666667,0.0,0.18529249999998376,0.021654926281163743,9.666666666666666,2.0816659994661326,Random
hateful_memes,all_average,market_typiclust_select,0.0025,12,0.5365696022727272,0.009097997424942187,0.3697478991596639,0.0,0.5866666666666667,0.0,0.15130159999989698,0.010431811675775678,0.0,0.0,TypiClust
hateful_memes,all_average,market_typiclust_select,0.005,25,0.5410040169843597,0.011919898875784178,0.3182178531790074,0.044626328877428706,0.47111111111111104,0.10007404665953516,0.13801706666648286,0.013463850802811867,0.0,0.0,TypiClust
hateful_memes,all_average,market_typiclust_select,0.01,50,0.5287114338954056,0.014235472990957163,0.3697478991596639,0.0,0.5866666666666667,0.0,0.1533164000002216,0.005011281145515906,0.0,0.0,TypiClust
hateful_memes,all_average,market_typiclust_select,0.02,100,0.5219527431573802,0.016905770794350437,0.3697478991596639,0.0,0.5866666666666667,0.0,0.16390033333300377,0.0035954472560156612,0.0,0.0,TypiClust
hateful_memes,all_average,ours_kernel_ridge_student,0.0025,12,0.5013043743890518,0.03577997200216681,0.3697478991596639,0.0,0.5866666666666667,0.0,0.11843913333329203,0.033043181458442,9.666666666666666,1.1547005383792515,Ours-online-KRR
hateful_memes,all_average,ours_kernel_ridge_student,0.005,25,0.510380162512219,0.0388133727727627,0.3439828761693356,0.044626328877428706,0.5288888888888889,0.10007404665953518,0.13527663333328133,0.033434357633488496,17.333333333333332,4.932882862316247,Ours-online-KRR
hateful_memes,all_average,ours_kernel_ridge_student,0.01,50,0.5304422501221896,0.010064160831630878,0.3697478991596639,0.0,0.5866666666666667,0.0,0.13730839999986222,0.03497282054846935,29.333333333333332,9.073771725877465,Ours-online-KRR
hateful_memes,all_average,ours_kernel_ridge_student,0.02,100,0.5099065249266862,0.02142420610124625,0.3439828761693356,0.044626328877428706,0.5288888888888889,0.10007404665953516,0.13341499999993775,0.03147245450665524,49.666666666666664,16.165807537309522,Ours-online-KRR
hateful_memes,all_average,ours_sample_package_krr,0.0025,12,0.5276325757575758,0.01266080253590817,0.3697478991596639,0.0,0.5866666666666667,0.0,0.14835806666663603,0.002621660321973883,9.666666666666666,1.1547005383792515,Ours-online-pkg-KRR
hateful_memes,all_average,ours_sample_package_krr,0.005,25,0.5294810758797653,0.04329310135090057,0.3697478991596639,0.0,0.5866666666666667,0.0,0.14652083333339758,0.014620487868132779,17.333333333333332,4.932882862316247,Ours-online-pkg-KRR
hateful_memes,all_average,ours_sample_package_krr,0.01,50,0.5321910129521016,0.03735351834051914,0.3697478991596639,0.0,0.5866666666666667,0.0,0.13684490000014185,0.032794488199811504,29.333333333333332,9.073771725877465,Ours-online-pkg-KRR
hateful_memes,all_average,ours_sample_package_krr,0.02,100,0.5382714748289344,0.005465759908344585,0.3697478991596639,0.0,0.5866666666666667,0.0,0.15962449999976036,0.0033177576508541863,49.666666666666664,16.165807537309522,Ours-online-pkg-KRR
hateful_memes,coreset_far_wrong,market_badge_select,0.0025,12,0.5113112475562072,0.03053187726862388,0.3697478991596639,0.0,0.5866666666666667,0.0,0.11784350000016273,0.02303336066614133,0.0,0.0,BADGE
hateful_memes,coreset_far_wrong,market_badge_select,0.005,25,0.5255758186705767,0.034147112587629695,0.3439828761693356,0.044626328877428706,0.5288888888888889,0.10007404665953516,0.14122723333321113,0.02297568039337562,0.0,0.0,BADGE
hateful_memes,coreset_far_wrong,market_badge_select,0.01,50,0.5278400690371456,0.025020884701490713,0.3182178531790074,0.044626328877428706,0.4711111111111111,0.10007404665953516,0.16077803333337212,0.047092491837462704,0.0,0.0,BADGE
hateful_memes,coreset_far_wrong,market_badge_select,0.02,100,0.5194495356793744,0.030314468641157354,0.3697478991596639,0.0,0.5866666666666667,0.0,0.12944103333362966,0.02773526759125841,0.0,0.0,BADGE
hateful_memes,coreset_far_wrong,market_coreset_select,0.0025,12,0.5266836968475074,0.03135842503494129,0.3182178531790074,0.044626328877428706,0.47111111111111104,0.10007404665953519,0.18861716666666928,0.03598568453522384,0.0,0.0,CoreSet
hateful_memes,coreset_far_wrong,market_coreset_select,0.005,25,0.5300817906891496,0.018509709770917235,0.3697478991596639,0.0,0.5866666666666667,0.0,0.1862022000000251,0.005298748877948719,0.0,0.0,CoreSet
hateful_memes,coreset_far_wrong,market_coreset_select,0.01,50,0.5101359359726295,0.052385116241957186,0.3697478991596639,0.0,0.5866666666666667,0.0,0.16803813333338743,0.0562679065387305,0.0,0.0,CoreSet
hateful_memes,coreset_far_wrong,market_coreset_select,0.02,100,0.5000726264662757,0.013838558923939428,0.3697478991596639,0.0,0.5866666666666667,0.0,0.244365900000048,0.10122997031063433,0.0,0.0,CoreSet
hateful_memes,coreset_far_wrong,market_cosine_select,0.0025,12,0.5434169568670577,0.010868939553408856,0.3697478991596639,0.0,0.5866666666666667,0.0,0.21067766666647,0.05079038077025548,0.3333333333333333,0.5773502691896258,Cosine
hateful_memes,coreset_far_wrong,market_cosine_select,0.005,25,0.5439230510752688,0.016513585061011523,0.3697478991596639,0.0,0.5866666666666667,0.0,0.21550413333352478,0.0016071516181510646,0.3333333333333333,0.5773502691896258,Cosine
hateful_memes,coreset_far_wrong,market_cosine_select,0.01,50,0.5247997617302053,0.012937696747583553,0.3697478991596639,0.0,0.5866666666666667,0.0,0.11521473333323223,0.03662928140705207,2.6666666666666665,1.5275252316519465,Cosine
hateful_memes,coreset_far_wrong,market_cosine_select,0.02,100,0.5296661931818182,0.06606170186083014,0.3439828761693356,0.044626328877428706,0.5288888888888889,0.10007404665953516,0.15215376666613636,0.0502095276106788,8.0,3.0,Cosine
hateful_memes,coreset_far_wrong,market_kmeans_center_select,0.0025,12,0.5424235551075269,0.020845809668217627,0.3439828761693356,0.044626328877428706,0.5288888888888889,0.10007404665953516,0.14688799999991406,0.017142002837203713,11.0,1.7320508075688772,KMeans
hateful_memes,coreset_far_wrong,market_kmeans_center_select,0.005,25,0.5406973209921798,0.003215086458476333,0.3439828761693356,0.044626328877428706,0.5288888888888889,0.10007404665953516,0.14563533333330267,0.015536682881791183,23.666666666666668,1.5275252316519465,KMeans
hateful_memes,coreset_far_wrong,market_kmeans_center_select,0.01,50,0.5203298356549365,0.041242875771692715,0.3697478991596639,0.0,0.5866666666666667,0.0,0.1498637666665369,0.012712921773305593,46.0,3.605551275463989,KMeans
hateful_memes,coreset_far_wrong,market_kmeans_center_select,0.02,100,0.5363735642717498,0.02440030984024636,0.3439828761693356,0.044626328877428706,0.5288888888888889,0.10007404665953516,0.14394403333305186,0.03898252263782374,93.0,2.0,KMeans
hateful_memes,coreset_far_wrong,market_random_select,0.0025,12,0.5369240285923754,0.01796194087855016,0.3697478991596639,0.0,0.5866666666666667,0.0,0.14726896666661557,0.030943152639428522,2.0,0.0,Random
hateful_memes,coreset_far_wrong,market_random_select,0.005,25,0.5340680749022483,0.03694740089836184,0.3697478991596639,0.0,0.5866666666666667,0.0,0.14940043333353967,0.011945256440403307,3.0,1.0,Random
hateful_memes,coreset_far_wrong,market_random_select,0.01,50,0.5424130162512218,0.01221722654304851,0.3697478991596639,0.0,0.5866666666666667,0.0,0.1423758000002332,0.024858299297694432,6.0,1.0,Random
hateful_memes,coreset_far_wrong,market_random_select,0.02,100,0.5130023521505377,0.054987969959622005,0.3439828761693356,0.044626328877428706,0.5288888888888889,0.10007404665953516,0.13198476666669498,0.03258165417176133,9.666666666666666,2.0816659994661326,Random
hateful_memes,coreset_far_wrong,market_typiclust_select,0.0025,12,0.5222637157869013,0.01790679766251456,0.3439828761693356,0.044626328877428706,0.5288888888888889,0.10007404665953516,0.1252373666666244,0.028325978609186564,7.666666666666667,2.309401076758503,TypiClust
hateful_memes,coreset_far_wrong,market_typiclust_select,0.005,25,0.5398495540078202,0.011641569835197192,0.3439828761693356,0.044626328877428706,0.5288888888888889,0.10007404665953516,0.14320586666675197,0.025249998777607145,17.333333333333332,3.5118845842842465,TypiClust
hateful_memes,coreset_far_wrong,market_typiclust_select,0.01,50,0.5074683070625611,0.026775053527709813,0.3697478991596639,0.0,0.5866666666666667,0.0,0.11363953333360156,0.031144265357366595,40.333333333333336,2.5166114784235822,TypiClust
hateful_memes,coreset_far_wrong,market_typiclust_select,0.02,100,0.5216203873411535,0.020786603017634662,0.3439828761693356,0.044626328877428706,0.5288888888888889,0.10007404665953516,0.15474759999991264,0.013813786383180718,83.33333333333333,3.2145502536643202,TypiClust
hateful_memes,coreset_far_wrong,ours_kernel_ridge_student,0.0025,12,0.5025656005620723,0.042311501110496856,0.3697478991596639,0.0,0.5866666666666667,0.0,0.1258377999999235,0.028464170798857154,11.666666666666666,0.5773502691896258,Ours-online-KRR
hateful_memes,coreset_far_wrong,ours_kernel_ridge_student,0.005,25,0.513631323313783,0.019415525019169877,0.3439828761693356,0.044626328877428706,0.5288888888888889,0.10007404665953518,0.13112013333329736,0.020486245054242506,23.333333333333332,0.5773502691896255,Ours-online-KRR
hateful_memes,coreset_far_wrong,ours_kernel_ridge_student,0.01,50,0.528429939516129,0.004858507164765149,0.3697478991596639,0.0,0.5866666666666667,0.0,0.13584260000015996,0.035483052112443174,48.0,1.0,Ours-online-KRR
hateful_memes,coreset_far_wrong,ours_kernel_ridge_student,0.02,100,0.5110408266129032,0.02163279867278771,0.3697478991596639,0.0,0.5866666666666667,0.0,0.15342713333332839,0.015310914868975331,91.0,5.196152422706632,Ours-online-KRR
hateful_memes,coreset_far_wrong,ours_sample_package_krr,0.0025,12,0.5296794049364614,0.01050595040318305,0.3697478991596639,0.0,0.5866666666666667,0.0,0.13624429999996815,0.008753008639045308,11.666666666666666,0.5773502691896258,Ours-online-pkg-KRR
hateful_memes,coreset_far_wrong,ours_sample_package_krr,0.005,25,0.5534213098729227,0.016330155881676956,0.3697478991596639,0.0,0.5866666666666667,0.0,0.15144816666679614,0.0013562203888747822,23.333333333333332,0.5773502691896255,Ours-online-pkg-KRR
hateful_memes,coreset_far_wrong,ours_sample_package_krr,0.01,50,0.5399901484604106,0.030825932311587076,0.3697478991596639,0.0,0.5866666666666667,0.0,0.13780283333320156,0.02121798083345834,48.0,1.0,Ours-online-pkg-KRR
hateful_memes,coreset_far_wrong,ours_sample_package_krr,0.02,100,0.5352635477761486,0.006680981219794009,0.3697478991596639,0.0,0.5866666666666667,0.0,0.15820543333302337,0.00537566560442915,91.0,5.196152422706632,Ours-online-pkg-KRR
hateful_memes,cosine,market_badge_select,0.0025,12,0.5301942815249266,0.04784030699213455,0.3697478991596639,0.0,0.5866666666666667,0.0,0.12972039999992066,0.03222549695753125,12.0,0.0,BADGE
hateful_memes,cosine,market_badge_select,0.005,25,0.5354429374389053,0.029646879377658777,0.3439828761693356,0.044626328877428706,0.5288888888888889,0.10007404665953516,0.1422316666667029,0.010494472145858788,23.666666666666668,2.309401076758503,BADGE
hateful_memes,cosine,market_badge_select,0.01,50,0.5251302083333332,0.008805825922176295,0.3697478991596639,0.0,0.5866666666666667,0.0,0.13998643333313032,0.021340222276546812,30.333333333333332,9.50438495292217,BADGE
hateful_memes,cosine,market_badge_select,0.02,100,0.5383297440127076,0.041132626835515315,0.3697478991596639,0.0,0.5866666666666667,0.0,0.1489416999999472,0.0431974246872254,30.333333333333332,9.50438495292217,BADGE
hateful_memes,cosine,market_coreset_select,0.0025,12,0.5368792766373411,0.014186151511413751,0.3439828761693356,0.044626328877428706,0.5288888888888889,0.10007404665953516,0.16229406666676974,0.023906862810867426,12.0,0.0,CoreSet
hateful_memes,cosine,market_coreset_select,0.005,25,0.5143222293499511,0.03676182713497235,0.3439828761693356,0.044626328877428706,0.5288888888888889,0.10007404665953516,0.16143856666667486,0.02976732538107277,23.666666666666668,2.309401076758503,CoreSet
hateful_memes,cosine,market_coreset_select,0.01,50,0.5336438477517107,0.03702780534007631,0.3697478991596639,0.0,0.5866666666666667,0.0,0.21246066666647792,0.0434895201377149,30.333333333333332,9.50438495292217,CoreSet
hateful_memes,cosine,market_coreset_select,0.02,100,0.5207188569159336,0.007864153328344895,0.3697478991596639,0.0,0.5866666666666667,0.0,0.22422616666638837,0.03084188645802746,33.666666666666664,10.408329997330664,CoreSet
hateful_memes,cosine,market_cosine_select,0.0025,12,0.5380251863391984,0.01200882060412381,0.3697478991596639,0.0,0.5866666666666667,0.0,0.1595589666667365,0.021683340563830842,0.0,0.0,Cosine
hateful_memes,cosine,market_cosine_select,0.005,25,0.5276810697702835,0.043466553373904045,0.3697478991596639,0.0,0.5866666666666667,0.0,0.1516233666667782,0.0013295462471261876,0.0,0.0,Cosine
hateful_memes,cosine,market_cosine_select,0.01,50,0.5329545454545453,0.03432573226697495,0.3697478991596639,0.0,0.5866666666666667,0.0,0.1316500000001118,0.03124538166868383,0.0,0.0,Cosine
hateful_memes,cosine,market_cosine_select,0.02,100,0.527258064516129,0.03917065369505295,0.3697478991596639,0.0,0.5866666666666667,0.0,0.1375167000002572,0.03320612717471875,0.0,0.0,Cosine
hateful_memes,cosine,market_kmeans_center_select,0.0025,12,0.5474244715298143,0.02129559654813619,0.3697478991596639,0.0,0.5866666666666667,0.0,0.147844500000095,0.004725931397229665,1.0,1.7320508075688772,KMeans
hateful_memes,cosine,market_kmeans_center_select,0.005,25,0.5472652431573802,0.006532856435332486,0.3697478991596639,0.0,0.5866666666666667,0.0,0.1521257666668134,0.0052085660065218625,5.666666666666667,1.1547005383792515,KMeans
hateful_memes,cosine,market_kmeans_center_select,0.01,50,0.5522708180596285,0.013735412519412129,0.3439828761693356,0.044626328877428706,0.5288888888888889,0.10007404665953518,0.1382589333329633,0.024447216040125692,14.333333333333334,3.214550253664318,KMeans
hateful_memes,cosine,market_kmeans_center_select,0.02,100,0.5460182215298143,0.039422745521667794,0.3439828761693356,0.044626328877428706,0.5288888888888889,0.10007404665953516,0.14398946666642579,0.02223726061601669,32.0,2.6457513110645907,KMeans
hateful_memes,cosine,market_random_select,0.0025,12,0.5381327895894429,0.023656761202275972,0.3439828761693356,0.044626328877428706,0.5288888888888889,0.10007404665953518,0.14526846666649357,0.04683415825667928,2.0,0.0,Random
hateful_memes,cosine,market_random_select,0.005,25,0.5309591122922775,0.04244419666530917,0.3439828761693356,0.044626328877428706,0.5288888888888889,0.10007404665953516,0.13128593333325017,0.03198204044606239,3.0,1.0,Random
hateful_memes,cosine,market_random_select,0.01,50,0.5447999144672532,0.007886908386135458,0.3697478991596639,0.0,0.5866666666666667,0.0,0.14079310000033723,0.024848661060672173,6.0,1.0,Random
hateful_memes,cosine,market_random_select,0.02,100,0.48858932062561095,0.028450765265857422,0.3182178531790074,0.044626328877428706,0.4711111111111111,0.10007404665953516,0.14252976666678782,0.07548760294974652,9.666666666666666,2.0816659994661326,Random
hateful_memes,cosine,market_typiclust_select,0.0025,12,0.5258147757820137,0.01757245375931599,0.3439828761693356,0.044626328877428706,0.5288888888888889,0.10007404665953516,0.1546781000000313,0.04945360582592996,0.0,0.0,TypiClust
hateful_memes,cosine,market_typiclust_select,0.005,25,0.5418610245601173,0.010923453256006887,0.3439828761693356,0.044626328877428706,0.5288888888888889,0.10007404665953516,0.1650888666667924,0.04176530757197137,0.0,0.0,TypiClust
hateful_memes,cosine,market_typiclust_select,0.01,50,0.5316569678641251,0.0075438295346355495,0.3697478991596639,0.0,0.5866666666666667,0.0,0.14977846666655145,0.004517427508871738,3.3333333333333335,2.3094010767585034,TypiClust
hateful_memes,cosine,market_typiclust_select,0.02,100,0.5386301777859238,0.028063025278851822,0.3439828761693356,0.044626328877428706,0.5288888888888889,0.10007404665953516,0.13803370000005086,0.03485084163339281,9.666666666666666,6.429100507328636,TypiClust
hateful_memes,cosine,ours_kernel_ridge_student,0.0025,12,0.5022421034946237,0.04267209524868498,0.3697478991596639,0.0,0.5866666666666667,0.0,0.11079053333317762,0.034007620957793645,11.666666666666666,0.5773502691896255,Ours-online-KRR
hateful_memes,cosine,ours_kernel_ridge_student,0.005,25,0.5100866782746823,0.03740182379132002,0.3439828761693356,0.044626328877428706,0.5288888888888889,0.10007404665953518,0.1542091333332488,0.055681208787687744,22.333333333333332,1.5275252316519465,Ours-online-KRR
hateful_memes,cosine,ours_kernel_ridge_student,0.01,50,0.5240616599462365,0.01152504645395117,0.3697478991596639,0.0,0.5866666666666667,0.0,0.13151490000003221,0.03566471810578009,41.333333333333336,4.725815626252608,Ours-online-KRR
hateful_memes,cosine,ours_kernel_ridge_student,0.02,100,0.5148283999266862,0.028556560937544093,0.3697478991596639,0.0,0.5866666666666667,0.0,0.18192040000030826,0.03922123843504622,77.66666666666667,11.015141094572204,Ours-online-KRR
hateful_memes,cosine,ours_sample_package_krr,0.0025,12,0.5263423295454546,0.01702169649394525,0.3697478991596639,0.0,0.5866666666666667,0.0,0.16817660000015167,0.04771320565659397,11.666666666666666,0.5773502691896255,Ours-online-pkg-KRR
hateful_memes,cosine,ours_sample_package_krr,0.005,25,0.5491589534457478,0.010427954064863468,0.3697478991596639,0.0,0.5866666666666667,0.0,0.16868426666648392,0.03526508124953007,22.333333333333332,1.5275252316519465,Ours-online-pkg-KRR
hateful_memes,cosine,ours_sample_package_krr,0.01,50,0.5449078995601173,0.02851966159073405,0.3697478991596639,0.0,0.5866666666666667,0.0,0.13535379999999952,0.020986331414764255,41.333333333333336,4.725815626252608,Ours-online-pkg-KRR
hateful_memes,cosine,ours_sample_package_krr,0.02,100,0.5352723301564027,0.0035558008335376417,0.3697478991596639,0.0,0.5866666666666667,0.0,0.15932649999983062,0.0032715963140786605,77.66666666666667,11.015141094572204,Ours-online-pkg-KRR
hateful_memes,kmeans_center,market_badge_select,0.0025,12,0.551240988514174,0.017252139876091272,0.3697478991596639,0.0,0.5866666666666667,0.0,0.15233900000005932,0.009444647776793337,12.0,0.0,BADGE
hateful_memes,kmeans_center,market_badge_select,0.005,25,0.5370256750977517,0.03061924932133997,0.3439828761693356,0.044626328877428706,0.5288888888888889,0.10007404665953516,0.1735524000002139,0.020468607556274224,25.0,0.0,BADGE
hateful_memes,kmeans_center,market_badge_select,0.01,50,0.5246986498044967,0.022874609927041874,0.3439828761693356,0.044626328877428706,0.5288888888888889,0.10007404665953516,0.13653280000016813,0.013987717304357454,40.666666666666664,8.020806277010644,BADGE
hateful_memes,kmeans_center,market_badge_select,0.02,100,0.555853341886608,0.027710874420155813,0.3697478991596639,0.0,0.5866666666666667,0.0,0.20583723333311346,0.033553983989501004,51.333333333333336,14.364307617610162,BADGE
hateful_memes,kmeans_center,market_coreset_select,0.0025,12,0.5369002779814273,0.014224910488131513,0.3439828761693356,0.044626328877428706,0.5288888888888889,0.10007404665953516,0.15614716666656628,0.02609916056771921,12.0,0.0,CoreSet
hateful_memes,kmeans_center,market_coreset_select,0.005,25,0.5202015365347018,0.040898474383886115,0.3439828761693356,0.044626328877428706,0.5288888888888889,0.10007404665953516,0.17431326666671035,0.027058593444924336,25.0,0.0,CoreSet
hateful_memes,kmeans_center,market_coreset_select,0.01,50,0.520270420943304,0.050294765953820944,0.3697478991596639,0.0,0.5866666666666667,0.0,0.17123590000013186,0.03132747842421135,38.666666666666664,9.073771725877467,CoreSet
hateful_memes,kmeans_center,market_coreset_select,0.02,100,0.516983214198436,0.03397611841851778,0.3697478991596639,0.0,0.5866666666666667,0.0,0.1873330666664211,0.0273711801895706,41.0,9.539392014169456,CoreSet
hateful_memes,kmeans_center,market_cosine_select,0.0025,12,0.5396397696725318,0.012977712501816587,0.3697478991596639,0.0,0.5866666666666667,0.0,0.16269823333323072,0.023847945889827103,12.0,0.0,Cosine
hateful_memes,kmeans_center,market_cosine_select,0.005,25,0.519642366202346,0.02590421808697204,0.3697478991596639,0.0,0.5866666666666667,0.0,0.14054720000012816,0.021303307873000714,25.0,0.0,Cosine
hateful_memes,kmeans_center,market_cosine_select,0.01,50,0.5187362536656891,0.05070989577707984,0.3697478991596639,0.0,0.5866666666666667,0.0,0.1378306333332754,0.020271307072324544,49.666666666666664,0.5773502691896263,Cosine
hateful_memes,kmeans_center,market_cosine_select,0.02,100,0.5140308070625611,0.01876439388113112,0.3697478991596639,0.0,0.5866666666666667,0.0,0.13262516666691224,0.026793714007743163,90.0,7.211102550927978,Cosine
hateful_memes,kmeans_center,market_kmeans_center_select,0.0025,12,0.5427919568670577,0.019833648662460044,0.3697478991596639,0.0,0.5866666666666667,0.0,0.19557910000018333,0.04050598463984528,0.0,0.0,KMeans
hateful_memes,kmeans_center,market_kmeans_center_select,0.005,25,0.5429167430351907,0.0023740966137714955,0.3697478991596639,0.0,0.5866666666666667,0.0,0.17588543333340564,0.03992992548948522,0.0,0.0,KMeans
hateful_memes,kmeans_center,market_kmeans_center_select,0.01,50,0.5459724767839688,0.0292749043023691,0.3697478991596639,0.0,0.5866666666666667,0.0,0.14525226666683008,0.01634650241816854,1.0,1.0,KMeans
hateful_memes,kmeans_center,market_kmeans_center_select,0.02,100,0.550764678030303,0.022342824695510067,0.3439828761693356,0.044626328877428706,0.5288888888888889,0.10007404665953516,0.17081749999942983,0.05299305112757768,3.0,3.605551275463989,KMeans
hateful_memes,kmeans_center,market_random_select,0.0025,12,0.5386068090175953,0.020118523193716674,0.3697478991596639,0.0,0.5866666666666667,0.0,0.17038199999994197,0.03479136632294135,2.0,0.0,Random
hateful_memes,kmeans_center,market_random_select,0.005,25,0.525710761852395,0.02670935370540457,0.3697478991596639,0.0,0.5866666666666667,0.0,0.1296378333333147,0.016472239974108228,3.0,1.0,Random
hateful_memes,kmeans_center,market_random_select,0.01,50,0.54010829056696,0.008111603575206842,0.3697478991596639,0.0,0.5866666666666667,0.0,0.13940006666643964,0.020939847016818083,6.0,1.0,Random
hateful_memes,kmeans_center,market_random_select,0.02,100,0.5133770924975563,0.05245926360435511,0.3439828761693356,0.044626328877428706,0.5288888888888889,0.10007404665953516,0.1760083666667924,0.05631672849957708,9.666666666666666,2.0816659994661326,Random
hateful_memes,kmeans_center,market_typiclust_select,0.0025,12,0.5362187652737047,0.008697287505442177,0.3697478991596639,0.0,0.5866666666666667,0.0,0.15507089999997936,0.0076801138943016125,0.0,0.0,TypiClust
hateful_memes,kmeans_center,market_typiclust_select,0.005,25,0.5420449199657869,0.0107955458623418,0.3182178531790074,0.044626328877428706,0.47111111111111104,0.10007404665953516,0.1334719333332638,0.022960570558384796,0.0,0.0,TypiClust
hateful_memes,kmeans_center,market_typiclust_select,0.01,50,0.519402110826002,0.003702752711828707,0.3439828761693356,0.044626328877428706,0.5288888888888889,0.10007404665953516,0.13527473333336573,0.06874586348235534,0.0,0.0,TypiClust
hateful_memes,kmeans_center,market_typiclust_select,0.02,100,0.5254938752443793,0.01418129910443995,0.3439828761693356,0.044626328877428706,0.5288888888888889,0.10007404665953516,0.16963726666654108,0.00708897545834521,2.3333333333333335,4.041451884327381,TypiClust
hateful_memes,kmeans_center,ours_kernel_ridge_student,0.0025,12,0.5129026912267839,0.026269645844017586,0.3697478991596639,0.0,0.5866666666666667,0.0,0.16959619999988715,0.03684396102552729,6.333333333333333,1.5275252316519468,Ours-online-KRR
hateful_memes,kmeans_center,ours_kernel_ridge_student,0.005,25,0.5080519153225806,0.034465411550898335,0.3439828761693356,0.044626328877428706,0.5288888888888889,0.10007404665953518,0.12740779999997656,0.02781525853586635,10.0,1.0,Ours-online-KRR
hateful_memes,kmeans_center,ours_kernel_ridge_student,0.01,50,0.5252357496334311,0.0011302694615891438,0.3697478991596639,0.0,0.5866666666666667,0.0,0.1523966333334101,0.06265871065494454,18.333333333333332,3.511884584284246,Ours-online-KRR
hateful_memes,kmeans_center,ours_kernel_ridge_student,0.02,100,0.5097694434261973,0.025519628078026484,0.3439828761693356,0.044626328877428706,0.5288888888888889,0.10007404665953516,0.15325819999998197,0.01984762644310179,31.333333333333332,8.326663997864532,Ours-online-KRR
hateful_memes,kmeans_center,ours_sample_package_krr,0.0025,12,0.5285518236803519,0.008506629477716535,0.3697478991596639,0.0,0.5866666666666667,0.0,0.14377510000000862,0.027671564408308435,6.333333333333333,1.5275252316519468,Ours-online-pkg-KRR
hateful_memes,kmeans_center,ours_sample_package_krr,0.005,25,0.5180086143695015,0.043368447981161753,0.3697478991596639,0.0,0.5866666666666667,0.0,0.14553566666669815,0.010650277418942847,10.0,1.0,Ours-online-pkg-KRR
hateful_memes,kmeans_center,ours_sample_package_krr,0.01,50,0.5428826063049854,0.02662301433483057,0.3697478991596639,0.0,0.5866666666666667,0.0,0.14282870000003334,0.021462958855394204,18.333333333333332,3.511884584284246,Ours-online-pkg-KRR
hateful_memes,kmeans_center,ours_sample_package_krr,0.02,100,0.5365116385630498,0.010245242354213948,0.3697478991596639,0.0,0.5866666666666667,0.0,0.16505546666667215,0.003750705787402037,31.333333333333332,8.326663997864532,Ours-online-pkg-KRR
hateful_memes,noise,market_badge_select,0.0025,12,0.5502519397605082,0.013038402164547727,0.3697478991596639,0.0,0.5866666666666667,0.0,0.1554036333332078,0.013864360570372389,0.0,0.0,BADGE
hateful_memes,noise,market_badge_select,0.005,25,0.5165176716764418,0.030861385948273916,0.3439828761693356,0.044626328877428706,0.5288888888888889,0.10007404665953516,0.13619176666649457,0.03822950107053277,0.0,0.0,BADGE
hateful_memes,noise,market_badge_select,0.01,50,0.5304734084799608,0.027222832804555744,0.3182178531790074,0.044626328877428706,0.4711111111111111,0.10007404665953516,0.12278620000021566,0.03589876848910689,0.0,0.0,BADGE
hateful_memes,noise,market_badge_select,0.02,100,0.5267565524193548,0.03825038604739564,0.3697478991596639,0.0,0.5866666666666667,0.0,0.14928723333317367,0.04051104275940705,0.0,0.0,BADGE
hateful_memes,noise,market_coreset_select,0.0025,12,0.5340359237536657,0.00483173795801435,0.3182178531790074,0.044626328877428706,0.47111111111111104,0.10007404665953519,0.1566116666666251,0.009601215689903445,0.0,0.0,CoreSet
hateful_memes,noise,market_coreset_select,0.005,25,0.5258752596529814,0.005315759147140539,0.3697478991596639,0.0,0.5866666666666667,0.0,0.18424843333347474,0.008343926619196562,0.0,0.0,CoreSet
hateful_memes,noise,market_coreset_select,0.01,50,0.520028485459433,0.03364660172402605,0.3697478991596639,0.0,0.5866666666666667,0.0,0.18150539999987805,0.040079956605348924,0.0,0.0,CoreSet
hateful_memes,noise,market_coreset_select,0.02,100,0.536310102028348,0.0219819877309408,0.3697478991596639,0.0,0.5866666666666667,0.0,0.21654233333326067,0.00796429825115464,0.0,0.0,CoreSet
hateful_memes,noise,market_cosine_select,0.0025,12,0.5434169568670577,0.010868939553408856,0.3697478991596639,0.0,0.5866666666666667,0.0,0.1672622999999475,0.025214796078237324,0.3333333333333333,0.5773502691896258,Cosine
hateful_memes,noise,market_cosine_select,0.005,25,0.5439230510752688,0.016513585061011523,0.3697478991596639,0.0,0.5866666666666667,0.0,0.1604044666666292,0.008968725419156203,0.3333333333333333,0.5773502691896258,Cosine
hateful_memes,noise,market_cosine_select,0.01,50,0.5247997617302053,0.012937696747583553,0.3697478991596639,0.0,0.5866666666666667,0.0,0.12159236666654273,0.0365057330674796,2.6666666666666665,1.5275252316519465,Cosine
hateful_memes,noise,market_cosine_select,0.02,100,0.5296661931818182,0.06606170186083014,0.3439828761693356,0.044626328877428706,0.5288888888888889,0.10007404665953516,0.143938200000169,0.04705449875147214,8.0,3.0,Cosine
hateful_memes,noise,market_kmeans_center_select,0.0025,12,0.5424235551075269,0.020845809668217627,0.3439828761693356,0.044626328877428706,0.5288888888888889,0.10007404665953516,0.1490849666665781,0.01885512847041227,11.0,1.7320508075688772,KMeans
hateful_memes,noise,market_kmeans_center_select,0.005,25,0.5406973209921798,0.003215086458476333,0.3439828761693356,0.044626328877428706,0.5288888888888889,0.10007404665953516,0.14307296666659866,0.009111319484175286,23.666666666666668,1.5275252316519465,KMeans
hateful_memes,noise,market_kmeans_center_select,0.01,50,0.5203298356549365,0.041242875771692715,0.3697478991596639,0.0,0.5866666666666667,0.0,0.15072839999993445,0.013758120111894534,46.0,3.605551275463989,KMeans
hateful_memes,noise,market_kmeans_center_select,0.02,100,0.5363735642717498,0.02440030984024636,0.3439828761693356,0.044626328877428706,0.5288888888888889,0.10007404665953516,0.14356876666685517,0.03884168808295025,93.0,2.0,KMeans
hateful_memes,noise,market_random_select,0.0025,12,0.5370379704301075,0.018801689278110906,0.3697478991596639,0.0,0.5866666666666667,0.0,0.18660733333338916,0.04150036819567449,2.0,0.0,Random
hateful_memes,noise,market_random_select,0.005,25,0.5392831286656892,0.030138262388357595,0.3697478991596639,0.0,0.5866666666666667,0.0,0.15787943333361906,0.022845351204520158,3.0,1.0,Random
hateful_memes,noise,market_random_select,0.01,50,0.5319593108504398,0.0168791400832727,0.3697478991596639,0.0,0.5866666666666667,0.0,0.14837189999995337,0.039289334836522326,6.0,1.0,Random
hateful_memes,noise,market_random_select,0.02,100,0.5085684720185729,0.05596831423053221,0.3439828761693356,0.044626328877428706,0.5288888888888889,0.10007404665953516,0.15337586666646527,0.05085176269204906,9.666666666666666,2.0816659994661326,Random
hateful_memes,noise,market_typiclust_select,0.0025,12,0.5222637157869013,0.01790679766251456,0.3439828761693356,0.044626328877428706,0.5288888888888889,0.10007404665953516,0.13727933333317796,0.03703958677767595,7.666666666666667,2.309401076758503,TypiClust
hateful_memes,noise,market_typiclust_select,0.005,25,0.5398495540078202,0.011641569835197192,0.3439828761693356,0.044626328877428706,0.5288888888888889,0.10007404665953516,0.14304966666668403,0.022346769450155606,17.333333333333332,3.5118845842842465,TypiClust
hateful_memes,noise,market_typiclust_select,0.01,50,0.5074683070625611,0.026775053527709813,0.3697478991596639,0.0,0.5866666666666667,0.0,0.11704243333315385,0.03580746883678506,40.333333333333336,2.5166114784235822,TypiClust
hateful_memes,noise,market_typiclust_select,0.02,100,0.5216203873411535,0.020786603017634662,0.3439828761693356,0.044626328877428706,0.5288888888888889,0.10007404665953516,0.1487925000001268,0.01060247881201555,83.33333333333333,3.2145502536643202,TypiClust
hateful_memes,noise,ours_kernel_ridge_student,0.0025,12,0.5025656005620723,0.042311501110496856,0.3697478991596639,0.0,0.5866666666666667,0.0,0.13671960000010583,0.03500458277906074,11.666666666666666,0.5773502691896258,Ours-online-KRR
hateful_memes,noise,ours_kernel_ridge_student,0.005,25,0.513631323313783,0.019415525019169877,0.3439828761693356,0.044626328877428706,0.5288888888888889,0.10007404665953518,0.13278896666679427,0.02155768397425832,23.333333333333332,0.5773502691896255,Ours-online-KRR
hateful_memes,noise,ours_kernel_ridge_student,0.01,50,0.528429939516129,0.004858507164765149,0.3697478991596639,0.0,0.5866666666666667,0.0,0.13851066666681308,0.03429297719777694,48.0,1.0,Ours-online-KRR
hateful_memes,noise,ours_kernel_ridge_student,0.02,100,0.5192943548387097,0.009030822184747078,0.3697478991596639,0.0,0.5866666666666667,0.0,0.14448200000000114,0.01680272611597846,92.0,4.358898943540674,Ours-online-KRR
hateful_memes,noise,ours_sample_package_krr,0.0025,12,0.5296794049364614,0.01050595040318305,0.3697478991596639,0.0,0.5866666666666667,0.0,0.15396936666653951,0.022364808132927384,11.666666666666666,0.5773502691896258,Ours-online-pkg-KRR
hateful_memes,noise,ours_sample_package_krr,0.005,25,0.5534213098729227,0.016330155881676956,0.3697478991596639,0.0,0.5866666666666667,0.0,0.1552931999998084,0.0021025354504256005,23.333333333333332,0.5773502691896255,Ours-online-pkg-KRR
hateful_memes,noise,ours_sample_package_krr,0.01,50,0.5399901484604106,0.030825932311587076,0.3697478991596639,0.0,0.5866666666666667,0.0,0.14327113333365557,0.023402403043539462,48.0,1.0,Ours-online-pkg-KRR
hateful_memes,noise,ours_sample_package_krr,0.02,100,0.5345833333333333,0.007855554933625095,0.3697478991596639,0.0,0.5866666666666667,0.0,0.16706899999977998,0.019360866726052247,92.0,4.358898943540674,Ours-online-pkg-KRR
hateful_memes,typiclust_dense,market_badge_select,0.0025,12,0.551240988514174,0.017252139876091272,0.3697478991596639,0.0,0.5866666666666667,0.0,0.14639853333346756,0.009551073123678257,12.0,0.0,BADGE
hateful_memes,typiclust_dense,market_badge_select,0.005,25,0.5370256750977517,0.03061924932133997,0.3439828761693356,0.044626328877428706,0.5288888888888889,0.10007404665953516,0.14659306666665842,0.01328163452339507,25.0,0.0,BADGE
hateful_memes,typiclust_dense,market_badge_select,0.01,50,0.5240650965298143,0.014541990891229383,0.3439828761693356,0.044626328877428706,0.5288888888888889,0.10007404665953516,0.1328749333335205,0.01878204026781206,38.666666666666664,10.016652800877814,BADGE
hateful_memes,typiclust_dense,market_badge_select,0.02,100,0.5311459097018573,0.03993631975073426,0.3697478991596639,0.0,0.5866666666666667,0.0,0.183637500000259,0.0338226223158569,42.666666666666664,10.692676621563628,BADGE
hateful_memes,typiclust_dense,market_coreset_select,0.0025,12,0.5369002779814273,0.014224910488131513,0.3439828761693356,0.044626328877428706,0.5288888888888889,0.10007404665953516,0.15777183333329955,0.01919610066692369,12.0,0.0,CoreSet
hateful_memes,typiclust_dense,market_coreset_select,0.005,25,0.5201869501466275,0.04092364906777499,0.3439828761693356,0.044626328877428706,0.5288888888888889,0.10007404665953516,0.1723064666666687,0.03179186237687909,25.0,0.0,CoreSet
hateful_memes,typiclust_dense,market_coreset_select,0.01,50,0.5237403011974585,0.016212121274536154,0.3697478991596639,0.0,0.5866666666666667,0.0,0.19352776666664792,0.05063181409861449,41.666666666666664,9.073771725877467,CoreSet
hateful_memes,typiclust_dense,market_coreset_select,0.02,100,0.5083017931329423,0.0237348249009057,0.3697478991596639,0.0,0.5866666666666667,0.0,0.20197966666698144,0.04166523158297009,50.666666666666664,14.46835627614047,CoreSet
hateful_memes,typiclust_dense,market_cosine_select,0.0025,12,0.5390434078690127,0.008154528573225916,0.3697478991596639,0.0,0.5866666666666667,0.0,0.145521266666492,0.0038918262758773172,7.333333333333333,4.725815626252609,Cosine
hateful_memes,typiclust_dense,market_cosine_select,0.005,25,0.5469106641006842,0.02145661603511685,0.3697478991596639,0.0,0.5866666666666667,0.0,0.1508924333334107,0.0033551957802379646,7.666666666666667,5.131601439446884,Cosine
hateful_memes,typiclust_dense,market_cosine_select,0.01,50,0.5259843902737048,0.015906105805309084,0.3697478991596639,0.0,0.5866666666666667,0.0,0.11554976666669363,0.03584253554555625,7.666666666666667,5.131601439446884,Cosine
hateful_memes,typiclust_dense,market_cosine_select,0.02,100,0.5214952956989247,0.04716034045191881,0.3697478991596639,0.0,0.5866666666666667,0.0,0.16422936666670765,0.024963719324034843,8.333333333333334,5.686240703077327,Cosine
hateful_memes,typiclust_dense,market_kmeans_center_select,0.0025,12,0.5389301533479961,0.02580039787662664,0.3439828761693356,0.044626328877428706,0.5288888888888889,0.10007404665953516,0.12980789999983242,0.018152489217965938,0.0,0.0,KMeans
hateful_memes,typiclust_dense,market_kmeans_center_select,0.005,25,0.5446689424486804,0.00197394366566966,0.3697478991596639,0.0,0.5866666666666667,0.0,0.1541219999999157,0.008184118423598953,0.0,0.0,KMeans
hateful_memes,typiclust_dense,market_kmeans_center_select,0.01,50,0.5352998991935484,0.03877747552184122,0.3697478991596639,0.0,0.5866666666666667,0.0,0.14978866666645743,0.0003556971933914439,1.0,1.0,KMeans
hateful_memes,typiclust_dense,market_kmeans_center_select,0.02,100,0.5517778592375366,0.020554623935338145,0.3439828761693356,0.044626328877428706,0.5288888888888889,0.10007404665953516,0.14898346666632276,0.021714722179724595,3.0,3.605551275463989,KMeans
hateful_memes,typiclust_dense,market_random_select,0.0025,12,0.538347156036168,0.020967404063792237,0.3697478991596639,0.0,0.5866666666666667,0.0,0.13527233333312927,0.017757309012524414,2.0,0.0,Random
hateful_memes,typiclust_dense,market_random_select,0.005,25,0.5321163245356794,0.04309601545960315,0.3439828761693356,0.044626328877428706,0.5288888888888889,0.10007404665953516,0.13478626666665147,0.03523108195157439,3.0,1.0,Random
hateful_memes,typiclust_dense,market_random_select,0.01,50,0.5414597843352884,0.007327481858020921,0.3697478991596639,0.0,0.5866666666666667,0.0,0.14120446666705294,0.020901107341199997,6.0,1.0,Random
hateful_memes,typiclust_dense,market_random_select,0.02,100,0.5098610856549364,0.05460677307622192,0.3439828761693356,0.044626328877428706,0.5288888888888889,0.10007404665953516,0.16380680000050532,0.031152066484681745,9.666666666666666,2.0816659994661326,Random
hateful_memes,typiclust_dense,market_typiclust_select,0.0025,12,0.5239468780547409,0.017666305040245436,0.3439828761693356,0.044626328877428706,0.5288888888888889,0.10007404665953516,0.13003340000007782,0.022169665463524744,0.0,0.0,TypiClust
hateful_memes,typiclust_dense,market_typiclust_select,0.005,25,0.5402760722140761,0.012071474178770483,0.3182178531790074,0.044626328877428706,0.47111111111111104,0.10007404665953516,0.12617993333348443,0.025839372038357816,0.0,0.0,TypiClust
hateful_memes,typiclust_dense,market_typiclust_select,0.01,50,0.531612063172043,0.01235909334036733,0.3697478991596639,0.0,0.5866666666666667,0.0,0.15584906666678455,0.004185505586375002,0.0,0.0,TypiClust
hateful_memes,typiclust_dense,market_typiclust_select,0.02,100,0.5165916727761486,0.019233211366879364,0.3697478991596639,0.0,0.5866666666666667,0.0,0.16128763333290408,0.0020136323206884402,0.6666666666666666,1.1547005383792517,TypiClust
hateful_memes,typiclust_dense,ours_kernel_ridge_student,0.0025,12,0.5135219635874878,0.026605880270901744,0.3697478991596639,0.0,0.5866666666666667,0.0,0.13892066666661165,0.015516250096322957,6.666666666666667,1.5275252316519465,Ours-online-KRR
hateful_memes,typiclust_dense,ours_kernel_ridge_student,0.005,25,0.5110053152492668,0.03753415365835797,0.3439828761693356,0.044626328877428706,0.5288888888888889,0.10007404665953518,0.1259977333335579,0.028050749321382854,11.0,1.0,Ours-online-KRR
hateful_memes,typiclust_dense,ours_kernel_ridge_student,0.01,50,0.5256754795943305,0.006989280826030912,0.3697478991596639,0.0,0.5866666666666667,0.0,0.1353898000000602,0.03487138744460461,20.333333333333332,3.214550253664318,Ours-online-KRR
hateful_memes,typiclust_dense,ours_kernel_ridge_student,0.02,100,0.5205872739491691,0.005653563464572531,0.3697478991596639,0.0,0.5866666666666667,0.0,0.16433209999983467,0.004202876475426305,32.0,7.810249675906654,Ours-online-KRR
hateful_memes,typiclust_dense,ours_sample_package_krr,0.0025,12,0.53013517228739,0.011275558854400836,0.3697478991596639,0.0,0.5866666666666667,0.0,0.15146060000006398,0.00920460131071269,6.666666666666667,1.5275252316519465,Ours-online-pkg-KRR
hateful_memes,typiclust_dense,ours_sample_package_krr,0.005,25,0.5360299059139785,0.022549996661857467,0.3697478991596639,0.0,0.5866666666666667,0.0,0.1430008000000574,0.011596572748260854,11.0,1.0,Ours-online-pkg-KRR
hateful_memes,typiclust_dense,ours_sample_package_krr,0.01,50,0.5405629887585532,0.03029001450921592,0.3697478991596639,0.0,0.5866666666666667,0.0,0.13398963333338534,0.03468703146551842,20.333333333333332,3.214550253664318,Ours-online-pkg-KRR
hateful_memes,typiclust_dense,ours_sample_package_krr,0.02,100,0.5262189180107527,0.0333619402139061,0.3697478991596639,0.0,0.5866666666666667,0.0,0.14216379999985898,0.03659370610174635,32.0,7.810249675906654,Ours-online-pkg-KRR
hateful_memes,uncertainty_badge,market_badge_select,0.0025,12,0.553305153347996,0.004488982080437854,0.3697478991596639,0.0,0.5866666666666667,0.0,0.15472716666651343,0.029654078832713492,0.0,0.0,BADGE
hateful_memes,uncertainty_badge,market_badge_select,0.005,25,0.5248379459921799,0.021540464696158307,0.3439828761693356,0.044626328877428706,0.5288888888888889,0.10007404665953516,0.14477176666666003,0.025658790039243054,0.0,0.0,BADGE
hateful_memes,uncertainty_badge,market_badge_select,0.01,50,0.5214102211632454,0.02818000948117303,0.3439828761693356,0.044626328877428706,0.5288888888888889,0.10007404665953516,0.1290749666665457,0.029122792239868273,0.0,0.0,BADGE
hateful_memes,uncertainty_badge,market_badge_select,0.02,100,0.5324149254643206,0.025531849648806924,0.3697478991596639,0.0,0.5866666666666667,0.0,0.14767970000017763,0.02399856118843368,0.0,0.0,BADGE
hateful_memes,uncertainty_badge,market_coreset_select,0.0025,12,0.5169029508797653,0.02668394400396416,0.3182178531790074,0.044626328877428706,0.47111111111111104,0.10007404665953519,0.14888256666669494,0.0172302294586167,0.0,0.0,CoreSet
hateful_memes,uncertainty_badge,market_coreset_select,0.005,25,0.5319234940127077,0.006055494775480901,0.3697478991596639,0.0,0.5866666666666667,0.0,0.17524959999991543,0.01086008327201743,0.0,0.0,CoreSet
hateful_memes,uncertainty_badge,market_coreset_select,0.01,50,0.5194739736070381,0.040736824500342696,0.3697478991596639,0.0,0.5866666666666667,0.0,0.183792633333572,0.05177247869381023,0.0,0.0,CoreSet
hateful_memes,uncertainty_badge,market_coreset_select,0.02,100,0.5126779386608016,0.03346432641108279,0.3697478991596639,0.0,0.5866666666666667,0.0,0.2155376333336486,0.04827835845914958,0.0,0.0,CoreSet
hateful_memes,uncertainty_badge,market_cosine_select,0.0025,12,0.5467374602883676,0.015145162640186501,0.3697478991596639,0.0,0.5866666666666667,0.0,0.14902113333331116,0.020888343201384628,0.0,0.0,Cosine
hateful_memes,uncertainty_badge,market_cosine_select,0.005,25,0.5414883461632454,0.02011900019320308,0.3697478991596639,0.0,0.5866666666666667,0.0,0.15865420000000083,0.014469849161696833,0.0,0.0,Cosine
hateful_memes,uncertainty_badge,market_cosine_select,0.01,50,0.519947534824047,0.017977371152423732,0.3697478991596639,0.0,0.5866666666666667,0.0,0.11522596666660921,0.03220067438865288,0.0,0.0,Cosine
hateful_memes,uncertainty_badge,market_cosine_select,0.02,100,0.547983794599218,0.0330842397668255,0.3697478991596639,0.0,0.5866666666666667,0.0,0.1694713999998688,0.019516827569045714,0.0,0.0,Cosine
hateful_memes,uncertainty_badge,market_kmeans_center_select,0.0025,12,0.5375258889296188,0.028761355434138575,0.3439828761693356,0.044626328877428706,0.5288888888888889,0.10007404665953516,0.14212546666658452,0.014706169950410072,7.0,2.6457513110645907,KMeans
hateful_memes,uncertainty_badge,market_kmeans_center_select,0.005,25,0.531609008431085,0.013197789931422656,0.3439828761693356,0.044626328877428706,0.5288888888888889,0.10007404665953516,0.1498726666667001,0.014039966839831053,14.333333333333334,4.041451884327381,KMeans
hateful_memes,uncertainty_badge,market_kmeans_center_select,0.01,50,0.5505490896871945,0.005752385144914892,0.3697478991596639,0.0,0.5866666666666667,0.0,0.15125056666677966,0.0029931298274925413,25.666666666666668,1.5275252316519463,KMeans
hateful_memes,uncertainty_badge,market_kmeans_center_select,0.02,100,0.5301371578690127,0.028781216024690894,0.3439828761693356,0.044626328877428706,0.5288888888888889,0.10007404665953516,0.14636260000012646,0.025096796740977024,45.333333333333336,7.505553499465134,KMeans
hateful_memes,uncertainty_badge,market_random_select,0.0025,12,0.5419812286168133,0.014510556268249541,0.3697478991596639,0.0,0.5866666666666667,0.0,0.18405596666677107,0.03643027572790883,2.0,0.0,Random
hateful_memes,uncertainty_badge,market_random_select,0.005,25,0.5227877565982405,0.031220049847932144,0.3439828761693356,0.044626328877428706,0.5288888888888889,0.10007404665953516,0.13086099999994372,0.03145301671204439,3.0,1.0,Random
hateful_memes,uncertainty_badge,market_random_select,0.01,50,0.532315264540567,0.015215570327563785,0.3697478991596639,0.0,0.5866666666666667,0.0,0.17418646666662116,0.02532967721995413,6.0,1.0,Random
hateful_memes,uncertainty_badge,market_random_select,0.02,100,0.5033964901026393,0.04066973997323661,0.3439828761693356,0.044626328877428706,0.5288888888888889,0.10007404665953516,0.17065306666639415,0.056440107417030136,9.666666666666666,2.0816659994661326,Random
hateful_memes,uncertainty_badge,market_typiclust_select,0.0025,12,0.5226453293010752,0.02173403767305994,0.3439828761693356,0.044626328877428706,0.5288888888888889,0.10007404665953516,0.13628676666682316,0.015015619814930952,1.0,1.7320508075688772,TypiClust
hateful_memes,uncertainty_badge,market_typiclust_select,0.005,25,0.5346491630009775,0.008273606272263912,0.3182178531790074,0.044626328877428706,0.47111111111111104,0.10007404665953516,0.1436165666665753,0.009495419311763611,3.3333333333333335,3.214550253664318,TypiClust
hateful_memes,uncertainty_badge,market_typiclust_select,0.01,50,0.5061377382697947,0.04041097964789667,0.3439828761693356,0.044626328877428706,0.5288888888888889,0.10007404665953516,0.11921753333353984,0.027973456001054796,7.0,7.211102550927978,TypiClust
hateful_memes,uncertainty_badge,market_typiclust_select,0.02,100,0.517463877688172,0.03667520765907665,0.3439828761693356,0.044626328877428706,0.5288888888888889,0.10007404665953516,0.12022459999995283,0.036897318289796206,14.333333333333334,11.930353445448853,TypiClust
hateful_memes,uncertainty_badge,ours_kernel_ridge_student,0.0025,12,0.5020803549608993,0.04140841158331889,0.3697478991596639,0.0,0.5866666666666667,0.0,0.12128930000017134,0.028496904667005,9.333333333333334,0.5773502691896258,Ours-online-KRR
hateful_memes,uncertainty_badge,ours_kernel_ridge_student,0.005,25,0.5066268022971652,0.03673979818064483,0.3439828761693356,0.044626328877428706,0.5288888888888889,0.10007404665953518,0.12700966666670863,0.02736827882801558,17.0,2.0,Ours-online-KRR
hateful_memes,uncertainty_badge,ours_kernel_ridge_student,0.01,50,0.5360535801564028,0.007363347365991766,0.3697478991596639,0.0,0.5866666666666667,0.0,0.13850956666647105,0.02614088144875392,32.666666666666664,4.509249752822894,Ours-online-KRR
hateful_memes,uncertainty_badge,ours_kernel_ridge_student,0.02,100,0.5223505467986315,0.013861449059260044,0.3697478991596639,0.0,0.5866666666666667,0.0,0.16432746666669115,0.0009052772521992428,58.0,9.539392014169456,Ours-online-KRR
hateful_memes,uncertainty_badge,ours_sample_package_krr,0.0025,12,0.5293866843841643,0.010038916324760236,0.3697478991596639,0.0,0.5866666666666667,0.0,0.15504836666665742,0.005898651148620616,9.333333333333334,0.5773502691896258,Ours-online-pkg-KRR
hateful_memes,uncertainty_badge,ours_sample_package_krr,0.005,25,0.5403519061583578,0.032013502079028165,0.3697478991596639,0.0,0.5866666666666667,0.0,0.15318296666661504,0.006303848733142049,17.0,2.0,Ours-online-pkg-KRR
hateful_memes,uncertainty_badge,ours_sample_package_krr,0.01,50,0.5459060361681329,0.0272256433931389,0.3697478991596639,0.0,0.5866666666666667,0.0,0.1369962000001881,0.02613540262934109,32.666666666666664,4.509249752822894,Ours-online-pkg-KRR
hateful_memes,uncertainty_badge,ours_sample_package_krr,0.02,100,0.5337823038856305,0.009216719221575975,0.3697478991596639,0.0,0.5866666666666667,0.0,0.15666249999988693,0.00062142259385092,58.0,9.539392014169456,Ours-online-pkg-KRR
hatespeech,all_average,market_badge_select,0.0025,12,0.5273376066666667,0.033631991246932315,0.3333333333333333,0.0,0.5,0.0,0.16893083333343384,0.02889710086831739,0.0,0.0,BADGE
hatespeech,all_average,market_badge_select,0.005,25,0.5672673466666667,0.003185104579528552,0.3333333333333333,0.0,0.5,0.0,0.21700096666669796,0.0044946199585368515,0.0,0.0,BADGE
hatespeech,all_average,market_badge_select,0.01,50,0.51100556,0.02767400839850275,0.3333333333333333,0.0,0.5,0.0,0.17593356666642043,0.009910442054916774,1.3333333333333333,1.5275252316519468,BADGE
hatespeech,all_average,market_badge_select,0.02,100,0.5424921333333333,0.020317285841237067,0.3333333333333333,0.0,0.5,0.0,0.2787483999997372,0.1261208128584498,3.0,4.358898943540674,BADGE
hatespeech,all_average,market_coreset_select,0.0025,12,0.5312983733333333,0.023824496083773433,0.3333333333333333,0.0,0.5,0.0,0.20849123333330985,0.04231824807777141,0.0,0.0,CoreSet
hatespeech,all_average,market_coreset_select,0.005,25,0.55924106,0.004271415000160978,0.3333333333333333,0.0,0.5,0.0,0.2463832999998582,0.02184720597919635,0.6666666666666666,1.1547005383792517,CoreSet
hatespeech,all_average,market_coreset_select,0.01,50,0.5329616266666667,0.03617927542258601,0.3333333333333333,0.0,0.5,0.0,0.22103516666675202,0.030100728073096418,2.3333333333333335,4.041451884327381,CoreSet
hatespeech,all_average,market_coreset_select,0.02,100,0.5500925666666667,0.009900317150159052,0.3333333333333333,0.0,0.5,0.0,0.3120978666668937,0.0451721059369604,4.333333333333333,7.505553499465135,CoreSet
hatespeech,all_average,market_cosine_select,0.0025,12,0.54744758,0.027750125411377845,0.3333333333333333,0.0,0.5,0.0,0.18408699999993883,0.03610418258589809,0.0,0.0,Cosine
hatespeech,all_average,market_cosine_select,0.005,25,0.5611718466666668,0.01105194011280067,0.3333333333333333,0.0,0.5,0.0,0.20634856666674747,0.01942280048353629,0.0,0.0,Cosine
hatespeech,all_average,market_cosine_select,0.01,50,0.5512992933333334,0.011214391443396924,0.3333333333333333,0.0,0.5,0.0,0.1962674333329535,0.016879803494958125,0.0,0.0,Cosine
hatespeech,all_average,market_cosine_select,0.02,100,0.55922648,0.018134398529523938,0.3333333333333333,0.0,0.5,0.0,0.22254446666708338,0.060790175672877846,0.0,0.0,Cosine
hatespeech,all_average,market_kmeans_center_select,0.0025,12,0.5658722933333333,0.0009424775821913717,0.3333333333333333,0.0,0.5,0.0,0.21306286666655674,0.037239692540429,2.0,3.4641016151377544,KMeans
hatespeech,all_average,market_kmeans_center_select,0.005,25,0.55850252,0.009312916885165468,0.3333333333333333,0.0,0.5,0.0,0.20304010000002862,0.023615260322575694,5.0,5.196152422706632,KMeans
hatespeech,all_average,market_kmeans_center_select,0.01,50,0.5263518399999999,0.03372585518987473,0.3333333333333333,0.0,0.5,0.0,0.1796168666663409,0.02680925290571376,8.333333333333334,9.29157324317757,KMeans
hatespeech,all_average,market_kmeans_center_select,0.02,100,0.5400985533333333,0.039638322868337086,0.3333333333333333,0.0,0.5,0.0,0.24738203333345152,0.09282119919505903,15.333333333333334,11.150485789118488,KMeans
hatespeech,all_average,market_random_select,0.0025,12,0.56523744,0.0028095946353166464,0.3333333333333333,0.0,0.5,0.0,0.24612456666667035,0.04409732794135207,1.0,1.0,Random
hatespeech,all_average,market_random_select,0.005,25,0.5468296733333333,0.03366353479368638,0.3333333333333333,0.0,0.5,0.0,0.25456359999998307,0.08312056642619398,2.3333333333333335,0.5773502691896258,Random
hatespeech,all_average,market_random_select,0.01,50,0.5523708133333334,0.01363753641619096,0.3333333333333333,0.0,0.5,0.0,0.2726704999998522,0.04842640677510941,3.6666666666666665,1.1547005383792515,Random
hatespeech,all_average,market_random_select,0.02,100,0.5571297533333333,0.01275262186307325,0.3333333333333333,0.0,0.5,0.0,0.2744625333334625,0.09343525375152488,9.333333333333334,4.041451884327381,Random
hatespeech,all_average,market_typiclust_select,0.0025,12,0.5529215000000001,0.01735469737115571,0.3333333333333333,0.0,0.5,0.0,0.19095583333319147,0.04516381509488102,0.0,0.0,TypiClust
hatespeech,all_average,market_typiclust_select,0.005,25,0.5480442333333333,0.03293537348034382,0.3333333333333333,0.0,0.5,0.0,0.1947306333331653,0.03332082724314671,0.0,0.0,TypiClust
hatespeech,all_average,market_typiclust_select,0.01,50,0.5519666666666666,0.005384715483378289,0.3333333333333333,0.0,0.5,0.0,0.21606349999971516,0.006197788234239747,1.3333333333333333,1.1547005383792517,TypiClust
hatespeech,all_average,market_typiclust_select,0.02,100,0.5537664800000001,0.018515521847822708,0.3333333333333333,0.0,0.5,0.0,0.2645393666668193,0.037964873501416696,5.666666666666667,4.725815626252609,TypiClust
hatespeech,all_average,ours_kernel_ridge_student,0.0025,12,0.53517642,0.02407204117569586,0.3333333333333333,0.0,0.5,0.0,0.17623756666656232,0.04854480895524637,8.0,4.0,Ours-online-KRR
hatespeech,all_average,ours_kernel_ridge_student,0.005,25,0.5433023466666665,0.03990792821197484,0.3333333333333333,0.0,0.5,0.0,0.21532133333327388,0.007090492806652503,17.0,6.928203230275509,Ours-online-KRR
hatespeech,all_average,ours_kernel_ridge_student,0.01,50,0.5133176866666667,0.022818550122620254,0.3333333333333333,0.0,0.5,0.0,0.1602417666667861,0.005175625598325935,30.0,8.0,Ours-online-KRR
hatespeech,all_average,ours_kernel_ridge_student,0.02,100,0.5388914266666666,0.04214202384380392,0.3333333333333333,0.0,0.5,0.0,0.2204664333333615,0.054646078281888506,61.666666666666664,13.576941236277534,Ours-online-KRR
hatespeech,all_average,ours_sample_package_krr,0.0025,12,0.5307082866666667,0.03890581848608947,0.3333333333333333,0.0,0.5,0.0,0.17537283333331288,0.05140106896692008,8.0,4.0,Ours-online-pkg-KRR
hatespeech,all_average,ours_sample_package_krr,0.005,25,0.5344528266666667,0.033239046779992544,0.3333333333333333,0.0,0.5,0.0,0.23580056666666374,0.03471171900462043,17.0,6.928203230275509,Ours-online-pkg-KRR
hatespeech,all_average,ours_sample_package_krr,0.01,50,0.5644175466666667,0.007713966678935971,0.3333333333333333,0.0,0.5,0.0,0.20773993333341415,0.00881888798940755,30.0,8.0,Ours-online-pkg-KRR
hatespeech,all_average,ours_sample_package_krr,0.02,100,0.5490783266666667,0.028038742866072577,0.3333333333333333,0.0,0.5,0.0,0.23230389999995774,0.04996388957214165,61.666666666666664,13.576941236277534,Ours-online-pkg-KRR
hatespeech,coreset_far_wrong,market_badge_select,0.0025,12,0.5142092133333334,0.040473699160463894,0.3333333333333333,0.0,0.5,0.0,0.15073013333327853,0.0077298052758161245,0.0,0.0,BADGE
hatespeech,coreset_far_wrong,market_badge_select,0.005,25,0.5693640666666667,0.0046720155193378295,0.3333333333333333,0.0,0.5,0.0,0.22219923333326122,0.009197422198351927,0.0,0.0,BADGE
hatespeech,coreset_far_wrong,market_badge_select,0.01,50,0.5145981666666667,0.03182991257798445,0.3333333333333333,0.0,0.5,0.0,0.1623136999996859,0.03297711647485803,0.0,0.0,BADGE
hatespeech,coreset_far_wrong,market_badge_select,0.02,100,0.5616051333333333,0.012569948607457925,0.3333333333333333,0.0,0.5,0.0,0.24721636666678623,0.0334679827830275,0.0,0.0,BADGE
hatespeech,coreset_far_wrong,market_coreset_select,0.0025,12,0.5372063,0.023876142258723455,0.3333333333333333,0.0,0.5,0.0,0.2150187000002006,0.03582854409410071,0.0,0.0,CoreSet
hatespeech,coreset_far_wrong,market_coreset_select,0.005,25,0.5602527199999999,0.002383839971558531,0.3333333333333333,0.0,0.5,0.0,0.2577619000000292,0.008228363490458027,0.0,0.0,CoreSet
hatespeech,coreset_far_wrong,market_coreset_select,0.01,50,0.5492454466666666,0.015626171307410383,0.3333333333333333,0.0,0.5,0.0,0.22532006666642698,0.04529431707217363,0.0,0.0,CoreSet
hatespeech,coreset_far_wrong,market_coreset_select,0.02,100,0.5436128066666667,0.006815846056076477,0.3333333333333333,0.0,0.5,0.0,0.2612736333336822,0.010531833093274361,0.0,0.0,CoreSet
hatespeech,coreset_far_wrong,market_cosine_select,0.0025,12,0.5436315466666667,0.02271224322996155,0.3333333333333333,0.0,0.5,0.0,0.1728378666668201,0.015902038278389236,0.0,0.0,Cosine
hatespeech,coreset_far_wrong,market_cosine_select,0.005,25,0.55399546,0.016489797123712617,0.3333333333333333,0.0,0.5,0.0,0.20516566666674405,0.02774605564520421,0.0,0.0,Cosine
hatespeech,coreset_far_wrong,market_cosine_select,0.01,50,0.5587884933333332,0.0020653564215731344,0.3333333333333333,0.0,0.5,0.0,0.20202026666690168,0.02914535976961441,0.0,0.0,Cosine
hatespeech,coreset_far_wrong,market_cosine_select,0.02,100,0.5562982866666667,0.0164119087919758,0.3333333333333333,0.0,0.5,0.0,0.2330861000003399,0.012000315197980138,1.0,1.0,Cosine
hatespeech,coreset_far_wrong,market_kmeans_center_select,0.0025,12,0.5623895133333333,0.0001811135172573683,0.3333333333333333,0.0,0.5,0.0,0.20141986666673492,0.014022115892281976,12.0,0.0,KMeans
hatespeech,coreset_far_wrong,market_kmeans_center_select,0.005,25,0.54932822,0.024168159541313874,0.3333333333333333,0.0,0.5,0.0,0.19975473333336893,0.03695855834093498,25.0,0.0,KMeans
hatespeech,coreset_far_wrong,market_kmeans_center_select,0.01,50,0.5189024133333334,0.022368749044685853,0.3333333333333333,0.0,0.5,0.0,0.1569444999998571,0.025098518530263587,50.0,0.0,KMeans
hatespeech,coreset_far_wrong,market_kmeans_center_select,0.02,100,0.55607936,0.006433471916749144,0.3333333333333333,0.0,0.5,0.0,0.22853436666658422,0.008929816246912458,100.0,0.0,KMeans
hatespeech,coreset_far_wrong,market_random_select,0.0025,12,0.5648809066666667,0.0007042853916796371,0.3333333333333333,0.0,0.5,0.0,0.1967310333334353,0.02581780554110762,1.0,1.0,Random
hatespeech,coreset_far_wrong,market_random_select,0.005,25,0.5689829533333334,0.008091535879036316,0.3333333333333333,0.0,0.5,0.0,0.23456859999987498,0.026018631712255495,2.3333333333333335,0.5773502691896258,Random
hatespeech,coreset_far_wrong,market_random_select,0.01,50,0.55006216,0.01462841396564918,0.3333333333333333,0.0,0.5,0.0,0.23800983333330802,0.07717028383797814,3.6666666666666665,1.1547005383792515,Random
hatespeech,coreset_far_wrong,market_random_select,0.02,100,0.5591402600000001,0.0033821069923347883,0.3333333333333333,0.0,0.5,0.0,0.2805268666670599,0.035477723194215126,9.333333333333334,4.041451884327381,Random
hatespeech,coreset_far_wrong,market_typiclust_select,0.0025,12,0.55164574,0.016839266397999684,0.3333333333333333,0.0,0.5,0.0,0.206629966666848,0.01590765594840632,12.0,0.0,TypiClust
hatespeech,coreset_far_wrong,market_typiclust_select,0.005,25,0.5460617133333333,0.031406039247032266,0.3333333333333333,0.0,0.5,0.0,0.21925733333334083,0.057350842725316126,25.0,0.0,TypiClust
hatespeech,coreset_far_wrong,market_typiclust_select,0.01,50,0.5369256,0.02258804091046412,0.3333333333333333,0.0,0.5,0.0,0.1934464999997847,0.02706684186447472,50.0,0.0,TypiClust
hatespeech,coreset_far_wrong,market_typiclust_select,0.02,100,0.5466007666666667,0.005705541758863311,0.3333333333333333,0.0,0.5,0.0,0.2177108666670998,0.01261303934228121,100.0,0.0,TypiClust
hatespeech,coreset_far_wrong,ours_kernel_ridge_student,0.0025,12,0.5457572266666667,0.018804169071451538,0.3333333333333333,0.0,0.5,0.0,0.18108693333351766,0.03521115578751971,12.0,0.0,Ours-online-KRR
hatespeech,coreset_far_wrong,ours_kernel_ridge_student,0.005,25,0.5349373199999999,0.03516100844769392,0.3333333333333333,0.0,0.5,0.0,0.2120810666666936,0.06726723998419362,25.0,0.0,Ours-online-KRR
hatespeech,coreset_far_wrong,ours_kernel_ridge_student,0.01,50,0.5328787933333333,0.009081722943414056,0.3333333333333333,0.0,0.5,0.0,0.17265849999997343,0.023763616252686543,50.0,0.0,Ours-online-KRR
hatespeech,coreset_far_wrong,ours_kernel_ridge_student,0.02,100,0.5332067399999999,0.02943732706154557,0.3333333333333333,0.0,0.5,0.0,0.2107729333335252,0.054385813106893395,99.66666666666667,0.5773502691896247,Ours-online-KRR
hatespeech,coreset_far_wrong,ours_sample_package_krr,0.0025,12,0.52894174,0.03749799687418512,0.3333333333333333,0.0,0.5,0.0,0.18558056666658254,0.06612499623704296,12.0,0.0,Ours-online-pkg-KRR
hatespeech,coreset_far_wrong,ours_sample_package_krr,0.005,25,0.5304360533333333,0.030627348055816666,0.3333333333333333,0.0,0.5,0.0,0.2083967000000181,0.022718750027862732,25.0,0.0,Ours-online-pkg-KRR
hatespeech,coreset_far_wrong,ours_sample_package_krr,0.01,50,0.5590749533333333,0.006668903258387657,0.3333333333333333,0.0,0.5,0.0,0.1970963333331686,0.018666198388901684,50.0,0.0,Ours-online-pkg-KRR
hatespeech,coreset_far_wrong,ours_sample_package_krr,0.02,100,0.5478005133333333,0.02956186304403246,0.3333333333333333,0.0,0.5,0.0,0.21040603333343214,0.02795481269910812,99.66666666666667,0.5773502691896247,Ours-online-pkg-KRR
hatespeech,cosine,market_badge_select,0.0025,12,0.5235100266666667,0.04219966054196323,0.3333333333333333,0.0,0.5,0.0,0.18132396666669584,0.020304118104392515,10.333333333333334,2.8867513459481287,BADGE
hatespeech,cosine,market_badge_select,0.005,25,0.56558758,0.0050178285651465045,0.3333333333333333,0.0,0.5,0.0,0.22321983333343567,0.003981844026847782,18.666666666666668,10.115993936995679,BADGE
hatespeech,cosine,market_badge_select,0.01,50,0.52615788,0.03964087118806548,0.3333333333333333,0.0,0.5,0.0,0.18289296666671354,0.03256504658545671,27.0,21.656407827707714,BADGE
hatespeech,cosine,market_badge_select,0.02,100,0.5275163666666667,0.04281276853040142,0.3333333333333333,0.0,0.5,0.0,0.21322309999989855,0.02073179218064026,33.666666666666664,32.593455375785695,BADGE
hatespeech,cosine,market_coreset_select,0.0025,12,0.5365606399999999,0.02107679335963612,0.3333333333333333,0.0,0.5,0.0,0.26755003333346394,0.028299280791218535,10.333333333333334,2.8867513459481287,CoreSet
hatespeech,cosine,market_coreset_select,0.005,25,0.5588123733333333,0.0009635851273932233,0.3333333333333333,0.0,0.5,0.0,0.2549073666665815,0.006866986662497649,18.666666666666668,10.115993936995679,CoreSet
hatespeech,cosine,market_coreset_select,0.01,50,0.50824904,0.023069368921520117,0.3333333333333333,0.0,0.5,0.0,0.20337896666645364,0.008371271107754322,27.0,21.656407827707714,CoreSet
hatespeech,cosine,market_coreset_select,0.02,100,0.5454753066666667,0.01414956626807094,0.3333333333333333,0.0,0.5,0.0,0.2810534000000188,0.061965246728729946,33.666666666666664,32.593455375785695,CoreSet
hatespeech,cosine,market_cosine_select,0.0025,12,0.5554574133333333,0.022009399108511157,0.3333333333333333,0.0,0.5,0.0,0.24328160000004573,0.026745086269580647,0.0,0.0,Cosine
hatespeech,cosine,market_cosine_select,0.005,25,0.5532749333333333,0.015394638581874287,0.3333333333333333,0.0,0.5,0.0,0.26619463333342225,0.021546405009334017,0.0,0.0,Cosine
hatespeech,cosine,market_cosine_select,0.01,50,0.5614884666666667,0.0016660410770845855,0.3333333333333333,0.0,0.5,0.0,0.22023873333349306,0.005028091209943813,0.0,0.0,Cosine
hatespeech,cosine,market_cosine_select,0.02,100,0.5647183533333333,0.005519569385897123,0.3333333333333333,0.0,0.5,0.0,0.22933773333321972,0.02291920042115008,0.0,0.0,Cosine
hatespeech,cosine,market_kmeans_center_select,0.0025,12,0.5616391733333334,0.0046530070339226666,0.3333333333333333,0.0,0.5,0.0,0.21352423333337356,0.008121795691020183,8.0,1.7320508075688772,KMeans
hatespeech,cosine,market_kmeans_center_select,0.005,25,0.5600961066666666,0.007699308368868819,0.3333333333333333,0.0,0.5,0.0,0.20382366666687324,0.022639388226407157,19.0,3.0,KMeans
hatespeech,cosine,market_kmeans_center_select,0.01,50,0.52779106,0.03695824484427265,0.3333333333333333,0.0,0.5,0.0,0.17812050000020463,0.03403570815210527,35.333333333333336,8.32666399786453,KMeans
hatespeech,cosine,market_kmeans_center_select,0.02,100,0.54268194,0.03666078766141282,0.3333333333333333,0.0,0.5,0.0,0.23809093333359968,0.017196630699300174,65.33333333333333,6.8068592855540455,KMeans
hatespeech,cosine,market_random_select,0.0025,12,0.5653105066666666,0.0027226128164197414,0.3333333333333333,0.0,0.5,0.0,0.2531784666666681,0.04980473257435429,1.0,1.0,Random
hatespeech,cosine,market_random_select,0.005,25,0.5688592,0.007877809421000226,0.3333333333333333,0.0,0.5,0.0,0.279408833333188,0.028922261673958262,2.3333333333333335,0.5773502691896258,Random
hatespeech,cosine,market_random_select,0.01,50,0.5500081466666666,0.012055459162144486,0.3333333333333333,0.0,0.5,0.0,0.2696900000000823,0.05112673069273437,3.6666666666666665,1.1547005383792515,Random
hatespeech,cosine,market_random_select,0.02,100,0.5472795466666667,0.013818453557794808,0.3333333333333333,0.0,0.5,0.0,0.2469246999999086,0.03797099358854377,9.333333333333334,4.041451884327381,Random
hatespeech,cosine,market_typiclust_select,0.0025,12,0.55358676,0.018067562056060606,0.3333333333333333,0.0,0.5,0.0,0.20726486666641597,0.03376509556078713,2.3333333333333335,4.041451884327381,TypiClust
hatespeech,cosine,market_typiclust_select,0.005,25,0.54690692,0.030810691965277262,0.3333333333333333,0.0,0.5,0.0,0.19670873333340444,0.031130652590138932,9.333333333333334,4.509249752822894,TypiClust
hatespeech,cosine,market_typiclust_select,0.01,50,0.56059252,0.008325934351194443,0.3333333333333333,0.0,0.5,0.0,0.24882956666669995,0.03640576255618122,16.0,4.0,TypiClust
hatespeech,cosine,market_typiclust_select,0.02,100,0.5577304266666667,0.015083141017246147,0.3333333333333333,0.0,0.5,0.0,0.25338670000019187,0.04276192436971804,34.333333333333336,5.8594652770823155,TypiClust
hatespeech,cosine,ours_kernel_ridge_student,0.0025,12,0.5429938466666667,0.018390366694444486,0.3333333333333333,0.0,0.5,0.0,0.22373143333334153,0.062267861233019646,11.0,1.0,Ours-online-KRR
hatespeech,cosine,ours_kernel_ridge_student,0.005,25,0.5406219466666666,0.04294733577692723,0.3333333333333333,0.0,0.5,0.0,0.20234423333325438,0.036044827209676895,23.0,2.0,Ours-online-KRR
hatespeech,cosine,ours_kernel_ridge_student,0.01,50,0.5334925533333333,0.013393871571018318,0.3333333333333333,0.0,0.5,0.0,0.17583426666654603,0.022297054873740625,42.666666666666664,3.5118845842842465,Ours-online-KRR
hatespeech,cosine,ours_kernel_ridge_student,0.02,100,0.5321577333333334,0.040200707764825934,0.3333333333333333,0.0,0.5,0.0,0.2347231666666023,0.08984182571304918,85.0,6.244997998398398,Ours-online-KRR
hatespeech,cosine,ours_sample_package_krr,0.0025,12,0.5307907733333334,0.039657383063587674,0.3333333333333333,0.0,0.5,0.0,0.1871739333332698,0.044408561974987194,11.0,1.0,Ours-online-pkg-KRR
hatespeech,cosine,ours_sample_package_krr,0.005,25,0.52784394,0.030260788519594118,0.3333333333333333,0.0,0.5,0.0,0.18496053333334805,0.03477750373032085,23.0,2.0,Ours-online-pkg-KRR
hatespeech,cosine,ours_sample_package_krr,0.01,50,0.5408679666666667,0.025365402980219675,0.3333333333333333,0.0,0.5,0.0,0.2236337000000882,0.044666749523663944,42.666666666666664,3.5118845842842465,Ours-online-pkg-KRR
hatespeech,cosine,ours_sample_package_krr,0.02,100,0.5397993666666667,0.043360506103639354,0.3333333333333333,0.0,0.5,0.0,0.22725073333337298,0.06738458287568226,85.0,6.244997998398398,Ours-online-pkg-KRR
hatespeech,kmeans_center,market_badge_select,0.0025,12,0.5237283866666667,0.042784925665062645,0.3333333333333333,0.0,0.5,0.0,0.19369850000005798,0.05479764062898422,10.666666666666666,2.3094010767585034,BADGE
hatespeech,kmeans_center,market_badge_select,0.005,25,0.5431815999999999,0.03320355009387996,0.3333333333333333,0.0,0.5,0.0,0.22441686666646396,0.009236775461436664,19.333333333333332,9.814954576223638,BADGE
hatespeech,kmeans_center,market_badge_select,0.01,50,0.52219924,0.026243300595626285,0.3333333333333333,0.0,0.5,0.0,0.19233313333355298,0.03166501857921262,28.333333333333332,21.031722072463143,BADGE
hatespeech,kmeans_center,market_badge_select,0.02,100,0.5302471,0.03457591515058422,0.3333333333333333,0.0,0.5,0.0,0.2300432333331627,0.0029492044638808313,40.333333333333336,37.80652501002087,BADGE
hatespeech,kmeans_center,market_coreset_select,0.0025,12,0.53635796,0.020685772867137502,0.3333333333333333,0.0,0.5,0.0,0.22490783333356978,0.03735620522661274,10.666666666666666,2.3094010767585034,CoreSet
hatespeech,kmeans_center,market_coreset_select,0.005,25,0.5603679066666666,0.002299664600443641,0.3333333333333333,0.0,0.5,0.0,0.2519957666666717,0.005449092878983801,19.333333333333332,9.814954576223638,CoreSet
hatespeech,kmeans_center,market_coreset_select,0.01,50,0.5263095133333333,0.03911161956504658,0.3333333333333333,0.0,0.5,0.0,0.22424356666670064,0.043752363592988314,28.333333333333332,21.031722072463143,CoreSet
hatespeech,kmeans_center,market_coreset_select,0.02,100,0.5185902933333334,0.05478033096327312,0.3333333333333333,0.0,0.5,0.0,0.25835986666697863,0.07475413253903006,39.666666666666664,38.591881702416806,CoreSet
hatespeech,kmeans_center,market_cosine_select,0.0025,12,0.5485364066666667,0.019267638045358148,0.3333333333333333,0.0,0.5,0.0,0.19807376666661483,0.04601066506520404,10.333333333333334,2.8867513459481287,Cosine
hatespeech,kmeans_center,market_cosine_select,0.005,25,0.5520066133333333,0.013248857272237995,0.3333333333333333,0.0,0.5,0.0,0.21206483333344286,0.018372331458024686,18.333333333333332,6.658328118479393,Cosine
hatespeech,kmeans_center,market_cosine_select,0.01,50,0.56068658,0.004224330299443862,0.3333333333333333,0.0,0.5,0.0,0.21682223333315653,0.009345289179198505,27.666666666666668,10.692676621563626,Cosine
hatespeech,kmeans_center,market_cosine_select,0.02,100,0.5613353799999999,0.002669815056591002,0.3333333333333333,0.0,0.5,0.0,0.23225583333320776,0.013052492161774223,44.333333333333336,11.930353445448853,Cosine
hatespeech,kmeans_center,market_kmeans_center_select,0.0025,12,0.56293888,0.0013239191439056459,0.3333333333333333,0.0,0.5,0.0,0.2129080000001219,0.025913722088736525,2.3333333333333335,0.5773502691896258,KMeans
hatespeech,kmeans_center,market_kmeans_center_select,0.005,25,0.5681685399999999,0.0066799184070465995,0.3333333333333333,0.0,0.5,0.0,0.2593961333332117,0.03713880051385878,3.6666666666666665,1.5275252316519465,KMeans
hatespeech,kmeans_center,market_kmeans_center_select,0.01,50,0.5256685933333333,0.036041847845138766,0.3333333333333333,0.0,0.5,0.0,0.17469626666661497,0.03552518956009516,8.666666666666666,4.041451884327381,KMeans
hatespeech,kmeans_center,market_kmeans_center_select,0.02,100,0.5371235533333333,0.03960749646278767,0.3333333333333333,0.0,0.5,0.0,0.2054191333336348,0.04056681832922344,20.0,7.810249675906654,KMeans
hatespeech,kmeans_center,market_random_select,0.0025,12,0.56561468,0.002192739640997123,0.3333333333333333,0.0,0.5,0.0,0.24291563333342003,0.027463994603014522,1.0,1.0,Random
hatespeech,kmeans_center,market_random_select,0.005,25,0.56788848,0.007516709579277402,0.3333333333333333,0.0,0.5,0.0,0.24650403333331875,0.040429033884081325,2.3333333333333335,0.5773502691896258,Random
hatespeech,kmeans_center,market_random_select,0.01,50,0.54279316,0.02757953349691765,0.3333333333333333,0.0,0.5,0.0,0.25395569999985423,0.03533676101143934,3.6666666666666665,1.1547005383792515,Random
hatespeech,kmeans_center,market_random_select,0.02,100,0.5554329466666666,0.008264631895525261,0.3333333333333333,0.0,0.5,0.0,0.27931276666640764,0.046220252817272996,9.333333333333334,4.041451884327381,Random
hatespeech,kmeans_center,market_typiclust_select,0.0025,12,0.55297668,0.017250312489934774,0.3333333333333333,0.0,0.5,0.0,0.2168070666666608,0.04102848113009018,0.0,0.0,TypiClust
hatespeech,kmeans_center,market_typiclust_select,0.005,25,0.5477881466666666,0.03234769871471735,0.3333333333333333,0.0,0.5,0.0,0.19553980000015747,0.030699619322146408,1.0,1.7320508075688772,TypiClust
hatespeech,kmeans_center,market_typiclust_select,0.01,50,0.5392008333333332,0.024138305631152646,0.3333333333333333,0.0,0.5,0.0,0.19461940000004077,0.03089551457874803,6.0,3.605551275463989,TypiClust
hatespeech,kmeans_center,market_typiclust_select,0.02,100,0.5527862866666666,0.014242464080801953,0.3333333333333333,0.0,0.5,0.0,0.2285289333337156,0.003314083680930015,12.0,5.291502622129181,TypiClust
hatespeech,kmeans_center,ours_kernel_ridge_student,0.0025,12,0.5353984933333334,0.02321610013529695,0.3333333333333333,0.0,0.5,0.0,0.17985656666663385,0.035109946044781605,5.666666666666667,3.0550504633038935,Ours-online-KRR
hatespeech,kmeans_center,ours_kernel_ridge_student,0.005,25,0.5419871333333334,0.04071089205931179,0.3333333333333333,0.0,0.5,0.0,0.19490196666659662,0.030588040186481556,13.0,6.082762530298219,Ours-online-KRR
hatespeech,kmeans_center,ours_kernel_ridge_student,0.01,50,0.52644548,0.015565310057136754,0.3333333333333333,0.0,0.5,0.0,0.17255896666650486,0.009778618819940665,23.666666666666668,5.033222956847167,Ours-online-KRR
hatespeech,kmeans_center,ours_kernel_ridge_student,0.02,100,0.5152455266666667,0.03463748731776788,0.3333333333333333,0.0,0.5,0.0,0.2008168000005147,0.030851550029031945,42.666666666666664,8.020806277010642,Ours-online-KRR
hatespeech,kmeans_center,ours_sample_package_krr,0.0025,12,0.5302751866666667,0.0376071474691998,0.3333333333333333,0.0,0.5,0.0,0.19117930000008224,0.027345523596998596,5.666666666666667,3.0550504633038935,Ours-online-pkg-KRR
hatespeech,kmeans_center,ours_sample_package_krr,0.005,25,0.5326506333333333,0.033756783127983844,0.3333333333333333,0.0,0.5,0.0,0.1937717333333542,0.029661569457042115,13.0,6.082762530298219,Ours-online-pkg-KRR
hatespeech,kmeans_center,ours_sample_package_krr,0.01,50,0.52695436,0.030456615302006322,0.3333333333333333,0.0,0.5,0.0,0.18871853333318236,0.04084845502904532,23.666666666666668,5.033222956847167,Ours-online-pkg-KRR
hatespeech,kmeans_center,ours_sample_package_krr,0.02,100,0.5410896,0.04123340330257991,0.3333333333333333,0.0,0.5,0.0,0.20520443333286187,0.038041075415632876,42.666666666666664,8.020806277010642,Ours-online-pkg-KRR
hatespeech,noise,market_badge_select,0.0025,12,0.5306767533333333,0.04421239541068245,0.3333333333333333,0.0,0.5,0.0,0.19814473333326524,0.040739200268528196,0.0,0.0,BADGE
hatespeech,noise,market_badge_select,0.005,25,0.5691235,0.004898498458466621,0.3333333333333333,0.0,0.5,0.0,0.22545926666680308,0.003435402045222682,0.0,0.0,BADGE
hatespeech,noise,market_badge_select,0.01,50,0.5380843533333333,0.048922030270725,0.3333333333333333,0.0,0.5,0.0,0.1898212333332291,0.05712234741528405,0.0,0.0,BADGE
hatespeech,noise,market_badge_select,0.02,100,0.53332676,0.03805684590498271,0.3333333333333333,0.0,0.5,0.0,0.21013743333302648,0.024102757736072202,0.0,0.0,BADGE
hatespeech,noise,market_coreset_select,0.0025,12,0.5369531133333333,0.020872534081192336,0.3333333333333333,0.0,0.5,0.0,0.22491900000007561,0.05653857846007551,0.0,0.0,CoreSet
hatespeech,noise,market_coreset_select,0.005,25,0.5577054133333333,0.0023921536802081417,0.3333333333333333,0.0,0.5,0.0,0.2473235666666369,0.03087622499190517,0.0,0.0,CoreSet
hatespeech,noise,market_coreset_select,0.01,50,0.5285838866666667,0.013362780777073787,0.3333333333333333,0.0,0.5,0.0,0.23000756666669983,0.027466452755359493,0.0,0.0,CoreSet
hatespeech,noise,market_coreset_select,0.02,100,0.54678876,0.007592563648307482,0.3333333333333333,0.0,0.5,0.0,0.27216789999965835,0.051574611146969825,0.0,0.0,CoreSet
hatespeech,noise,market_cosine_select,0.0025,12,0.5436315466666667,0.02271224322996155,0.3333333333333333,0.0,0.5,0.0,0.2412526666666963,0.09393977314346295,0.0,0.0,Cosine
hatespeech,noise,market_cosine_select,0.005,25,0.55399546,0.016489797123712617,0.3333333333333333,0.0,0.5,0.0,0.3094648666666823,0.05411019256499867,0.0,0.0,Cosine
hatespeech,noise,market_cosine_select,0.01,50,0.5587884933333332,0.0020653564215731344,0.3333333333333333,0.0,0.5,0.0,0.22399316666678715,0.05288091538503189,0.0,0.0,Cosine
hatespeech,noise,market_cosine_select,0.02,100,0.5562982866666667,0.0164119087919758,0.3333333333333333,0.0,0.5,0.0,0.2547251666668065,0.04711865988460284,1.0,1.0,Cosine
hatespeech,noise,market_kmeans_center_select,0.0025,12,0.5623895133333333,0.0001811135172573683,0.3333333333333333,0.0,0.5,0.0,0.21567816666659678,0.04006870919625103,12.0,0.0,KMeans
hatespeech,noise,market_kmeans_center_select,0.005,25,0.54932822,0.024168159541313874,0.3333333333333333,0.0,0.5,0.0,0.19922893333341554,0.034358599001794575,25.0,0.0,KMeans
hatespeech,noise,market_kmeans_center_select,0.01,50,0.5189024133333334,0.022368749044685853,0.3333333333333333,0.0,0.5,0.0,0.17590036666691347,0.04707595290560229,50.0,0.0,KMeans
hatespeech,noise,market_kmeans_center_select,0.02,100,0.55607936,0.006433471916749144,0.3333333333333333,0.0,0.5,0.0,0.22802660000009686,0.008938244007050374,100.0,0.0,KMeans
hatespeech,noise,market_random_select,0.0025,12,0.5652546666666667,0.00485945271327263,0.3333333333333333,0.0,0.5,0.0,0.33332359999970623,0.03709750252557912,1.0,1.0,Random
hatespeech,noise,market_random_select,0.005,25,0.5680393266666667,0.007599017601778068,0.3333333333333333,0.0,0.5,0.0,0.37302520000002914,0.04030159381266651,2.3333333333333335,0.5773502691896258,Random
hatespeech,noise,market_random_select,0.01,50,0.5547530866666667,0.013397439112372664,0.3333333333333333,0.0,0.5,0.0,0.32676776666676227,0.019564064640529552,3.6666666666666665,1.1547005383792515,Random
hatespeech,noise,market_random_select,0.02,100,0.5618055733333333,0.00441549520422491,0.3333333333333333,0.0,0.5,0.0,0.357418333333347,0.03305326320964127,9.333333333333334,4.041451884327381,Random
hatespeech,noise,market_typiclust_select,0.0025,12,0.55164574,0.016839266397999684,0.3333333333333333,0.0,0.5,0.0,0.2124488000002505,0.07941430012626141,12.0,0.0,TypiClust
hatespeech,noise,market_typiclust_select,0.005,25,0.5460617133333333,0.031406039247032266,0.3333333333333333,0.0,0.5,0.0,0.20138096666672325,0.03320194529632784,25.0,0.0,TypiClust
hatespeech,noise,market_typiclust_select,0.01,50,0.5369256,0.02258804091046412,0.3333333333333333,0.0,0.5,0.0,0.20204166666674908,0.02648244856957346,50.0,0.0,TypiClust
hatespeech,noise,market_typiclust_select,0.02,100,0.5466007666666667,0.005705541758863311,0.3333333333333333,0.0,0.5,0.0,0.22260826666661157,0.017088225263028133,100.0,0.0,TypiClust
hatespeech,noise,ours_kernel_ridge_student,0.0025,12,0.5457572266666667,0.018804169071451538,0.3333333333333333,0.0,0.5,0.0,0.20269540000011452,0.05469851423038694,12.0,0.0,Ours-online-KRR
hatespeech,noise,ours_kernel_ridge_student,0.005,25,0.5349373199999999,0.03516100844769392,0.3333333333333333,0.0,0.5,0.0,0.18903616666663461,0.03296674517718935,25.0,0.0,Ours-online-KRR
hatespeech,noise,ours_kernel_ridge_student,0.01,50,0.5328787933333333,0.009081722943414056,0.3333333333333333,0.0,0.5,0.0,0.17014073333317958,0.03602374035828439,50.0,0.0,Ours-online-KRR
hatespeech,noise,ours_kernel_ridge_student,0.02,100,0.5332067399999999,0.02943732706154557,0.3333333333333333,0.0,0.5,0.0,0.1896403333327422,0.026461834221050036,99.66666666666667,0.5773502691896247,Ours-online-KRR
hatespeech,noise,ours_sample_package_krr,0.0025,12,0.52894174,0.03749799687418512,0.3333333333333333,0.0,0.5,0.0,0.164251800000026,0.02955869198212128,12.0,0.0,Ours-online-pkg-KRR
hatespeech,noise,ours_sample_package_krr,0.005,25,0.5304360533333333,0.030627348055816666,0.3333333333333333,0.0,0.5,0.0,0.1861262999999174,0.030917119708710174,25.0,0.0,Ours-online-pkg-KRR
hatespeech,noise,ours_sample_package_krr,0.01,50,0.5590749533333333,0.006668903258387657,0.3333333333333333,0.0,0.5,0.0,0.18942463333329818,0.028108052056384277,50.0,0.0,Ours-online-pkg-KRR
hatespeech,noise,ours_sample_package_krr,0.02,100,0.5478005133333333,0.02956186304403246,0.3333333333333333,0.0,0.5,0.0,0.2087102333334769,0.03021622365091317,99.66666666666667,0.5773502691896247,Ours-online-pkg-KRR
hatespeech,typiclust_dense,market_badge_select,0.0025,12,0.5229866933333334,0.04210644418339002,0.3333333333333333,0.0,0.5,0.0,0.18632503333325676,0.020542124139676394,11.0,1.7320508075688772,BADGE
hatespeech,typiclust_dense,market_badge_select,0.005,25,0.5436020199999999,0.033446683724740224,0.3333333333333333,0.0,0.5,0.0,0.2020726666667845,0.03086072308060699,19.666666666666668,9.237604307034012,BADGE
hatespeech,typiclust_dense,market_badge_select,0.01,50,0.5400977733333333,0.023358339725976514,0.3333333333333333,0.0,0.5,0.0,0.21363493333349956,0.022157044055096917,29.333333333333332,20.502032419575706,BADGE
hatespeech,typiclust_dense,market_badge_select,0.02,100,0.52781442,0.03661739461598549,0.3333333333333333,0.0,0.5,0.0,0.19896489999973702,0.02769226937458461,41.666666666666664,40.513372277969324,BADGE
hatespeech,typiclust_dense,market_coreset_select,0.0025,12,0.5475084666666666,0.0174945024227194,0.3333333333333333,0.0,0.5,0.0,0.24038313333327696,0.016667804605155215,11.0,1.7320508075688772,CoreSet
hatespeech,typiclust_dense,market_coreset_select,0.005,25,0.5589502466666666,0.0015529978618572958,0.3333333333333333,0.0,0.5,0.0,0.2597922000001442,0.003840006646173241,20.666666666666668,7.505553499465135,CoreSet
hatespeech,typiclust_dense,market_coreset_select,0.01,50,0.52708802,0.04230658768688872,0.3333333333333333,0.0,0.5,0.0,0.22919869999986983,0.03377212810732593,31.333333333333332,19.008769905844336,CoreSet
hatespeech,typiclust_dense,market_coreset_select,0.02,100,0.5425854533333333,0.015208412039254235,0.3333333333333333,0.0,0.5,0.0,0.27336743333338137,0.07030513175491507,46.333333333333336,36.35014901390823,CoreSet
hatespeech,typiclust_dense,market_cosine_select,0.0025,12,0.5461285466666667,0.025379913979336692,0.3333333333333333,0.0,0.5,0.0,0.2386523666665804,0.028336761058002494,1.6666666666666667,1.5275252316519468,Cosine
hatespeech,typiclust_dense,market_cosine_select,0.005,25,0.5586765066666667,0.018490899322037645,0.3333333333333333,0.0,0.5,0.0,0.2285545999999764,0.07053273020076209,1.6666666666666667,1.5275252316519468,Cosine
hatespeech,typiclust_dense,market_cosine_select,0.01,50,0.5614648400000001,0.0024097356944693853,0.3333333333333333,0.0,0.5,0.0,0.21428553333362288,0.001848287678471849,2.6666666666666665,2.3094010767585034,Cosine
hatespeech,typiclust_dense,market_cosine_select,0.02,100,0.5686215,0.00045036399012364145,0.3333333333333333,0.0,0.5,0.0,0.239152899999984,0.023976002854323438,3.3333333333333335,2.8867513459481287,Cosine
hatespeech,typiclust_dense,market_kmeans_center_select,0.0025,12,0.5637571333333334,0.0020171339862620867,0.3333333333333333,0.0,0.5,0.0,0.23692356666682216,0.022393248355838172,1.6666666666666667,0.5773502691896257,KMeans
hatespeech,typiclust_dense,market_kmeans_center_select,0.005,25,0.5678470466666666,0.006981671789258892,0.3333333333333333,0.0,0.5,0.0,0.21950576666677077,0.006891731258556035,3.3333333333333335,1.5275252316519468,KMeans
hatespeech,typiclust_dense,market_kmeans_center_select,0.01,50,0.52517624,0.033780530727097795,0.3333333333333333,0.0,0.5,0.0,0.1784022000003157,0.031117752976529207,8.666666666666666,3.055050463303893,KMeans
hatespeech,typiclust_dense,market_kmeans_center_select,0.02,100,0.5391559199999999,0.03359379789655819,0.3333333333333333,0.0,0.5,0.0,0.20647783333333788,0.036148285604161924,19.333333333333332,8.386497083606082,KMeans
hatespeech,typiclust_dense,market_random_select,0.0025,12,0.5577550266666668,0.015327951802407655,0.3333333333333333,0.0,0.5,0.0,0.2363048333334821,0.04303563596132027,1.0,1.0,Random
hatespeech,typiclust_dense,market_random_select,0.005,25,0.5471529933333333,0.03523056267436751,0.3333333333333333,0.0,0.5,0.0,0.26884503333349125,0.06938748335290074,2.3333333333333335,0.5773502691896258,Random
hatespeech,typiclust_dense,market_random_select,0.01,50,0.5489979733333333,0.017037463869218727,0.3333333333333333,0.0,0.5,0.0,0.2388321666665736,0.03342418202305639,3.6666666666666665,1.1547005383792515,Random
hatespeech,typiclust_dense,market_random_select,0.02,100,0.5560816533333334,0.014541547207808835,0.3333333333333333,0.0,0.5,0.0,0.2857767333334777,0.05289077459544435,9.333333333333334,4.041451884327381,Random
hatespeech,typiclust_dense,market_typiclust_select,0.0025,12,0.55289246,0.01739779052704104,0.3333333333333333,0.0,0.5,0.0,0.2036427666665379,0.0317928223750676,0.0,0.0,TypiClust
hatespeech,typiclust_dense,market_typiclust_select,0.005,25,0.5479532266666667,0.03283147730608132,0.3333333333333333,0.0,0.5,0.0,0.2014872666666936,0.03550964999206902,0.0,0.0,TypiClust
hatespeech,typiclust_dense,market_typiclust_select,0.01,50,0.5392733866666667,0.026997559578186597,0.3333333333333333,0.0,0.5,0.0,0.1965814999998656,0.02660276604999827,2.0,2.6457513110645907,TypiClust
hatespeech,typiclust_dense,market_typiclust_select,0.02,100,0.5558609333333334,0.015632402775316866,0.3333333333333333,0.0,0.5,0.0,0.22397506666675324,0.0022545254676570358,8.666666666666666,1.1547005383792515,TypiClust
hatespeech,typiclust_dense,ours_kernel_ridge_student,0.0025,12,0.54322246,0.01902318676099249,0.3333333333333333,0.0,0.5,0.0,0.20318599999973228,0.03794821460530454,6.0,2.6457513110645907,Ours-online-KRR
hatespeech,typiclust_dense,ours_kernel_ridge_student,0.005,25,0.5416731,0.041639436089558175,0.3333333333333333,0.0,0.5,0.0,0.20302509999980123,0.0341000821728529,12.333333333333334,5.773502691896258,Ours-online-KRR
hatespeech,typiclust_dense,ours_kernel_ridge_student,0.01,50,0.52066622,0.007425398693969246,0.3333333333333333,0.0,0.5,0.0,0.16234666666665962,0.009593776718794446,22.666666666666668,4.041451884327381,Ours-online-KRR
hatespeech,typiclust_dense,ours_kernel_ridge_student,0.02,100,0.5146419933333334,0.031570526588553076,0.3333333333333333,0.0,0.5,0.0,0.1842840666665021,0.032442171630440705,42.333333333333336,7.76745346515403,Ours-online-KRR
hatespeech,typiclust_dense,ours_sample_package_krr,0.0025,12,0.5311613933333333,0.03957824043201685,0.3333333333333333,0.0,0.5,0.0,0.18235329999985572,0.04236496239593151,6.0,2.6457513110645907,Ours-online-pkg-KRR
hatespeech,typiclust_dense,ours_sample_package_krr,0.005,25,0.53293806,0.03403819787755515,0.3333333333333333,0.0,0.5,0.0,0.1979741333332943,0.03769004207273731,12.333333333333334,5.773502691896258,Ours-online-pkg-KRR
hatespeech,typiclust_dense,ours_sample_package_krr,0.01,50,0.5392942666666666,0.0181636571148581,0.3333333333333333,0.0,0.5,0.0,0.17734253333340652,0.003613189964847036,22.666666666666668,4.041451884327381,Ours-online-pkg-KRR
hatespeech,typiclust_dense,ours_sample_package_krr,0.02,100,0.5421121666666666,0.041955778109134506,0.3333333333333333,0.0,0.5,0.0,0.22766716666683348,0.0646846667972413,42.333333333333336,7.76745346515403,Ours-online-pkg-KRR
hatespeech,uncertainty_badge,market_badge_select,0.0025,12,0.5230793866666666,0.044019417074815215,0.3333333333333333,0.0,0.5,0.0,0.1906857666666231,0.0545707856693698,0.0,0.0,BADGE
hatespeech,uncertainty_badge,market_badge_select,0.005,25,0.5682328066666668,0.002301831580488323,0.3333333333333333,0.0,0.5,0.0,0.22173743333329787,0.005585739580774062,0.0,0.0,BADGE
hatespeech,uncertainty_badge,market_badge_select,0.01,50,0.5574081733333333,0.012362177421544095,0.3333333333333333,0.0,0.5,0.0,0.21179770000026107,0.016320994789707905,0.0,0.0,BADGE
hatespeech,uncertainty_badge,market_badge_select,0.02,100,0.5337846066666666,0.04226864047341167,0.3333333333333333,0.0,0.5,0.0,0.29142603333366424,0.15678500913370966,0.0,0.0,BADGE
hatespeech,uncertainty_badge,market_coreset_select,0.0025,12,0.5391784933333333,0.01629156306239928,0.3333333333333333,0.0,0.5,0.0,0.21990590000026103,0.02481604608396448,0.0,0.0,CoreSet
hatespeech,uncertainty_badge,market_coreset_select,0.005,25,0.5521992866666667,0.009711427973894158,0.3333333333333333,0.0,0.5,0.0,0.2317875333333177,0.03260631111085688,0.0,0.0,CoreSet
hatespeech,uncertainty_badge,market_coreset_select,0.01,50,0.5332556666666667,0.04412167883372228,0.3333333333333333,0.0,0.5,0.0,0.23261646666651356,0.03099206306812713,0.0,0.0,CoreSet
hatespeech,uncertainty_badge,market_coreset_select,0.02,100,0.55027062,0.015665204500331324,0.3333333333333333,0.0,0.5,0.0,0.3338251333334483,0.05089727904969542,0.0,0.0,CoreSet
hatespeech,uncertainty_badge,market_cosine_select,0.0025,12,0.5457004933333334,0.024752659306234832,0.3333333333333333,0.0,0.5,0.0,0.20947046666666813,0.04869072661415701,0.0,0.0,Cosine
hatespeech,uncertainty_badge,market_cosine_select,0.005,25,0.5523603533333333,0.018100569954411113,0.3333333333333333,0.0,0.5,0.0,0.20085923333317623,0.034256246710580904,0.0,0.0,Cosine
hatespeech,uncertainty_badge,market_cosine_select,0.01,50,0.5591317066666667,0.0019210026571906131,0.3333333333333333,0.0,0.5,0.0,0.22623113333353706,0.03131528179409622,0.0,0.0,Cosine
hatespeech,uncertainty_badge,market_cosine_select,0.02,100,0.5667234133333333,0.0011500553486391077,0.3333333333333333,0.0,0.5,0.0,0.21094326666661797,0.016187310800350872,0.0,0.0,Cosine
hatespeech,uncertainty_badge,market_kmeans_center_select,0.0025,12,0.5623895133333333,0.0001811135172573683,0.3333333333333333,0.0,0.5,0.0,0.22879303333335574,0.014213887806521396,12.0,0.0,KMeans
hatespeech,uncertainty_badge,market_kmeans_center_select,0.005,25,0.5642961733333333,0.007965756106794406,0.3333333333333333,0.0,0.5,0.0,0.21377419999983735,0.008499455261980076,23.333333333333332,0.5773502691896255,KMeans
hatespeech,uncertainty_badge,market_kmeans_center_select,0.01,50,0.5232821333333333,0.029739764520293928,0.3333333333333333,0.0,0.5,0.0,0.18080123333326506,0.03760296355853512,45.0,2.6457513110645907,KMeans
hatespeech,uncertainty_badge,market_kmeans_center_select,0.02,100,0.5563476533333334,0.005936424466101939,0.3333333333333333,0.0,0.5,0.0,0.24007776666652106,0.013380559762912013,78.33333333333333,6.110100926607785,KMeans
hatespeech,uncertainty_badge,market_random_select,0.0025,12,0.5641416466666667,0.003101419241723617,0.3333333333333333,0.0,0.5,0.0,0.2667857999999796,0.04326885370442261,1.0,1.0,Random
hatespeech,uncertainty_badge,market_random_select,0.005,25,0.5481115066666666,0.030113537225270263,0.3333333333333333,0.0,0.5,0.0,0.2205580999999862,0.06474000502984324,2.3333333333333335,0.5773502691896258,Random
hatespeech,uncertainty_badge,market_random_select,0.01,50,0.5495893066666667,0.013712079169963002,0.3333333333333333,0.0,0.5,0.0,0.31650390000004336,0.03201378612514365,3.6666666666666665,1.1547005383792515,Random
hatespeech,uncertainty_badge,market_random_select,0.02,100,0.5572891933333334,0.012328102166064869,0.3333333333333333,0.0,0.5,0.0,0.2832269000003483,0.049722016617172016,9.333333333333334,4.041451884327381,Random
hatespeech,uncertainty_badge,market_typiclust_select,0.0025,12,0.5516462533333334,0.016838950793399532,0.3333333333333333,0.0,0.5,0.0,0.20540423333325933,0.025403662404534854,12.0,0.0,TypiClust
hatespeech,uncertainty_badge,market_typiclust_select,0.005,25,0.5462478199999999,0.031211420618286457,0.3333333333333333,0.0,0.5,0.0,0.1960664333331199,0.029911527481050894,23.0,2.0,TypiClust
hatespeech,uncertainty_badge,market_typiclust_select,0.01,50,0.53627022,0.023768967108824906,0.3333333333333333,0.0,0.5,0.0,0.19744030000007717,0.02818135881082602,38.333333333333336,8.621678104251709,TypiClust
hatespeech,uncertainty_badge,market_typiclust_select,0.02,100,0.5506803733333333,0.010891586854491597,0.3333333333333333,0.0,0.5,0.0,0.22809053333367044,0.005669246334743337,64.66666666666667,16.072751268321593,TypiClust
hatespeech,uncertainty_badge,ours_kernel_ridge_student,0.0025,12,0.5370933466666666,0.02134743331252103,0.3333333333333333,0.0,0.5,0.0,0.19297826666676576,0.026275253963509573,9.333333333333334,3.055050463303893,Ours-online-KRR
hatespeech,uncertainty_badge,ours_kernel_ridge_student,0.005,25,0.54191574,0.0409334349082605,0.3333333333333333,0.0,0.5,0.0,0.19903640000014391,0.03829523833087916,20.333333333333332,4.725815626252609,Ours-online-KRR
hatespeech,uncertainty_badge,ours_kernel_ridge_student,0.01,50,0.5295528599999999,0.014286871004205233,0.3333333333333333,0.0,0.5,0.0,0.17232566666643834,0.02030277550391777,40.0,5.5677643628300215,Ours-online-KRR
hatespeech,uncertainty_badge,ours_kernel_ridge_student,0.02,100,0.5265293266666666,0.027252145297721624,0.3333333333333333,0.0,0.5,0.0,0.19662873333315167,0.036042510560615096,79.66666666666667,7.023769168568493,Ours-online-KRR
hatespeech,uncertainty_badge,ours_sample_package_krr,0.0025,12,0.52966594,0.037358873210304386,0.3333333333333333,0.0,0.5,0.0,0.18690126666660942,0.04069507191129043,9.333333333333334,3.055050463303893,Ours-online-pkg-KRR
hatespeech,uncertainty_badge,ours_sample_package_krr,0.005,25,0.5272751333333333,0.028605867766822484,0.3333333333333333,0.0,0.5,0.0,0.17642859999993254,0.03403408005199845,20.333333333333332,4.725815626252609,Ours-online-pkg-KRR
hatespeech,uncertainty_badge,ours_sample_package_krr,0.01,50,0.5555397599999999,0.0013917224940338778,0.3333333333333333,0.0,0.5,0.0,0.19451683333348527,0.016846802700856197,40.0,5.5677643628300215,Ours-online-pkg-KRR
hatespeech,uncertainty_badge,ours_sample_package_krr,0.02,100,0.5492976466666667,0.01736463345389508,0.3333333333333333,0.0,0.5,0.0,0.2106488999997964,0.027220187000173007,79.66666666666667,7.023769168568493,Ours-online-pkg-KRR
mscoco,all_average,market_badge_select,0.0025,12,0.8758327812500001,0.018666958181058714,0.3333333333333333,0.0,0.5,0.0,0.2051352000000103,0.001487831727795178,0.6666666666666666,1.1547005383792517,BADGE
mscoco,all_average,market_badge_select,0.005,25,0.8386522187500001,0.027458092889651165,0.3333333333333333,0.0,0.5,0.0,0.20140613333311796,0.005351469013493444,0.6666666666666666,1.1547005383792517,BADGE
mscoco,all_average,market_badge_select,0.01,50,0.8109487604166666,0.07685489862007933,0.3333333333333333,0.0,0.5,0.0,0.1874940000000909,0.01815005785226145,0.6666666666666666,1.1547005383792517,BADGE
mscoco,all_average,market_badge_select,0.02,100,0.8491824375,0.038048349563276226,0.3333333333333333,0.0,0.5,0.0,0.274951133332858,0.02199258795180664,2.3333333333333335,3.2145502536643185,BADGE
mscoco,all_average,market_coreset_select,0.0025,12,0.8346348124999999,0.03964220547734939,0.3333333333333333,0.0,0.5,0.0,0.23804500000005643,0.012747932731031942,0.3333333333333333,0.5773502691896258,CoreSet
mscoco,all_average,market_coreset_select,0.005,25,0.8993864687500001,0.009479425127817874,0.3333333333333333,0.0,0.5,0.0,0.2566178999998859,0.03476431996165531,0.3333333333333333,0.5773502691896258,CoreSet
mscoco,all_average,market_coreset_select,0.01,50,0.8744803229166666,0.012940545943383725,0.3333333333333333,0.0,0.5,0.0,0.2463752999998784,0.010871363960493685,1.0,1.7320508075688772,CoreSet
mscoco,all_average,market_coreset_select,0.02,100,0.8673684375,0.020200628413415203,0.3333333333333333,0.0,0.5,0.0,0.3295332000000901,0.05068788329511763,2.3333333333333335,4.041451884327381,CoreSet
mscoco,all_average,market_cosine_select,0.0025,12,0.8619196874999999,0.0030523347913868843,0.3333333333333333,0.0,0.5,0.0,0.20447063333328208,0.008806626831121885,4.0,6.928203230275509,Cosine
mscoco,all_average,market_cosine_select,0.005,25,0.8357234583333333,0.04661043164780665,0.3333333333333333,0.0,0.5,0.0,0.2206319666665876,0.04296647325212159,8.333333333333334,14.433756729740644,Cosine
mscoco,all_average,market_cosine_select,0.01,50,0.7850346041666668,0.1595552168366407,0.3333333333333333,0.0,0.5,0.0,0.17779203333338947,0.03244240796260218,16.666666666666668,28.867513459481287,Cosine
mscoco,all_average,market_cosine_select,0.02,100,0.77856503125,0.08623874460443076,0.3333333333333333,0.0,0.5,0.0,0.22575963333323065,0.03376101489041152,33.333333333333336,57.735026918962575,Cosine
mscoco,all_average,market_kmeans_center_select,0.0025,12,0.8829325520833334,0.009829637555127295,0.3333333333333333,0.0,0.5,0.0,0.20300033333326908,0.015160550934102745,0.6666666666666666,1.1547005383792517,KMeans
mscoco,all_average,market_kmeans_center_select,0.005,25,0.8790199583333332,0.012436013215010632,0.3333333333333333,0.0,0.5,0.0,0.20061273333340068,0.004417675109539849,1.3333333333333333,2.3094010767585034,KMeans
mscoco,all_average,market_kmeans_center_select,0.01,50,0.8057382187500001,0.043667591242810895,0.3333333333333333,0.0,0.5,0.0,0.19793683333318768,0.005718951357043208,3.0,5.196152422706632,KMeans
mscoco,all_average,market_kmeans_center_select,0.02,100,0.8357362291666667,0.017962418881420597,0.3333333333333333,0.0,0.5,0.0,0.25791086666625535,0.0942227617014958,10.0,9.539392014169456,KMeans
mscoco,all_average,market_random_select,0.0025,12,0.8430319687500001,0.04245135421127452,0.3479794959809019,0.025367897841506216,0.5067916666666666,0.01176351173473866,0.2013151666666696,0.002882029598168676,1.0,1.0,Random
mscoco,all_average,market_random_select,0.005,25,0.8604656979166667,0.036576818898674306,0.3333333333333333,0.0,0.5,0.0,0.2306097333333431,0.05136173225664581,3.3333333333333335,2.0816659994661326,Random
mscoco,all_average,market_random_select,0.01,50,0.8741931770833333,0.029932634402435255,0.3333333333333333,0.0,0.5,0.0,0.19832336666680325,0.006942295587568205,5.666666666666667,2.5166114784235836,Random
mscoco,all_average,market_random_select,0.02,100,0.86174546875,0.043549711663563216,0.43610372250408985,0.1780035355573766,0.5585833333333333,0.10146930981007667,0.24299619999965216,0.03586855907168069,9.666666666666666,2.309401076758503,Random
mscoco,all_average,market_typiclust_select,0.0025,12,0.8708709583333333,0.011326174589264403,0.3333333333333333,0.0,0.5,0.0,0.22332886666678553,0.047301906265623,3.3333333333333335,5.773502691896257,TypiClust
mscoco,all_average,market_typiclust_select,0.005,25,0.8099624583333335,0.0934858437964503,0.3333333333333333,0.0,0.5,0.0,0.1798244333332756,0.02510992802939512,4.333333333333333,7.505553499465135,TypiClust
mscoco,all_average,market_typiclust_select,0.01,50,0.860219625,0.00885824315587433,0.3333333333333333,0.0,0.5,0.0,0.19570039999992628,0.0022206468176592846,7.0,11.269427669584644,TypiClust
mscoco,all_average,market_typiclust_select,0.02,100,0.8404720520833333,0.0336561601579048,0.3333333333333333,0.0,0.5,0.0,0.21817713333318045,0.033333822487763384,12.666666666666666,18.58314648635514,TypiClust
mscoco,all_average,ours_kernel_ridge_student,0.0025,12,0.8563617291666666,0.010425315506426044,0.3333333333333333,0.0,0.5,0.0,0.21764786666669042,0.036764180138905644,11.0,1.7320508075688772,Ours-online-KRR
mscoco,all_average,ours_kernel_ridge_student,0.005,25,0.8618017395833334,0.013135977495119161,0.3333333333333333,0.0,0.5,0.0,0.20305496666666534,0.004775176135207453,24.0,1.7320508075688772,Ours-online-KRR
mscoco,all_average,ours_kernel_ridge_student,0.01,50,0.8306574374999999,0.028874088222533005,0.3333333333333333,0.0,0.5,0.0,0.20717336666666594,0.005920014858700006,49.0,1.7320508075688772,Ours-online-KRR
mscoco,all_average,ours_kernel_ridge_student,0.02,100,0.8474094270833333,0.027593762055778997,0.3333333333333333,0.0,0.5,0.0,0.22520896666689316,0.05637521589449338,96.33333333333333,6.350852961085882,Ours-online-KRR
mscoco,all_average,ours_sample_package_krr,0.0025,12,0.839426,0.03153030935054734,0.3333333333333333,0.0,0.5,0.0,0.19692946666661246,0.00041514908561770685,11.0,1.7320508075688772,Ours-online-pkg-KRR
mscoco,all_average,ours_sample_package_krr,0.005,25,0.8347293958333334,0.039603531383320116,0.3333333333333333,0.0,0.5,0.0,0.1969000666664821,0.005618423284547927,24.0,1.7320508075688772,Ours-online-pkg-KRR
mscoco,all_average,ours_sample_package_krr,0.01,50,0.7864056666666667,0.13059054420048738,0.3333333333333333,0.0,0.5,0.0,0.19903289999971696,0.06110018633626782,49.0,1.7320508075688772,Ours-online-pkg-KRR
mscoco,all_average,ours_sample_package_krr,0.02,100,0.8104421666666667,0.0728364603225251,0.3333333333333333,0.0,0.5,0.0,0.22209369999958042,0.051897887206408116,96.33333333333333,6.350852961085882,Ours-online-pkg-KRR
mscoco,coreset_far_wrong,market_badge_select,0.0025,12,0.8712048437500001,0.019467150400453267,0.3333333333333333,0.0,0.5,0.0,0.2063176666667156,0.05016850294322281,0.0,0.0,BADGE
mscoco,coreset_far_wrong,market_badge_select,0.005,25,0.7644786458333334,0.1953179461496798,0.3333333333333333,0.0,0.5,0.0,0.184863699999975,0.033499643830630796,0.0,0.0,BADGE
mscoco,coreset_far_wrong,market_badge_select,0.01,50,0.8625314479166666,0.015445675919799189,0.3333333333333333,0.0,0.5,0.0,0.24895783333355814,0.04811868429949908,0.0,0.0,BADGE
mscoco,coreset_far_wrong,market_badge_select,0.02,100,0.8402450729166667,0.02742588679949309,0.3333333333333333,0.0,0.5,0.0,0.22299150000011037,0.012498010931337834,0.0,0.0,BADGE
mscoco,coreset_far_wrong,market_coreset_select,0.0025,12,0.8405822500000001,0.038122267981223645,0.3333333333333333,0.0,0.5,0.0,0.22023290000000384,0.021143393952018925,0.0,0.0,CoreSet
mscoco,coreset_far_wrong,market_coreset_select,0.005,25,0.8919803541666665,0.008373655098715247,0.3333333333333333,0.0,0.5,0.0,0.2384186666668029,0.00898354568392306,0.0,0.0,CoreSet
mscoco,coreset_far_wrong,market_coreset_select,0.01,50,0.88593390625,0.008196700847427994,0.3336109306978117,0.0004808127393237823,0.500125,0.00021650635094610184,0.24870013333338645,0.02184452530632568,0.0,0.0,CoreSet
mscoco,coreset_far_wrong,market_coreset_select,0.02,100,0.8702558125,0.02015168441264876,0.3333333333333333,0.0,0.5,0.0,0.2733827333334678,0.04027429214744287,0.0,0.0,CoreSet
mscoco,coreset_far_wrong,market_cosine_select,0.0025,12,0.8554363020833334,0.016163974127970517,0.4485160348468587,0.1995022911744667,0.5635833333333333,0.1101295638479211,0.21149146666660576,0.015327043583503668,5.0,6.244997998398398,Cosine
mscoco,coreset_far_wrong,market_cosine_select,0.005,25,0.8640987916666667,0.009984460525080412,0.3633058007572108,0.051913836406358875,0.5144583333333334,0.02504256792610005,0.19939643333327695,0.005978841782692386,9.666666666666666,13.428824718989123,Cosine
mscoco,coreset_far_wrong,market_cosine_select,0.01,50,0.8016064895833334,0.07299014019398402,0.3333333333333333,0.0,0.5,0.0,0.1749995000001642,0.027147869455133,19.333333333333332,26.857649437978246,Cosine
mscoco,coreset_far_wrong,market_cosine_select,0.02,100,0.83725053125,0.022205261734777243,0.3333333333333333,0.0,0.5,0.0,0.21415526666654228,0.011683249246488456,40.333333333333336,52.53887449625594,Cosine
mscoco,coreset_far_wrong,market_kmeans_center_select,0.0025,12,0.8494629375000001,0.041767559864425,0.3333333333333333,0.0,0.5,0.0,0.18611083333341102,0.024468803483016367,12.0,0.0,KMeans
mscoco,coreset_far_wrong,market_kmeans_center_select,0.005,25,0.8191626875,0.07531079654727445,0.3333333333333333,0.0,0.5,0.0,0.20013306666669442,0.007790593403595961,25.0,0.0,KMeans
mscoco,coreset_far_wrong,market_kmeans_center_select,0.01,50,0.8094603333333333,0.012403189527748952,0.3333333333333333,0.0,0.5,0.0,0.20161196666686007,0.0015247590805379978,48.666666666666664,2.309401076758502,KMeans
mscoco,coreset_far_wrong,market_kmeans_center_select,0.02,100,0.8596417083333333,0.013889290826616807,0.3333333333333333,0.0,0.5,0.0,0.22078253333317355,0.014992659836599996,97.0,5.196152422706632,KMeans
mscoco,coreset_far_wrong,market_random_select,0.0025,12,0.8340006770833334,0.03551159882214012,0.3384565183215294,0.008873616696129735,0.5023333333333334,0.0040414518843274,0.18983356666664497,0.01844559738185399,1.0,1.0,Random
mscoco,coreset_far_wrong,market_random_select,0.005,25,0.8535390729166666,0.04409410558005034,0.3333333333333333,0.0,0.5,0.0,0.249486700000034,0.04962667656512746,3.3333333333333335,2.0816659994661326,Random
mscoco,coreset_far_wrong,market_random_select,0.01,50,0.8825449166666667,0.010072730439758806,0.3333333333333333,0.0,0.5,0.0,0.19531223333312175,0.015147217212843008,5.666666666666667,2.5166114784235836,Random
mscoco,coreset_far_wrong,market_random_select,0.02,100,0.8718683333333334,0.04356894853336564,0.3333333333333333,0.0,0.5,0.0,0.2429201666667116,0.05341441558446909,9.666666666666666,2.309401076758503,Random
mscoco,coreset_far_wrong,market_typiclust_select,0.0025,12,0.8527832708333335,0.03462260659810012,0.3333333333333333,0.0,0.5,0.0,0.17525856666664666,0.03937496428598187,12.0,0.0,TypiClust
mscoco,coreset_far_wrong,market_typiclust_select,0.005,25,0.8539376979166667,0.02365194257053105,0.3333333333333333,0.0,0.5,0.0,0.1990276999998362,0.0037520878505246514,25.0,0.0,TypiClust
mscoco,coreset_far_wrong,market_typiclust_select,0.01,50,0.8364668125,0.036090970413710434,0.3333333333333333,0.0,0.5,0.0,0.19950636666650703,0.003956944189888497,50.0,0.0,TypiClust
mscoco,coreset_far_wrong,market_typiclust_select,0.02,100,0.8460956249999999,0.023863384264469087,0.3333333333333333,0.0,0.5,0.0,0.22286549999989802,0.009740374011669401,98.0,3.4641016151377544,TypiClust
mscoco,coreset_far_wrong,ours_kernel_ridge_student,0.0025,12,0.8575716458333335,0.008874474634006386,0.4461935111006559,0.19547956204425812,0.56625,0.11474836600143809,0.18929916666653904,0.02416784174895175,12.0,0.0,Ours-online-KRR
mscoco,coreset_far_wrong,ours_kernel_ridge_student,0.005,25,0.8712687083333334,0.014422324591628923,0.3333333333333333,0.0,0.5,0.0,0.2015474666667008,0.007829017464199693,25.0,0.0,Ours-online-KRR
mscoco,coreset_far_wrong,ours_kernel_ridge_student,0.01,50,0.8445608229166667,0.022477123834151753,0.3333333333333333,0.0,0.5,0.0,0.22497386666630823,0.036105176972555254,50.0,0.0,Ours-online-KRR
mscoco,coreset_far_wrong,ours_kernel_ridge_student,0.02,100,0.8463591875,0.034211860155019376,0.3333333333333333,0.0,0.5,0.0,0.24769556666675874,0.039934773446681476,99.66666666666667,0.5773502691896247,Ours-online-KRR
mscoco,coreset_far_wrong,ours_sample_package_krr,0.0025,12,0.8487972604166667,0.045249819652192935,0.3333333333333333,0.0,0.5,0.0,0.19240436666662689,0.013980540935940497,12.0,0.0,Ours-online-pkg-KRR
mscoco,coreset_far_wrong,ours_sample_package_krr,0.005,25,0.7915839375,0.09210184521109277,0.3333333333333333,0.0,0.5,0.0,0.18414109999988182,0.019702941089273954,25.0,0.0,Ours-online-pkg-KRR
mscoco,coreset_far_wrong,ours_sample_package_krr,0.01,50,0.7892926770833334,0.12244093822492834,0.3333333333333333,0.0,0.5,0.0,0.18453520000002752,0.03402026502206513,50.0,0.0,Ours-online-pkg-KRR
mscoco,coreset_far_wrong,ours_sample_package_krr,0.02,100,0.8058930729166667,0.07494136659312432,0.3333333333333333,0.0,0.5,0.0,0.2271455333329868,0.018012731242996776,99.66666666666667,0.5773502691896247,Ours-online-pkg-KRR
mscoco,cosine,market_badge_select,0.0025,12,0.8527201458333332,0.04259910336205799,0.3333333333333333,0.0,0.5,0.0,0.20312760000024355,0.006981638415889732,8.333333333333334,3.511884584284246,BADGE
mscoco,cosine,market_badge_select,0.005,25,0.8586003645833333,0.026527039129368175,0.3537132113090862,0.03529898410605797,0.509625,0.016670989022850434,0.20023643333327826,0.0034102204185985263,12.666666666666666,10.785793124908958,BADGE
mscoco,cosine,market_badge_select,0.01,50,0.8695406562499999,0.01888294176021129,0.3333333333333333,0.0,0.5,0.0,0.20222820000011169,0.005853170758487519,21.0,25.15949125081825,BADGE
mscoco,cosine,market_badge_select,0.02,100,0.8527128125000001,0.016411595214463327,0.3333333333333333,0.0,0.5,0.0,0.2907410666666692,0.06872120731082788,37.666666666666664,54.00308633155454,BADGE
mscoco,cosine,market_coreset_select,0.0025,12,0.7171447395833334,0.11610382331080676,0.3333333333333333,0.0,0.5,0.0,0.22477033333340535,0.010568443840217327,8.333333333333334,3.511884584284246,CoreSet
mscoco,cosine,market_coreset_select,0.005,25,0.9000502291666667,0.010681202888296411,0.3333333333333333,0.0,0.5,0.0,0.2313154000001608,0.007143074601623458,13.666666666666666,9.814954576223638,CoreSet
mscoco,cosine,market_coreset_select,0.01,50,0.8874912395833334,0.007895230518717367,0.3333333333333333,0.0,0.5,0.0,0.26219286666658564,0.026870479175180657,23.333333333333332,23.180451534284945,CoreSet
mscoco,cosine,market_coreset_select,0.02,100,0.8843451562500001,0.011301290055863344,0.3333333333333333,0.0,0.5,0.0,0.27610000000004215,0.028947764217269446,40.0,52.0,CoreSet
mscoco,cosine,market_cosine_select,0.0025,12,0.85977240625,0.009765554136292815,0.3333333333333333,0.0,0.5,0.0,0.20210069999999783,0.005660276266204625,4.0,6.928203230275509,Cosine
mscoco,cosine,market_cosine_select,0.005,25,0.8453465520833333,0.053626483270045155,0.33351843831376526,0.000320611230842139,0.5000833333333333,0.00014433756729739054,0.20039726666664134,0.004024599575339237,8.333333333333334,14.433756729740644,Cosine
mscoco,cosine,market_cosine_select,0.01,50,0.8496321666666665,0.04593274355120705,0.3333333333333333,0.0,0.5,0.0,0.2232230333335489,0.04874767228767002,16.666666666666668,28.867513459481287,Cosine
mscoco,cosine,market_cosine_select,0.02,100,0.82555796875,0.03099938758677151,0.3333333333333333,0.0,0.5,0.0,0.24234373333365503,0.03329905731825449,33.333333333333336,57.735026918962575,Cosine
mscoco,cosine,market_kmeans_center_select,0.0025,12,0.8543257708333334,0.03414681063187941,0.3768650277950341,0.07539910654723056,0.52175,0.0376721050646231,0.19890703333355,0.0021090187894181097,7.0,4.358898943540674,KMeans
mscoco,cosine,market_kmeans_center_select,0.005,25,0.8324134270833333,0.06022482693530174,0.3333333333333333,0.0,0.5,0.0,0.19860813333313362,0.00231650718165405,14.666666666666666,8.504900548115383,KMeans
mscoco,cosine,market_kmeans_center_select,0.01,50,0.7965802812499999,0.03766853337439781,0.46920771168892345,0.2353413267587191,0.581125,0.1405126217640252,0.20164663333313604,0.010363515034184693,28.0,16.3707055437449,KMeans
mscoco,cosine,market_kmeans_center_select,0.02,100,0.8561394166666666,0.012743549738661127,0.3333333333333333,0.0,0.5,0.0,0.2203774666668323,0.004984291900115173,54.666666666666664,30.989245446337243,KMeans
mscoco,cosine,market_random_select,0.0025,12,0.8457477291666667,0.0299440154131802,0.3333333333333333,0.0,0.5,0.0,0.24022319999994576,0.026677581970768097,1.0,1.0,Random
mscoco,cosine,market_random_select,0.005,25,0.8738787395833333,0.0209373444662444,0.3333333333333333,0.0,0.5,0.0,0.22143936666649697,0.036078766763183334,3.3333333333333335,2.0816659994661326,Random
mscoco,cosine,market_random_select,0.01,50,0.8698821875,0.02674777303940244,0.3333333333333333,0.0,0.5,0.0,0.24319733333337956,0.040124210457246894,5.666666666666667,2.5166114784235836,Random
mscoco,cosine,market_random_select,0.02,100,0.8923034583333335,0.008156051564895359,0.3333333333333333,0.0,0.5,0.0,0.2768810333333627,0.02916742685652643,9.666666666666666,2.309401076758503,Random
mscoco,cosine,market_typiclust_select,0.0025,12,0.8794473645833333,0.026733142632545975,0.3333333333333333,0.0,0.5,0.0,0.20184026666659818,0.0033360694900785013,7.333333333333333,6.429100507328637,TypiClust
mscoco,cosine,market_typiclust_select,0.005,25,0.85158859375,0.026892003341508822,0.3333333333333333,0.0,0.5,0.0,0.21559303333333438,0.033113334882274977,14.0,11.532562594670797,TypiClust
mscoco,cosine,market_typiclust_select,0.01,50,0.8363286979166666,0.02791927345255397,0.3333333333333333,0.0,0.5,0.0,0.2031665999996524,0.005216105611837579,29.333333333333332,20.108041509140897,TypiClust
mscoco,cosine,market_typiclust_select,0.02,100,0.8470001145833334,0.027632562362494062,0.3333333333333333,0.0,0.5,0.0,0.21047916666672487,0.0025522334380956853,57.333333333333336,38.42308333974947,TypiClust
mscoco,cosine,ours_kernel_ridge_student,0.0025,12,0.8526109375,0.007604256000381388,0.44448316804183996,0.1925171609680161,0.565,0.11258330249197701,0.206192799999826,0.005014601911359054,10.666666666666666,1.5275252316519465,Ours-online-KRR
mscoco,cosine,ours_kernel_ridge_student,0.005,25,0.8660569791666667,0.01017108647828556,0.3333333333333333,0.0,0.5,0.0,0.20289593333336595,0.00284089862079791,22.333333333333332,3.785938897200182,Ours-online-KRR
mscoco,cosine,ours_kernel_ridge_student,0.01,50,0.8283710520833334,0.03166453793660357,0.3333333333333333,0.0,0.5,0.0,0.196930833333378,0.0034298317834156695,46.0,6.082762530298219,Ours-online-KRR
mscoco,cosine,ours_kernel_ridge_student,0.02,100,0.8471900312499999,0.03430346271613675,0.3333333333333333,0.0,0.5,0.0,0.25771620000008016,0.03828959814935536,90.33333333333333,15.885003409925138,Ours-online-KRR
mscoco,cosine,ours_sample_package_krr,0.0025,12,0.84354696875,0.03608037328384719,0.3333333333333333,0.0,0.5,0.0,0.2189040666667096,0.022667654762857623,10.666666666666666,1.5275252316519465,Ours-online-pkg-KRR
mscoco,cosine,ours_sample_package_krr,0.005,25,0.7918028541666667,0.09609848593497436,0.3333333333333333,0.0,0.5,0.0,0.18435533333346635,0.020150165059900284,22.333333333333332,3.785938897200182,Ours-online-pkg-KRR
mscoco,cosine,ours_sample_package_krr,0.01,50,0.8196868125000001,0.07712148513135764,0.3333333333333333,0.0,0.5,0.0,0.19461553333333845,0.0027447748587031916,46.0,6.082762530298219,Ours-online-pkg-KRR
mscoco,cosine,ours_sample_package_krr,0.02,100,0.8059949583333333,0.07797656994794036,0.3333333333333333,0.0,0.5,0.0,0.2062036666669276,0.008426778443556826,90.33333333333333,15.885003409925138,Ours-online-pkg-KRR
mscoco,kmeans_center,market_badge_select,0.0025,12,0.7963018125,0.1460610465995163,0.3333333333333333,0.0,0.5,0.0,0.18331350000001592,0.03253471353568925,11.0,1.7320508075688772,BADGE
mscoco,kmeans_center,market_badge_select,0.005,25,0.8580214166666668,0.011236252608758168,0.3333333333333333,0.0,0.5,0.0,0.20106500000019875,0.007532683486393659,17.0,7.0,BADGE
mscoco,kmeans_center,market_badge_select,0.01,50,0.7789034479166667,0.1585897127968447,0.4638120985956781,0.22599585074323433,0.5790416666666667,0.13690418258159,0.18373283333327584,0.030682301805055913,27.0,19.974984355438178,BADGE
mscoco,kmeans_center,market_badge_select,0.02,100,0.8540800625000001,0.020501073859545256,0.3333333333333333,0.0,0.5,0.0,0.21680416666640664,0.021460577273414785,43.666666666666664,40.64890322423636,BADGE
mscoco,kmeans_center,market_coreset_select,0.0025,12,0.76561290625,0.08646670067191717,0.3333333333333333,0.0,0.5,0.0,0.2379618999999972,0.008673609571176496,11.0,1.7320508075688772,CoreSet
mscoco,kmeans_center,market_coreset_select,0.005,25,0.8867324270833334,0.018213834843904365,0.4415126488187373,0.1873720707487424,0.56325,0.10955221357873146,0.2364856333335107,0.0059592110522604025,16.333333333333332,7.76745346515403,CoreSet
mscoco,kmeans_center,market_coreset_select,0.01,50,0.8760335416666667,0.010970928717085174,0.3333333333333333,0.0,0.5,0.0,0.2814134666665874,0.041027079235061756,24.666666666666668,22.03028218914441,CoreSet
mscoco,kmeans_center,market_coreset_select,0.02,100,0.8350711770833333,0.10688860829168617,0.3930634842981396,0.10345565621480377,0.5310416666666667,0.053765743818283904,0.29599750000003644,0.04438957878390677,32.0,33.80828300875393,CoreSet
mscoco,kmeans_center,market_cosine_select,0.0025,12,0.8463816249999999,0.028641813354250624,0.3333333333333333,0.0,0.5,0.0,0.21983623333320182,0.040280163911649104,12.0,0.0,Cosine
mscoco,kmeans_center,market_cosine_select,0.005,25,0.8570388333333333,0.029543015427394858,0.3333333333333333,0.0,0.5,0.0,0.2011204666666041,0.00482681113911267,25.0,0.0,Cosine
mscoco,kmeans_center,market_cosine_select,0.01,50,0.8611691874999999,0.04189148541455988,0.3333333333333333,0.0,0.5,0.0,0.20036523333358972,0.00522144330280368,50.0,0.0,Cosine
mscoco,kmeans_center,market_cosine_select,0.02,100,0.8535685937499999,0.014011818499714588,0.3333333333333333,0.0,0.5,0.0,0.21800700000009476,0.031354126183596336,97.33333333333333,4.618802153517007,Cosine
mscoco,kmeans_center,market_kmeans_center_select,0.0025,12,0.8773211979166667,0.015331441511120892,0.3333333333333333,0.0,0.5,0.0,0.2014097333332453,0.0036523378764240456,0.6666666666666666,1.1547005383792517,KMeans
mscoco,kmeans_center,market_kmeans_center_select,0.005,25,0.8781801458333334,0.012082365366190662,0.3333333333333333,0.0,0.5,0.0,0.198172366666616,0.006681328623551506,1.0,1.7320508075688772,KMeans
mscoco,kmeans_center,market_kmeans_center_select,0.01,50,0.78753696875,0.029929109076259425,0.3333333333333333,0.0,0.5,0.0,0.21934240000003524,0.0338792115533847,2.0,3.4641016151377544,KMeans
mscoco,kmeans_center,market_kmeans_center_select,0.02,100,0.84665821875,0.023004572841016965,0.3333333333333333,0.0,0.5,0.0,0.22737956666666526,0.051576763209295835,7.0,7.0,KMeans
mscoco,kmeans_center,market_random_select,0.0025,12,0.8384040520833332,0.03282967461065276,0.3333333333333333,0.0,0.5,0.0,0.22329763333330743,0.0281609709278336,1.0,1.0,Random
mscoco,kmeans_center,market_random_select,0.005,25,0.8643354791666668,0.0350806305578068,0.3333333333333333,0.0,0.5,0.0,0.2579567666665146,0.048291111529891836,3.3333333333333335,2.0816659994661326,Random
mscoco,kmeans_center,market_random_select,0.01,50,0.8675374895833333,0.03173855418278542,0.3333333333333333,0.0,0.5,0.0,0.23235376666661975,0.061688490862008574,5.666666666666667,2.5166114784235836,Random
mscoco,kmeans_center,market_random_select,0.02,100,0.86680446875,0.04962472208592675,0.3333333333333333,0.0,0.5,0.0,0.2416731333332791,0.052057578400354576,9.666666666666666,2.309401076758503,Random
mscoco,kmeans_center,market_typiclust_select,0.0025,12,0.86630146875,0.017097676693727804,0.3333333333333333,0.0,0.5,0.0,0.1974756333333971,0.0029314982725431402,3.0,5.196152422706632,TypiClust
mscoco,kmeans_center,market_typiclust_select,0.005,25,0.8632101979166666,0.002280732654808205,0.3333333333333333,0.0,0.5,0.0,0.19782283333355125,0.0073357310042614235,4.666666666666667,8.082903768654761,TypiClust
mscoco,kmeans_center,market_typiclust_select,0.01,50,0.8374176666666666,0.01381333980416206,0.3333333333333333,0.0,0.5,0.0,0.19622626666659918,0.015158883937141415,7.333333333333333,11.846237095944574,TypiClust
mscoco,kmeans_center,market_typiclust_select,0.02,100,0.8552375,0.009675033055347742,0.3333333333333333,0.0,0.5,0.0,0.23922996666624385,0.06759158825399236,10.666666666666666,15.947831618540915,TypiClust
mscoco,kmeans_center,ours_kernel_ridge_student,0.0025,12,0.8530034270833333,0.0077027869434145805,0.4461935111006559,0.19547956204425812,0.56625,0.11474836600143809,0.1955125666665177,0.006558535486169214,11.333333333333334,0.5773502691896255,Ours-online-KRR
mscoco,kmeans_center,ours_kernel_ridge_student,0.005,25,0.87346146875,0.006433381541126878,0.3333333333333333,0.0,0.5,0.0,0.2021553000001101,0.0079648529408285,23.333333333333332,1.5275252316519472,Ours-online-KRR
mscoco,kmeans_center,ours_kernel_ridge_student,0.01,50,0.8447409791666667,0.021554741643786964,0.3333333333333333,0.0,0.5,0.0,0.19825279999971213,0.0027140785415019704,45.0,4.58257569495584,Ours-online-KRR
mscoco,kmeans_center,ours_kernel_ridge_student,0.02,100,0.8457313125,0.029734224773973465,0.3333333333333333,0.0,0.5,0.0,0.23372493333348146,0.01851045565260162,90.0,9.16515138991168,Ours-online-KRR
mscoco,kmeans_center,ours_sample_package_krr,0.0025,12,0.84922509375,0.04420111235864091,0.3333333333333333,0.0,0.5,0.0,0.20084936666641318,0.005882931055534826,11.333333333333334,0.5773502691896255,Ours-online-pkg-KRR
mscoco,kmeans_center,ours_sample_package_krr,0.005,25,0.8341985729166667,0.04757579264415945,0.3333333333333333,0.0,0.5,0.0,0.21910333333319912,0.028551299040329235,23.333333333333332,1.5275252316519472,Ours-online-pkg-KRR
mscoco,kmeans_center,ours_sample_package_krr,0.01,50,0.7875362083333334,0.12787789233085903,0.3333333333333333,0.0,0.5,0.0,0.1803673666668146,0.03793581418278752,45.0,4.58257569495584,Ours-online-pkg-KRR
mscoco,kmeans_center,ours_sample_package_krr,0.02,100,0.8118689895833334,0.07618844116237236,0.3333333333333333,0.0,0.5,0.0,0.21822089999992988,0.018502338138795753,90.0,9.16515138991168,Ours-online-pkg-KRR
mscoco,noise,market_badge_select,0.0025,12,0.8707121770833334,0.020104824125359893,0.3333333333333333,0.0,0.5,0.0,0.19353873333344984,0.023296912401109704,0.0,0.0,BADGE
mscoco,noise,market_badge_select,0.005,25,0.8705677187499999,0.024364185932417574,0.3533072427308639,0.03459582590230039,0.509,0.015588457268119941,0.22910730000012336,0.04131179001440253,0.0,0.0,BADGE
mscoco,noise,market_badge_select,0.01,50,0.8302913750000002,0.05407571688407256,0.3333333333333333,0.0,0.5,0.0,0.19146539999974257,0.02701657594770954,0.0,0.0,BADGE
mscoco,noise,market_badge_select,0.02,100,0.8664910937500001,0.005460351697210151,0.3333333333333333,0.0,0.5,0.0,0.22313043333300198,0.05691151449187573,0.0,0.0,BADGE
mscoco,noise,market_coreset_select,0.0025,12,0.7701385520833334,0.11326519525759249,0.3333333333333333,0.0,0.5,0.0,0.2206439333334249,0.031077816269190418,0.0,0.0,CoreSet
mscoco,noise,market_coreset_select,0.005,25,0.89005509375,0.014488403142045888,0.440310171116491,0.1852893182734832,0.5607083333333334,0.10514991777616058,0.27490206666683054,0.03305526836479211,0.0,0.0,CoreSet
mscoco,noise,market_coreset_select,0.01,50,0.8588515520833333,0.027739805957027325,0.3333333333333333,0.0,0.5,0.0,0.2317326666663272,0.027304621345346794,0.0,0.0,CoreSet
mscoco,noise,market_coreset_select,0.02,100,0.87087809375,0.03084392145043216,0.3333333333333333,0.0,0.5,0.0,0.2758901333333293,0.06970525594257708,0.0,0.0,CoreSet
mscoco,noise,market_cosine_select,0.0025,12,0.8554363020833334,0.016163974127970517,0.4485160348468587,0.1995022911744667,0.5635833333333333,0.1101295638479211,0.22307093333317118,0.04872641478535016,5.0,6.244997998398398,Cosine
mscoco,noise,market_cosine_select,0.005,25,0.8640987916666667,0.009984460525080412,0.3633058007572108,0.051913836406358875,0.5144583333333334,0.02504256792610005,0.2526152333334721,0.023835434095125268,9.666666666666666,13.428824718989123,Cosine
mscoco,noise,market_cosine_select,0.01,50,0.8016064895833334,0.07299014019398402,0.3333333333333333,0.0,0.5,0.0,0.19180266666671733,0.02802825190563774,19.333333333333332,26.857649437978246,Cosine
mscoco,noise,market_cosine_select,0.02,100,0.83725053125,0.022205261734777243,0.3333333333333333,0.0,0.5,0.0,0.2534774666667848,0.06935761564259553,40.333333333333336,52.53887449625594,Cosine
mscoco,noise,market_kmeans_center_select,0.0025,12,0.8494629375000001,0.041767559864425,0.3333333333333333,0.0,0.5,0.0,0.2121479999999185,0.04782294342758159,12.0,0.0,KMeans
mscoco,noise,market_kmeans_center_select,0.005,25,0.8191626875,0.07531079654727445,0.3333333333333333,0.0,0.5,0.0,0.20563926666666998,0.00791303320165835,25.0,0.0,KMeans
mscoco,noise,market_kmeans_center_select,0.01,50,0.8094603333333333,0.012403189527748952,0.3333333333333333,0.0,0.5,0.0,0.1864781333333667,0.02339427251366025,48.666666666666664,2.309401076758502,KMeans
mscoco,noise,market_kmeans_center_select,0.02,100,0.8596417083333333,0.013889290826616807,0.3333333333333333,0.0,0.5,0.0,0.22108576666687438,0.03139309652658036,97.0,5.196152422706632,KMeans
mscoco,noise,market_random_select,0.0025,12,0.839735875,0.05015048687632673,0.3333333333333333,0.0,0.5,0.0,0.32225983333334324,0.02269576106379216,1.0,1.0,Random
mscoco,noise,market_random_select,0.005,25,0.8584171354166666,0.03363687038226963,0.3333333333333333,0.0,0.5,0.0,0.3321301999999377,0.008403874283407426,3.3333333333333335,2.0816659994661326,Random
mscoco,noise,market_random_select,0.01,50,0.85439509375,0.05745479735355011,0.3333333333333333,0.0,0.5,0.0,0.30073333333333113,0.027904834507706557,5.666666666666667,2.5166114784235836,Random
mscoco,noise,market_random_select,0.02,100,0.8685695208333334,0.037237622193401244,0.3333333333333333,0.0,0.5,0.0,0.2626407000000957,0.061461350792368516,9.666666666666666,2.309401076758503,Random
mscoco,noise,market_typiclust_select,0.0025,12,0.8527832708333335,0.03462260659810012,0.3333333333333333,0.0,0.5,0.0,0.17568643333333964,0.04662243558768224,12.0,0.0,TypiClust
mscoco,noise,market_typiclust_select,0.005,25,0.8539376979166667,0.02365194257053105,0.3333333333333333,0.0,0.5,0.0,0.20495703333320606,0.007769978343854708,25.0,0.0,TypiClust
mscoco,noise,market_typiclust_select,0.01,50,0.8364668125,0.036090970413710434,0.3333333333333333,0.0,0.5,0.0,0.18449920000027,0.02192718310836167,50.0,0.0,TypiClust
mscoco,noise,market_typiclust_select,0.02,100,0.8460956249999999,0.023863384264469087,0.3333333333333333,0.0,0.5,0.0,0.2990537000002102,0.09966416665271605,98.0,3.4641016151377544,TypiClust
mscoco,noise,ours_kernel_ridge_student,0.0025,12,0.8575716458333335,0.008874474634006386,0.4461935111006559,0.19547956204425812,0.56625,0.11474836600143809,0.18988073333336306,0.02487847836521855,12.0,0.0,Ours-online-KRR
mscoco,noise,ours_kernel_ridge_student,0.005,25,0.8712687083333334,0.014422324591628923,0.3333333333333333,0.0,0.5,0.0,0.20288533333329417,0.008205137479915402,25.0,0.0,Ours-online-KRR
mscoco,noise,ours_kernel_ridge_student,0.01,50,0.8445608229166667,0.022477123834151753,0.3333333333333333,0.0,0.5,0.0,0.1877668999997392,0.022821726545616424,50.0,0.0,Ours-online-KRR
mscoco,noise,ours_kernel_ridge_student,0.02,100,0.8471106458333333,0.03527455173010835,0.3333333333333333,0.0,0.5,0.0,0.29291856666653376,0.02003094948232743,99.33333333333333,1.1547005383792495,Ours-online-KRR
mscoco,noise,ours_sample_package_krr,0.0025,12,0.8487972604166667,0.045249819652192935,0.3333333333333333,0.0,0.5,0.0,0.191631399999854,0.019698827403809085,12.0,0.0,Ours-online-pkg-KRR
mscoco,noise,ours_sample_package_krr,0.005,25,0.7915839375,0.09210184521109277,0.3333333333333333,0.0,0.5,0.0,0.18530703333347745,0.019871475268105825,25.0,0.0,Ours-online-pkg-KRR
mscoco,noise,ours_sample_package_krr,0.01,50,0.7892926770833334,0.12244093822492834,0.3333333333333333,0.0,0.5,0.0,0.16315140000006068,0.027775601102930682,50.0,0.0,Ours-online-pkg-KRR
mscoco,noise,ours_sample_package_krr,0.02,100,0.8091553333333333,0.07673218887705206,0.3333333333333333,0.0,0.5,0.0,0.3220740666665733,0.1576395920919225,99.33333333333333,1.1547005383792495,Ours-online-pkg-KRR
mscoco,typiclust_dense,market_badge_select,0.0025,12,0.8593469062499999,0.03668143522291218,0.3333333333333333,0.0,0.5,0.0,0.22434259999984832,0.03090195873219194,11.333333333333334,1.1547005383792515,BADGE
mscoco,typiclust_dense,market_badge_select,0.005,25,0.7990283645833333,0.13590201727171253,0.3333333333333333,0.0,0.5,0.0,0.20299780000004827,0.010345237740626323,19.333333333333332,5.507570547286103,BADGE
mscoco,typiclust_dense,market_badge_select,0.01,50,0.8326447916666666,0.040747548088108466,0.3333333333333333,0.0,0.5,0.0,0.20863839999992703,0.009171141749719334,29.666666666666668,17.616280348965084,BADGE
mscoco,typiclust_dense,market_badge_select,0.02,100,0.8551916979166667,0.027180041036295354,0.3333333333333333,0.0,0.5,0.0,0.2368420333329292,0.031921349905298026,49.0,42.67317658670374,BADGE
mscoco,typiclust_dense,market_coreset_select,0.0025,12,0.7796989999999999,0.058269070149278464,0.3333333333333333,0.0,0.5,0.0,0.24108693333331152,0.014318047815989474,11.333333333333334,1.1547005383792515,CoreSet
mscoco,typiclust_dense,market_coreset_select,0.005,25,0.8919124791666667,0.012631771405358773,0.3333333333333333,0.0,0.5,0.0,0.23615610000009227,0.004088789995807982,21.333333333333332,3.214550253664319,CoreSet
mscoco,typiclust_dense,market_coreset_select,0.01,50,0.8834695312499999,0.007217129304877373,0.3333333333333333,0.0,0.5,0.0,0.24144516666683555,0.012661235113799213,32.0,15.874507866387544,CoreSet
mscoco,typiclust_dense,market_coreset_select,0.02,100,0.8951907708333332,0.020096288674008356,0.3333333333333333,0.0,0.5,0.0,0.27119006666695583,0.030726081353953768,57.333333333333336,36.50114153466071,CoreSet
mscoco,typiclust_dense,market_cosine_select,0.0025,12,0.8771203958333333,0.023062447097761365,0.3333333333333333,0.0,0.5,0.0,0.20261953333329066,0.00170704711838194,9.333333333333334,4.618802153517006,Cosine
mscoco,typiclust_dense,market_cosine_select,0.005,25,0.8384623854166667,0.06844721842608284,0.3593061650781117,0.04498626419839393,0.5115833333333333,0.020062921854339475,0.19895963333343994,0.0024987813514676816,18.0,12.12435565298214,Cosine
mscoco,typiclust_dense,market_cosine_select,0.01,50,0.8473165833333334,0.038320750745459514,0.3333333333333333,0.0,0.5,0.0,0.2042716333338224,0.0067150773344115105,27.333333333333332,23.00724523564986,Cosine
mscoco,typiclust_dense,market_cosine_select,0.02,100,0.8347102395833333,0.023625131345458527,0.3333333333333333,0.0,0.5,0.0,0.23859583333311696,0.021787983847041913,46.0,49.1121166312347,Cosine
mscoco,typiclust_dense,market_kmeans_center_select,0.0025,12,0.8809403020833333,0.010069535750509782,0.3333333333333333,0.0,0.5,0.0,0.20555060000015146,0.012959370885610685,0.6666666666666666,1.1547005383792517,KMeans
mscoco,typiclust_dense,market_kmeans_center_select,0.005,25,0.8315643020833333,0.07616939537195001,0.3333333333333333,0.0,0.5,0.0,0.18175506666663444,0.026441580448575832,1.0,1.7320508075688772,KMeans
mscoco,typiclust_dense,market_kmeans_center_select,0.01,50,0.794082,0.011432026720169368,0.3333333333333333,0.0,0.5,0.0,0.20533649999985448,0.006456456377954198,2.0,3.4641016151377544,KMeans
mscoco,typiclust_dense,market_kmeans_center_select,0.02,100,0.8506488437499998,0.02254109721509045,0.3333333333333333,0.0,0.5,0.0,0.2881768333333336,0.0553425946553721,7.666666666666667,7.505553499465135,KMeans
mscoco,typiclust_dense,market_random_select,0.0025,12,0.84726178125,0.03826052180866447,0.3333333333333333,0.0,0.5,0.0,0.23357556666648327,0.056625936525616594,1.0,1.0,Random
mscoco,typiclust_dense,market_random_select,0.005,25,0.8401462083333334,0.04467097230104397,0.3333333333333333,0.0,0.5,0.0,0.2464333999998113,0.034733778596825915,3.3333333333333335,2.0816659994661326,Random
mscoco,typiclust_dense,market_random_select,0.01,50,0.8635968541666666,0.024736574540868705,0.3333333333333333,0.0,0.5,0.0,0.23051430000001952,0.030997848153816433,5.666666666666667,2.5166114784235836,Random
mscoco,typiclust_dense,market_random_select,0.02,100,0.8779046666666667,0.022359686472178345,0.3333333333333333,0.0,0.5,0.0,0.2729125999997753,0.023378984832694176,9.666666666666666,2.309401076758503,Random
mscoco,typiclust_dense,market_typiclust_select,0.0025,12,0.8665171979166667,0.01723580227890755,0.3333333333333333,0.0,0.5,0.0,0.20522676666678308,0.011429052811387772,3.0,5.196152422706632,TypiClust
mscoco,typiclust_dense,market_typiclust_select,0.005,25,0.8634268229166665,0.0015785865310055703,0.3333333333333333,0.0,0.5,0.0,0.19833763333311552,0.00747338434877077,5.0,8.660254037844387,TypiClust
mscoco,typiclust_dense,market_typiclust_select,0.01,50,0.8140081770833333,0.040376437946739833,0.3333333333333333,0.0,0.5,0.0,0.1878225999998903,0.02624497073898552,6.666666666666667,10.692676621563626,TypiClust
mscoco,typiclust_dense,market_typiclust_select,0.02,100,0.8193271979166666,0.06265565838752278,0.3333333333333333,0.0,0.5,0.0,0.2258663000002343,0.022616862535970717,10.333333333333334,15.37313674346694,TypiClust
mscoco,typiclust_dense,ours_kernel_ridge_student,0.0025,12,0.8552788749999999,0.011533159461358916,0.3333333333333333,0.0,0.5,0.0,0.20124153333335926,0.006431239791918144,11.333333333333334,0.5773502691896258,Ours-online-KRR
mscoco,typiclust_dense,ours_kernel_ridge_student,0.005,25,0.8632293645833334,0.012651931970388311,0.3333333333333333,0.0,0.5,0.0,0.21928080000013017,0.03653937712452355,22.666666666666668,0.5773502691896263,Ours-online-KRR
mscoco,typiclust_dense,ours_kernel_ridge_student,0.01,50,0.8480827395833334,0.0250742032154363,0.3333333333333333,0.0,0.5,0.0,0.2086742666667002,0.007126640482003863,43.666666666666664,3.0550504633038944,Ours-online-KRR
mscoco,typiclust_dense,ours_kernel_ridge_student,0.02,100,0.8480746250000001,0.03435418213454939,0.3333333333333333,0.0,0.5,0.0,0.22726533333358623,0.011616563463201467,88.33333333333333,8.020806277010644,Ours-online-KRR
mscoco,typiclust_dense,ours_sample_package_krr,0.0025,12,0.8512698125,0.04968851361345253,0.3333333333333333,0.0,0.5,0.0,0.2263046000001244,0.04270435029869607,11.333333333333334,0.5773502691896258,Ours-online-pkg-KRR
mscoco,typiclust_dense,ours_sample_package_krr,0.005,25,0.7789884374999999,0.08372501016331185,0.3333333333333333,0.0,0.5,0.0,0.18411776666683477,0.016896424696966332,22.666666666666668,0.5773502691896263,Ours-online-pkg-KRR
mscoco,typiclust_dense,ours_sample_package_krr,0.01,50,0.8207461979166667,0.0757483076322806,0.3333333333333333,0.0,0.5,0.0,0.1990495666665689,0.0029139654258358103,43.666666666666664,3.0550504633038944,Ours-online-pkg-KRR
mscoco,typiclust_dense,ours_sample_package_krr,0.02,100,0.8066180104166666,0.0681200210324488,0.3333333333333333,0.0,0.5,0.0,0.2455245000001014,0.05860727255636222,88.33333333333333,8.020806277010644,Ours-online-pkg-KRR
mscoco,uncertainty_badge,market_badge_select,0.0025,12,0.8423969583333334,0.05646052270881888,0.3333333333333333,0.0,0.5,0.0,0.19974326666654932,0.004135139845750966,0.6666666666666666,1.1547005383792517,BADGE
mscoco,uncertainty_badge,market_badge_select,0.005,25,0.8472882083333334,0.045357961976885734,0.3333333333333333,0.0,0.5,0.0,0.20607186666666163,0.0029732188018293066,0.6666666666666666,1.1547005383792517,BADGE
mscoco,uncertainty_badge,market_badge_select,0.01,50,0.8715447187500001,0.02175360188456497,0.3333333333333333,0.0,0.5,0.0,0.19855023333305624,0.001512362394767513,0.6666666666666666,1.1547005383792517,BADGE
mscoco,uncertainty_badge,market_badge_select,0.02,100,0.8544326562500001,0.006356736607710325,0.3333333333333333,0.0,0.5,0.0,0.2408951666669357,0.033726154850728156,1.0,1.7320508075688772,BADGE
mscoco,uncertainty_badge,market_coreset_select,0.0025,12,0.7116563125,0.11897670033401543,0.3333333333333333,0.0,0.5,0.0,0.22123023333339611,0.01873439693236168,0.3333333333333333,0.5773502691896258,CoreSet
mscoco,uncertainty_badge,market_coreset_select,0.005,25,0.88998509375,0.012296873323896002,0.3333333333333333,0.0,0.5,0.0,0.259995399999904,0.03639611038672013,0.3333333333333333,0.5773502691896258,CoreSet
mscoco,uncertainty_badge,market_coreset_select,0.01,50,0.8693234791666665,0.020180285823793838,0.3333333333333333,0.0,0.5,0.0,0.23102666666621488,0.006683049730735242,0.3333333333333333,0.5773502691896258,CoreSet
mscoco,uncertainty_badge,market_coreset_select,0.02,100,0.8565172083333333,0.014100553110838453,0.3333333333333333,0.0,0.5,0.0,0.25885390000045544,0.011030177262144185,0.3333333333333333,0.5773502691896258,CoreSet
mscoco,uncertainty_badge,market_cosine_select,0.0025,12,0.8603227604166666,0.00364670325234686,0.43402777777777785,0.1744078938176995,0.5575833333333333,0.09973725900250784,0.22215696666671644,0.03073430052820402,4.0,6.928203230275509,Cosine
mscoco,uncertainty_badge,market_cosine_select,0.005,25,0.827273125,0.08868581236216365,0.3633058007572108,0.051913836406358875,0.5144583333333334,0.02504256792610005,0.19451016666668386,0.003833048659227831,8.333333333333334,14.433756729740644,Cosine
mscoco,uncertainty_badge,market_cosine_select,0.01,50,0.8358633750000001,0.06351823935219966,0.3333333333333333,0.0,0.5,0.0,0.19723223333312487,0.0015217996795920923,16.666666666666668,28.867513459481287,Cosine
mscoco,uncertainty_badge,market_cosine_select,0.02,100,0.8345033645833334,0.031214079680633187,0.3333333333333333,0.0,0.5,0.0,0.21164910000031031,0.0330758171498967,33.333333333333336,57.735026918962575,Cosine
mscoco,uncertainty_badge,market_kmeans_center_select,0.0025,12,0.8487741875,0.041314000018118247,0.3333333333333333,0.0,0.5,0.0,0.20003913333327236,0.0037605542761350538,11.333333333333334,1.1547005383792517,KMeans
mscoco,uncertainty_badge,market_kmeans_center_select,0.005,25,0.8242090416666666,0.06680748887827648,0.3333333333333333,0.0,0.5,0.0,0.19613223333332516,0.007438972704263471,22.666666666666668,4.041451884327381,KMeans
mscoco,uncertainty_badge,market_kmeans_center_select,0.01,50,0.8023824583333333,0.024471762024710717,0.3333333333333333,0.0,0.5,0.0,0.2005786666666911,0.005602997340813262,43.333333333333336,11.547005383792516,KMeans
mscoco,uncertainty_badge,market_kmeans_center_select,0.02,100,0.8597910729166666,0.01404306452704939,0.3333333333333333,0.0,0.5,0.0,0.25343933333351737,0.07584930997958758,79.33333333333333,28.884828774519907,KMeans
mscoco,uncertainty_badge,market_random_select,0.0025,12,0.8420520416666667,0.03093558640692259,0.3333333333333333,0.0,0.5,0.0,0.22343416666672053,0.037496214594827826,1.0,1.0,Random
mscoco,uncertainty_badge,market_random_select,0.005,25,0.8757665,0.010596753203369634,0.3333333333333333,0.0,0.5,0.0,0.20014890000023414,0.005065856789229877,3.3333333333333335,2.0816659994661326,Random
mscoco,uncertainty_badge,market_random_select,0.01,50,0.86415871875,0.025918152369620945,0.3333333333333333,0.0,0.5,0.0,0.24967553333317483,0.04434786542015506,5.666666666666667,2.5166114784235836,Random
mscoco,uncertainty_badge,market_random_select,0.02,100,0.8765549895833334,0.030802549595327147,0.37265396623700836,0.06810533397492977,0.5194166666666667,0.03363065318029573,0.2081496999999217,0.06111035037768346,9.666666666666666,2.309401076758503,Random
mscoco,uncertainty_badge,market_typiclust_select,0.0025,12,0.8527832708333335,0.03462260659810012,0.3333333333333333,0.0,0.5,0.0,0.18777473333345063,0.020439246456218706,12.0,0.0,TypiClust
mscoco,uncertainty_badge,market_typiclust_select,0.005,25,0.8537411354166667,0.023416579041361366,0.3333333333333333,0.0,0.5,0.0,0.2192837999999331,0.032886682974776454,23.666666666666668,2.3094010767585034,TypiClust
mscoco,uncertainty_badge,market_typiclust_select,0.01,50,0.81585640625,0.008370937677966485,0.3333333333333333,0.0,0.5,0.0,0.19127953333342396,0.01347523832220336,46.666666666666664,5.773502691896256,TypiClust
mscoco,uncertainty_badge,market_typiclust_select,0.02,100,0.8465712499999999,0.02455637938688795,0.3333333333333333,0.0,0.5,0.0,0.216728000000027,0.010238890863962515,87.66666666666667,21.361959960016154,TypiClust
mscoco,uncertainty_badge,ours_kernel_ridge_student,0.0025,12,0.8595635833333334,0.01078442794812476,0.3333333333333333,0.0,0.5,0.0,0.221922533333327,0.03865978226804524,11.666666666666666,0.5773502691896255,Ours-online-KRR
mscoco,uncertainty_badge,ours_kernel_ridge_student,0.005,25,0.86504425,0.011518587368417554,0.3333333333333333,0.0,0.5,0.0,0.2009710666667767,0.0031063012832498143,23.666666666666668,1.5275252316519465,Ours-online-KRR
mscoco,uncertainty_badge,ours_kernel_ridge_student,0.01,50,0.8458045104166666,0.029519619698414074,0.3333333333333333,0.0,0.5,0.0,0.197155866666435,0.0007028487059181082,47.333333333333336,1.5275252316519456,Ours-online-KRR
mscoco,uncertainty_badge,ours_kernel_ridge_student,0.02,100,0.8498700104166667,0.03423080106325242,0.3333333333333333,0.0,0.5,0.0,0.23811390000021973,0.037385583562553296,94.0,5.0,Ours-online-KRR
mscoco,uncertainty_badge,ours_sample_package_krr,0.0025,12,0.8491389374999999,0.045780099797166,0.3333333333333333,0.0,0.5,0.0,0.202532033333379,0.002088622585208742,11.666666666666666,0.5773502691896255,Ours-online-pkg-KRR
mscoco,uncertainty_badge,ours_sample_package_krr,0.005,25,0.78364671875,0.08582487662155697,0.3333333333333333,0.0,0.5,0.0,0.1828209333331566,0.019062073246142126,23.666666666666668,1.5275252316519465,Ours-online-pkg-KRR
mscoco,uncertainty_badge,ours_sample_package_krr,0.01,50,0.8080981354166665,0.09266082925996758,0.3333333333333333,0.0,0.5,0.0,0.18706330000046967,0.026260603929187533,47.333333333333336,1.5275252316519456,Ours-online-pkg-KRR
mscoco,uncertainty_badge,ours_sample_package_krr,0.02,100,0.8064851770833333,0.07448975236542428,0.3333333333333333,0.0,0.5,0.0,0.2258412000004076,0.023514066082141138,94.0,5.0,Ours-online-pkg-KRR
