dataset,profile,method,seed,selected_rows,good_count,good_ratio,downstream_gain_mean,harm_score_mean,loss_reduction_mean,influence_gain_mean,collapse_to_single_digits,scoring_semantics,online_scoring_uses_downstream_model,sample_packaging_enabled,package_size,scored_objects,student_calibration_size,student_landmark_count,student_sigma2,student_supervision,eval_time,test_auroc,test_macro_f1,test_acc,type_coreset_far_wrong_decoy,type_kmeans_center_decoy,type_noise_decoy,type_uncertainty_badge_decoy,ckks_simd_enabled,ckks_scheme,primary_metric,primary_metric_value,type_typiclust_dense_decoy,ckks_reference_rows,ckks_reference_dim,ckks_reference_package_size,ckks_rows_per_second_mean,ckks_est_encrypted_compute_ms,ckks_scaled_from_reference_ms,ckks_ref_encrypted_compute_ms_mean,ckks_ref_rows_per_second_mean,ckks_ref_scored_objects_per_second_mean,ckks_ref_output_ciphertext_bytes_mean,ckks_ref_ct_pt_mults_mean,ckks_ref_rotations_mean,ckks_ref_additions_mean,ckks_ref_rescales_mean,ckks_ref_scored_objects,ckks_ref_raw_rows_per_scored_object,type_cosine_decoy,type_useful_clean,run_seed,run_dir,purchase_ratio,purchase_total,ratio_market_size
hateful_memes,noise,market_random_select,42,12,2,0.1666666666666666,0.028292765840888,-0.028292765840888,3.018975257873535e-05,0.0001712587400106,1,baseline_feature,0,0,1,5000,28000,1000,0.9174745082855223,top_quantile,0.1717567000000599,0.5476658724340175,0.3697478991596639,0.5866666666666667,2.0,1.0,7.0,2.0,0,,good_count,2.0,,,,,,,,,,,,,,,,,,,,42,paper\main_text_experiments\runs\ratio_downstream_5k\ratio_0p0025_seed_42,0.0025,12,5000
hateful_memes,noise,market_cosine_select,42,12,0,0.0,-1.148391842842102,1.148391842842102,-6.0692429542541504e-05,-0.013257305137813,1,baseline_feature,0,0,1,5000,28000,1000,0.9174745082855223,top_quantile,0.1580254000000422,0.5345960868768328,0.3697478991596639,0.5866666666666667,,,,12.0,0,,good_count,0.0,,,,,,,,,,,,,,,,,,,,42,paper\main_text_experiments\runs\ratio_downstream_5k\ratio_0p0025_seed_42,0.0025,12,5000
hateful_memes,noise,market_coreset_select,42,12,0,0.0,-0.2295634746551513,0.2295634746551513,-4.605948925018311e-05,0.0079976571723818,1,baseline_feature,0,0,1,5000,28000,1000,0.9174745082855223,top_quantile,0.1581114999999044,0.5300893511730205,0.3697478991596639,0.5866666666666667,,,12.0,,0,,good_count,0.0,,,,,,,,,,,,,,,,,,,,42,paper\main_text_experiments\runs\ratio_downstream_5k\ratio_0p0025_seed_42,0.0025,12,5000
hateful_memes,noise,market_badge_select,42,12,0,0.0,-0.3950589001178741,0.3950589001178741,-0.0001049439088092,0.0149222156032919,1,baseline_model_based,1,0,1,5000,28000,1000,0.9174745082855223,top_quantile,0.155833999999686,0.5391353555718474,0.3697478991596639,0.5866666666666667,,,12.0,,0,,good_count,0.0,,,,,,,,,,,,,,,,,,,,42,paper\main_text_experiments\runs\ratio_downstream_5k\ratio_0p0025_seed_42,0.0025,12,5000
hateful_memes,noise,market_kmeans_center_select,42,12,12,1.0,3.289476156234741,-3.289476156234741,0.000314250588417,0.031236657872796,0,baseline_feature,0,0,1,5000,28000,1000,0.9174745082855223,top_quantile,0.1359056999999666,0.5195078812316716,0.2924528301886792,0.4133333333333333,,5.0,,1.0,0,,good_count,12.0,6.0,,,,,,,,,,,,,,,,,,,42,paper\main_text_experiments\runs\ratio_downstream_5k\ratio_0p0025_seed_42,0.0025,12,5000
hateful_memes,noise,market_typiclust_select,42,12,9,0.75,1.6233583688735962,-1.6233583688735962,0.0001846849918365,0.0123911267146468,1,baseline_feature,0,0,1,5000,28000,1000,0.9174745082855223,top_quantile,0.0954733999997188,0.5070958577712611,0.2924528301886792,0.4133333333333333,,3.0,,5.0,0,,good_count,9.0,4.0,,,,,,,,,,,,,,,,,,,42,paper\main_text_experiments\runs\ratio_downstream_5k\ratio_0p0025_seed_42,0.0025,12,5000
hateful_memes,noise,ours_kernel_ridge_student,42,12,12,1.0,3.144137382507324,-3.144137382507324,0.0002999156713485,0.0301724728196859,0,online_student,0,0,1,5000,28000,1000,0.9174745082855223,top_quantile,0.0964536999999836,0.453915185117302,0.3697478991596639,0.5866666666666667,,4.0,,3.0,1,ours_student_row_ctpt,good_count,12.0,5.0,10000.0,64.0,4.0,92931.597765,53.80301340178943,53.80903000000001,107.61806,92931.597765,92931.597765,705941.0,192.0,0.0,192.0,192.0,10000.0,1.0,,,42,paper\main_text_experiments\runs\ratio_downstream_5k\ratio_0p0025_seed_42,0.0025,12,5000
hateful_memes,noise,ours_sample_package_krr,42,12,12,1.0,3.144137382507324,-3.144137382507324,0.0002999156713485,0.0301724728196859,0,online_student,0,1,4,1250,28000,1000,0.9174745082855223,top_quantile,0.1371780999998009,0.5345768420087977,0.3697478991596639,0.5866666666666667,,4.0,,3.0,1,ours_student_pkg_ctpt,good_count,12.0,5.0,10000.0,64.0,4.0,1786105.677236,2.799386432575201,2.80927,5.61854,1786105.677236,446526.419309,235320.0,10.0,0.0,10.0,10.0,2500.0,4.0,,,42,paper\main_text_experiments\runs\ratio_downstream_5k\ratio_0p0025_seed_42,0.0025,12,5000
hateful_memes,coreset_far_wrong,market_random_select,42,12,2,0.1666666666666666,0.0183970872312784,-0.0183970872312784,2.4497509002685547e-05,0.0010003866627812,1,baseline_feature,0,0,1,5000,28000,1000,0.9174745082855223,top_quantile,0.1560954000001402,0.5469160098973607,0.3697478991596639,0.5866666666666667,7.0,1.0,2.0,2.0,0,,good_count,2.0,,,,,,,,,,,,,,,,,,,,42,paper\main_text_experiments\runs\ratio_downstream_5k\ratio_0p0025_seed_42,0.0025,12,5000
hateful_memes,coreset_far_wrong,market_cosine_select,42,12,0,0.0,-1.148391842842102,1.148391842842102,-6.0692429542541504e-05,-0.013257305137813,1,baseline_feature,0,0,1,5000,28000,1000,0.9174745082855223,top_quantile,0.152675199999976,0.5345960868768328,0.3697478991596639,0.5866666666666667,,,,12.0,0,,good_count,0.0,,,,,,,,,,,,,,,,,,,,42,paper\main_text_experiments\runs\ratio_downstream_5k\ratio_0p0025_seed_42,0.0025,12,5000
hateful_memes,coreset_far_wrong,market_coreset_select,42,12,0,0.0,-1.0259276628494265,1.0259276628494265,-0.0002092470676871,0.0183471981436014,1,baseline_feature,0,0,1,5000,28000,1000,0.9174745082855223,top_quantile,0.2294996000000537,0.4904751649560117,0.3697478991596639,0.5866666666666667,,,12.0,,0,,good_count,0.0,,,,,,,,,,,,,,,,,,,,42,paper\main_text_experiments\runs\ratio_downstream_5k\ratio_0p0025_seed_42,0.0025,12,5000
hateful_memes,coreset_far_wrong,market_badge_select,42,12,0,0.0,-1.0099865198135376,1.0099865198135376,-0.00018772482872,0.0146501483395695,1,baseline_model_based,1,0,1,5000,28000,1000,0.9174745082855223,top_quantile,0.1413887000003342,0.5380441257331378,0.3697478991596639,0.5866666666666667,,,12.0,,0,,good_count,0.0,,,,,,,,,,,,,,,,,,,,42,paper\main_text_experiments\runs\ratio_downstream_5k\ratio_0p0025_seed_42,0.0025,12,5000
hateful_memes,coreset_far_wrong,market_kmeans_center_select,42,12,12,1.0,3.289476156234741,-3.289476156234741,0.000314250588417,0.031236657872796,0,baseline_feature,0,0,1,5000,28000,1000,0.9174745082855223,top_quantile,0.1296185999999579,0.5195078812316716,0.2924528301886792,0.4133333333333333,,5.0,,1.0,0,,good_count,12.0,6.0,,,,,,,,,,,,,,,,,,,42,paper\main_text_experiments\runs\ratio_downstream_5k\ratio_0p0025_seed_42,0.0025,12,5000
hateful_memes,coreset_far_wrong,market_typiclust_select,42,12,9,0.75,1.6233583688735962,-1.6233583688735962,0.0001846849918365,0.0123911267146468,1,baseline_feature,0,0,1,5000,28000,1000,0.9174745082855223,top_quantile,0.0930889000001116,0.5070958577712611,0.2924528301886792,0.4133333333333333,,3.0,,5.0,0,,good_count,9.0,4.0,,,,,,,,,,,,,,,,,,,42,paper\main_text_experiments\runs\ratio_downstream_5k\ratio_0p0025_seed_42,0.0025,12,5000
hateful_memes,coreset_far_wrong,ours_kernel_ridge_student,42,12,12,1.0,3.144137382507324,-3.144137382507324,0.0002999156713485,0.0301724728196859,0,online_student,0,0,1,5000,28000,1000,0.9174745082855223,top_quantile,0.0942119999999704,0.453915185117302,0.3697478991596639,0.5866666666666667,,4.0,,3.0,1,ours_student_row_ctpt,good_count,12.0,5.0,10000.0,64.0,4.0,92931.597765,53.80301340178943,53.80903000000001,107.61806,92931.597765,92931.597765,705941.0,192.0,0.0,192.0,192.0,10000.0,1.0,,,42,paper\main_text_experiments\runs\ratio_downstream_5k\ratio_0p0025_seed_42,0.0025,12,5000
hateful_memes,coreset_far_wrong,ours_sample_package_krr,42,12,12,1.0,3.144137382507324,-3.144137382507324,0.0002999156713485,0.0301724728196859,0,online_student,0,1,4,1250,28000,1000,0.9174745082855223,top_quantile,0.1274983999996948,0.5345768420087977,0.3697478991596639,0.5866666666666667,,4.0,,3.0,1,ours_student_pkg_ctpt,good_count,12.0,5.0,10000.0,64.0,4.0,1786105.677236,2.799386432575201,2.80927,5.61854,1786105.677236,446526.419309,235320.0,10.0,0.0,10.0,10.0,2500.0,4.0,,,42,paper\main_text_experiments\runs\ratio_downstream_5k\ratio_0p0025_seed_42,0.0025,12,5000
hateful_memes,typiclust_dense,market_random_select,42,12,2,0.1666666666666666,-0.260949045419693,0.260949045419693,7.445613391610095e-06,-0.0030523361638188,1,baseline_feature,0,0,1,5000,28000,1000,0.9174745082855223,top_quantile,0.1504390999998577,0.5561040597507331,0.3697478991596639,0.5866666666666667,,3.0,,,0,,good_count,2.0,8.0,,,,,,,,,,,,,,,,,1.0,,42,paper\main_text_experiments\runs\ratio_downstream_5k\ratio_0p0025_seed_42,0.0025,12,5000
hateful_memes,typiclust_dense,market_cosine_select,42,12,11,0.9166666666666666,2.232977390289306,-2.232977390289306,0.0003039240837097,0.0055546327494084,0,baseline_feature,0,0,1,5000,28000,1000,0.9174745082855223,top_quantile,0.1480386999996881,0.5305379398826979,0.3697478991596639,0.5866666666666667,,,,,0,,good_count,11.0,,,,,,,,,,,,,,,,,,1.0,11.0,42,paper\main_text_experiments\runs\ratio_downstream_5k\ratio_0p0025_seed_42,0.0025,12,5000
hateful_memes,typiclust_dense,market_coreset_select,42,12,12,1.0,2.9723422527313232,-2.9723422527313232,0.0005378921632654,-0.0198178924620151,0,baseline_feature,0,0,1,5000,28000,1000,0.9174745082855223,top_quantile,0.1492013000001861,0.520515258431085,0.3697478991596639,0.5866666666666667,,,12.0,,0,,good_count,12.0,,,,,,,,,,,,,,,,,,,,42,paper\main_text_experiments\runs\ratio_downstream_5k\ratio_0p0025_seed_42,0.0025,12,5000
hateful_memes,typiclust_dense,market_badge_select,42,12,12,1.0,3.1431357860565186,-3.1431357860565186,0.0005631198291666,-0.0201697014272212,0,baseline_model_based,1,0,1,5000,28000,1000,0.9174745082855223,top_quantile,0.1535736000000724,0.5471189974340176,0.3697478991596639,0.5866666666666667,,,12.0,,0,,good_count,12.0,,,,,,,,,,,,,,,,,,,,42,paper\main_text_experiments\runs\ratio_downstream_5k\ratio_0p0025_seed_42,0.0025,12,5000
hateful_memes,typiclust_dense,market_kmeans_center_select,42,12,0,0.0,-0.2235101908445358,0.2235101908445358,1.5040238395158669e-05,-0.0035241357982158,1,baseline_feature,0,0,1,5000,28000,1000,0.9174745082855223,top_quantile,0.1187639999998282,0.5121913947947214,0.2924528301886792,0.4133333333333333,,2.0,,,0,,good_count,0.0,10.0,,,,,,,,,,,,,,,,,,,42,paper\main_text_experiments\runs\ratio_downstream_5k\ratio_0p0025_seed_42,0.0025,12,5000
hateful_memes,typiclust_dense,market_typiclust_select,42,12,0,0.0,-0.4228561818599701,0.4228561818599701,-3.93986701965332e-05,0.0016644783318042,1,baseline_feature,0,0,1,5000,28000,1000,0.9174745082855223,top_quantile,0.104453100000228,0.5052682826246334,0.2924528301886792,0.4133333333333333,,4.0,,,0,,good_count,0.0,8.0,,,,,,,,,,,,,,,,,,,42,paper\main_text_experiments\runs\ratio_downstream_5k\ratio_0p0025_seed_42,0.0025,12,5000
hateful_memes,typiclust_dense,ours_kernel_ridge_student,42,12,7,0.5833333333333334,2.042611837387085,-2.042611837387085,0.0002078215329675,0.0189430378377437,1,online_student,0,0,1,5000,28000,1000,0.9174745082855223,top_quantile,0.1482825999996748,0.48394221957478,0.3697478991596639,0.5866666666666667,,2.0,,2.0,1,ours_student_row_ctpt,good_count,7.0,8.0,10000.0,64.0,4.0,92931.597765,53.80301340178943,53.80903000000001,107.61806,92931.597765,92931.597765,705941.0,192.0,0.0,192.0,192.0,10000.0,1.0,,,42,paper\main_text_experiments\runs\ratio_downstream_5k\ratio_0p0025_seed_42,0.0025,12,5000
hateful_memes,typiclust_dense,ours_sample_package_krr,42,12,7,0.5833333333333334,2.042611837387085,-2.042611837387085,0.0002078215329675,0.0189430378377437,1,online_student,0,1,4,1250,28000,1000,0.9174745082855223,top_quantile,0.154591800000162,0.5351787023460411,0.3697478991596639,0.5866666666666667,,2.0,,2.0,1,ours_student_pkg_ctpt,good_count,7.0,8.0,10000.0,64.0,4.0,1786105.677236,2.799386432575201,2.80927,5.61854,1786105.677236,446526.419309,235320.0,10.0,0.0,10.0,10.0,2500.0,4.0,,,42,paper\main_text_experiments\runs\ratio_downstream_5k\ratio_0p0025_seed_42,0.0025,12,5000
hateful_memes,kmeans_center,market_random_select,42,12,2,0.1666666666666666,-0.0565798394382,0.0565798394382,3.466506677796133e-05,-0.002905995817855,1,baseline_feature,0,0,1,5000,28000,1000,0.9174745082855223,top_quantile,0.1486571000000367,0.5549479930351906,0.3697478991596639,0.5866666666666667,1.0,7.0,,1.0,0,,good_count,2.0,3.0,,,,,,,,,,,,,,,,,,,42,paper\main_text_experiments\runs\ratio_downstream_5k\ratio_0p0025_seed_42,0.0025,12,5000
hateful_memes,kmeans_center,market_cosine_select,42,12,12,1.0,2.757444381713867,-2.757444381713867,0.0003591527638491,0.0087257781997323,0,baseline_feature,0,0,1,5000,28000,1000,0.9174745082855223,top_quantile,0.1478449999999611,0.5260357862903225,0.3697478991596639,0.5866666666666667,,,,,0,,good_count,12.0,,,,,,,,,,,,,,,,,,2.0,10.0,42,paper\main_text_experiments\runs\ratio_downstream_5k\ratio_0p0025_seed_42,0.0025,12,5000
hateful_memes,kmeans_center,market_coreset_select,42,12,12,1.0,2.9723422527313232,-2.9723422527313232,0.0005378921632654,-0.0198178924620151,0,baseline_feature,0,0,1,5000,28000,1000,0.9174745082855223,top_quantile,0.1392751999997017,0.520515258431085,0.3697478991596639,0.5866666666666667,,,12.0,,0,,good_count,12.0,,,,,,,,,,,,,,,,,,,,42,paper\main_text_experiments\runs\ratio_downstream_5k\ratio_0p0025_seed_42,0.0025,12,5000
hateful_memes,kmeans_center,market_badge_select,42,12,12,1.0,3.1431357860565186,-3.1431357860565186,0.0005631198291666,-0.0201697014272212,0,baseline_model_based,1,0,1,5000,28000,1000,0.9174745082855223,top_quantile,0.1509811000000809,0.5471189974340176,0.3697478991596639,0.5866666666666667,,,12.0,,0,,good_count,12.0,,,,,,,,,,,,,,,,,,,,42,paper\main_text_experiments\runs\ratio_downstream_5k\ratio_0p0025_seed_42,0.0025,12,5000
hateful_memes,kmeans_center,market_kmeans_center_select,42,12,0,0.0,-1.1530879735946655,1.1530879735946655,-4.98195477121044e-05,-0.015458770096302,1,baseline_feature,0,0,1,5000,28000,1000,0.9174745082855223,top_quantile,0.148959300000115,0.5243154325513197,0.3697478991596639,0.5866666666666667,,7.0,,,0,,good_count,0.0,5.0,,,,,,,,,,,,,,,,,,,42,paper\main_text_experiments\runs\ratio_downstream_5k\ratio_0p0025_seed_42,0.0025,12,5000
hateful_memes,kmeans_center,market_typiclust_select,42,12,0,0.0,-0.7996065020561218,0.7996065020561218,-6.156662857392803e-05,-0.0039599840529263,1,baseline_feature,0,0,1,5000,28000,1000,0.9174745082855223,top_quantile,0.1503388000000995,0.5415977822580644,0.3697478991596639,0.5866666666666667,,9.0,,,0,,good_count,0.0,3.0,,,,,,,,,,,,,,,,,,,42,paper\main_text_experiments\runs\ratio_downstream_5k\ratio_0p0025_seed_42,0.0025,12,5000
hateful_memes,kmeans_center,ours_kernel_ridge_student,42,12,6,0.5,2.0281789302825928,-2.0281789302825928,0.000206018492463,0.0189099088311195,1,online_student,0,0,1,5000,28000,1000,0.9174745082855223,top_quantile,0.2119799999995848,0.483545637829912,0.3697478991596639,0.5866666666666667,,7.0,,1.0,1,ours_student_row_ctpt,good_count,6.0,4.0,10000.0,64.0,4.0,92931.597765,53.80301340178943,53.80903000000001,107.61806,92931.597765,92931.597765,705941.0,192.0,0.0,192.0,192.0,10000.0,1.0,,,42,paper\main_text_experiments\runs\ratio_downstream_5k\ratio_0p0025_seed_42,0.0025,12,5000
hateful_memes,kmeans_center,ours_sample_package_krr,42,12,6,0.5,2.0281789302825928,-2.0281789302825928,0.000206018492463,0.0189099088311195,1,online_student,0,1,4,1250,28000,1000,0.9174745082855223,top_quantile,0.1127550000001065,0.5329737903225806,0.3697478991596639,0.5866666666666667,,7.0,,1.0,1,ours_student_pkg_ctpt,good_count,6.0,4.0,10000.0,64.0,4.0,1786105.677236,2.799386432575201,2.80927,5.61854,1786105.677236,446526.419309,235320.0,10.0,0.0,10.0,10.0,2500.0,4.0,,,42,paper\main_text_experiments\runs\ratio_downstream_5k\ratio_0p0025_seed_42,0.0025,12,5000
hateful_memes,uncertainty_badge,market_random_select,42,12,2,0.1666666666666666,-0.0694175511598587,0.0694175511598587,2.6459494620212357e-05,-0.0016734167002141,1,baseline_feature,0,0,1,5000,28000,1000,0.9174745082855223,top_quantile,0.2253100000002632,0.5546421370967742,0.3697478991596639,0.5866666666666667,2.0,1.0,,8.0,0,,good_count,2.0,,,,,,,,,,,,,,,,,,1.0,,42,paper\main_text_experiments\runs\ratio_downstream_5k\ratio_0p0025_seed_42,0.0025,12,5000
hateful_memes,uncertainty_badge,market_cosine_select,42,12,0,0.0,-1.3159499168395996,1.3159499168395996,-0.0001338819711236,-0.003652076004073,1,baseline_feature,0,0,1,5000,28000,1000,0.9174745082855223,top_quantile,0.1487185999999383,0.5294469391495601,0.3697478991596639,0.5866666666666667,,,,,0,,good_count,0.0,,,,,,,,,,,,,,,,,,12.0,,42,paper\main_text_experiments\runs\ratio_downstream_5k\ratio_0p0025_seed_42,0.0025,12,5000
hateful_memes,uncertainty_badge,market_coreset_select,42,12,0,0.0,-0.942349135875702,0.942349135875702,-2.1532177925109863e-05,-0.0153498454019427,1,baseline_feature,0,0,1,5000,28000,1000,0.9174745082855223,top_quantile,0.1494880000000193,0.4879632514662756,0.3697478991596639,0.5866666666666667,8.0,,,,0,,good_count,0.0,,,,,,,,,,,,,,,,,,4.0,,42,paper\main_text_experiments\runs\ratio_downstream_5k\ratio_0p0025_seed_42,0.0025,12,5000
hateful_memes,uncertainty_badge,market_badge_select,42,12,0,0.0,-0.8991127610206604,0.8991127610206604,3.5415093861956848e-06,-0.0190113019198179,1,baseline_model_based,1,0,1,5000,28000,1000,0.9174745082855223,top_quantile,0.1287392999997791,0.5513766953812317,0.3697478991596639,0.5866666666666667,6.0,,,,0,,good_count,0.0,,,,,,,,,,,,,,,,,,6.0,,42,paper\main_text_experiments\runs\ratio_downstream_5k\ratio_0p0025_seed_42,0.0025,12,5000
hateful_memes,uncertainty_badge,market_kmeans_center_select,42,12,5,0.4166666666666667,1.2417536973953247,-1.2417536973953247,9.666880214354023e-05,0.0192275941371917,1,baseline_feature,0,0,1,5000,28000,1000,0.9174745082855223,top_quantile,0.1303536000000349,0.5095016953812317,0.2924528301886792,0.4133333333333333,,2.0,,7.0,0,,good_count,5.0,3.0,,,,,,,,,,,,,,,,,,,42,paper\main_text_experiments\runs\ratio_downstream_5k\ratio_0p0025_seed_42,0.0025,12,5000
hateful_memes,uncertainty_badge,market_typiclust_select,42,12,3,0.25,0.3725358545780182,-0.3725358545780182,3.839035707642324e-05,0.0076148733496665,1,baseline_feature,0,0,1,5000,28000,1000,0.9174745082855223,top_quantile,0.1198100999999951,0.4994980296920821,0.2924528301886792,0.4133333333333333,,1.0,,5.0,0,,good_count,3.0,2.0,,,,,,,,,,,,,,,,,4.0,,42,paper\main_text_experiments\runs\ratio_downstream_5k\ratio_0p0025_seed_42,0.0025,12,5000
hateful_memes,uncertainty_badge,ours_kernel_ridge_student,42,12,10,0.8333333333333334,3.0642318725585938,-3.0642318725585938,0.0002890676259994,0.0301545578986406,0,online_student,0,0,1,5000,28000,1000,0.9174745082855223,top_quantile,0.0958894999998847,0.4545921920821114,0.3697478991596639,0.5866666666666667,,3.0,,5.0,1,ours_student_row_ctpt,good_count,10.0,4.0,10000.0,64.0,4.0,92931.597765,53.80301340178943,53.80903000000001,107.61806,92931.597765,92931.597765,705941.0,192.0,0.0,192.0,192.0,10000.0,1.0,,,42,paper\main_text_experiments\runs\ratio_downstream_5k\ratio_0p0025_seed_42,0.0025,12,5000
hateful_memes,uncertainty_badge,ours_sample_package_krr,42,12,10,0.8333333333333334,3.0642318725585938,-3.0642318725585938,0.0002890676259994,0.0301545578986406,0,online_student,0,1,4,1250,28000,1000,0.9174745082855223,top_quantile,0.1543848999999681,0.5333992393695014,0.3697478991596639,0.5866666666666667,,3.0,,5.0,1,ours_student_pkg_ctpt,good_count,10.0,4.0,10000.0,64.0,4.0,1786105.677236,2.799386432575201,2.80927,5.61854,1786105.677236,446526.419309,235320.0,10.0,0.0,10.0,10.0,2500.0,4.0,,,42,paper\main_text_experiments\runs\ratio_downstream_5k\ratio_0p0025_seed_42,0.0025,12,5000
hateful_memes,cosine,market_random_select,42,12,2,0.1666666666666666,-0.1817209273576736,0.1817209273576736,3.469983857939951e-05,-0.0061884787864983,1,baseline_feature,0,0,1,5000,28000,1000,0.9174745082855223,top_quantile,0.1866611999998895,0.5536881414956012,0.3697478991596639,0.5866666666666667,,,,1.0,0,,good_count,2.0,4.0,,,,,,,,,,,,,,,,,7.0,,42,paper\main_text_experiments\runs\ratio_downstream_5k\ratio_0p0025_seed_42,0.0025,12,5000
hateful_memes,cosine,market_cosine_select,42,12,0,0.0,-0.0131412046030163,0.0131412046030163,-1.850724220275879e-05,0.0083958925679326,1,baseline_feature,0,0,1,5000,28000,1000,0.9174745082855223,top_quantile,0.18412410000019,0.5263038398093841,0.3697478991596639,0.5866666666666667,,,,,0,,good_count,0.0,,,,,,,,,,,,,,,,,,12.0,,42,paper\main_text_experiments\runs\ratio_downstream_5k\ratio_0p0025_seed_42,0.0025,12,5000
hateful_memes,cosine,market_coreset_select,42,12,12,1.0,2.9723422527313232,-2.9723422527313232,0.0005378921632654,-0.0198178924620151,0,baseline_feature,0,0,1,5000,28000,1000,0.9174745082855223,top_quantile,0.1506533000001582,0.520515258431085,0.3697478991596639,0.5866666666666667,,,12.0,,0,,good_count,12.0,,,,,,,,,,,,,,,,,,,,42,paper\main_text_experiments\runs\ratio_downstream_5k\ratio_0p0025_seed_42,0.0025,12,5000
hateful_memes,cosine,market_badge_select,42,12,12,1.0,3.1431357860565186,-3.1431357860565186,0.0005631198291666,-0.0201697014272212,0,baseline_model_based,1,0,1,5000,28000,1000,0.9174745082855223,top_quantile,0.149037700000008,0.5471189974340176,0.3697478991596639,0.5866666666666667,,,12.0,,0,,good_count,12.0,,,,,,,,,,,,,,,,,,,,42,paper\main_text_experiments\runs\ratio_downstream_5k\ratio_0p0025_seed_42,0.0025,12,5000
hateful_memes,cosine,market_kmeans_center_select,42,12,3,0.25,-0.8711883425712585,0.8711883425712585,-1.3267000213090796e-05,-0.0150670856237411,1,baseline_feature,0,0,1,5000,28000,1000,0.9174745082855223,top_quantile,0.1504678000001149,0.5244490010997067,0.3697478991596639,0.5866666666666667,,1.0,,,0,,good_count,3.0,11.0,,,,,,,,,,,,,,,,,,,42,paper\main_text_experiments\runs\ratio_downstream_5k\ratio_0p0025_seed_42,0.0025,12,5000
hateful_memes,cosine,market_typiclust_select,42,12,0,0.0,-0.8665494322776794,0.8665494322776794,-6.987651431700215e-05,-0.0041237864643335,1,baseline_feature,0,0,1,5000,28000,1000,0.9174745082855223,top_quantile,0.1101039000000128,0.5079953262463343,0.2924528301886792,0.4133333333333333,,,,,0,,good_count,0.0,6.0,,,,,,,,,,,,,,,,,6.0,,42,paper\main_text_experiments\runs\ratio_downstream_5k\ratio_0p0025_seed_42,0.0025,12,5000
hateful_memes,cosine,ours_kernel_ridge_student,42,12,12,1.0,3.148800849914551,-3.148800849914551,0.0003000597062055,0.0302670150995254,0,online_student,0,0,1,5000,28000,1000,0.9174745082855223,top_quantile,0.0916704999999638,0.454149560117302,0.3697478991596639,0.5866666666666667,,5.0,,2.0,1,ours_student_row_ctpt,good_count,12.0,5.0,10000.0,64.0,4.0,92931.597765,53.80301340178943,53.80903000000001,107.61806,92931.597765,92931.597765,705941.0,192.0,0.0,192.0,192.0,10000.0,1.0,,,42,paper\main_text_experiments\runs\ratio_downstream_5k\ratio_0p0025_seed_42,0.0025,12,5000
hateful_memes,cosine,ours_sample_package_krr,42,12,12,1.0,3.148800849914551,-3.148800849914551,0.0003000597062055,0.0302670150995254,0,online_student,0,1,4,1250,28000,1000,0.9174745082855223,top_quantile,0.1294428000001062,0.5339614644428152,0.3697478991596639,0.5866666666666667,,5.0,,2.0,1,ours_student_pkg_ctpt,good_count,12.0,5.0,10000.0,64.0,4.0,1786105.677236,2.799386432575201,2.80927,5.61854,1786105.677236,446526.419309,235320.0,10.0,0.0,10.0,10.0,2500.0,4.0,,,42,paper\main_text_experiments\runs\ratio_downstream_5k\ratio_0p0025_seed_42,0.0025,12,5000
hateful_memes,all_average,market_random_select,42,12,2,0.1666666666666666,-0.7772083878517151,0.7772083878517151,2.269446849822998e-05,-0.0194816049188375,1,baseline_feature,0,0,1,5000,28000,1000,0.9174745082855223,top_quantile,0.1560373000002073,0.5331511180351907,0.3697478991596639,0.5866666666666667,2.0,2.0,1.0,2.0,0,,good_count,2.0,3.0,,,,,,,,,,,,,,,,,2.0,,42,paper\main_text_experiments\runs\ratio_downstream_5k\ratio_0p0025_seed_42,0.0025,12,5000
hateful_memes,all_average,market_cosine_select,42,12,0,0.0,-1.533657193183899,1.533657193183899,-0.0001025746241793,-0.0153359556570649,1,baseline_feature,0,0,1,5000,28000,1000,0.9174745082855223,top_quantile,0.2089552000002186,0.5365072855571847,0.3697478991596639,0.5866666666666667,,,,,0,,good_count,0.0,,,,,,,,,,,,,,,,,,12.0,,42,paper\main_text_experiments\runs\ratio_downstream_5k\ratio_0p0025_seed_42,0.0025,12,5000
hateful_memes,all_average,market_coreset_select,42,12,0,0.0,-1.0587981939315796,1.0587981939315796,-0.0002196878194808,0.0194826629012823,1,baseline_feature,0,0,1,5000,28000,1000,0.9174745082855223,top_quantile,0.1573951000000306,0.4908240927419354,0.3697478991596639,0.5866666666666667,,,12.0,,0,,good_count,0.0,,,,,,,,,,,,,,,,,,,,42,paper\main_text_experiments\runs\ratio_downstream_5k\ratio_0p0025_seed_42,0.0025,12,5000
hateful_memes,all_average,market_badge_select,42,12,0,0.0,-1.1563721895217896,1.1563721895217896,-0.0002310276031494,0.0190962478518486,1,baseline_model_based,1,0,1,5000,28000,1000,0.9174745082855223,top_quantile,0.1499303000000509,0.5389216000733138,0.3697478991596639,0.5866666666666667,,,12.0,,0,,good_count,0.0,,,,,,,,,,,,,,,,,,,,42,paper\main_text_experiments\runs\ratio_downstream_5k\ratio_0p0025_seed_42,0.0025,12,5000
hateful_memes,all_average,market_kmeans_center_select,42,12,0,0.0,-0.8853271007537842,0.8853271007537842,-4.202624040772207e-05,-0.0099393809214234,1,baseline_feature,0,0,1,5000,28000,1000,0.9174745082855223,top_quantile,0.155560400000013,0.5149241660557184,0.3697478991596639,0.5866666666666667,,5.0,,,0,,good_count,0.0,7.0,,,,,,,,,,,,,,,,,,,42,paper\main_text_experiments\runs\ratio_downstream_5k\ratio_0p0025_seed_42,0.0025,12,5000
hateful_memes,all_average,market_typiclust_select,42,12,0,0.0,-1.1779906749725342,1.1779906749725342,-0.0001035680397762,-0.0058357194066047,1,baseline_feature,0,0,1,5000,28000,1000,0.9174745082855223,top_quantile,0.1465398000000277,0.5431364552785923,0.3697478991596639,0.5866666666666667,,5.0,,,0,,good_count,0.0,5.0,,,,,,,,,,,,,,,,,2.0,,42,paper\main_text_experiments\runs\ratio_downstream_5k\ratio_0p0025_seed_42,0.0025,12,5000
hateful_memes,all_average,ours_kernel_ridge_student,42,12,9,0.75,1.5023483037948608,-1.5023483037948608,0.0001640617847442,0.01316590141505,1,online_student,0,0,1,5000,28000,1000,0.9174745082855223,top_quantile,0.0996363999997811,0.4613741752199413,0.3697478991596639,0.5866666666666667,,6.0,,2.0,1,ours_student_row_ctpt,good_count,9.0,4.0,10000.0,64.0,4.0,92931.597765,53.80301340178943,53.80903000000001,107.61806,92931.597765,92931.597765,705941.0,192.0,0.0,192.0,192.0,10000.0,1.0,,,42,paper\main_text_experiments\runs\ratio_downstream_5k\ratio_0p0025_seed_42,0.0025,12,5000
hateful_memes,all_average,ours_sample_package_krr,42,12,9,0.75,1.5023483037948608,-1.5023483037948608,0.0001640617847442,0.01316590141505,1,online_student,0,1,4,1250,28000,1000,0.9174745082855223,top_quantile,0.1454272999999375,0.5322908266129033,0.3697478991596639,0.5866666666666667,,6.0,,2.0,1,ours_student_pkg_ctpt,good_count,9.0,4.0,10000.0,64.0,4.0,1786105.677236,2.799386432575201,2.80927,5.61854,1786105.677236,446526.419309,235320.0,10.0,0.0,10.0,10.0,2500.0,4.0,,,42,paper\main_text_experiments\runs\ratio_downstream_5k\ratio_0p0025_seed_42,0.0025,12,5000
hatespeech,noise,market_random_select,142,12,0,0.0,-0.9414058327674866,0.9414058327674866,-8.739034092286602e-05,0.0231528580188751,1,baseline_feature,0,0,1,5000,28000,1000,1.0360314846038818,top_quantile,0.3481606999998803,0.57069252,0.3333333333333333,0.5,1.0,,8.0,3.0,0,,good_count,0.0,,,,,,,,,,,,,,,,,,,,42,paper\main_text_experiments\runs\ratio_downstream_5k\ratio_0p0025_seed_42,0.0025,12,5000
hatespeech,noise,market_cosine_select,142,12,0,0.0,-0.0267542358487844,0.0267542358487844,1.5497207641601562e-06,0.0266955941915512,1,baseline_feature,0,0,1,5000,28000,1000,1.0360314846038818,top_quantile,0.1965321999996376,0.5246114399999999,0.3333333333333333,0.5,,,,12.0,0,,good_count,0.0,,,,,,,,,,,,,,,,,,,,42,paper\main_text_experiments\runs\ratio_downstream_5k\ratio_0p0025_seed_42,0.0025,12,5000
hatespeech,noise,market_coreset_select,142,12,0,0.0,-1.297672986984253,1.297672986984253,-0.0001357297151116,0.0294104740023612,1,baseline_feature,0,0,1,5000,28000,1000,1.0360314846038818,top_quantile,0.2374647999999979,0.5576588,0.3333333333333333,0.5,,,12.0,,0,,good_count,0.0,,,,,,,,,,,,,,,,,,,,42,paper\main_text_experiments\runs\ratio_downstream_5k\ratio_0p0025_seed_42,0.0025,12,5000
hatespeech,noise,market_badge_select,142,12,0,0.0,-1.1474000215530396,1.1474000215530396,-0.0001030216590152,0.0199016910046339,1,baseline_model_based,1,0,1,5000,28000,1000,1.0360314846038818,top_quantile,0.2269978000003902,0.47962504,0.3333333333333333,0.5,,,12.0,,0,,good_count,0.0,,,,,,,,,,,,,,,,,,,,42,paper\main_text_experiments\runs\ratio_downstream_5k\ratio_0p0025_seed_42,0.0025,12,5000
hatespeech,noise,market_kmeans_center_select,142,12,12,1.0,2.9455528259277344,-2.9455528259277344,0.0002093066723318,0.0835265591740608,0,baseline_feature,0,0,1,5000,28000,1000,1.0360314846038818,top_quantile,0.2199157000000013,0.56222394,0.3333333333333333,0.5,,5.0,,,0,,good_count,12.0,7.0,,,,,,,,,,,,,,,,,,,42,paper\main_text_experiments\runs\ratio_downstream_5k\ratio_0p0025_seed_42,0.0025,12,5000
hatespeech,noise,market_typiclust_select,142,12,12,1.0,3.061002016067505,-3.061002016067505,0.0002232690603705,0.0824479237198829,0,baseline_feature,0,0,1,5000,28000,1000,1.0360314846038818,top_quantile,0.1991372000002229,0.5556004,0.3333333333333333,0.5,,5.0,,,0,,good_count,12.0,7.0,,,,,,,,,,,,,,,,,,,42,paper\main_text_experiments\runs\ratio_downstream_5k\ratio_0p0025_seed_42,0.0025,12,5000
hatespeech,noise,ours_kernel_ridge_student,142,12,12,1.0,3.476445436477661,-3.476445436477661,0.0002714941801968,0.0796920359134674,0,online_student,0,0,1,5000,28000,1000,1.0360314846038818,top_quantile,0.2349884000000202,0.56153388,0.3333333333333333,0.5,,7.0,,,1,ours_student_row_ctpt,good_count,12.0,5.0,10000.0,64.0,4.0,92931.597765,53.80301340178943,53.80903000000001,107.61806,92931.597765,92931.597765,705941.0,192.0,0.0,192.0,192.0,10000.0,1.0,,,42,paper\main_text_experiments\runs\ratio_downstream_5k\ratio_0p0025_seed_42,0.0025,12,5000
hatespeech,noise,ours_sample_package_krr,142,12,12,1.0,3.476445436477661,-3.476445436477661,0.0002714941801968,0.0796920359134674,0,online_student,0,1,4,1250,28000,1000,1.0360314846038818,top_quantile,0.161699000000226,0.48873622,0.3333333333333333,0.5,,7.0,,,1,ours_student_pkg_ctpt,good_count,12.0,5.0,10000.0,64.0,4.0,1786105.677236,2.799386432575201,2.80927,5.61854,1786105.677236,446526.419309,235320.0,10.0,0.0,10.0,10.0,2500.0,4.0,,,42,paper\main_text_experiments\runs\ratio_downstream_5k\ratio_0p0025_seed_42,0.0025,12,5000
hatespeech,coreset_far_wrong,market_random_select,142,12,0,0.0,-0.2879376113414764,0.2879376113414764,-6.375213706633076e-05,0.0479363091289997,1,baseline_feature,0,0,1,5000,28000,1000,1.0360314846038818,top_quantile,0.2246411000000989,0.5645517800000001,0.3333333333333333,0.5,8.0,,1.0,3.0,0,,good_count,0.0,,,,,,,,,,,,,,,,,,,,42,paper\main_text_experiments\runs\ratio_downstream_5k\ratio_0p0025_seed_42,0.0025,12,5000
hatespeech,coreset_far_wrong,market_cosine_select,142,12,0,0.0,-0.0267542358487844,0.0267542358487844,1.5497207641601562e-06,0.0266955941915512,1,baseline_feature,0,0,1,5000,28000,1000,1.0360314846038818,top_quantile,0.1563089999999647,0.5246114399999999,0.3333333333333333,0.5,,,,12.0,0,,good_count,0.0,,,,,,,,,,,,,,,,,,,,42,paper\main_text_experiments\runs\ratio_downstream_5k\ratio_0p0025_seed_42,0.0025,12,5000
hatespeech,coreset_far_wrong,market_coreset_select,142,12,0,0.0,-2.2550466060638428,2.2550466060638428,-0.0002155800611944,0.0183168947696685,1,baseline_feature,0,0,1,5000,28000,1000,1.0360314846038818,top_quantile,0.2555606000000807,0.56205958,0.3333333333333333,0.5,,,12.0,,0,,good_count,0.0,,,,,,,,,,,,,,,,,,,,42,paper\main_text_experiments\runs\ratio_downstream_5k\ratio_0p0025_seed_42,0.0025,12,5000
hatespeech,coreset_far_wrong,market_badge_select,142,12,0,0.0,-1.9797072410583496,1.9797072410583496,-0.0001741647720336,0.0112186931073665,1,baseline_model_based,1,0,1,5000,28000,1000,1.0360314846038818,top_quantile,0.1596009999998386,0.477416,0.3333333333333333,0.5,,,12.0,,0,,good_count,0.0,,,,,,,,,,,,,,,,,,,,42,paper\main_text_experiments\runs\ratio_downstream_5k\ratio_0p0025_seed_42,0.0025,12,5000
hatespeech,coreset_far_wrong,market_kmeans_center_select,142,12,12,1.0,2.9455528259277344,-2.9455528259277344,0.0002093066723318,0.0835265591740608,0,baseline_feature,0,0,1,5000,28000,1000,1.0360314846038818,top_quantile,0.2175562000002173,0.56222394,0.3333333333333333,0.5,,5.0,,,0,,good_count,12.0,7.0,,,,,,,,,,,,,,,,,,,42,paper\main_text_experiments\runs\ratio_downstream_5k\ratio_0p0025_seed_42,0.0025,12,5000
hatespeech,coreset_far_wrong,market_typiclust_select,142,12,12,1.0,3.061002016067505,-3.061002016067505,0.0002232690603705,0.0824479237198829,0,baseline_feature,0,0,1,5000,28000,1000,1.0360314846038818,top_quantile,0.1944455000002563,0.5556004,0.3333333333333333,0.5,,5.0,,,0,,good_count,12.0,7.0,,,,,,,,,,,,,,,,,,,42,paper\main_text_experiments\runs\ratio_downstream_5k\ratio_0p0025_seed_42,0.0025,12,5000
hatespeech,coreset_far_wrong,ours_kernel_ridge_student,142,12,12,1.0,3.476445436477661,-3.476445436477661,0.0002714941801968,0.0796920359134674,0,online_student,0,0,1,5000,28000,1000,1.0360314846038818,top_quantile,0.2184172000002036,0.56153388,0.3333333333333333,0.5,,7.0,,,1,ours_student_row_ctpt,good_count,12.0,5.0,10000.0,64.0,4.0,92931.597765,53.80301340178943,53.80903000000001,107.61806,92931.597765,92931.597765,705941.0,192.0,0.0,192.0,192.0,10000.0,1.0,,,42,paper\main_text_experiments\runs\ratio_downstream_5k\ratio_0p0025_seed_42,0.0025,12,5000
hatespeech,coreset_far_wrong,ours_sample_package_krr,142,12,12,1.0,3.476445436477661,-3.476445436477661,0.0002714941801968,0.0796920359134674,0,online_student,0,1,4,1250,28000,1000,1.0360314846038818,top_quantile,0.1557607999998254,0.48873622,0.3333333333333333,0.5,,7.0,,,1,ours_student_pkg_ctpt,good_count,12.0,5.0,10000.0,64.0,4.0,1786105.677236,2.799386432575201,2.80927,5.61854,1786105.677236,446526.419309,235320.0,10.0,0.0,10.0,10.0,2500.0,4.0,,,42,paper\main_text_experiments\runs\ratio_downstream_5k\ratio_0p0025_seed_42,0.0025,12,5000
hatespeech,typiclust_dense,market_random_select,142,12,0,0.0,-0.1969955712556839,0.1969955712556839,-4.259248453308828e-05,0.0414203815162181,1,baseline_feature,0,0,1,5000,28000,1000,1.0360314846038818,top_quantile,0.2777897000000848,0.5686514,0.3333333333333333,0.5,,1.0,,,0,,good_count,0.0,8.0,,,,,,,,,,,,,,,,,3.0,,42,paper\main_text_experiments\runs\ratio_downstream_5k\ratio_0p0025_seed_42,0.0025,12,5000
hatespeech,typiclust_dense,market_cosine_select,142,12,0,0.0,-1.3735419511795044,1.3735419511795044,-1.1627872481767554e-05,-0.0442014336585998,1,baseline_feature,0,0,1,5000,28000,1000,1.0360314846038818,top_quantile,0.2367140999999719,0.5230715,0.3333333333333333,0.5,,,,,0,,good_count,0.0,,,,,,,,,,,,,,,,,,12.0,,42,paper\main_text_experiments\runs\ratio_downstream_5k\ratio_0p0025_seed_42,0.0025,12,5000
hatespeech,typiclust_dense,market_coreset_select,142,12,12,1.0,3.042200326919556,-3.042200326919556,0.0004741648735944,-0.0585538186132907,0,baseline_feature,0,0,1,5000,28000,1000,1.0360314846038818,top_quantile,0.254509699999744,0.5613284199999999,0.3333333333333333,0.5,,,12.0,,0,,good_count,12.0,,,,,,,,,,,,,,,,,,,,42,paper\main_text_experiments\runs\ratio_downstream_5k\ratio_0p0025_seed_42,0.0025,12,5000
hatespeech,typiclust_dense,market_badge_select,142,12,12,1.0,2.963391065597534,-2.963391065597534,0.0004668782057706,-0.0590691305696964,0,baseline_model_based,1,0,1,5000,28000,1000,1.0360314846038818,top_quantile,0.1661266999999497,0.4744008999999999,0.3333333333333333,0.5,,,12.0,,0,,good_count,12.0,,,,,,,,,,,,,,,,,,,,42,paper\main_text_experiments\runs\ratio_downstream_5k\ratio_0p0025_seed_42,0.0025,12,5000
hatespeech,typiclust_dense,market_kmeans_center_select,142,12,1,0.0833333333333333,1.9402813911437988,-1.9402813911437988,0.0001323968172073,0.0680104866623878,1,baseline_feature,0,0,1,5000,28000,1000,1.0360314846038818,top_quantile,0.2219387000000097,0.56245086,0.3333333333333333,0.5,,,,,0,,good_count,1.0,12.0,,,,,,,,,,,,,,,,,,,42,paper\main_text_experiments\runs\ratio_downstream_5k\ratio_0p0025_seed_42,0.0025,12,5000
hatespeech,typiclust_dense,market_typiclust_select,142,12,0,0.0,0.8322117924690247,-0.8322117924690247,-3.193815473423456e-06,0.0792447850108146,1,baseline_feature,0,0,1,5000,28000,1000,1.0360314846038818,top_quantile,0.1956140999996023,0.5586067,0.3333333333333333,0.5,,8.0,,,0,,good_count,0.0,4.0,,,,,,,,,,,,,,,,,,,42,paper\main_text_experiments\runs\ratio_downstream_5k\ratio_0p0025_seed_42,0.0025,12,5000
hatespeech,typiclust_dense,ours_kernel_ridge_student,142,12,9,0.75,3.2010300159454346,-3.2010300159454346,0.0002441555261611,0.0789361223578453,1,online_student,0,0,1,5000,28000,1000,1.0360314846038818,top_quantile,0.2201217999995606,0.5622187599999999,0.3333333333333333,0.5,,4.0,,,1,ours_student_row_ctpt,good_count,9.0,8.0,10000.0,64.0,4.0,92931.597765,53.80301340178943,53.80903000000001,107.61806,92931.597765,92931.597765,705941.0,192.0,0.0,192.0,192.0,10000.0,1.0,,,42,paper\main_text_experiments\runs\ratio_downstream_5k\ratio_0p0025_seed_42,0.0025,12,5000
hatespeech,typiclust_dense,ours_sample_package_krr,142,12,9,0.75,3.2010300159454346,-3.2010300159454346,0.0002441555261611,0.0789361223578453,1,online_student,0,1,4,1250,28000,1000,1.0360314846038818,top_quantile,0.1569257999999536,0.48910602,0.3333333333333333,0.5,,4.0,,,1,ours_student_pkg_ctpt,good_count,9.0,8.0,10000.0,64.0,4.0,1786105.677236,2.799386432575201,2.80927,5.61854,1786105.677236,446526.419309,235320.0,10.0,0.0,10.0,10.0,2500.0,4.0,,,42,paper\main_text_experiments\runs\ratio_downstream_5k\ratio_0p0025_seed_42,0.0025,12,5000
hatespeech,kmeans_center,market_random_select,142,12,0,0.0,0.0384916253387928,-0.0384916253387928,3.727773946593516e-05,0.0105628855526447,1,baseline_feature,0,0,1,5000,28000,1000,1.0360314846038818,top_quantile,0.2188856000002488,0.56814642,0.3333333333333333,0.5,3.0,8.0,,,0,,good_count,0.0,1.0,,,,,,,,,,,,,,,,,,,42,paper\main_text_experiments\runs\ratio_downstream_5k\ratio_0p0025_seed_42,0.0025,12,5000
hatespeech,kmeans_center,market_cosine_select,142,12,7,0.5833333333333334,1.6473336219787598,-1.6473336219787598,0.0001129359006881,0.0618430562317371,1,baseline_feature,0,0,1,5000,28000,1000,1.0360314846038818,top_quantile,0.1568297999997412,0.52954794,0.3333333333333333,0.5,,5.0,,7.0,0,,good_count,7.0,,,,,,,,,,,,,,,,,,,,42,paper\main_text_experiments\runs\ratio_downstream_5k\ratio_0p0025_seed_42,0.0025,12,5000
hatespeech,kmeans_center,market_coreset_select,142,12,12,1.0,3.203688621520996,-3.203688621520996,0.0004893143777735,-0.0576196797192096,0,baseline_feature,0,0,1,5000,28000,1000,1.0360314846038818,top_quantile,0.2656128000003264,0.55994292,0.3333333333333333,0.5,,,12.0,,0,,good_count,12.0,,,,,,,,,,,,,,,,,,,,42,paper\main_text_experiments\runs\ratio_downstream_5k\ratio_0p0025_seed_42,0.0025,12,5000
hatespeech,kmeans_center,market_badge_select,142,12,12,1.0,3.0463180541992188,-3.0463180541992188,0.0004731565713882,-0.0577523112297058,0,baseline_model_based,1,0,1,5000,28000,1000,1.0360314846038818,top_quantile,0.1610983999999007,0.47442226,0.3333333333333333,0.5,,,12.0,,0,,good_count,12.0,,,,,,,,,,,,,,,,,,,,42,paper\main_text_experiments\runs\ratio_downstream_5k\ratio_0p0025_seed_42,0.0025,12,5000
hatespeech,kmeans_center,market_kmeans_center_select,142,12,3,0.25,2.003947496414185,-2.003947496414185,0.0001390129327774,0.0680199563503265,1,baseline_feature,0,0,1,5000,28000,1000,1.0360314846038818,top_quantile,0.2200345000001107,0.56250078,0.3333333333333333,0.5,,9.0,,,0,,good_count,3.0,3.0,,,,,,,,,,,,,,,,,,,42,paper\main_text_experiments\runs\ratio_downstream_5k\ratio_0p0025_seed_42,0.0025,12,5000
hatespeech,kmeans_center,market_typiclust_select,142,12,0,0.0,0.8309088349342346,-0.8309088349342346,-3.238518957004999e-06,0.0791940167546272,1,baseline_feature,0,0,1,5000,28000,1000,1.0360314846038818,top_quantile,0.1946781000001465,0.55859468,0.3333333333333333,0.5,,12.0,,,0,,good_count,0.0,,,,,,,,,,,,,,,,,,,,42,paper\main_text_experiments\runs\ratio_downstream_5k\ratio_0p0025_seed_42,0.0025,12,5000
hatespeech,kmeans_center,ours_kernel_ridge_student,142,12,9,0.75,3.190192937850952,-3.190192937850952,0.0002431968896416,0.0788410902023315,1,online_student,0,0,1,5000,28000,1000,1.0360314846038818,top_quantile,0.2182530000000042,0.5618817,0.3333333333333333,0.5,,7.0,,,1,ours_student_row_ctpt,good_count,9.0,5.0,10000.0,64.0,4.0,92931.597765,53.80301340178943,53.80903000000001,107.61806,92931.597765,92931.597765,705941.0,192.0,0.0,192.0,192.0,10000.0,1.0,,,42,paper\main_text_experiments\runs\ratio_downstream_5k\ratio_0p0025_seed_42,0.0025,12,5000
hatespeech,kmeans_center,ours_sample_package_krr,142,12,9,0.75,3.190192937850952,-3.190192937850952,0.0002431968896416,0.0788410902023315,1,online_student,0,1,4,1250,28000,1000,1.0360314846038818,top_quantile,0.2188528000001497,0.48918628,0.3333333333333333,0.5,,7.0,,,1,ours_student_pkg_ctpt,good_count,9.0,5.0,10000.0,64.0,4.0,1786105.677236,2.799386432575201,2.80927,5.61854,1786105.677236,446526.419309,235320.0,10.0,0.0,10.0,10.0,2500.0,4.0,,,42,paper\main_text_experiments\runs\ratio_downstream_5k\ratio_0p0025_seed_42,0.0025,12,5000
hatespeech,uncertainty_badge,market_random_select,142,12,0,0.0,-0.1094395294785499,0.1094395294785499,3.456572812865488e-05,0.0034807354677468,1,baseline_feature,0,0,1,5000,28000,1000,1.0360314846038818,top_quantile,0.3142625000000407,0.56700788,0.3333333333333333,0.5,1.0,,,8.0,0,,good_count,0.0,,,,,,,,,,,,,,,,,,3.0,,42,paper\main_text_experiments\runs\ratio_downstream_5k\ratio_0p0025_seed_42,0.0025,12,5000
hatespeech,uncertainty_badge,market_cosine_select,142,12,0,0.0,-1.0747848749160769,1.0747848749160769,-1.6540288925170898e-06,-0.0324061214923858,1,baseline_feature,0,0,1,5000,28000,1000,1.0360314846038818,top_quantile,0.1570111000000906,0.52482502,0.3333333333333333,0.5,,,,,0,,good_count,0.0,,,,,,,,,,,,,,,,,,12.0,,42,paper\main_text_experiments\runs\ratio_downstream_5k\ratio_0p0025_seed_42,0.0025,12,5000
hatespeech,uncertainty_badge,market_coreset_select,142,12,0,0.0,-0.7764541506767273,0.7764541506767273,-1.3326604857866188e-05,-0.0085646761581301,1,baseline_feature,0,0,1,5000,28000,1000,1.0360314846038818,top_quantile,0.2251861000004282,0.5575692,0.3333333333333333,0.5,8.0,,,,0,,good_count,0.0,,,,,,,,,,,,,,,,,,4.0,,42,paper\main_text_experiments\runs\ratio_downstream_5k\ratio_0p0025_seed_42,0.0025,12,5000
hatespeech,uncertainty_badge,market_badge_select,142,12,0,0.0,-0.8226487040519714,0.8226487040519714,1.1791785254899878e-05,-0.0252554863691329,1,baseline_model_based,1,0,1,5000,28000,1000,1.0360314846038818,top_quantile,0.158715999999913,0.4772624599999999,0.3333333333333333,0.5,4.0,,,,0,,good_count,0.0,,,,,,,,,,,,,,,,,,8.0,,42,paper\main_text_experiments\runs\ratio_downstream_5k\ratio_0p0025_seed_42,0.0025,12,5000
hatespeech,uncertainty_badge,market_kmeans_center_select,142,12,12,1.0,2.9034557342529297,-2.9034557342529297,0.0002049207687377,0.0835265591740608,0,baseline_feature,0,0,1,5000,28000,1000,1.0360314846038818,top_quantile,0.219613499999923,0.56222394,0.3333333333333333,0.5,,5.0,,,0,,good_count,12.0,7.0,,,,,,,,,,,,,,,,,,,42,paper\main_text_experiments\runs\ratio_downstream_5k\ratio_0p0025_seed_42,0.0025,12,5000
hatespeech,uncertainty_badge,market_typiclust_select,142,12,12,1.0,3.1180694103240967,-3.1180694103240967,0.0002292146236868,0.0824479237198829,0,baseline_feature,0,0,1,5000,28000,1000,1.0360314846038818,top_quantile,0.1912941000000501,0.5556004,0.3333333333333333,0.5,,5.0,,,0,,good_count,12.0,7.0,,,,,,,,,,,,,,,,,,,42,paper\main_text_experiments\runs\ratio_downstream_5k\ratio_0p0025_seed_42,0.0025,12,5000
hatespeech,uncertainty_badge,ours_kernel_ridge_student,142,12,10,0.8333333333333334,3.251859426498413,-3.251859426498413,0.0002486656012479,0.079374186694622,0,online_student,0,0,1,5000,28000,1000,1.0360314846038818,top_quantile,0.2154057000002467,0.56174236,0.3333333333333333,0.5,,5.0,,2.0,1,ours_student_row_ctpt,good_count,10.0,5.0,10000.0,64.0,4.0,92931.597765,53.80301340178943,53.80903000000001,107.61806,92931.597765,92931.597765,705941.0,192.0,0.0,192.0,192.0,10000.0,1.0,,,42,paper\main_text_experiments\runs\ratio_downstream_5k\ratio_0p0025_seed_42,0.0025,12,5000
hatespeech,uncertainty_badge,ours_sample_package_krr,142,12,10,0.8333333333333334,3.251859426498413,-3.251859426498413,0.0002486656012479,0.079374186694622,0,online_student,0,1,4,1250,28000,1000,1.0360314846038818,top_quantile,0.1559102000001075,0.4892655,0.3333333333333333,0.5,,5.0,,2.0,1,ours_student_pkg_ctpt,good_count,10.0,5.0,10000.0,64.0,4.0,1786105.677236,2.799386432575201,2.80927,5.61854,1786105.677236,446526.419309,235320.0,10.0,0.0,10.0,10.0,2500.0,4.0,,,42,paper\main_text_experiments\runs\ratio_downstream_5k\ratio_0p0025_seed_42,0.0025,12,5000
hatespeech,cosine,market_random_select,142,12,0,0.0,-1.0361653566360474,1.0361653566360474,-5.187094211578369e-05,-0.0021594779100269,1,baseline_feature,0,0,1,5000,28000,1000,1.0360314846038818,top_quantile,0.2142807000000175,0.5683811999999999,0.3333333333333333,0.5,,,,3.0,0,,good_count,0.0,1.0,,,,,,,,,,,,,,,,,8.0,,42,paper\main_text_experiments\runs\ratio_downstream_5k\ratio_0p0025_seed_42,0.0025,12,5000
hatespeech,cosine,market_cosine_select,142,12,0,0.0,-0.4023940563201904,0.4023940563201904,8.44399110633276e-08,0.005688854958862,1,baseline_feature,0,0,1,5000,28000,1000,1.0360314846038818,top_quantile,0.2139593000001696,0.56710766,0.3333333333333333,0.5,,,,,0,,good_count,0.0,,,,,,,,,,,,,,,,,,12.0,,42,paper\main_text_experiments\runs\ratio_downstream_5k\ratio_0p0025_seed_42,0.0025,12,5000
hatespeech,cosine,market_coreset_select,142,12,12,1.0,3.624239921569824,-3.624239921569824,0.0005360345239751,-0.0592395551502704,0,baseline_feature,0,0,1,5000,28000,1000,1.0360314846038818,top_quantile,0.2469890000002124,0.56058348,0.3333333333333333,0.5,,,12.0,,0,,good_count,12.0,,,,,,,,,,,,,,,,,,,,42,paper\main_text_experiments\runs\ratio_downstream_5k\ratio_0p0025_seed_42,0.0025,12,5000
hatespeech,cosine,market_badge_select,142,12,12,1.0,3.384889602661133,-3.384889602661133,0.0005105485324747,-0.0589333139359951,0,baseline_model_based,1,0,1,5000,28000,1000,1.0360314846038818,top_quantile,0.1585490000002209,0.4748028000000001,0.3333333333333333,0.5,,,12.0,,0,,good_count,12.0,,,,,,,,,,,,,,,,,,,,42,paper\main_text_experiments\runs\ratio_downstream_5k\ratio_0p0025_seed_42,0.0025,12,5000
hatespeech,cosine,market_kmeans_center_select,142,12,9,0.75,1.1726075410842896,-1.1726075410842896,0.0001069158315658,0.0376195423305034,1,baseline_feature,0,0,1,5000,28000,1000,1.0360314846038818,top_quantile,0.2121369999999842,0.56455914,0.3333333333333333,0.5,,5.0,,,0,,good_count,9.0,7.0,,,,,,,,,,,,,,,,,,,42,paper\main_text_experiments\runs\ratio_downstream_5k\ratio_0p0025_seed_42,0.0025,12,5000
hatespeech,cosine,market_typiclust_select,142,12,0,0.0,0.322449654340744,-0.322449654340744,-3.0001003779034363e-06,0.0495207272469997,1,baseline_feature,0,0,1,5000,28000,1000,1.0360314846038818,top_quantile,0.2146438999998281,0.5599506,0.3333333333333333,0.5,,,,,0,,good_count,0.0,,,,,,,,,,,,,,,,,,12.0,,42,paper\main_text_experiments\runs\ratio_downstream_5k\ratio_0p0025_seed_42,0.0025,12,5000
hatespeech,cosine,ours_kernel_ridge_student,142,12,12,1.0,3.6713826656341553,-3.6713826656341553,0.0002918541431427,0.0796639397740364,0,online_student,0,0,1,5000,28000,1000,1.0360314846038818,top_quantile,0.2900022999997418,0.56151504,0.3333333333333333,0.5,,7.0,,,1,ours_student_row_ctpt,good_count,12.0,5.0,10000.0,64.0,4.0,92931.597765,53.80301340178943,53.80903000000001,107.61806,92931.597765,92931.597765,705941.0,192.0,0.0,192.0,192.0,10000.0,1.0,,,42,paper\main_text_experiments\runs\ratio_downstream_5k\ratio_0p0025_seed_42,0.0025,12,5000
hatespeech,cosine,ours_sample_package_krr,142,12,12,1.0,3.6713826656341553,-3.6713826656341553,0.0002918541431427,0.0796639397740364,0,online_student,0,1,4,1250,28000,1000,1.0360314846038818,top_quantile,0.1567445999999108,0.4884831,0.3333333333333333,0.5,,7.0,,,1,ours_student_pkg_ctpt,good_count,12.0,5.0,10000.0,64.0,4.0,1786105.677236,2.799386432575201,2.80927,5.61854,1786105.677236,446526.419309,235320.0,10.0,0.0,10.0,10.0,2500.0,4.0,,,42,paper\main_text_experiments\runs\ratio_downstream_5k\ratio_0p0025_seed_42,0.0025,12,5000
hatespeech,all_average,market_random_select,142,12,0,0.0,-1.4360040426254272,1.4360040426254272,-6.847083568572998e-05,-0.016132466495037,1,baseline_feature,0,0,1,5000,28000,1000,1.0360314846038818,top_quantile,0.2128794000000198,0.56806278,0.3333333333333333,0.5,2.0,,1.0,2.0,0,,good_count,0.0,3.0,,,,,,,,,,,,,,,,,4.0,,42,paper\main_text_experiments\runs\ratio_downstream_5k\ratio_0p0025_seed_42,0.0025,12,5000
hatespeech,all_average,market_cosine_select,142,12,0,0.0,-1.4396950006484983,1.4396950006484983,-8.965532288129907e-06,-0.0495294034481048,1,baseline_feature,0,0,1,5000,28000,1000,1.0360314846038818,top_quantile,0.1552786000002015,0.5199819400000001,0.3333333333333333,0.5,,,,,0,,good_count,0.0,,,,,,,,,,,,,,,,,,12.0,,42,paper\main_text_experiments\runs\ratio_downstream_5k\ratio_0p0025_seed_42,0.0025,12,5000
hatespeech,all_average,market_coreset_select,142,12,0,0.0,-2.1304714679718018,2.1304714679718018,-0.0002284993679495,0.032758742570877,1,baseline_feature,0,0,1,5000,28000,1000,1.0360314846038818,top_quantile,0.2283778999999413,0.5588000200000001,0.3333333333333333,0.5,,,12.0,,0,,good_count,0.0,,,,,,,,,,,,,,,,,,,,42,paper\main_text_experiments\runs\ratio_downstream_5k\ratio_0p0025_seed_42,0.0025,12,5000
hatespeech,all_average,market_badge_select,142,12,0,0.0,-2.158684015274048,2.158684015274048,-0.0002306501119164,0.0323189981281757,1,baseline_model_based,1,0,1,5000,28000,1000,1.0360314846038818,top_quantile,0.1739693999998053,0.48928906,0.3333333333333333,0.5,,,12.0,,0,,good_count,0.0,,,,,,,,,,,,,,,,,,,,42,paper\main_text_experiments\runs\ratio_downstream_5k\ratio_0p0025_seed_42,0.0025,12,5000
hatespeech,all_average,market_kmeans_center_select,142,12,6,0.5,-0.1427952498197555,0.1427952498197555,5.41756562597584e-05,-0.0093924263492226,1,baseline_feature,0,0,1,5000,28000,1000,1.0360314846038818,top_quantile,0.2232245000000148,0.56478792,0.3333333333333333,0.5,,6.0,,,0,,good_count,6.0,6.0,,,,,,,,,,,,,,,,,,,42,paper\main_text_experiments\runs\ratio_downstream_5k\ratio_0p0025_seed_42,0.0025,12,5000
hatespeech,all_average,market_typiclust_select,142,12,0,0.0,0.8399152159690857,-0.8399152159690857,-2.4139881134033203e-06,0.0792574808001518,1,baseline_feature,0,0,1,5000,28000,1000,1.0360314846038818,top_quantile,0.1957232999998268,0.55861472,0.3333333333333333,0.5,,7.0,,,0,,good_count,0.0,5.0,,,,,,,,,,,,,,,,,,,42,paper\main_text_experiments\runs\ratio_downstream_5k\ratio_0p0025_seed_42,0.0025,12,5000
hatespeech,all_average,ours_kernel_ridge_student,142,12,12,1.0,3.4389238357543945,-3.4389238357543945,0.0002692441048566,0.078766830265522,0,online_student,0,0,1,5000,28000,1000,1.0360314846038818,top_quantile,0.2222342999998545,0.5622075,0.3333333333333333,0.5,,6.0,,,1,ours_student_row_ctpt,good_count,12.0,6.0,10000.0,64.0,4.0,92931.597765,53.80301340178943,53.80903000000001,107.61806,92931.597765,92931.597765,705941.0,192.0,0.0,192.0,192.0,10000.0,1.0,,,42,paper\main_text_experiments\runs\ratio_downstream_5k\ratio_0p0025_seed_42,0.0025,12,5000
hatespeech,all_average,ours_sample_package_krr,142,12,12,1.0,3.4389238357543945,-3.4389238357543945,0.0002692441048566,0.078766830265522,0,online_student,0,1,4,1250,28000,1000,1.0360314846038818,top_quantile,0.1565149000002748,0.4886676999999999,0.3333333333333333,0.5,,6.0,,,1,ours_student_pkg_ctpt,good_count,12.0,6.0,10000.0,64.0,4.0,1786105.677236,2.799386432575201,2.80927,5.61854,1786105.677236,446526.419309,235320.0,10.0,0.0,10.0,10.0,2500.0,4.0,,,42,paper\main_text_experiments\runs\ratio_downstream_5k\ratio_0p0025_seed_42,0.0025,12,5000
mscoco,noise,market_random_select,242,12,2,0.1666666666666666,0.0172768905758857,-0.0172768905758857,4.4718384742736816e-05,-0.0005220481543801,1,baseline_feature,0,0,1,5000,28000,1000,1.1260383129119873,top_quantile,0.3253629000000728,0.88499471875,0.3333333333333333,0.5,2.0,1.0,7.0,1.0,0,,good_count,2.0,1.0,,,,,,,,,,,,,,,,,,,42,paper\main_text_experiments\runs\ratio_downstream_5k\ratio_0p0025_seed_42,0.0025,12,5000
mscoco,noise,market_cosine_select,242,12,3,0.25,0.143522098660469,-0.143522098660469,4.540880399872549e-05,-5.38751482963562e-05,1,baseline_feature,0,0,1,5000,28000,1000,1.1260383129119873,top_quantile,0.2294269999997595,0.8652248125,0.3333333333333333,0.5,,,,12.0,0,,good_count,3.0,,,,,,,,,,,,,,,,,,,,42,paper\main_text_experiments\runs\ratio_downstream_5k\ratio_0p0025_seed_42,0.0025,12,5000
mscoco,noise,market_coreset_select,242,12,0,0.0,-0.5809946656227112,0.5809946656227112,-4.317859929869883e-05,0.0014431331073865,1,baseline_feature,0,0,1,5000,28000,1000,1.1260383129119873,top_quantile,0.2383078000002569,0.8069802187499999,0.3333333333333333,0.5,,,12.0,,0,,good_count,0.0,,,,,,,,,,,,,,,,,,,,42,paper\main_text_experiments\runs\ratio_downstream_5k\ratio_0p0025_seed_42,0.0025,12,5000
mscoco,noise,market_badge_select,242,12,0,0.0,-0.8840968608856201,0.8840968608856201,-7.562339305877686e-05,0.0018412028439342,1,baseline_model_based,1,0,1,5000,28000,1000,1.1260383129119873,top_quantile,0.2078691000001526,0.8496229375,0.3333333333333333,0.5,,,12.0,,0,,good_count,0.0,,,,,,,,,,,,,,,,,,,,42,paper\main_text_experiments\runs\ratio_downstream_5k\ratio_0p0025_seed_42,0.0025,12,5000
mscoco,noise,market_kmeans_center_select,242,12,12,1.0,4.059830665588379,-4.059830665588379,0.0002658466401044,0.0046300496906042,0,baseline_feature,0,0,1,5000,28000,1000,1.1260383129119873,top_quantile,0.20584400000007,0.8784172812500001,0.3333333333333333,0.5,,4.0,,,0,,good_count,12.0,8.0,,,,,,,,,,,,,,,,,,,42,paper\main_text_experiments\runs\ratio_downstream_5k\ratio_0p0025_seed_42,0.0025,12,5000
mscoco,noise,market_typiclust_select,242,12,12,1.0,5.41708517074585,-5.41708517074585,0.000368366629118,0.004961768630892,0,baseline_feature,0,0,1,5000,28000,1000,1.1260383129119873,top_quantile,0.2058280999999624,0.8758815937500001,0.3333333333333333,0.5,,5.0,,,0,,good_count,12.0,7.0,,,,,,,,,,,,,,,,,,,42,paper\main_text_experiments\runs\ratio_downstream_5k\ratio_0p0025_seed_42,0.0025,12,5000
mscoco,noise,ours_kernel_ridge_student,242,12,12,1.0,5.092807769775391,-5.092807769775391,0.0003210703434888,0.0060098413378,0,online_student,0,0,1,5000,28000,1000,1.1260383129119873,top_quantile,0.2044248000001971,0.84736715625,0.3333333333333333,0.5,,7.0,,1.0,1,ours_student_row_ctpt,good_count,12.0,4.0,10000.0,64.0,4.0,92931.597765,53.80301340178943,53.80903000000001,107.61806,92931.597765,92931.597765,705941.0,192.0,0.0,192.0,192.0,10000.0,1.0,,,42,paper\main_text_experiments\runs\ratio_downstream_5k\ratio_0p0025_seed_42,0.0025,12,5000
mscoco,noise,ours_sample_package_krr,242,12,12,1.0,5.092807769775391,-5.092807769775391,0.0003210703434888,0.0060098413378,0,online_student,0,1,4,1250,28000,1000,1.1260383129119873,top_quantile,0.2014525999998113,0.84562853125,0.3333333333333333,0.5,,7.0,,1.0,1,ours_student_pkg_ctpt,good_count,12.0,4.0,10000.0,64.0,4.0,1786105.677236,2.799386432575201,2.80927,5.61854,1786105.677236,446526.419309,235320.0,10.0,0.0,10.0,10.0,2500.0,4.0,,,42,paper\main_text_experiments\runs\ratio_downstream_5k\ratio_0p0025_seed_42,0.0025,12,5000
mscoco,coreset_far_wrong,market_random_select,242,12,2,0.1666666666666666,0.1333534866571426,-0.1333534866571426,1.8417835235595703e-05,0.001240090583451,1,baseline_feature,0,0,1,5000,28000,1000,1.1260383129119873,top_quantile,0.1985409000003528,0.8645915937499999,0.3333333333333333,0.5,7.0,1.0,2.0,1.0,0,,good_count,2.0,1.0,,,,,,,,,,,,,,,,,,,42,paper\main_text_experiments\runs\ratio_downstream_5k\ratio_0p0025_seed_42,0.0025,12,5000
mscoco,coreset_far_wrong,market_cosine_select,242,12,3,0.25,0.143522098660469,-0.143522098660469,4.540880399872549e-05,-5.38751482963562e-05,1,baseline_feature,0,0,1,5000,28000,1000,1.1260383129119873,top_quantile,0.2025380000000041,0.8652248125,0.3333333333333333,0.5,,,,12.0,0,,good_count,3.0,,,,,,,,,,,,,,,,,,,,42,paper\main_text_experiments\runs\ratio_downstream_5k\ratio_0p0025_seed_42,0.0025,12,5000
mscoco,coreset_far_wrong,market_coreset_select,242,12,0,0.0,-1.2493656873703003,1.2493656873703003,-6.70154913677834e-05,-3.770862895180471e-05,1,baseline_feature,0,0,1,5000,28000,1000,1.1260383129119873,top_quantile,0.2302984000002652,0.8025095,0.3333333333333333,0.5,,,12.0,,0,,good_count,0.0,,,,,,,,,,,,,,,,,,,,42,paper\main_text_experiments\runs\ratio_downstream_5k\ratio_0p0025_seed_42,0.0025,12,5000
mscoco,coreset_far_wrong,market_badge_select,242,12,0,0.0,-1.4565335512161257,1.4565335512161257,-9.63658094406128e-05,0.0005890764878131,1,baseline_model_based,1,0,1,5000,28000,1000,1.1260383129119873,top_quantile,0.2603837999999996,0.851755875,0.3333333333333333,0.5,,,12.0,,0,,good_count,0.0,,,,,,,,,,,,,,,,,,,,42,paper\main_text_experiments\runs\ratio_downstream_5k\ratio_0p0025_seed_42,0.0025,12,5000
mscoco,coreset_far_wrong,market_kmeans_center_select,242,12,12,1.0,4.059830665588379,-4.059830665588379,0.0002658466401044,0.0046300496906042,0,baseline_feature,0,0,1,5000,28000,1000,1.1260383129119873,top_quantile,0.2014278999999987,0.8784172812500001,0.3333333333333333,0.5,,4.0,,,0,,good_count,12.0,8.0,,,,,,,,,,,,,,,,,,,42,paper\main_text_experiments\runs\ratio_downstream_5k\ratio_0p0025_seed_42,0.0025,12,5000
mscoco,coreset_far_wrong,market_typiclust_select,242,12,12,1.0,5.41708517074585,-5.41708517074585,0.000368366629118,0.004961768630892,0,baseline_feature,0,0,1,5000,28000,1000,1.1260383129119873,top_quantile,0.1932628999998087,0.8758815937500001,0.3333333333333333,0.5,,5.0,,,0,,good_count,12.0,7.0,,,,,,,,,,,,,,,,,,,42,paper\main_text_experiments\runs\ratio_downstream_5k\ratio_0p0025_seed_42,0.0025,12,5000
mscoco,coreset_far_wrong,ours_kernel_ridge_student,242,12,12,1.0,5.092807769775391,-5.092807769775391,0.0003210703434888,0.0060098413378,0,online_student,0,0,1,5000,28000,1000,1.1260383129119873,top_quantile,0.2030138000000079,0.84736715625,0.3333333333333333,0.5,,7.0,,1.0,1,ours_student_row_ctpt,good_count,12.0,4.0,10000.0,64.0,4.0,92931.597765,53.80301340178943,53.80903000000001,107.61806,92931.597765,92931.597765,705941.0,192.0,0.0,192.0,192.0,10000.0,1.0,,,42,paper\main_text_experiments\runs\ratio_downstream_5k\ratio_0p0025_seed_42,0.0025,12,5000
mscoco,coreset_far_wrong,ours_sample_package_krr,242,12,12,1.0,5.092807769775391,-5.092807769775391,0.0003210703434888,0.0060098413378,0,online_student,0,1,4,1250,28000,1000,1.1260383129119873,top_quantile,0.2021080999998048,0.84562853125,0.3333333333333333,0.5,,7.0,,1.0,1,ours_student_pkg_ctpt,good_count,12.0,4.0,10000.0,64.0,4.0,1786105.677236,2.799386432575201,2.80927,5.61854,1786105.677236,446526.419309,235320.0,10.0,0.0,10.0,10.0,2500.0,4.0,,,42,paper\main_text_experiments\runs\ratio_downstream_5k\ratio_0p0025_seed_42,0.0025,12,5000
mscoco,typiclust_dense,market_random_select,242,12,2,0.1666666666666666,0.2154729217290878,-0.2154729217290878,3.8956601201789454e-05,0.0005513994838111,1,baseline_feature,0,0,1,5000,28000,1000,1.1260383129119873,top_quantile,0.2006689999998343,0.8839215312500001,0.3333333333333333,0.5,,3.0,,1.0,0,,good_count,2.0,7.0,,,,,,,,,,,,,,,,,1.0,,42,paper\main_text_experiments\runs\ratio_downstream_5k\ratio_0p0025_seed_42,0.0025,12,5000
mscoco,typiclust_dense,market_cosine_select,242,12,12,1.0,3.065864324569702,-3.065864324569702,3.3408403396606445e-05,0.0121669033542275,0,baseline_feature,0,0,1,5000,28000,1000,1.1260383129119873,top_quantile,0.2039618000003429,0.85960678125,0.3333333333333333,0.5,,,,,0,,good_count,12.0,,,,,,,,,,,,,,,,,,,12.0,42,paper\main_text_experiments\runs\ratio_downstream_5k\ratio_0p0025_seed_42,0.0025,12,5000
mscoco,typiclust_dense,market_coreset_select,242,12,10,0.8333333333333334,2.2533273696899414,-2.2533273696899414,0.0001312494277954,0.0040967348031699,0,baseline_feature,0,0,1,5000,28000,1000,1.1260383129119873,top_quantile,0.2440756999999394,0.7883398125,0.3333333333333333,0.5,1.0,,7.0,,0,,good_count,10.0,,,,,,,,,,,,,,,,,,2.0,2.0,42,paper\main_text_experiments\runs\ratio_downstream_5k\ratio_0p0025_seed_42,0.0025,12,5000
mscoco,typiclust_dense,market_badge_select,242,12,10,0.8333333333333334,2.234034299850464,-2.234034299850464,0.0001260340213775,0.0042778197675943,0,baseline_model_based,1,0,1,5000,28000,1000,1.1260383129119873,top_quantile,0.2006382999998095,0.8173772499999998,0.3333333333333333,0.5,,,7.0,,0,,good_count,10.0,,,,,,,,,,,,,,,,,,2.0,3.0,42,paper\main_text_experiments\runs\ratio_downstream_5k\ratio_0p0025_seed_42,0.0025,12,5000
mscoco,typiclust_dense,market_kmeans_center_select,242,12,2,0.1666666666666666,2.8960697650909424,-2.8960697650909424,0.0001795341522665,0.0042669125832617,1,baseline_feature,0,0,1,5000,28000,1000,1.1260383129119873,top_quantile,0.2030780999998569,0.8781763125000001,0.3333333333333333,0.5,,1.0,,,0,,good_count,2.0,11.0,,,,,,,,,,,,,,,,,,,42,paper\main_text_experiments\runs\ratio_downstream_5k\ratio_0p0025_seed_42,0.0025,12,5000
mscoco,typiclust_dense,market_typiclust_select,242,12,9,0.75,4.692402362823486,-4.692402362823486,0.0003117620944976,0.0048768939450383,1,baseline_feature,0,0,1,5000,28000,1000,1.1260383129119873,top_quantile,0.2032480000002579,0.87598965625,0.3333333333333333,0.5,,4.0,,,0,,good_count,9.0,8.0,,,,,,,,,,,,,,,,,,,42,paper\main_text_experiments\runs\ratio_downstream_5k\ratio_0p0025_seed_42,0.0025,12,5000
mscoco,typiclust_dense,ours_kernel_ridge_student,242,12,11,0.9166666666666666,5.091888427734375,-5.091888427734375,0.0002887248992919,0.0076053328812122,0,online_student,0,0,1,5000,28000,1000,1.1260383129119873,top_quantile,0.1991250000000946,0.8469947499999999,0.3333333333333333,0.5,,5.0,,1.0,1,ours_student_row_ctpt,good_count,11.0,4.0,10000.0,64.0,4.0,92931.597765,53.80301340178943,53.80903000000001,107.61806,92931.597765,92931.597765,705941.0,192.0,0.0,192.0,192.0,10000.0,1.0,1.0,1.0,42,paper\main_text_experiments\runs\ratio_downstream_5k\ratio_0p0025_seed_42,0.0025,12,5000
mscoco,typiclust_dense,ours_sample_package_krr,242,12,11,0.9166666666666666,5.091888427734375,-5.091888427734375,0.0002887248992919,0.0076053328812122,0,online_student,0,1,4,1250,28000,1000,1.1260383129119873,top_quantile,0.201749700000164,0.8441126875000001,0.3333333333333333,0.5,,5.0,,1.0,1,ours_student_pkg_ctpt,good_count,11.0,4.0,10000.0,64.0,4.0,1786105.677236,2.799386432575201,2.80927,5.61854,1786105.677236,446526.419309,235320.0,10.0,0.0,10.0,10.0,2500.0,4.0,1.0,1.0,42,paper\main_text_experiments\runs\ratio_downstream_5k\ratio_0p0025_seed_42,0.0025,12,5000
mscoco,kmeans_center,market_random_select,242,12,2,0.1666666666666666,0.0459857992827892,-0.0459857992827892,4.742046075989492e-05,-0.0005414102342911,1,baseline_feature,0,0,1,5000,28000,1000,1.1260383129119873,top_quantile,0.2558148000002802,0.8695687499999999,0.3333333333333333,0.5,1.0,8.0,,,0,,good_count,2.0,3.0,,,,,,,,,,,,,,,,,,,42,paper\main_text_experiments\runs\ratio_downstream_5k\ratio_0p0025_seed_42,0.0025,12,5000
mscoco,kmeans_center,market_cosine_select,242,12,12,1.0,3.0337674617767334,-3.0337674617767334,3.569324690033682e-05,0.0119262337684631,0,baseline_feature,0,0,1,5000,28000,1000,1.1260383129119873,top_quantile,0.2662967999999637,0.8597111249999999,0.3333333333333333,0.5,,,,,0,,good_count,12.0,,,,,,,,,,,,,,,,,,,12.0,42,paper\main_text_experiments\runs\ratio_downstream_5k\ratio_0p0025_seed_42,0.0025,12,5000
mscoco,kmeans_center,market_coreset_select,242,12,9,0.75,2.020094156265259,-2.020094156265259,0.0001151959077105,0.0039624222554266,1,baseline_feature,0,0,1,5000,28000,1000,1.1260383129119873,top_quantile,0.2376065999997081,0.788643625,0.3333333333333333,0.5,3.0,,6.0,,0,,good_count,9.0,,,,,,,,,,,,,,,,,,,3.0,42,paper\main_text_experiments\runs\ratio_downstream_5k\ratio_0p0025_seed_42,0.0025,12,5000
mscoco,kmeans_center,market_badge_select,242,12,9,0.75,2.020094156265259,-2.020094156265259,0.0001151959077105,0.0039624222554266,1,baseline_model_based,1,0,1,5000,28000,1000,1.1260383129119873,top_quantile,0.1458966999998665,0.6277515,0.3333333333333333,0.5,3.0,,6.0,,0,,good_count,9.0,,,,,,,,,,,,,,,,,,,3.0,42,paper\main_text_experiments\runs\ratio_downstream_5k\ratio_0p0025_seed_42,0.0025,12,5000
mscoco,kmeans_center,market_kmeans_center_select,242,12,2,0.1666666666666666,2.8752737045288086,-2.8752737045288086,0.0001731514930725,0.0044997259974479,1,baseline_feature,0,0,1,5000,28000,1000,1.1260383129119873,top_quantile,0.2055064999999558,0.8783665937499999,0.3333333333333333,0.5,,11.0,,,0,,good_count,2.0,1.0,,,,,,,,,,,,,,,,,,,42,paper\main_text_experiments\runs\ratio_downstream_5k\ratio_0p0025_seed_42,0.0025,12,5000
mscoco,kmeans_center,market_typiclust_select,242,12,9,0.75,4.703577995300293,-4.703577995300293,0.0003116180596407,0.0049284826964139,1,baseline_feature,0,0,1,5000,28000,1000,1.1260383129119873,top_quantile,0.2007709999998042,0.8753858750000001,0.3333333333333333,0.5,,7.0,,,0,,good_count,9.0,5.0,,,,,,,,,,,,,,,,,,,42,paper\main_text_experiments\runs\ratio_downstream_5k\ratio_0p0025_seed_42,0.0025,12,5000
mscoco,kmeans_center,ours_kernel_ridge_student,242,12,11,0.9166666666666666,4.958804607391357,-4.958804607391357,0.0002676298317965,0.0081187477335333,0,online_student,0,0,1,5000,28000,1000,1.1260383129119873,top_quantile,0.2030605999998442,0.8478438749999999,0.3333333333333333,0.5,,7.0,,1.0,1,ours_student_row_ctpt,good_count,11.0,2.0,10000.0,64.0,4.0,92931.597765,53.80301340178943,53.80903000000001,107.61806,92931.597765,92931.597765,705941.0,192.0,0.0,192.0,192.0,10000.0,1.0,1.0,1.0,42,paper\main_text_experiments\runs\ratio_downstream_5k\ratio_0p0025_seed_42,0.0025,12,5000
mscoco,kmeans_center,ours_sample_package_krr,242,12,11,0.9166666666666666,4.958804607391357,-4.958804607391357,0.0002676298317965,0.0081187477335333,0,online_student,0,1,4,1250,28000,1000,1.1260383129119873,top_quantile,0.2076413999998294,0.8459747500000001,0.3333333333333333,0.5,,7.0,,1.0,1,ours_student_pkg_ctpt,good_count,11.0,2.0,10000.0,64.0,4.0,1786105.677236,2.799386432575201,2.80927,5.61854,1786105.677236,446526.419309,235320.0,10.0,0.0,10.0,10.0,2500.0,4.0,1.0,1.0,42,paper\main_text_experiments\runs\ratio_downstream_5k\ratio_0p0025_seed_42,0.0025,12,5000
mscoco,uncertainty_badge,market_random_select,242,12,2,0.1666666666666666,0.3062863051891327,-0.3062863051891327,5.9217214584350586e-05,-8.894839993445203e-05,1,baseline_feature,0,0,1,5000,28000,1000,1.1260383129119873,top_quantile,0.2006240000000616,0.87101921875,0.3333333333333333,0.5,2.0,,,7.0,0,,good_count,2.0,2.0,,,,,,,,,,,,,,,,,1.0,,42,paper\main_text_experiments\runs\ratio_downstream_5k\ratio_0p0025_seed_42,0.0025,12,5000
mscoco,uncertainty_badge,market_cosine_select,242,12,0,0.0,-1.7413548231124878,1.7413548231124878,-8.316338062286377e-05,-0.0011968995677307,1,baseline_feature,0,0,1,5000,28000,1000,1.1260383129119873,top_quantile,0.2059243000003334,0.85951753125,0.6354166666666667,0.67275,,,,,0,,good_count,0.0,,,,,,,,,,,,,,,,,,12.0,,42,paper\main_text_experiments\runs\ratio_downstream_5k\ratio_0p0025_seed_42,0.0025,12,5000
mscoco,uncertainty_badge,market_coreset_select,242,12,0,0.0,-1.0631390810012815,1.0631390810012815,1.9977489500888623e-05,-0.0035976506769657,1,baseline_feature,0,0,1,5000,28000,1000,1.1260383129119873,top_quantile,0.2298985000002176,0.83985478125,0.3333333333333333,0.5,9.0,,,,0,,good_count,0.0,,,,,,,,,,,,,,,,,,3.0,,42,paper\main_text_experiments\runs\ratio_downstream_5k\ratio_0p0025_seed_42,0.0025,12,5000
mscoco,uncertainty_badge,market_badge_select,242,12,0,0.0,-1.06591534614563,1.06591534614563,2.140303513442632e-05,-0.0036791756283491,1,baseline_model_based,1,0,1,5000,28000,1000,1.1260383129119873,top_quantile,0.2029724999997597,0.77720259375,0.3333333333333333,0.5,6.0,,,,0,,good_count,0.0,,,,,,,,,,,,,,,,,,6.0,,42,paper\main_text_experiments\runs\ratio_downstream_5k\ratio_0p0025_seed_42,0.0025,12,5000
mscoco,uncertainty_badge,market_kmeans_center_select,242,12,12,1.0,4.059830665588379,-4.059830665588379,0.0002658466401044,0.0046300496906042,0,baseline_feature,0,0,1,5000,28000,1000,1.1260383129119873,top_quantile,0.2025555000000167,0.8784172812500001,0.3333333333333333,0.5,,4.0,,,0,,good_count,12.0,8.0,,,,,,,,,,,,,,,,,,,42,paper\main_text_experiments\runs\ratio_downstream_5k\ratio_0p0025_seed_42,0.0025,12,5000
mscoco,uncertainty_badge,market_typiclust_select,242,12,12,1.0,5.41708517074585,-5.41708517074585,0.000368366629118,0.004961768630892,0,baseline_feature,0,0,1,5000,28000,1000,1.1260383129119873,top_quantile,0.1982004000001325,0.8758815937500001,0.3333333333333333,0.5,,5.0,,,0,,good_count,12.0,7.0,,,,,,,,,,,,,,,,,,,42,paper\main_text_experiments\runs\ratio_downstream_5k\ratio_0p0025_seed_42,0.0025,12,5000
mscoco,uncertainty_badge,ours_kernel_ridge_student,242,12,12,1.0,5.092807769775391,-5.092807769775391,0.0003210703434888,0.0060098413378,0,online_student,0,0,1,5000,28000,1000,1.1260383129119873,top_quantile,0.1996201000001747,0.84736715625,0.3333333333333333,0.5,,7.0,,1.0,1,ours_student_row_ctpt,good_count,12.0,4.0,10000.0,64.0,4.0,92931.597765,53.80301340178943,53.80903000000001,107.61806,92931.597765,92931.597765,705941.0,192.0,0.0,192.0,192.0,10000.0,1.0,,,42,paper\main_text_experiments\runs\ratio_downstream_5k\ratio_0p0025_seed_42,0.0025,12,5000
mscoco,uncertainty_badge,ours_sample_package_krr,242,12,12,1.0,5.092807769775391,-5.092807769775391,0.0003210703434888,0.0060098413378,0,online_student,0,1,4,1250,28000,1000,1.1260383129119873,top_quantile,0.2048770000001241,0.84562853125,0.3333333333333333,0.5,,7.0,,1.0,1,ours_student_pkg_ctpt,good_count,12.0,4.0,10000.0,64.0,4.0,1786105.677236,2.799386432575201,2.80927,5.61854,1786105.677236,446526.419309,235320.0,10.0,0.0,10.0,10.0,2500.0,4.0,,,42,paper\main_text_experiments\runs\ratio_downstream_5k\ratio_0p0025_seed_42,0.0025,12,5000
mscoco,cosine,market_random_select,242,12,2,0.1666666666666666,-0.2834316790103912,0.2834316790103912,-1.358489225822268e-05,0.0011639804579317,1,baseline_feature,0,0,1,5000,28000,1000,1.1260383129119873,top_quantile,0.2553115999999136,0.87275878125,0.3333333333333333,0.5,,2.0,,1.0,0,,good_count,2.0,2.0,,,,,,,,,,,,,,,,,7.0,,42,paper\main_text_experiments\runs\ratio_downstream_5k\ratio_0p0025_seed_42,0.0025,12,5000
mscoco,cosine,market_cosine_select,242,12,0,0.0,0.7954327464103699,-0.7954327464103699,-2.476076224411372e-05,0.0060091228224337,1,baseline_feature,0,0,1,5000,28000,1000,1.1260383129119873,top_quantile,0.1965276000000813,0.86601271875,0.3333333333333333,0.5,,,,,0,,good_count,0.0,,,,,,,,,,,,,,,,,,12.0,,42,paper\main_text_experiments\runs\ratio_downstream_5k\ratio_0p0025_seed_42,0.0025,12,5000
mscoco,cosine,market_coreset_select,242,12,5,0.4166666666666667,0.6624577045440674,-0.6624577045440674,8.775790774961933e-05,-8.284780051326379e-05,1,baseline_feature,0,0,1,5000,28000,1000,1.1260383129119873,top_quantile,0.2307912999999644,0.84036484375,0.3333333333333333,0.5,,,5.0,,0,,good_count,5.0,,,,,,,,,,,,,,,,,,7.0,,42,paper\main_text_experiments\runs\ratio_downstream_5k\ratio_0p0025_seed_42,0.0025,12,5000
mscoco,cosine,market_badge_select,242,12,5,0.4166666666666667,0.6046445965766907,-0.6046445965766907,8.800625801086426e-05,-0.0003251548332627,1,baseline_model_based,1,0,1,5000,28000,1000,1.1260383129119873,top_quantile,0.1958812000002581,0.80355425,0.3333333333333333,0.5,,,5.0,,0,,good_count,5.0,,,,,,,,,,,,,,,,,,7.0,,42,paper\main_text_experiments\runs\ratio_downstream_5k\ratio_0p0025_seed_42,0.0025,12,5000
mscoco,cosine,market_kmeans_center_select,242,12,12,1.0,4.040426731109619,-4.040426731109619,0.0002686133084353,0.0044160629622638,0,baseline_feature,0,0,1,5000,28000,1000,1.1260383129119873,top_quantile,0.2013321000003998,0.8783560625000001,0.3333333333333333,0.5,,5.0,,,0,,good_count,12.0,7.0,,,,,,,,,,,,,,,,,,,42,paper\main_text_experiments\runs\ratio_downstream_5k\ratio_0p0025_seed_42,0.0025,12,5000
mscoco,cosine,market_typiclust_select,242,12,12,1.0,5.41708517074585,-5.41708517074585,0.000368366629118,0.004961768630892,0,baseline_feature,0,0,1,5000,28000,1000,1.1260383129119873,top_quantile,0.1984677000000374,0.8758815937500001,0.3333333333333333,0.5,,5.0,,,0,,good_count,12.0,7.0,,,,,,,,,,,,,,,,,,,42,paper\main_text_experiments\runs\ratio_downstream_5k\ratio_0p0025_seed_42,0.0025,12,5000
mscoco,cosine,ours_kernel_ridge_student,242,12,11,0.9166666666666666,4.9642205238342285,-4.9642205238342285,0.0002890924515668,0.0070791915059089,0,online_student,0,0,1,5000,28000,1000,1.1260383129119873,top_quantile,0.2013990999998895,0.84721590625,0.3333333333333333,0.5,,7.0,,1.0,1,ours_student_row_ctpt,good_count,11.0,3.0,10000.0,64.0,4.0,92931.597765,53.80301340178943,53.80903000000001,107.61806,92931.597765,92931.597765,705941.0,192.0,0.0,192.0,192.0,10000.0,1.0,1.0,,42,paper\main_text_experiments\runs\ratio_downstream_5k\ratio_0p0025_seed_42,0.0025,12,5000
mscoco,cosine,ours_sample_package_krr,242,12,11,0.9166666666666666,4.9642205238342285,-4.9642205238342285,0.0002890924515668,0.0070791915059089,0,online_student,0,1,4,1250,28000,1000,1.1260383129119873,top_quantile,0.2028393000000505,0.8450493437499998,0.3333333333333333,0.5,,7.0,,1.0,1,ours_student_pkg_ctpt,good_count,11.0,3.0,10000.0,64.0,4.0,1786105.677236,2.799386432575201,2.80927,5.61854,1786105.677236,446526.419309,235320.0,10.0,0.0,10.0,10.0,2500.0,4.0,1.0,,42,paper\main_text_experiments\runs\ratio_downstream_5k\ratio_0p0025_seed_42,0.0025,12,5000
mscoco,all_average,market_random_select,242,12,2,0.1666666666666666,-0.3618737161159515,0.3618737161159515,1.043081283569336e-05,-0.0003354552900418,1,baseline_feature,0,0,1,5000,28000,1000,1.1260383129119873,top_quantile,0.2045083000002705,0.88480603125,0.3333333333333333,0.5,,2.0,3.0,2.0,0,,good_count,2.0,3.0,,,,,,,,,,,,,,,,,2.0,,42,paper\main_text_experiments\runs\ratio_downstream_5k\ratio_0p0025_seed_42,0.0025,12,5000
mscoco,all_average,market_cosine_select,242,12,0,0.0,-0.8565309643745422,0.8565309643745422,-0.000162889555213,0.0062652938067913,1,baseline_feature,0,0,1,5000,28000,1000,1.1260383129119873,top_quantile,0.2062688000000889,0.8653806562499999,0.3333333333333333,0.5,,,,,0,,good_count,0.0,,,,,,,,,,,,,,,,,,12.0,,42,paper\main_text_experiments\runs\ratio_downstream_5k\ratio_0p0025_seed_42,0.0025,12,5000
mscoco,all_average,market_coreset_select,242,12,0,0.0,-1.5853527784347534,1.5853527784347534,-9.023150050779805e-05,-0.0002267498784931,1,baseline_feature,0,0,1,5000,28000,1000,1.1260383129119873,top_quantile,0.2427581999995709,0.79904165625,0.3333333333333333,0.5,,,12.0,,0,,good_count,0.0,,,,,,,,,,,,,,,,,,,,42,paper\main_text_experiments\runs\ratio_downstream_5k\ratio_0p0025_seed_42,0.0025,12,5000
mscoco,all_average,market_badge_select,242,12,0,0.0,-1.3335967063903809,1.3335967063903809,-8.218487346312031e-05,0.0003771198971662,1,baseline_model_based,1,0,1,5000,28000,1000,1.1260383129119873,top_quantile,0.2035396999999648,0.8546864687500001,0.3333333333333333,0.5,,,12.0,,0,,good_count,0.0,,,,,,,,,,,,,,,,,,,,42,paper\main_text_experiments\runs\ratio_downstream_5k\ratio_0p0025_seed_42,0.0025,12,5000
mscoco,all_average,market_kmeans_center_select,242,12,2,0.1666666666666666,0.5350659489631653,-0.5350659489631653,6.475547706941143e-05,0.0005475156940519,1,baseline_feature,0,0,1,5000,28000,1000,1.1260383129119873,top_quantile,0.1945261999999274,0.8841391562499998,0.3333333333333333,0.5,,5.0,,,0,,good_count,2.0,7.0,,,,,,,,,,,,,,,,,,,42,paper\main_text_experiments\runs\ratio_downstream_5k\ratio_0p0025_seed_42,0.0025,12,5000
mscoco,all_average,market_typiclust_select,242,12,10,0.8333333333333334,4.805827617645264,-4.805827617645264,0.0003273288311902,0.0045585799962282,0,baseline_feature,0,0,1,5000,28000,1000,1.1260383129119873,top_quantile,0.1979874000003292,0.87786984375,0.3333333333333333,0.5,,4.0,,,0,,good_count,10.0,8.0,,,,,,,,,,,,,,,,,,,42,paper\main_text_experiments\runs\ratio_downstream_5k\ratio_0p0025_seed_42,0.0025,12,5000
mscoco,all_average,ours_kernel_ridge_student,242,12,12,1.0,5.121485233306885,-5.121485233306885,0.0003062883915845,0.0068547595292329,0,online_student,0,0,1,5000,28000,1000,1.1260383129119873,top_quantile,0.2600597999999081,0.8502946875,0.3333333333333333,0.5,,6.0,,2.0,1,ours_student_row_ctpt,good_count,12.0,4.0,10000.0,64.0,4.0,92931.597765,53.80301340178943,53.80903000000001,107.61806,92931.597765,92931.597765,705941.0,192.0,0.0,192.0,192.0,10000.0,1.0,,,42,paper\main_text_experiments\runs\ratio_downstream_5k\ratio_0p0025_seed_42,0.0025,12,5000
mscoco,all_average,ours_sample_package_krr,242,12,12,1.0,5.121485233306885,-5.121485233306885,0.0003062883915845,0.0068547595292329,0,online_student,0,1,4,1250,28000,1000,1.1260383129119873,top_quantile,0.1968068999999559,0.8448164374999999,0.3333333333333333,0.5,,6.0,,2.0,1,ours_student_pkg_ctpt,good_count,12.0,4.0,10000.0,64.0,4.0,1786105.677236,2.799386432575201,2.80927,5.61854,1786105.677236,446526.419309,235320.0,10.0,0.0,10.0,10.0,2500.0,4.0,,,42,paper\main_text_experiments\runs\ratio_downstream_5k\ratio_0p0025_seed_42,0.0025,12,5000
hateful_memes,noise,market_random_select,43,12,2,0.1666666666666666,-0.386417955160141,0.386417955160141,-1.5149514183576684e-05,-0.0002291823475388,1,baseline_feature,0,0,1,5000,28000,1000,1.0231167078018188,top_quantile,0.1545753999998851,0.5153292247067449,0.3697478991596639,0.5866666666666667,1.0,1.0,7.0,2.0,0,,good_count,2.0,1.0,,,,,,,,,,,,,,,,,,,43,paper\main_text_experiments\runs\ratio_downstream_5k\ratio_0p0025_seed_43,0.0025,12,5000
hateful_memes,noise,market_cosine_select,43,12,1,0.0833333333333333,-0.7943878769874573,0.7943878769874573,-2.0091732949367724e-05,-0.013648641295731,1,baseline_feature,0,0,1,5000,28000,1000,1.0231167078018188,top_quantile,0.1479684999999335,0.5400957661290323,0.3697478991596639,0.5866666666666667,,,,12.0,0,,good_count,1.0,,,,,,,,,,,,,,,,,,,,43,paper\main_text_experiments\runs\ratio_downstream_5k\ratio_0p0025_seed_43,0.0025,12,5000
hateful_memes,noise,market_coreset_select,43,12,0,0.0,-1.1501656770706177,1.1501656770706177,-0.000155975416419,0.0107847331091761,1,baseline_feature,0,0,1,5000,28000,1000,1.0231167078018188,top_quantile,0.1653747000000294,0.5394244868035191,0.2924528301886792,0.4133333333333333,,,12.0,,0,,good_count,0.0,,,,,,,,,,,,,,,,,,,,43,paper\main_text_experiments\runs\ratio_downstream_5k\ratio_0p0025_seed_43,0.0025,12,5000
hateful_memes,noise,market_badge_select,43,12,0,0.0,-0.6530614495277405,0.6530614495277405,-7.313986861845478e-05,0.0060396553017199,1,baseline_model_based,1,0,1,5000,28000,1000,1.0231167078018188,top_quantile,0.1413290999998935,0.5646031891495601,0.3697478991596639,0.5866666666666667,,,12.0,,0,,good_count,0.0,,,,,,,,,,,,,,,,,,,,43,paper\main_text_experiments\runs\ratio_downstream_5k\ratio_0p0025_seed_43,0.0025,12,5000
hateful_memes,noise,market_kmeans_center_select,43,12,9,0.75,1.5684667825698853,-1.5684667825698853,0.0001343190670013,0.0295266434550285,1,baseline_feature,0,0,1,5000,28000,1000,1.0231167078018188,top_quantile,0.1406664000001001,0.5602611803519062,0.3697478991596639,0.5866666666666667,,4.0,1.0,2.0,0,,good_count,9.0,5.0,,,,,,,,,,,,,,,,,,,43,paper\main_text_experiments\runs\ratio_downstream_5k\ratio_0p0025_seed_43,0.0025,12,5000
hateful_memes,noise,market_typiclust_select,43,12,5,0.4166666666666667,-0.0060406527481973,0.0060406527481973,6.469091022154316e-05,-0.0083795506507158,1,baseline_feature,0,0,1,5000,28000,1000,1.0231167078018188,top_quantile,0.1503637999999227,0.5176777859237537,0.3697478991596639,0.5866666666666667,,2.0,,8.0,0,,good_count,5.0,2.0,,,,,,,,,,,,,,,,,,,43,paper\main_text_experiments\runs\ratio_downstream_5k\ratio_0p0025_seed_43,0.0025,12,5000
hateful_memes,noise,ours_kernel_ridge_student,43,12,11,0.9166666666666666,2.766035795211792,-2.766035795211792,0.000263904541498,0.0373130328953266,0,online_student,0,0,1,5000,28000,1000,1.0231167078018188,top_quantile,0.1538007000003745,0.5307787298387097,0.3697478991596639,0.5866666666666667,,4.0,,3.0,1,ours_student_row_ctpt,good_count,11.0,5.0,10000.0,64.0,4.0,92931.597765,53.80301340178943,53.80903000000001,107.61806,92931.597765,92931.597765,705941.0,192.0,0.0,192.0,192.0,10000.0,1.0,,,43,paper\main_text_experiments\runs\ratio_downstream_5k\ratio_0p0025_seed_43,0.0025,12,5000
hateful_memes,noise,ours_sample_package_krr,43,12,11,0.9166666666666666,2.766035795211792,-2.766035795211792,0.000263904541498,0.0373130328953266,0,online_student,0,1,4,1250,28000,1000,1.0231167078018188,top_quantile,0.1453730999996878,0.5368424670087977,0.3697478991596639,0.5866666666666667,,4.0,,3.0,1,ours_student_pkg_ctpt,good_count,11.0,5.0,10000.0,64.0,4.0,1786105.677236,2.799386432575201,2.80927,5.61854,1786105.677236,446526.419309,235320.0,10.0,0.0,10.0,10.0,2500.0,4.0,,,43,paper\main_text_experiments\runs\ratio_downstream_5k\ratio_0p0025_seed_43,0.0025,12,5000
hateful_memes,coreset_far_wrong,market_random_select,43,12,2,0.1666666666666666,-0.3731871843338012,0.3731871843338012,1.3922651305620091e-05,-0.0077344835735857,1,baseline_feature,0,0,1,5000,28000,1000,1.0231167078018188,top_quantile,0.1128715999998348,0.5161879123900293,0.3697478991596639,0.5866666666666667,7.0,1.0,1.0,2.0,0,,good_count,2.0,1.0,,,,,,,,,,,,,,,,,,,43,paper\main_text_experiments\runs\ratio_downstream_5k\ratio_0p0025_seed_43,0.0025,12,5000
hateful_memes,coreset_far_wrong,market_cosine_select,43,12,1,0.0833333333333333,-0.7943878769874573,0.7943878769874573,-2.0091732949367724e-05,-0.013648641295731,1,baseline_feature,0,0,1,5000,28000,1000,1.0231167078018188,top_quantile,0.2321656999997685,0.5400957661290323,0.3697478991596639,0.5866666666666667,,,,12.0,0,,good_count,1.0,,,,,,,,,,,,,,,,,,,,43,paper\main_text_experiments\runs\ratio_downstream_5k\ratio_0p0025_seed_43,0.0025,12,5000
hateful_memes,coreset_far_wrong,market_coreset_select,43,12,0,0.0,-1.6971925497055054,1.6971925497055054,-0.0002622107567731,0.0201482269912958,1,baseline_feature,0,0,1,5000,28000,1000,1.0231167078018188,top_quantile,0.1617385999998077,0.5445482038123167,0.2924528301886792,0.4133333333333333,,,12.0,,0,,good_count,0.0,,,,,,,,,,,,,,,,,,,,43,paper\main_text_experiments\runs\ratio_downstream_5k\ratio_0p0025_seed_43,0.0025,12,5000
hateful_memes,coreset_far_wrong,market_badge_select,43,12,0,0.0,-1.6971925497055054,1.6971925497055054,-0.0002622107567731,0.0201482269912958,1,baseline_model_based,1,0,1,5000,28000,1000,1.0231167078018188,top_quantile,0.0953586000000541,0.5178498442082111,0.3697478991596639,0.5866666666666667,,,12.0,,0,,good_count,0.0,,,,,,,,,,,,,,,,,,,,43,paper\main_text_experiments\runs\ratio_downstream_5k\ratio_0p0025_seed_43,0.0025,12,5000
hateful_memes,coreset_far_wrong,market_kmeans_center_select,43,12,9,0.75,1.5684667825698853,-1.5684667825698853,0.0001343190670013,0.0295266434550285,1,baseline_feature,0,0,1,5000,28000,1000,1.0231167078018188,top_quantile,0.1471456999997826,0.5602611803519062,0.3697478991596639,0.5866666666666667,,4.0,1.0,2.0,0,,good_count,9.0,5.0,,,,,,,,,,,,,,,,,,,43,paper\main_text_experiments\runs\ratio_downstream_5k\ratio_0p0025_seed_43,0.0025,12,5000
hateful_memes,coreset_far_wrong,market_typiclust_select,43,12,5,0.4166666666666667,-0.0060406527481973,0.0060406527481973,6.469091022154316e-05,-0.0083795506507158,1,baseline_feature,0,0,1,5000,28000,1000,1.0231167078018188,top_quantile,0.1465287000000898,0.5176777859237537,0.3697478991596639,0.5866666666666667,,2.0,,8.0,0,,good_count,5.0,2.0,,,,,,,,,,,,,,,,,,,43,paper\main_text_experiments\runs\ratio_downstream_5k\ratio_0p0025_seed_43,0.0025,12,5000
hateful_memes,coreset_far_wrong,ours_kernel_ridge_student,43,12,11,0.9166666666666666,2.766035795211792,-2.766035795211792,0.000263904541498,0.0373130328953266,0,online_student,0,0,1,5000,28000,1000,1.0231167078018188,top_quantile,0.1494008999998186,0.5307787298387097,0.3697478991596639,0.5866666666666667,,4.0,,3.0,1,ours_student_row_ctpt,good_count,11.0,5.0,10000.0,64.0,4.0,92931.597765,53.80301340178943,53.80903000000001,107.61806,92931.597765,92931.597765,705941.0,192.0,0.0,192.0,192.0,10000.0,1.0,,,43,paper\main_text_experiments\runs\ratio_downstream_5k\ratio_0p0025_seed_43,0.0025,12,5000
hateful_memes,coreset_far_wrong,ours_sample_package_krr,43,12,11,0.9166666666666666,2.766035795211792,-2.766035795211792,0.000263904541498,0.0373130328953266,0,online_student,0,1,4,1250,28000,1000,1.0231167078018188,top_quantile,0.145004400000289,0.5368424670087977,0.3697478991596639,0.5866666666666667,,4.0,,3.0,1,ours_student_pkg_ctpt,good_count,11.0,5.0,10000.0,64.0,4.0,1786105.677236,2.799386432575201,2.80927,5.61854,1786105.677236,446526.419309,235320.0,10.0,0.0,10.0,10.0,2500.0,4.0,,,43,paper\main_text_experiments\runs\ratio_downstream_5k\ratio_0p0025_seed_43,0.0025,12,5000
hateful_memes,typiclust_dense,market_random_select,43,12,2,0.1666666666666666,-0.6136193871498108,0.6136193871498108,2.937515637313481e-05,-0.0206869784742593,1,baseline_feature,0,0,1,5000,28000,1000,1.0231167078018188,top_quantile,0.1157390999997005,0.5152155883431084,0.3697478991596639,0.5866666666666667,,1.0,1.0,,0,,good_count,2.0,8.0,,,,,,,,,,,,,,,,,2.0,,43,paper\main_text_experiments\runs\ratio_downstream_5k\ratio_0p0025_seed_43,0.0025,12,5000
hateful_memes,typiclust_dense,market_cosine_select,43,12,2,0.1666666666666666,-0.3676897585391998,0.3676897585391998,-1.738468853318409e-07,-0.0036638316232711,1,baseline_feature,0,0,1,5000,28000,1000,1.0231167078018188,top_quantile,0.1474863999997069,0.5397976997800586,0.3697478991596639,0.5866666666666667,,,,,0,,good_count,2.0,,,,,,,,,,,,,,,,,,10.0,2.0,43,paper\main_text_experiments\runs\ratio_downstream_5k\ratio_0p0025_seed_43,0.0025,12,5000
hateful_memes,typiclust_dense,market_coreset_select,43,12,12,1.0,2.486661672592163,-2.486661672592163,0.0004590997996274,-0.0264154132455587,0,baseline_feature,0,0,1,5000,28000,1000,1.0231167078018188,top_quantile,0.1797601999996914,0.5440945747800586,0.3697478991596639,0.5866666666666667,,,12.0,,0,,good_count,12.0,,,,,,,,,,,,,,,,,,,,43,paper\main_text_experiments\runs\ratio_downstream_5k\ratio_0p0025_seed_43,0.0025,12,5000
hateful_memes,typiclust_dense,market_badge_select,43,12,12,1.0,2.486661672592163,-2.486661672592163,0.0004590997996274,-0.0264154132455587,0,baseline_model_based,1,0,1,5000,28000,1000,1.0231167078018188,top_quantile,0.1500644000002466,0.5701807642961877,0.3697478991596639,0.5866666666666667,,,12.0,,0,,good_count,12.0,,,,,,,,,,,,,,,,,,,,43,paper\main_text_experiments\runs\ratio_downstream_5k\ratio_0p0025_seed_43,0.0025,12,5000
hateful_memes,typiclust_dense,market_kmeans_center_select,43,12,0,0.0,-1.9526519775390625,1.9526519775390625,-6.833672523498535e-05,-0.0423511415719985,1,baseline_feature,0,0,1,5000,28000,1000,1.0231167078018188,top_quantile,0.1507582999997794,0.5636766862170088,0.3697478991596639,0.5866666666666667,,2.0,,,0,,good_count,0.0,10.0,,,,,,,,,,,,,,,,,,,43,paper\main_text_experiments\runs\ratio_downstream_5k\ratio_0p0025_seed_43,0.0025,12,5000
hateful_memes,typiclust_dense,market_typiclust_select,43,12,0,0.0,-1.9490150213241575,1.9490150213241575,-3.853440284729004e-05,-0.0504044704139232,1,baseline_feature,0,0,1,5000,28000,1000,1.0231167078018188,top_quantile,0.1436781000002156,0.5261847049120234,0.3697478991596639,0.5866666666666667,,5.0,,,0,,good_count,0.0,7.0,,,,,,,,,,,,,,,,,,,43,paper\main_text_experiments\runs\ratio_downstream_5k\ratio_0p0025_seed_43,0.0025,12,5000
hateful_memes,typiclust_dense,ours_kernel_ridge_student,43,12,5,0.4166666666666667,2.523884057998657,-2.523884057998657,0.0002020647079916,0.0455262064933776,1,online_student,0,0,1,5000,28000,1000,1.0231167078018188,top_quantile,0.1474692000001596,0.5354987628299119,0.3697478991596639,0.5866666666666667,,2.0,,1.0,1,ours_student_row_ctpt,good_count,5.0,9.0,10000.0,64.0,4.0,92931.597765,53.80301340178943,53.80903000000001,107.61806,92931.597765,92931.597765,705941.0,192.0,0.0,192.0,192.0,10000.0,1.0,,,43,paper\main_text_experiments\runs\ratio_downstream_5k\ratio_0p0025_seed_43,0.0025,12,5000
hateful_memes,typiclust_dense,ours_sample_package_krr,43,12,5,0.4166666666666667,2.523884057998657,-2.523884057998657,0.0002020647079916,0.0455262064933776,1,online_student,0,1,4,1250,28000,1000,1.0231167078018188,top_quantile,0.1586910999999418,0.5380086143695015,0.3697478991596639,0.5866666666666667,,2.0,,1.0,1,ours_student_pkg_ctpt,good_count,5.0,9.0,10000.0,64.0,4.0,1786105.677236,2.799386432575201,2.80927,5.61854,1786105.677236,446526.419309,235320.0,10.0,0.0,10.0,10.0,2500.0,4.0,,,43,paper\main_text_experiments\runs\ratio_downstream_5k\ratio_0p0025_seed_43,0.0025,12,5000
hateful_memes,kmeans_center,market_random_select,43,12,2,0.1666666666666666,0.067140020430088,-0.067140020430088,4.423658174346201e-05,-0.0001112433747039,1,baseline_feature,0,0,1,5000,28000,1000,1.0231167078018188,top_quantile,0.1519791000000623,0.5161365927419356,0.3697478991596639,0.5866666666666667,2.0,8.0,,,0,,good_count,2.0,2.0,,,,,,,,,,,,,,,,,,,43,paper\main_text_experiments\runs\ratio_downstream_5k\ratio_0p0025_seed_43,0.0025,12,5000
hateful_memes,kmeans_center,market_cosine_select,43,12,12,1.0,2.8522253036499023,-2.8522253036499023,0.0002773106098175,0.0367529354989528,0,baseline_feature,0,0,1,5000,28000,1000,1.0231167078018188,top_quantile,0.1500434999998106,0.5409993585043988,0.3697478991596639,0.5866666666666667,,,,7.0,0,,good_count,12.0,,,,,,,,,,,,,,,,,,3.0,2.0,43,paper\main_text_experiments\runs\ratio_downstream_5k\ratio_0p0025_seed_43,0.0025,12,5000
hateful_memes,kmeans_center,market_coreset_select,43,12,12,1.0,2.486661672592163,-2.486661672592163,0.0004590997996274,-0.0264154132455587,0,baseline_feature,0,0,1,5000,28000,1000,1.0231167078018188,top_quantile,0.1862088000002586,0.5440945747800586,0.3697478991596639,0.5866666666666667,,,12.0,,0,,good_count,12.0,,,,,,,,,,,,,,,,,,,,43,paper\main_text_experiments\runs\ratio_downstream_5k\ratio_0p0025_seed_43,0.0025,12,5000
hateful_memes,kmeans_center,market_badge_select,43,12,12,1.0,2.486661672592163,-2.486661672592163,0.0004590997996274,-0.0264154132455587,0,baseline_model_based,1,0,1,5000,28000,1000,1.0231167078018188,top_quantile,0.1436468000001696,0.5701807642961877,0.3697478991596639,0.5866666666666667,,,12.0,,0,,good_count,12.0,,,,,,,,,,,,,,,,,,,,43,paper\main_text_experiments\runs\ratio_downstream_5k\ratio_0p0025_seed_43,0.0025,12,5000
hateful_memes,kmeans_center,market_kmeans_center_select,43,12,0,0.0,-1.9193205833435056,1.9193205833435056,-6.389617919921875e-05,-0.0423634387552738,1,baseline_feature,0,0,1,5000,28000,1000,1.0231167078018188,top_quantile,0.215620900000431,0.5637493126832844,0.3697478991596639,0.5866666666666667,,3.0,,,0,,good_count,0.0,9.0,,,,,,,,,,,,,,,,,,,43,paper\main_text_experiments\runs\ratio_downstream_5k\ratio_0p0025_seed_43,0.0025,12,5000
hateful_memes,kmeans_center,market_typiclust_select,43,12,0,0.0,-1.9576021432876587,1.9576021432876587,-3.966689109802246e-05,-0.0504044704139232,1,baseline_feature,0,0,1,5000,28000,1000,1.0231167078018188,top_quantile,0.1509415999998964,0.5261847049120234,0.3697478991596639,0.5866666666666667,,5.0,,,0,,good_count,0.0,7.0,,,,,,,,,,,,,,,,,,,43,paper\main_text_experiments\runs\ratio_downstream_5k\ratio_0p0025_seed_43,0.0025,12,5000
hateful_memes,kmeans_center,ours_kernel_ridge_student,43,12,5,0.4166666666666667,2.5068719387054443,-2.5068719387054443,0.0002002070395974,0.0454202257096767,1,online_student,0,0,1,5000,28000,1000,1.0231167078018188,top_quantile,0.1515961000000061,0.5341930901759531,0.3697478991596639,0.5866666666666667,,9.0,,1.0,1,ours_student_row_ctpt,good_count,5.0,2.0,10000.0,64.0,4.0,92931.597765,53.80301340178943,53.80903000000001,107.61806,92931.597765,92931.597765,705941.0,192.0,0.0,192.0,192.0,10000.0,1.0,,,43,paper\main_text_experiments\runs\ratio_downstream_5k\ratio_0p0025_seed_43,0.0025,12,5000
hateful_memes,kmeans_center,ours_sample_package_krr,43,12,5,0.4166666666666667,2.5068719387054443,-2.5068719387054443,0.0002002070395974,0.0454202257096767,1,online_student,0,1,4,1250,28000,1000,1.0231167078018188,top_quantile,0.1526496000001316,0.5339367210410557,0.3697478991596639,0.5866666666666667,,9.0,,1.0,1,ours_student_pkg_ctpt,good_count,5.0,2.0,10000.0,64.0,4.0,1786105.677236,2.799386432575201,2.80927,5.61854,1786105.677236,446526.419309,235320.0,10.0,0.0,10.0,10.0,2500.0,4.0,,,43,paper\main_text_experiments\runs\ratio_downstream_5k\ratio_0p0025_seed_43,0.0025,12,5000
hateful_memes,uncertainty_badge,market_random_select,43,12,2,0.1666666666666666,0.2915854752063751,-0.2915854752063751,4.448493200470693e-05,0.0079500442370772,1,baseline_feature,0,0,1,5000,28000,1000,1.0231167078018188,top_quantile,0.1563055000001441,0.5261464442815249,0.3697478991596639,0.5866666666666667,1.0,1.0,,7.0,0,,good_count,2.0,1.0,,,,,,,,,,,,,,,,,2.0,,43,paper\main_text_experiments\runs\ratio_downstream_5k\ratio_0p0025_seed_43,0.0025,12,5000
hateful_memes,uncertainty_badge,market_cosine_select,43,12,0,0.0,-0.7428770661354065,0.7428770661354065,-9.1696776507888e-05,0.0078830644488334,1,baseline_feature,0,0,1,5000,28000,1000,1.0231167078018188,top_quantile,0.1282857000001058,0.5576530425219941,0.3697478991596639,0.5866666666666667,,,,,0,,good_count,0.0,,,,,,,,,,,,,,,,,,12.0,,43,paper\main_text_experiments\runs\ratio_downstream_5k\ratio_0p0025_seed_43,0.0025,12,5000
hateful_memes,uncertainty_badge,market_coreset_select,43,12,0,0.0,-1.0466288328170776,1.0466288328170776,-2.4105111151584424e-05,-0.0216826554387807,1,baseline_feature,0,0,1,5000,28000,1000,1.0231167078018188,top_quantile,0.165802099999837,0.5405326704545454,0.2924528301886792,0.4133333333333333,8.0,,,,0,,good_count,0.0,,,,,,,,,,,,,,,,,,4.0,,43,paper\main_text_experiments\runs\ratio_downstream_5k\ratio_0p0025_seed_43,0.0025,12,5000
hateful_memes,uncertainty_badge,market_badge_select,43,12,0,0.0,-1.079006552696228,1.079006552696228,-1.2303392395551782e-05,-0.0260966662317514,1,baseline_model_based,1,0,1,5000,28000,1000,1.0231167078018188,top_quantile,0.1484120999998595,0.5584361253665688,0.3697478991596639,0.5866666666666667,8.0,,,,0,,good_count,0.0,,,,,,,,,,,,,,,,,,4.0,,43,paper\main_text_experiments\runs\ratio_downstream_5k\ratio_0p0025_seed_43,0.0025,12,5000
hateful_memes,uncertainty_badge,market_kmeans_center_select,43,12,6,0.5,0.5767091512680054,-0.5767091512680054,8.482734119752422e-05,0.0071974829770624,1,baseline_feature,0,0,1,5000,28000,1000,1.0231167078018188,top_quantile,0.1586103999998158,0.5669716825513197,0.3697478991596639,0.5866666666666667,,3.0,,6.0,0,,good_count,6.0,3.0,,,,,,,,,,,,,,,,,,,43,paper\main_text_experiments\runs\ratio_downstream_5k\ratio_0p0025_seed_43,0.0025,12,5000
hateful_memes,uncertainty_badge,market_typiclust_select,43,12,0,0.0,-1.1214174032211304,1.1214174032211304,6.486972324637463e-06,-0.0327934809029102,1,baseline_feature,0,0,1,5000,28000,1000,1.0231167078018188,top_quantile,0.1492004000001543,0.5258213434750734,0.3697478991596639,0.5866666666666667,,,,,0,,good_count,0.0,,,,,,,,,,,,,,,,,,12.0,,43,paper\main_text_experiments\runs\ratio_downstream_5k\ratio_0p0025_seed_43,0.0025,12,5000
hateful_memes,uncertainty_badge,ours_kernel_ridge_student,43,12,9,0.75,2.493847131729126,-2.493847131729126,0.0002287030220031,0.0371221788227558,1,online_student,0,0,1,5000,28000,1000,1.0231167078018188,top_quantile,0.1521058000002995,0.5306527217741935,0.3697478991596639,0.5866666666666667,,3.0,,5.0,1,ours_student_row_ctpt,good_count,9.0,4.0,10000.0,64.0,4.0,92931.597765,53.80301340178943,53.80903000000001,107.61806,92931.597765,92931.597765,705941.0,192.0,0.0,192.0,192.0,10000.0,1.0,,,43,paper\main_text_experiments\runs\ratio_downstream_5k\ratio_0p0025_seed_43,0.0025,12,5000
hateful_memes,uncertainty_badge,ours_sample_package_krr,43,12,9,0.75,2.493847131729126,-2.493847131729126,0.0002287030220031,0.0371221788227558,1,online_student,0,1,4,1250,28000,1000,1.0231167078018188,top_quantile,0.1495095000000219,0.5367987078445748,0.3697478991596639,0.5866666666666667,,3.0,,5.0,1,ours_student_pkg_ctpt,good_count,9.0,4.0,10000.0,64.0,4.0,1786105.677236,2.799386432575201,2.80927,5.61854,1786105.677236,446526.419309,235320.0,10.0,0.0,10.0,10.0,2500.0,4.0,,,43,paper\main_text_experiments\runs\ratio_downstream_5k\ratio_0p0025_seed_43,0.0025,12,5000
hateful_memes,cosine,market_random_select,43,12,2,0.1666666666666666,-0.5040884613990784,0.5040884613990784,1.0018547072832009e-05,-0.0114035299047827,1,baseline_feature,0,0,1,5000,28000,1000,1.0231167078018188,top_quantile,0.0944320999997216,0.5109086326979473,0.2924528301886792,0.4133333333333333,,1.0,,3.0,0,,good_count,2.0,1.0,,,,,,,,,,,,,,,,,7.0,,43,paper\main_text_experiments\runs\ratio_downstream_5k\ratio_0p0025_seed_43,0.0025,12,5000
hateful_memes,cosine,market_cosine_select,43,12,0,0.0,-0.5030791163444519,0.5030791163444519,-7.864335930207744e-05,0.0129835754632949,1,baseline_feature,0,0,1,5000,28000,1000,1.0231167078018188,top_quantile,0.1514695999999276,0.5374695289589443,0.3697478991596639,0.5866666666666667,,,,,0,,good_count,0.0,,,,,,,,,,,,,,,,,,12.0,,43,paper\main_text_experiments\runs\ratio_downstream_5k\ratio_0p0025_seed_43,0.0025,12,5000
hateful_memes,cosine,market_coreset_select,43,12,12,1.0,2.681412935256958,-2.681412935256958,0.0004816254077013,-0.025547981262207,0,baseline_feature,0,0,1,5000,28000,1000,1.0231167078018188,top_quantile,0.1897917999999663,0.544420133797654,0.3697478991596639,0.5866666666666667,,,12.0,,0,,good_count,12.0,,,,,,,,,,,,,,,,,,,,43,paper\main_text_experiments\runs\ratio_downstream_5k\ratio_0p0025_seed_43,0.0025,12,5000
hateful_memes,cosine,market_badge_select,43,12,12,1.0,2.681412935256958,-2.681412935256958,0.0004816254077013,-0.025547981262207,0,baseline_model_based,1,0,1,5000,28000,1000,1.0231167078018188,top_quantile,0.1476046999996469,0.5672715817448679,0.3697478991596639,0.5866666666666667,,,12.0,,0,,good_count,12.0,,,,,,,,,,,,,,,,,,,,43,paper\main_text_experiments\runs\ratio_downstream_5k\ratio_0p0025_seed_43,0.0025,12,5000
hateful_memes,cosine,market_kmeans_center_select,43,12,0,0.0,-2.182350873947144,2.182350873947144,-6.841123104095459e-05,-0.0506504587829113,1,baseline_feature,0,0,1,5000,28000,1000,1.0231167078018188,top_quantile,0.150676900000235,0.5665015579178886,0.3697478991596639,0.5866666666666667,,,,,0,,good_count,0.0,12.0,,,,,,,,,,,,,,,,,,,43,paper\main_text_experiments\runs\ratio_downstream_5k\ratio_0p0025_seed_43,0.0025,12,5000
hateful_memes,cosine,market_typiclust_select,43,12,0,0.0,-1.6029428243637085,1.6029428243637085,-1.81347131729126e-05,-0.0434722863137722,1,baseline_feature,0,0,1,5000,28000,1000,1.0231167078018188,top_quantile,0.2078765999999632,0.5263196480938417,0.3697478991596639,0.5866666666666667,,,,,0,,good_count,0.0,7.0,,,,,,,,,,,,,,,,,5.0,,43,paper\main_text_experiments\runs\ratio_downstream_5k\ratio_0p0025_seed_43,0.0025,12,5000
hateful_memes,cosine,ours_kernel_ridge_student,43,12,12,1.0,3.2576160430908203,-3.2576160430908203,0.0002998212876264,0.0452538877725601,0,online_student,0,0,1,5000,28000,1000,1.0231167078018188,top_quantile,0.1500546999996004,0.5355748258797653,0.3697478991596639,0.5866666666666667,,4.0,,2.0,1,ours_student_row_ctpt,good_count,12.0,6.0,10000.0,64.0,4.0,92931.597765,53.80301340178943,53.80903000000001,107.61806,92931.597765,92931.597765,705941.0,192.0,0.0,192.0,192.0,10000.0,1.0,,,43,paper\main_text_experiments\runs\ratio_downstream_5k\ratio_0p0025_seed_43,0.0025,12,5000
hateful_memes,cosine,ours_sample_package_krr,43,12,12,1.0,3.2576160430908203,-3.2576160430908203,0.0002998212876264,0.0452538877725601,0,online_student,0,1,4,1250,28000,1000,1.0231167078018188,top_quantile,0.1536124000003838,0.5382235153958944,0.3697478991596639,0.5866666666666667,,4.0,,2.0,1,ours_student_pkg_ctpt,good_count,12.0,6.0,10000.0,64.0,4.0,1786105.677236,2.799386432575201,2.80927,5.61854,1786105.677236,446526.419309,235320.0,10.0,0.0,10.0,10.0,2500.0,4.0,,,43,paper\main_text_experiments\runs\ratio_downstream_5k\ratio_0p0025_seed_43,0.0025,12,5000
hateful_memes,all_average,market_random_select,43,12,2,0.1666666666666666,-0.8010506629943848,0.8010506629943848,-1.720090767776128e-05,-0.0146839208900928,1,baseline_feature,0,0,1,5000,28000,1000,1.0231167078018188,top_quantile,0.0965092999999797,0.5103821480938417,0.2924528301886792,0.4133333333333333,2.0,1.0,2.0,2.0,0,,good_count,2.0,2.0,,,,,,,,,,,,,,,,,3.0,,43,paper\main_text_experiments\runs\ratio_downstream_5k\ratio_0p0025_seed_43,0.0025,12,5000
hateful_memes,all_average,market_cosine_select,43,12,0,0.0,-1.0283666849136353,1.0283666849136353,-6.830692291259766e-05,-0.0088813761249184,1,baseline_feature,0,0,1,5000,28000,1000,1.0231167078018188,top_quantile,0.1482267999999749,0.5396375549853372,0.3697478991596639,0.5866666666666667,,,,,0,,good_count,0.0,,,,,,,,,,,,,,,,,,12.0,,43,paper\main_text_experiments\runs\ratio_downstream_5k\ratio_0p0025_seed_43,0.0025,12,5000
hateful_memes,all_average,market_coreset_select,43,12,0,0.0,-2.026532888412476,2.026532888412476,-0.0003359764814376,0.0284787863492965,1,baseline_feature,0,0,1,5000,28000,1000,1.0231167078018188,top_quantile,0.1713253999996595,0.5424397452346041,0.2924528301886792,0.4133333333333333,,,12.0,,0,,good_count,0.0,,,,,,,,,,,,,,,,,,,,43,paper\main_text_experiments\runs\ratio_downstream_5k\ratio_0p0025_seed_43,0.0025,12,5000
hateful_memes,all_average,market_badge_select,43,12,0,0.0,-2.026532888412476,2.026532888412476,-0.0003359764814376,0.0284787863492965,1,baseline_model_based,1,0,1,5000,28000,1000,1.0231167078018188,top_quantile,0.1477307999998629,0.5639775018328446,0.3697478991596639,0.5866666666666667,,,12.0,,0,,good_count,0.0,,,,,,,,,,,,,,,,,,,,43,paper\main_text_experiments\runs\ratio_downstream_5k\ratio_0p0025_seed_43,0.0025,12,5000
hateful_memes,all_average,market_kmeans_center_select,43,12,0,0.0,-2.252692461013794,2.252692461013794,-7.761021697660908e-05,-0.0506717897951602,1,baseline_feature,0,0,1,5000,28000,1000,1.0231167078018188,top_quantile,0.1494167000000743,0.5665899926686218,0.3697478991596639,0.5866666666666667,,2.0,,,0,,good_count,0.0,10.0,,,,,,,,,,,,,,,,,,,43,paper\main_text_experiments\runs\ratio_downstream_5k\ratio_0p0025_seed_43,0.0025,12,5000
hateful_memes,all_average,market_typiclust_select,43,12,0,0.0,-1.9869794845581052,1.9869794845581052,-4.354119300842285e-05,-0.0504044704139232,1,baseline_feature,0,0,1,5000,28000,1000,1.0231167078018188,top_quantile,0.1441003999998429,0.5261847049120234,0.3697478991596639,0.5866666666666667,,5.0,,,0,,good_count,0.0,7.0,,,,,,,,,,,,,,,,,,,43,paper\main_text_experiments\runs\ratio_downstream_5k\ratio_0p0025_seed_43,0.0025,12,5000
hateful_memes,all_average,ours_kernel_ridge_student,43,12,11,0.9166666666666666,2.696803092956543,-2.696803092956543,0.0002570450305938,0.0366893298923969,0,online_student,0,0,1,5000,28000,1000,1.0231167078018188,top_quantile,0.1565927999999985,0.5304559200879766,0.3697478991596639,0.5866666666666667,,4.0,,3.0,1,ours_student_row_ctpt,good_count,11.0,5.0,10000.0,64.0,4.0,92931.597765,53.80301340178943,53.80903000000001,107.61806,92931.597765,92931.597765,705941.0,192.0,0.0,192.0,192.0,10000.0,1.0,,,43,paper\main_text_experiments\runs\ratio_downstream_5k\ratio_0p0025_seed_43,0.0025,12,5000
hateful_memes,all_average,ours_sample_package_krr,43,12,11,0.9166666666666666,2.696803092956543,-2.696803092956543,0.0002570450305938,0.0366893298923969,0,online_student,0,1,4,1250,28000,1000,1.0231167078018188,top_quantile,0.1491668999997273,0.5373043438416423,0.3697478991596639,0.5866666666666667,,4.0,,3.0,1,ours_student_pkg_ctpt,good_count,11.0,5.0,10000.0,64.0,4.0,1786105.677236,2.799386432575201,2.80927,5.61854,1786105.677236,446526.419309,235320.0,10.0,0.0,10.0,10.0,2500.0,4.0,,,43,paper\main_text_experiments\runs\ratio_downstream_5k\ratio_0p0025_seed_43,0.0025,12,5000
hatespeech,noise,market_random_select,143,12,2,0.1666666666666666,-0.5429075956344604,0.5429075956344604,-0.0002455910143908,0.0426611118018627,1,baseline_feature,0,0,1,5000,28000,1000,0.924261748790741,top_quantile,0.291103899999598,0.5613371600000001,0.3333333333333333,0.5,,1.0,10.0,,0,,good_count,2.0,1.0,,,,,,,,,,,,,,,,,,,43,paper\main_text_experiments\runs\ratio_downstream_5k\ratio_0p0025_seed_43,0.0025,12,5000
hatespeech,noise,market_cosine_select,143,12,0,0.0,0.0331154018640518,-0.0331154018640518,-3.0552346288459376e-05,0.0429670065641403,1,baseline_feature,0,0,1,5000,28000,1000,0.924261748790741,top_quantile,0.1780282000004263,0.56877882,0.3333333333333333,0.5,,,,12.0,0,,good_count,0.0,,,,,,,,,,,,,,,,,,,,43,paper\main_text_experiments\runs\ratio_downstream_5k\ratio_0p0025_seed_43,0.0025,12,5000
hatespeech,noise,market_coreset_select,143,12,0,0.0,-1.3836798667907717,1.3836798667907717,-0.0005344797973521,0.0381726138293743,1,baseline_feature,0,0,1,5000,28000,1000,0.924261748790741,top_quantile,0.1631612999999561,0.51591764,0.3333333333333333,0.5,,,12.0,,0,,good_count,0.0,,,,,,,,,,,,,,,,,,,,43,paper\main_text_experiments\runs\ratio_downstream_5k\ratio_0p0025_seed_43,0.0025,12,5000
hatespeech,noise,market_badge_select,143,12,0,0.0,-1.2749706506729126,1.2749706506729126,-0.0004938294296152,0.0382194258272647,1,baseline_model_based,1,0,1,5000,28000,1000,0.924261748790741,top_quantile,0.1515419999996083,0.55603578,0.3333333333333333,0.5,,,12.0,,0,,good_count,0.0,,,,,,,,,,,,,,,,,,,,43,paper\main_text_experiments\runs\ratio_downstream_5k\ratio_0p0025_seed_43,0.0025,12,5000
hatespeech,noise,market_kmeans_center_select,143,12,12,1.0,3.272080421447754,-3.272080421447754,0.000911692797672,0.0878675803542137,0,baseline_feature,0,0,1,5000,28000,1000,0.924261748790741,top_quantile,0.1736590999998952,0.5623616600000001,0.3333333333333333,0.5,,5.0,,,0,,good_count,12.0,7.0,,,,,,,,,,,,,,,,,,,43,paper\main_text_experiments\runs\ratio_downstream_5k\ratio_0p0025_seed_43,0.0025,12,5000
hatespeech,noise,market_typiclust_select,143,12,12,1.0,3.1583821773529053,-3.1583821773529053,0.0008841405506245,0.0853978171944618,0,baseline_feature,0,0,1,5000,28000,1000,0.924261748790741,top_quantile,0.1405315000001792,0.5331811,0.3333333333333333,0.5,,5.0,,,0,,good_count,12.0,7.0,,,,,,,,,,,,,,,,,,,43,paper\main_text_experiments\runs\ratio_downstream_5k\ratio_0p0025_seed_43,0.0025,12,5000
hatespeech,noise,ours_kernel_ridge_student,143,12,12,1.0,3.431011199951172,-3.431011199951172,0.0009771337499842,0.0869636014103889,0,online_student,0,0,1,5000,28000,1000,0.924261748790741,top_quantile,0.1395403999999871,0.55078864,0.3333333333333333,0.5,,7.0,,,1,ours_student_row_ctpt,good_count,12.0,5.0,10000.0,64.0,4.0,92931.597765,53.80301340178943,53.80903000000001,107.61806,92931.597765,92931.597765,705941.0,192.0,0.0,192.0,192.0,10000.0,1.0,,,43,paper\main_text_experiments\runs\ratio_downstream_5k\ratio_0p0025_seed_43,0.0025,12,5000
hatespeech,noise,ours_sample_package_krr,143,12,12,1.0,3.431011199951172,-3.431011199951172,0.0009771337499842,0.0869636014103889,0,online_student,0,1,4,1250,28000,1000,0.924261748790741,top_quantile,0.1360522999998465,0.53512556,0.3333333333333333,0.5,,7.0,,,1,ours_student_pkg_ctpt,good_count,12.0,5.0,10000.0,64.0,4.0,1786105.677236,2.799386432575201,2.80927,5.61854,1786105.677236,446526.419309,235320.0,10.0,0.0,10.0,10.0,2500.0,4.0,,,43,paper\main_text_experiments\runs\ratio_downstream_5k\ratio_0p0025_seed_43,0.0025,12,5000
hatespeech,coreset_far_wrong,market_random_select,143,12,2,0.1666666666666666,-0.267699271440506,0.267699271440506,3.7103891372680656e-06,0.0190968159586191,1,baseline_feature,0,0,1,5000,28000,1000,0.924261748790741,top_quantile,0.1737024000003657,0.5656895000000001,0.3333333333333333,0.5,10.0,1.0,,,0,,good_count,2.0,1.0,,,,,,,,,,,,,,,,,,,43,paper\main_text_experiments\runs\ratio_downstream_5k\ratio_0p0025_seed_43,0.0025,12,5000
hatespeech,coreset_far_wrong,market_cosine_select,143,12,0,0.0,0.0331154018640518,-0.0331154018640518,-3.0552346288459376e-05,0.0429670065641403,1,baseline_feature,0,0,1,5000,28000,1000,0.924261748790741,top_quantile,0.1741761000002952,0.56877882,0.3333333333333333,0.5,,,,12.0,0,,good_count,0.0,,,,,,,,,,,,,,,,,,,,43,paper\main_text_experiments\runs\ratio_downstream_5k\ratio_0p0025_seed_43,0.0025,12,5000
hatespeech,coreset_far_wrong,market_coreset_select,143,12,0,0.0,-1.5593305826187134,1.5593305826187134,-0.0006426721811294,0.0449741631746292,1,baseline_feature,0,0,1,5000,28000,1000,0.924261748790741,top_quantile,0.1876098000002457,0.5144449600000001,0.3333333333333333,0.5,,,12.0,,0,,good_count,0.0,,,,,,,,,,,,,,,,,,,,43,paper\main_text_experiments\runs\ratio_downstream_5k\ratio_0p0025_seed_43,0.0025,12,5000
hatespeech,coreset_far_wrong,market_badge_select,143,12,0,0.0,-1.6709585189819336,1.6709585189819336,-0.0006908625364303,0.0459693260490894,1,baseline_model_based,1,0,1,5000,28000,1000,0.924261748790741,top_quantile,0.1471495000000686,0.5575620800000001,0.3333333333333333,0.5,,,12.0,,0,,good_count,0.0,,,,,,,,,,,,,,,,,,,,43,paper\main_text_experiments\runs\ratio_downstream_5k\ratio_0p0025_seed_43,0.0025,12,5000
hatespeech,coreset_far_wrong,market_kmeans_center_select,143,12,12,1.0,3.272080421447754,-3.272080421447754,0.000911692797672,0.0878675803542137,0,baseline_feature,0,0,1,5000,28000,1000,0.924261748790741,top_quantile,0.192196800000147,0.5623616600000001,0.3333333333333333,0.5,,5.0,,,0,,good_count,12.0,7.0,,,,,,,,,,,,,,,,,,,43,paper\main_text_experiments\runs\ratio_downstream_5k\ratio_0p0025_seed_43,0.0025,12,5000
hatespeech,coreset_far_wrong,market_typiclust_select,143,12,12,1.0,3.1583821773529053,-3.1583821773529053,0.0008841405506245,0.0853978171944618,0,baseline_feature,0,0,1,5000,28000,1000,0.924261748790741,top_quantile,0.2246263000001818,0.5331811,0.3333333333333333,0.5,,5.0,,,0,,good_count,12.0,7.0,,,,,,,,,,,,,,,,,,,43,paper\main_text_experiments\runs\ratio_downstream_5k\ratio_0p0025_seed_43,0.0025,12,5000
hatespeech,coreset_far_wrong,ours_kernel_ridge_student,143,12,12,1.0,3.431011199951172,-3.431011199951172,0.0009771337499842,0.0869636014103889,0,online_student,0,0,1,5000,28000,1000,0.924261748790741,top_quantile,0.1484696000002259,0.55078864,0.3333333333333333,0.5,,7.0,,,1,ours_student_row_ctpt,good_count,12.0,5.0,10000.0,64.0,4.0,92931.597765,53.80301340178943,53.80903000000001,107.61806,92931.597765,92931.597765,705941.0,192.0,0.0,192.0,192.0,10000.0,1.0,,,43,paper\main_text_experiments\runs\ratio_downstream_5k\ratio_0p0025_seed_43,0.0025,12,5000
hatespeech,coreset_far_wrong,ours_sample_package_krr,143,12,12,1.0,3.431011199951172,-3.431011199951172,0.0009771337499842,0.0869636014103889,0,online_student,0,1,4,1250,28000,1000,0.924261748790741,top_quantile,0.1396168000001125,0.53512556,0.3333333333333333,0.5,,7.0,,,1,ours_student_pkg_ctpt,good_count,12.0,5.0,10000.0,64.0,4.0,1786105.677236,2.799386432575201,2.80927,5.61854,1786105.677236,446526.419309,235320.0,10.0,0.0,10.0,10.0,2500.0,4.0,,,43,paper\main_text_experiments\runs\ratio_downstream_5k\ratio_0p0025_seed_43,0.0025,12,5000
hatespeech,typiclust_dense,market_random_select,143,12,2,0.1666666666666666,0.8050746917724609,-0.8050746917724609,0.0002853622136171,0.0388908870518207,1,baseline_feature,0,0,1,5000,28000,1000,0.924261748790741,top_quantile,0.2392546000000948,0.56438566,0.3333333333333333,0.5,,2.0,,,0,,good_count,2.0,10.0,,,,,,,,,,,,,,,,,,,43,paper\main_text_experiments\runs\ratio_downstream_5k\ratio_0p0025_seed_43,0.0025,12,5000
hatespeech,typiclust_dense,market_cosine_select,143,12,2,0.1666666666666666,-0.9572997689247132,0.9572997689247132,0.000105082988739,-0.0393171682953834,1,baseline_feature,0,0,1,5000,28000,1000,0.924261748790741,top_quantile,0.2113344999997934,0.57332294,0.3333333333333333,0.5,,,,,0,,good_count,2.0,,,,,,,,,,,,,,,,,,10.0,2.0,43,paper\main_text_experiments\runs\ratio_downstream_5k\ratio_0p0025_seed_43,0.0025,12,5000
hatespeech,typiclust_dense,market_coreset_select,143,12,9,0.75,1.4192360639572144,-1.4192360639572144,0.0010594427585601,-0.0489202626049518,1,baseline_feature,0,0,1,5000,28000,1000,0.924261748790741,top_quantile,0.2219997000001967,0.5533583599999999,0.3333333333333333,0.5,,,9.0,,0,,good_count,9.0,,,,,,,,,,,,,,,,,,3.0,,43,paper\main_text_experiments\runs\ratio_downstream_5k\ratio_0p0025_seed_43,0.0025,12,5000
hatespeech,typiclust_dense,market_badge_select,143,12,9,0.75,1.4192360639572144,-1.4192360639572144,0.0010594427585601,-0.0489202588796615,1,baseline_model_based,1,0,1,5000,28000,1000,0.924261748790741,top_quantile,0.1856539000000339,0.5488664600000001,0.3333333333333333,0.5,,,9.0,,0,,good_count,9.0,,,,,,,,,,,,,,,,,,3.0,,43,paper\main_text_experiments\runs\ratio_downstream_5k\ratio_0p0025_seed_43,0.0025,12,5000
hatespeech,typiclust_dense,market_kmeans_center_select,143,12,2,0.1666666666666666,0.8693458437919617,-0.8693458437919617,0.0003030200896319,0.0399499721825122,1,baseline_feature,0,0,1,5000,28000,1000,0.924261748790741,top_quantile,0.2261664000002383,0.56274022,0.3333333333333333,0.5,,1.0,,,0,,good_count,2.0,11.0,,,,,,,,,,,,,,,,,,,43,paper\main_text_experiments\runs\ratio_downstream_5k\ratio_0p0025_seed_43,0.0025,12,5000
hatespeech,typiclust_dense,market_typiclust_select,143,12,0,0.0,0.8339393138885498,-0.8339393138885498,7.392466068267822e-05,0.0748553946614265,1,baseline_feature,0,0,1,5000,28000,1000,0.924261748790741,top_quantile,0.1766339000000698,0.5333562000000001,0.3333333333333333,0.5,,1.0,,,0,,good_count,0.0,6.0,,,,,,,,,,,,,,,,,5.0,,43,paper\main_text_experiments\runs\ratio_downstream_5k\ratio_0p0025_seed_43,0.0025,12,5000
hatespeech,typiclust_dense,ours_kernel_ridge_student,143,12,4,0.3333333333333333,1.2987672090530396,-1.2987672090530396,0.00037151077413,0.0550323389470577,1,online_student,0,0,1,5000,28000,1000,0.924261748790741,top_quantile,0.1597187999996094,0.5241724999999999,0.3333333333333333,0.5,,3.0,,,1,ours_student_row_ctpt,good_count,4.0,9.0,10000.0,64.0,4.0,92931.597765,53.80301340178943,53.80903000000001,107.61806,92931.597765,92931.597765,705941.0,192.0,0.0,192.0,192.0,10000.0,1.0,,,43,paper\main_text_experiments\runs\ratio_downstream_5k\ratio_0p0025_seed_43,0.0025,12,5000
hatespeech,typiclust_dense,ours_sample_package_krr,143,12,4,0.3333333333333333,1.2987672090530396,-1.2987672090530396,0.00037151077413,0.0550323389470577,1,online_student,0,1,4,1250,28000,1000,0.924261748790741,top_quantile,0.1588748999997733,0.53669888,0.3333333333333333,0.5,,3.0,,,1,ours_student_pkg_ctpt,good_count,4.0,9.0,10000.0,64.0,4.0,1786105.677236,2.799386432575201,2.80927,5.61854,1786105.677236,446526.419309,235320.0,10.0,0.0,10.0,10.0,2500.0,4.0,,,43,paper\main_text_experiments\runs\ratio_downstream_5k\ratio_0p0025_seed_43,0.0025,12,5000
hatespeech,kmeans_center,market_random_select,143,12,2,0.1666666666666666,0.9187853336334229,-0.9187853336334229,0.0002484718861524,0.0517867766320705,1,baseline_feature,0,0,1,5000,28000,1000,0.924261748790741,top_quantile,0.2370089000000916,0.56437756,0.3333333333333333,0.5,,10.0,,1.0,0,,good_count,2.0,1.0,,,,,,,,,,,,,,,,,,,43,paper\main_text_experiments\runs\ratio_downstream_5k\ratio_0p0025_seed_43,0.0025,12,5000
hatespeech,kmeans_center,market_cosine_select,143,12,12,1.0,2.936992883682251,-2.936992883682251,0.0009072522516362,0.0681706294417381,0,baseline_feature,0,0,1,5000,28000,1000,0.924261748790741,top_quantile,0.2476989000001594,0.56807158,0.3333333333333333,0.5,,1.0,,5.0,0,,good_count,12.0,,,,,,,,,,,,,,,,,,4.0,2.0,43,paper\main_text_experiments\runs\ratio_downstream_5k\ratio_0p0025_seed_43,0.0025,12,5000
hatespeech,kmeans_center,market_coreset_select,143,12,8,0.6666666666666666,1.1643855571746826,-1.1643855571746826,0.0008532901410944,-0.0310961678624153,1,baseline_feature,0,0,1,5000,28000,1000,0.924261748790741,top_quantile,0.2169172000003527,0.52129234,0.3333333333333333,0.5,4.0,,8.0,,0,,good_count,8.0,,,,,,,,,,,,,,,,,,,,43,paper\main_text_experiments\runs\ratio_downstream_5k\ratio_0p0025_seed_43,0.0025,12,5000
hatespeech,kmeans_center,market_badge_select,143,12,8,0.6666666666666666,1.1643855571746826,-1.1643855571746826,0.0008532901410944,-0.0310961678624153,1,baseline_model_based,1,0,1,5000,28000,1000,0.924261748790741,top_quantile,0.2569634999999834,0.55107018,0.3333333333333333,0.5,4.0,,8.0,,0,,good_count,8.0,,,,,,,,,,,,,,,,,,,,43,paper\main_text_experiments\runs\ratio_downstream_5k\ratio_0p0025_seed_43,0.0025,12,5000
hatespeech,kmeans_center,market_kmeans_center_select,143,12,2,0.1666666666666666,0.3370692729949951,-0.3370692729949951,0.0002015531063079,0.0239359661936759,1,baseline_feature,0,0,1,5000,28000,1000,0.924261748790741,top_quantile,0.234512800000175,0.5644263199999999,0.3333333333333333,0.5,,6.0,,,0,,good_count,2.0,6.0,,,,,,,,,,,,,,,,,,,43,paper\main_text_experiments\runs\ratio_downstream_5k\ratio_0p0025_seed_43,0.0025,12,5000
hatespeech,kmeans_center,market_typiclust_select,143,12,0,0.0,2.0662124156951904,-2.0662124156951904,0.0004705091414507,0.0857734158635139,1,baseline_feature,0,0,1,5000,28000,1000,0.924261748790741,top_quantile,0.1915938999995887,0.5336177,0.3333333333333333,0.5,,12.0,,,0,,good_count,0.0,,,,,,,,,,,,,,,,,,,,43,paper\main_text_experiments\runs\ratio_downstream_5k\ratio_0p0025_seed_43,0.0025,12,5000
hatespeech,kmeans_center,ours_kernel_ridge_student,143,12,3,0.25,1.6462129354476929,-1.6462129354476929,0.0004063248634338,0.0705684348940849,1,online_student,0,0,1,5000,28000,1000,0.924261748790741,top_quantile,0.1719275000000379,0.5185559000000001,0.3333333333333333,0.5,,8.0,,,1,ours_student_row_ctpt,good_count,3.0,4.0,10000.0,64.0,4.0,92931.597765,53.80301340178943,53.80903000000001,107.61806,92931.597765,92931.597765,705941.0,192.0,0.0,192.0,192.0,10000.0,1.0,,,43,paper\main_text_experiments\runs\ratio_downstream_5k\ratio_0p0025_seed_43,0.0025,12,5000
hatespeech,kmeans_center,ours_sample_package_krr,143,12,3,0.25,1.6462129354476929,-1.6462129354476929,0.0004063248634338,0.0705684348940849,1,online_student,0,1,4,1250,28000,1000,0.924261748790741,top_quantile,0.1641740000000027,0.5386510800000001,0.3333333333333333,0.5,,8.0,,,1,ours_student_pkg_ctpt,good_count,3.0,4.0,10000.0,64.0,4.0,1786105.677236,2.799386432575201,2.80927,5.61854,1786105.677236,446526.419309,235320.0,10.0,0.0,10.0,10.0,2500.0,4.0,,,43,paper\main_text_experiments\runs\ratio_downstream_5k\ratio_0p0025_seed_43,0.0025,12,5000
hatespeech,uncertainty_badge,market_random_select,143,12,2,0.1666666666666666,1.1270755529403689,-1.1270755529403689,0.0002476473746355,0.0646103173494339,1,baseline_feature,0,0,1,5000,28000,1000,0.924261748790741,top_quantile,0.2295690999999351,0.56084914,0.3333333333333333,0.5,,,,12.0,0,,good_count,2.0,,,,,,,,,,,,,,,,,,,,43,paper\main_text_experiments\runs\ratio_downstream_5k\ratio_0p0025_seed_43,0.0025,12,5000
hatespeech,uncertainty_badge,market_cosine_select,143,12,0,0.0,-1.3459702730178833,1.3459702730178833,5.6972107813635375e-06,-0.0469186268746852,1,baseline_feature,0,0,1,5000,28000,1000,0.924261748790741,top_quantile,0.2181845000000066,0.57304548,0.3333333333333333,0.5,,,,,0,,good_count,0.0,,,,,,,,,,,,,,,,,,12.0,,43,paper\main_text_experiments\runs\ratio_downstream_5k\ratio_0p0025_seed_43,0.0025,12,5000
hatespeech,uncertainty_badge,market_coreset_select,143,12,0,0.0,-1.081013321876526,1.081013321876526,-0.0001707077026367,-0.0022376065608114,1,baseline_feature,0,0,1,5000,28000,1000,0.924261748790741,top_quantile,0.1928747000001749,0.5265551,0.3333333333333333,0.5,6.0,,,,0,,good_count,0.0,,,,,,,,,,,,,,,,,,6.0,,43,paper\main_text_experiments\runs\ratio_downstream_5k\ratio_0p0025_seed_43,0.0025,12,5000
hatespeech,uncertainty_badge,market_badge_select,143,12,0,0.0,-1.1144477128982544,1.1144477128982544,-0.0002456555666867,0.0078503023833036,1,baseline_model_based,1,0,1,5000,28000,1000,0.924261748790741,top_quantile,0.1596449000003303,0.5269269999999999,0.3333333333333333,0.5,4.0,,,,0,,good_count,0.0,,,,,,,,,,,,,,,,,,8.0,,43,paper\main_text_experiments\runs\ratio_downstream_5k\ratio_0p0025_seed_43,0.0025,12,5000
hatespeech,uncertainty_badge,market_kmeans_center_select,143,12,12,1.0,3.272080421447754,-3.272080421447754,0.000911692797672,0.0878675803542137,0,baseline_feature,0,0,1,5000,28000,1000,0.924261748790741,top_quantile,0.221599900000001,0.5623616600000001,0.3333333333333333,0.5,,5.0,,,0,,good_count,12.0,7.0,,,,,,,,,,,,,,,,,,,43,paper\main_text_experiments\runs\ratio_downstream_5k\ratio_0p0025_seed_43,0.0025,12,5000
hatespeech,uncertainty_badge,market_typiclust_select,143,12,12,1.0,3.1583821773529053,-3.1583821773529053,0.0008841405506245,0.0853978171944618,0,baseline_feature,0,0,1,5000,28000,1000,0.924261748790741,top_quantile,0.190187700000024,0.5331821000000001,0.3333333333333333,0.5,,5.0,,,0,,good_count,12.0,7.0,,,,,,,,,,,,,,,,,,,43,paper\main_text_experiments\runs\ratio_downstream_5k\ratio_0p0025_seed_43,0.0025,12,5000
hatespeech,uncertainty_badge,ours_kernel_ridge_student,143,12,6,0.5,1.5890960693359375,-1.5890960693359375,0.0004825592041015,0.0547555349767208,1,online_student,0,0,1,5000,28000,1000,0.924261748790741,top_quantile,0.1640686000000641,0.52458852,0.3333333333333333,0.5,,3.0,,6.0,1,ours_student_row_ctpt,good_count,6.0,3.0,10000.0,64.0,4.0,92931.597765,53.80301340178943,53.80903000000001,107.61806,92931.597765,92931.597765,705941.0,192.0,0.0,192.0,192.0,10000.0,1.0,,,43,paper\main_text_experiments\runs\ratio_downstream_5k\ratio_0p0025_seed_43,0.0025,12,5000
hatespeech,uncertainty_badge,ours_sample_package_krr,143,12,6,0.5,1.5890960693359375,-1.5890960693359375,0.0004825592041015,0.0547555349767208,1,online_student,0,1,4,1250,28000,1000,0.924261748790741,top_quantile,0.1718066999997063,0.53676888,0.3333333333333333,0.5,,3.0,,6.0,1,ours_student_pkg_ctpt,good_count,6.0,3.0,10000.0,64.0,4.0,1786105.677236,2.799386432575201,2.80927,5.61854,1786105.677236,446526.419309,235320.0,10.0,0.0,10.0,10.0,2500.0,4.0,,,43,paper\main_text_experiments\runs\ratio_downstream_5k\ratio_0p0025_seed_43,0.0025,12,5000
hatespeech,cosine,market_random_select,143,12,2,0.1666666666666666,0.0012089734664186,-0.0012089734664186,-9.308258995588403e-06,0.0375862717628479,1,baseline_feature,0,0,1,5000,28000,1000,0.924261748790741,top_quantile,0.3093116000000009,0.5643589,0.3333333333333333,0.5,,1.0,,,0,,good_count,2.0,1.0,,,,,,,,,,,,,,,,,10.0,,43,paper\main_text_experiments\runs\ratio_downstream_5k\ratio_0p0025_seed_43,0.0025,12,5000
hatespeech,cosine,market_cosine_select,143,12,0,0.0,-0.0748414397239685,0.0748414397239685,8.014341437956318e-05,0.0184815693646669,1,baseline_feature,0,0,1,5000,28000,1000,0.924261748790741,top_quantile,0.2495491999998194,0.5691929,0.3333333333333333,0.5,,,,,0,,good_count,0.0,,,,,,,,,,,,,,,,,,12.0,,43,paper\main_text_experiments\runs\ratio_downstream_5k\ratio_0p0025_seed_43,0.0025,12,5000
hatespeech,cosine,market_coreset_select,143,12,7,0.5833333333333334,1.3574260473251345,-1.3574260473251345,0.0008749316330067,-0.0228362251073122,1,baseline_feature,0,0,1,5000,28000,1000,0.924261748790741,top_quantile,0.2558355000001029,0.52117156,0.3333333333333333,0.5,,,7.0,,0,,good_count,7.0,,,,,,,,,,,,,,,,,,5.0,,43,paper\main_text_experiments\runs\ratio_downstream_5k\ratio_0p0025_seed_43,0.0025,12,5000
hatespeech,cosine,market_badge_select,143,12,7,0.5833333333333334,1.2639822959899902,-1.2639822959899902,0.0008296370506286,-0.0212016552686691,1,baseline_model_based,1,0,1,5000,28000,1000,0.924261748790741,top_quantile,0.1878913999998985,0.54909486,0.3333333333333333,0.5,,,7.0,,0,,good_count,7.0,,,,,,,,,,,,,,,,,,5.0,,43,paper\main_text_experiments\runs\ratio_downstream_5k\ratio_0p0025_seed_43,0.0025,12,5000
hatespeech,cosine,market_kmeans_center_select,143,12,6,0.5,0.0357848815619945,-0.0357848815619945,0.0001869549305411,0.0079417722299695,1,baseline_feature,0,0,1,5000,28000,1000,0.924261748790741,top_quantile,0.2222503000002689,0.56408506,0.3333333333333333,0.5,,2.0,,,0,,good_count,6.0,10.0,,,,,,,,,,,,,,,,,,,43,paper\main_text_experiments\runs\ratio_downstream_5k\ratio_0p0025_seed_43,0.0025,12,5000
hatespeech,cosine,market_typiclust_select,143,12,0,0.0,-0.0967119932174682,0.0967119932174682,-0.0001801351754693,0.0592564232647419,1,baseline_feature,0,0,1,5000,28000,1000,0.924261748790741,top_quantile,0.1704204999996363,0.53319836,0.3333333333333333,0.5,,,,,0,,good_count,0.0,,,,,,,,,,,,,,,,,,12.0,,43,paper\main_text_experiments\runs\ratio_downstream_5k\ratio_0p0025_seed_43,0.0025,12,5000
hatespeech,cosine,ours_kernel_ridge_student,143,12,10,0.8333333333333334,2.043465137481689,-2.043465137481689,0.0006489406223408,0.0555212832987308,0,online_student,0,0,1,5000,28000,1000,0.924261748790741,top_quantile,0.1664420000001882,0.52473716,0.3333333333333333,0.5,,5.0,,1.0,1,ours_student_row_ctpt,good_count,10.0,6.0,10000.0,64.0,4.0,92931.597765,53.80301340178943,53.80903000000001,107.61806,92931.597765,92931.597765,705941.0,192.0,0.0,192.0,192.0,10000.0,1.0,,,43,paper\main_text_experiments\runs\ratio_downstream_5k\ratio_0p0025_seed_43,0.0025,12,5000
hatespeech,cosine,ours_sample_package_krr,143,12,10,0.8333333333333334,2.043465137481689,-2.043465137481689,0.0006489406223408,0.0555212832987308,0,online_student,0,1,4,1250,28000,1000,0.924261748790741,top_quantile,0.1666442000000643,0.5367705,0.3333333333333333,0.5,,5.0,,1.0,1,ours_student_pkg_ctpt,good_count,10.0,6.0,10000.0,64.0,4.0,1786105.677236,2.799386432575201,2.80927,5.61854,1786105.677236,446526.419309,235320.0,10.0,0.0,10.0,10.0,2500.0,4.0,,,43,paper\main_text_experiments\runs\ratio_downstream_5k\ratio_0p0025_seed_43,0.0025,12,5000
hatespeech,all_average,market_random_select,143,12,2,0.1666666666666666,-1.226650357246399,1.226650357246399,-0.0001725157053442,-0.0108181089162826,1,baseline_feature,0,0,1,5000,28000,1000,0.924261748790741,top_quantile,0.2961483999997654,0.56244386,0.3333333333333333,0.5,4.0,2.0,2.0,3.0,0,,good_count,2.0,1.0,,,,,,,,,,,,,,,,,,,43,paper\main_text_experiments\runs\ratio_downstream_5k\ratio_0p0025_seed_43,0.0025,12,5000
hatespeech,all_average,market_cosine_select,143,12,0,0.0,-1.6799126863479614,1.6799126863479614,-7.833043491700664e-05,-0.0536703616380691,1,baseline_feature,0,0,1,5000,28000,1000,0.924261748790741,top_quantile,0.1723938999998608,0.5754737,0.3333333333333333,0.5,,,,,0,,good_count,0.0,,,,,,,,,,,,,,,,,,12.0,,43,paper\main_text_experiments\runs\ratio_downstream_5k\ratio_0p0025_seed_43,0.0025,12,5000
hatespeech,all_average,market_coreset_select,143,12,0,0.0,-1.8810957670211792,1.8810957670211792,-0.0006607870454899,0.0283011104911565,1,baseline_feature,0,0,1,5000,28000,1000,0.924261748790741,top_quantile,0.1598927000000003,0.51695494,0.3333333333333333,0.5,,,12.0,,0,,good_count,0.0,,,,,,,,,,,,,,,,,,,,43,paper\main_text_experiments\runs\ratio_downstream_5k\ratio_0p0025_seed_43,0.0025,12,5000
hatespeech,all_average,market_badge_select,143,12,0,0.0,-1.6671085357666016,1.6671085357666016,-0.0005849202279932,0.0290647726505994,1,baseline_model_based,1,0,1,5000,28000,1000,0.924261748790741,top_quantile,0.1378458000003775,0.55309552,0.3333333333333333,0.5,,,12.0,,0,,good_count,0.0,,,,,,,,,,,,,,,,,,,,43,paper\main_text_experiments\runs\ratio_downstream_5k\ratio_0p0025_seed_43,0.0025,12,5000
hatespeech,all_average,market_kmeans_center_select,143,12,0,0.0,-1.322873830795288,1.322873830795288,-0.0002235472202301,-0.0084247794002294,1,baseline_feature,0,0,1,5000,28000,1000,0.924261748790741,top_quantile,0.1717970999998215,0.5663347000000001,0.3333333333333333,0.5,,4.0,,,0,,good_count,0.0,8.0,,,,,,,,,,,,,,,,,,,43,paper\main_text_experiments\runs\ratio_downstream_5k\ratio_0p0025_seed_43,0.0025,12,5000
hatespeech,all_average,market_typiclust_select,143,12,0,0.0,0.4606648981571197,-0.4606648981571197,-5.245208740234375e-05,0.0725584998726844,1,baseline_feature,0,0,1,5000,28000,1000,0.924261748790741,top_quantile,0.1435973999996349,0.5334353000000001,0.3333333333333333,0.5,,4.0,,,0,,good_count,0.0,2.0,,,,,,,,,,,,,,,,,6.0,,43,paper\main_text_experiments\runs\ratio_downstream_5k\ratio_0p0025_seed_43,0.0025,12,5000
hatespeech,all_average,ours_kernel_ridge_student,143,12,4,0.3333333333333333,0.0491104908287525,-0.0491104908287525,9.12994146347046e-05,0.0242286007851362,1,online_student,0,0,1,5000,28000,1000,0.924261748790741,top_quantile,0.1254934999997203,0.5160525200000001,0.3333333333333333,0.5,,4.0,,2.0,1,ours_student_row_ctpt,good_count,4.0,6.0,10000.0,64.0,4.0,92931.597765,53.80301340178943,53.80903000000001,107.61806,92931.597765,92931.597765,705941.0,192.0,0.0,192.0,192.0,10000.0,1.0,,,43,paper\main_text_experiments\runs\ratio_downstream_5k\ratio_0p0025_seed_43,0.0025,12,5000
hatespeech,all_average,ours_sample_package_krr,143,12,4,0.3333333333333333,0.0491104908287525,-0.0491104908287525,9.12994146347046e-05,0.0242286007851362,1,online_student,0,1,4,1250,28000,1000,0.924261748790741,top_quantile,0.1360641999999643,0.53801346,0.3333333333333333,0.5,,4.0,,2.0,1,ours_student_pkg_ctpt,good_count,4.0,6.0,10000.0,64.0,4.0,1786105.677236,2.799386432575201,2.80927,5.61854,1786105.677236,446526.419309,235320.0,10.0,0.0,10.0,10.0,2500.0,4.0,,,43,paper\main_text_experiments\runs\ratio_downstream_5k\ratio_0p0025_seed_43,0.0025,12,5000
mscoco,noise,market_random_select,243,12,1,0.0833333333333333,-0.6528927683830261,0.6528927683830261,-1.965463161468506e-05,0.0002590310177765,1,baseline_feature,0,0,1,5000,28000,1000,1.1473939418792725,top_quantile,0.2981721999999536,0.7858206875,0.3333333333333333,0.5,3.0,1.0,8.0,,0,,good_count,1.0,,,,,,,,,,,,,,,,,,,,43,paper\main_text_experiments\runs\ratio_downstream_5k\ratio_0p0025_seed_43,0.0025,12,5000
mscoco,noise,market_cosine_select,243,12,0,0.0,-1.2635852098464966,1.2635852098464966,-1.1354684829711914e-05,-0.0027740132063627,1,baseline_feature,0,0,1,5000,28000,1000,1.1473939418792725,top_quantile,0.1714784000000691,0.8367793125,0.6788814378739096,0.69075,,,,12.0,0,,good_count,0.0,,,,,,,,,,,,,,,,,,,,43,paper\main_text_experiments\runs\ratio_downstream_5k\ratio_0p0025_seed_43,0.0025,12,5000
mscoco,noise,market_coreset_select,243,12,0,0.0,-0.1158552393317222,0.1158552393317222,-1.5944242477416992e-05,0.0017550311749801,1,baseline_feature,0,0,1,5000,28000,1000,1.1473939418792725,top_quantile,0.1847597999999379,0.6430391875,0.3333333333333333,0.5,,,12.0,,0,,good_count,0.0,,,,,,,,,,,,,,,,,,,,43,paper\main_text_experiments\runs\ratio_downstream_5k\ratio_0p0025_seed_43,0.0025,12,5000
mscoco,noise,market_badge_select,243,12,0,0.0,-0.2574360072612762,0.2574360072612762,-1.7444292097934522e-05,0.0014161557191982,1,baseline_model_based,1,0,1,5000,28000,1000,1.1473939418792725,top_quantile,0.1666574000000764,0.87285221875,0.3333333333333333,0.5,,,12.0,,0,,good_count,0.0,,,,,,,,,,,,,,,,,,,,43,paper\main_text_experiments\runs\ratio_downstream_5k\ratio_0p0025_seed_43,0.0025,12,5000
mscoco,noise,market_kmeans_center_select,243,12,12,1.0,4.493581771850586,-4.493581771850586,0.000113238893391,0.0042400923557579,0,baseline_feature,0,0,1,5000,28000,1000,1.1473939418792725,top_quantile,0.1677896999999575,0.80158271875,0.3333333333333333,0.5,,3.0,,,0,,good_count,12.0,9.0,,,,,,,,,,,,,,,,,,,43,paper\main_text_experiments\runs\ratio_downstream_5k\ratio_0p0025_seed_43,0.0025,12,5000
mscoco,noise,market_typiclust_select,243,12,12,1.0,4.193397045135498,-4.193397045135498,0.0001016209498629,0.0044192220084369,0,baseline_feature,0,0,1,5000,28000,1000,1.1473939418792725,top_quantile,0.1219857999999476,0.8129750312500001,0.3333333333333333,0.5,,4.0,,,0,,good_count,12.0,8.0,,,,,,,,,,,,,,,,,,,43,paper\main_text_experiments\runs\ratio_downstream_5k\ratio_0p0025_seed_43,0.0025,12,5000
mscoco,noise,ours_kernel_ridge_student,243,12,12,1.0,4.906190395355225,-4.906190395355225,0.0001107851639972,0.0059537920169532,0,online_student,0,0,1,5000,28000,1000,1.1473939418792725,top_quantile,0.1611542999999073,0.8634848125000001,0.3333333333333333,0.5,,5.0,,,1,ours_student_row_ctpt,good_count,12.0,7.0,10000.0,64.0,4.0,92931.597765,53.80301340178943,53.80903000000001,107.61806,92931.597765,92931.597765,705941.0,192.0,0.0,192.0,192.0,10000.0,1.0,,,43,paper\main_text_experiments\runs\ratio_downstream_5k\ratio_0p0025_seed_43,0.0025,12,5000
mscoco,noise,ours_sample_package_krr,243,12,12,1.0,4.906190395355225,-4.906190395355225,0.0001107851639972,0.0059537920169532,0,online_student,0,1,4,1250,28000,1000,1.1473939418792725,top_quantile,0.1689527999997153,0.80521509375,0.3333333333333333,0.5,,5.0,,,1,ours_student_pkg_ctpt,good_count,12.0,7.0,10000.0,64.0,4.0,1786105.677236,2.799386432575201,2.80927,5.61854,1786105.677236,446526.419309,235320.0,10.0,0.0,10.0,10.0,2500.0,4.0,,,43,paper\main_text_experiments\runs\ratio_downstream_5k\ratio_0p0025_seed_43,0.0025,12,5000
mscoco,coreset_far_wrong,market_random_select,243,12,1,0.0833333333333333,-0.9627988934516908,0.9627988934516908,-2.462665179336909e-05,-0.0003030941006727,1,baseline_feature,0,0,1,5000,28000,1000,1.1473939418792725,top_quantile,0.1686460999999326,0.795057375,0.3333333333333333,0.5,8.0,1.0,3.0,,0,,good_count,1.0,,,,,,,,,,,,,,,,,,,,43,paper\main_text_experiments\runs\ratio_downstream_5k\ratio_0p0025_seed_43,0.0025,12,5000
mscoco,coreset_far_wrong,market_cosine_select,243,12,0,0.0,-1.2635852098464966,1.2635852098464966,-1.1354684829711914e-05,-0.0027740132063627,1,baseline_feature,0,0,1,5000,28000,1000,1.1473939418792725,top_quantile,0.229189199999837,0.8367793125,0.6788814378739096,0.69075,,,,12.0,0,,good_count,0.0,,,,,,,,,,,,,,,,,,,,43,paper\main_text_experiments\runs\ratio_downstream_5k\ratio_0p0025_seed_43,0.0025,12,5000
mscoco,coreset_far_wrong,market_coreset_select,243,12,0,0.0,-2.117888927459717,2.117888927459717,-6.084640699555166e-05,-0.000516518135555,1,baseline_feature,0,0,1,5000,28000,1000,1.1473939418792725,top_quantile,0.1959372999999686,0.8404834062500001,0.3333333333333333,0.5,,,12.0,,0,,good_count,0.0,,,,,,,,,,,,,,,,,,,,43,paper\main_text_experiments\runs\ratio_downstream_5k\ratio_0p0025_seed_43,0.0025,12,5000
mscoco,coreset_far_wrong,market_badge_select,243,12,0,0.0,-2.117888927459717,2.117888927459717,-6.084640699555166e-05,-0.000516518135555,1,baseline_model_based,1,0,1,5000,28000,1000,1.1473939418792725,top_quantile,0.1612702000002173,0.8711685312499999,0.3333333333333333,0.5,,,12.0,,0,,good_count,0.0,,,,,,,,,,,,,,,,,,,,43,paper\main_text_experiments\runs\ratio_downstream_5k\ratio_0p0025_seed_43,0.0025,12,5000
mscoco,coreset_far_wrong,market_kmeans_center_select,243,12,12,1.0,4.493581771850586,-4.493581771850586,0.000113238893391,0.0042400923557579,0,baseline_feature,0,0,1,5000,28000,1000,1.1473939418792725,top_quantile,0.1578911000001426,0.80158271875,0.3333333333333333,0.5,,3.0,,,0,,good_count,12.0,9.0,,,,,,,,,,,,,,,,,,,43,paper\main_text_experiments\runs\ratio_downstream_5k\ratio_0p0025_seed_43,0.0025,12,5000
mscoco,coreset_far_wrong,market_typiclust_select,243,12,12,1.0,4.193397045135498,-4.193397045135498,0.0001016209498629,0.0044192220084369,0,baseline_feature,0,0,1,5000,28000,1000,1.1473939418792725,top_quantile,0.1301002000000153,0.8129750312500001,0.3333333333333333,0.5,,4.0,,,0,,good_count,12.0,8.0,,,,,,,,,,,,,,,,,,,43,paper\main_text_experiments\runs\ratio_downstream_5k\ratio_0p0025_seed_43,0.0025,12,5000
mscoco,coreset_far_wrong,ours_kernel_ridge_student,243,12,12,1.0,4.906190395355225,-4.906190395355225,0.0001107851639972,0.0059537920169532,0,online_student,0,0,1,5000,28000,1000,1.1473939418792725,top_quantile,0.1613938999998936,0.8634848125000001,0.3333333333333333,0.5,,5.0,,,1,ours_student_row_ctpt,good_count,12.0,7.0,10000.0,64.0,4.0,92931.597765,53.80301340178943,53.80903000000001,107.61806,92931.597765,92931.597765,705941.0,192.0,0.0,192.0,192.0,10000.0,1.0,,,43,paper\main_text_experiments\runs\ratio_downstream_5k\ratio_0p0025_seed_43,0.0025,12,5000
mscoco,coreset_far_wrong,ours_sample_package_krr,243,12,12,1.0,4.906190395355225,-4.906190395355225,0.0001107851639972,0.0059537920169532,0,online_student,0,1,4,1250,28000,1000,1.1473939418792725,top_quantile,0.1763796000000184,0.80521509375,0.3333333333333333,0.5,,5.0,,,1,ours_student_pkg_ctpt,good_count,12.0,7.0,10000.0,64.0,4.0,1786105.677236,2.799386432575201,2.80927,5.61854,1786105.677236,446526.419309,235320.0,10.0,0.0,10.0,10.0,2500.0,4.0,,,43,paper\main_text_experiments\runs\ratio_downstream_5k\ratio_0p0025_seed_43,0.0025,12,5000
mscoco,typiclust_dense,market_random_select,243,12,1,0.0833333333333333,-0.1815759539604187,0.1815759539604187,1.1881192222062964e-05,-0.001436582300812,1,baseline_feature,0,0,1,5000,28000,1000,1.1473939418792725,top_quantile,0.2010965999998006,0.80757975,0.3333333333333333,0.5,,3.0,,,0,,good_count,1.0,9.0,,,,,,,,,,,,,,,,,,,43,paper\main_text_experiments\runs\ratio_downstream_5k\ratio_0p0025_seed_43,0.0025,12,5000
mscoco,typiclust_dense,market_cosine_select,243,12,4,0.3333333333333333,0.303128033876419,-0.303128033876419,8.861224159772974e-06,0.0005911833140999,1,baseline_feature,0,0,1,5000,28000,1000,1.1473939418792725,top_quantile,0.2031984999998712,0.86850390625,0.3333333333333333,0.5,,,,,0,,good_count,4.0,,,,,,,,,,,,,,,,,,8.0,4.0,43,paper\main_text_experiments\runs\ratio_downstream_5k\ratio_0p0025_seed_43,0.0025,12,5000
mscoco,typiclust_dense,market_coreset_select,243,12,12,1.0,2.897999048233032,-2.897999048233032,5.2809715270996094e-05,0.0050513758324086,0,baseline_feature,0,0,1,5000,28000,1000,1.1473939418792725,top_quantile,0.2536746999999195,0.8331651562500001,0.3333333333333333,0.5,,,12.0,,0,,good_count,12.0,,,,,,,,,,,,,,,,,,,,43,paper\main_text_experiments\runs\ratio_downstream_5k\ratio_0p0025_seed_43,0.0025,12,5000
mscoco,typiclust_dense,market_badge_select,243,12,12,1.0,2.897999048233032,-2.897999048233032,5.2809715270996094e-05,0.0050513758324086,0,baseline_model_based,1,0,1,5000,28000,1000,1.1473939418792725,top_quantile,0.2130968999999822,0.88527528125,0.3333333333333333,0.5,,,12.0,,0,,good_count,12.0,,,,,,,,,,,,,,,,,,,,43,paper\main_text_experiments\runs\ratio_downstream_5k\ratio_0p0025_seed_43,0.0025,12,5000
mscoco,typiclust_dense,market_kmeans_center_select,243,12,0,0.0,-1.556654930114746,1.556654930114746,-5.667408458975842e-06,-0.0044108619913458,1,baseline_feature,0,0,1,5000,28000,1000,1.1473939418792725,top_quantile,0.2195681000002878,0.8921031875000001,0.3333333333333333,0.5,,6.0,,,0,,good_count,0.0,6.0,,,,,,,,,,,,,,,,,,,43,paper\main_text_experiments\runs\ratio_downstream_5k\ratio_0p0025_seed_43,0.0025,12,5000
mscoco,typiclust_dense,market_typiclust_select,243,12,0,0.0,-1.2959915399551392,1.2959915399551392,-1.862645149230957e-06,-0.0038979246746748,1,baseline_feature,0,0,1,5000,28000,1000,1.1473939418792725,top_quantile,0.2175160000001597,0.8769393750000001,0.3333333333333333,0.5,,7.0,,,0,,good_count,0.0,5.0,,,,,,,,,,,,,,,,,,,43,paper\main_text_experiments\runs\ratio_downstream_5k\ratio_0p0025_seed_43,0.0025,12,5000
mscoco,typiclust_dense,ours_kernel_ridge_student,243,12,12,1.0,4.895570755004883,-4.895570755004883,0.000109771885036,0.0060242023319005,0,online_student,0,0,1,5000,28000,1000,1.1473939418792725,top_quantile,0.2084642999998323,0.85039078125,0.3333333333333333,0.5,,6.0,,,1,ours_student_row_ctpt,good_count,12.0,6.0,10000.0,64.0,4.0,92931.597765,53.80301340178943,53.80903000000001,107.61806,92931.597765,92931.597765,705941.0,192.0,0.0,192.0,192.0,10000.0,1.0,,,43,paper\main_text_experiments\runs\ratio_downstream_5k\ratio_0p0025_seed_43,0.0025,12,5000
mscoco,typiclust_dense,ours_sample_package_krr,243,12,12,1.0,4.895570755004883,-4.895570755004883,0.000109771885036,0.0060242023319005,0,online_student,0,1,4,1250,28000,1000,1.1473939418792725,top_quantile,0.2756152000001748,0.80554796875,0.3333333333333333,0.5,,6.0,,,1,ours_student_pkg_ctpt,good_count,12.0,6.0,10000.0,64.0,4.0,1786105.677236,2.799386432575201,2.80927,5.61854,1786105.677236,446526.419309,235320.0,10.0,0.0,10.0,10.0,2500.0,4.0,,,43,paper\main_text_experiments\runs\ratio_downstream_5k\ratio_0p0025_seed_43,0.0025,12,5000
mscoco,kmeans_center,market_random_select,243,12,1,0.0833333333333333,-0.8252264857292175,0.8252264857292175,9.84470079856692e-06,-0.0034860109444707,1,baseline_feature,0,0,1,5000,28000,1000,1.1473939418792725,top_quantile,0.206913799999711,0.8041305624999999,0.3333333333333333,0.5,,9.0,,,0,,good_count,1.0,3.0,,,,,,,,,,,,,,,,,,,43,paper\main_text_experiments\runs\ratio_downstream_5k\ratio_0p0025_seed_43,0.0025,12,5000
mscoco,kmeans_center,market_cosine_select,243,12,12,1.0,3.172734022140503,-3.172734022140503,4.334747791290283e-05,0.0070252739824354,0,baseline_feature,0,0,1,5000,28000,1000,1.1473939418792725,top_quantile,0.1947208999999929,0.8135043437499999,0.3333333333333333,0.5,,,,5.0,0,,good_count,12.0,,,,,,,,,,,,,,,,,,2.0,5.0,43,paper\main_text_experiments\runs\ratio_downstream_5k\ratio_0p0025_seed_43,0.0025,12,5000
mscoco,kmeans_center,market_coreset_select,243,12,12,1.0,2.952877998352051,-2.952877998352051,5.447864532470703e-05,0.0050670369528234,0,baseline_feature,0,0,1,5000,28000,1000,1.1473939418792725,top_quantile,0.2468077000003177,0.8382324375,0.3333333333333333,0.5,,,12.0,,0,,good_count,12.0,,,,,,,,,,,,,,,,,,,,43,paper\main_text_experiments\runs\ratio_downstream_5k\ratio_0p0025_seed_43,0.0025,12,5000
mscoco,kmeans_center,market_badge_select,243,12,12,1.0,2.952877998352051,-2.952877998352051,5.447864532470703e-05,0.0050670369528234,0,baseline_model_based,1,0,1,5000,28000,1000,1.1473939418792725,top_quantile,0.2049365000002581,0.8857657499999999,0.3333333333333333,0.5,,,12.0,,0,,good_count,12.0,,,,,,,,,,,,,,,,,,,,43,paper\main_text_experiments\runs\ratio_downstream_5k\ratio_0p0025_seed_43,0.0025,12,5000
mscoco,kmeans_center,market_kmeans_center_select,243,12,0,0.0,-1.556654930114746,1.556654930114746,-5.667408458975842e-06,-0.0044108619913458,1,baseline_feature,0,0,1,5000,28000,1000,1.1473939418792725,top_quantile,0.1984941999999137,0.8921031875000001,0.3333333333333333,0.5,,6.0,,,0,,good_count,0.0,6.0,,,,,,,,,,,,,,,,,,,43,paper\main_text_experiments\runs\ratio_downstream_5k\ratio_0p0025_seed_43,0.0025,12,5000
mscoco,kmeans_center,market_typiclust_select,243,12,0,0.0,-1.2959915399551392,1.2959915399551392,-1.862645149230957e-06,-0.0038979246746748,1,baseline_feature,0,0,1,5000,28000,1000,1.1473939418792725,top_quantile,0.1964981000000989,0.8769393750000001,0.3333333333333333,0.5,,7.0,,,0,,good_count,0.0,5.0,,,,,,,,,,,,,,,,,,,43,paper\main_text_experiments\runs\ratio_downstream_5k\ratio_0p0025_seed_43,0.0025,12,5000
mscoco,kmeans_center,ours_kernel_ridge_student,243,12,11,0.9166666666666666,4.835848331451416,-4.835848331451416,0.0001086294651031,0.0059354756958782,0,online_student,0,0,1,5000,28000,1000,1.1473939418792725,top_quantile,0.1922721999999339,0.849308875,0.3333333333333333,0.5,,6.0,,,1,ours_student_row_ctpt,good_count,11.0,6.0,10000.0,64.0,4.0,92931.597765,53.80301340178943,53.80903000000001,107.61806,92931.597765,92931.597765,705941.0,192.0,0.0,192.0,192.0,10000.0,1.0,,,43,paper\main_text_experiments\runs\ratio_downstream_5k\ratio_0p0025_seed_43,0.0025,12,5000
mscoco,kmeans_center,ours_sample_package_krr,243,12,11,0.9166666666666666,4.835848331451416,-4.835848331451416,0.0001086294651031,0.0059354756958782,0,online_student,0,1,4,1250,28000,1000,1.1473939418792725,top_quantile,0.1973528999997142,0.8067388750000001,0.3333333333333333,0.5,,6.0,,,1,ours_student_pkg_ctpt,good_count,11.0,6.0,10000.0,64.0,4.0,1786105.677236,2.799386432575201,2.80927,5.61854,1786105.677236,446526.419309,235320.0,10.0,0.0,10.0,10.0,2500.0,4.0,,,43,paper\main_text_experiments\runs\ratio_downstream_5k\ratio_0p0025_seed_43,0.0025,12,5000
mscoco,uncertainty_badge,market_random_select,243,12,1,0.0833333333333333,0.2693265974521637,-0.2693265974521637,8.041660294111352e-06,0.0005593697424046,1,baseline_feature,0,0,1,5000,28000,1000,1.1473939418792725,top_quantile,0.2667099000000235,0.8094663124999999,0.3333333333333333,0.5,3.0,1.0,,8.0,0,,good_count,1.0,,,,,,,,,,,,,,,,,,,,43,paper\main_text_experiments\runs\ratio_downstream_5k\ratio_0p0025_seed_43,0.0025,12,5000
mscoco,uncertainty_badge,market_cosine_select,243,12,0,0.0,-1.4152899980545044,1.4152899980545044,2.632538382840721e-07,-0.0045441011898219,1,baseline_feature,0,0,1,5000,28000,1000,1.1473939418792725,top_quantile,0.2029425000000628,0.8571459687499999,0.3333333333333333,0.5,,,,,0,,good_count,0.0,,,,,,,,,,,,,,,,,,12.0,,43,paper\main_text_experiments\runs\ratio_downstream_5k\ratio_0p0025_seed_43,0.0025,12,5000
mscoco,uncertainty_badge,market_coreset_select,243,12,0,0.0,-0.9171126484870912,0.9171126484870912,-8.891026482160669e-06,-0.001816296367906,1,baseline_feature,0,0,1,5000,28000,1000,1.1473939418792725,top_quantile,0.1997314999998707,0.60478653125,0.3333333333333333,0.5,10.0,,,,0,,good_count,0.0,,,,,,,,,,,,,,,,,,2.0,,43,paper\main_text_experiments\runs\ratio_downstream_5k\ratio_0p0025_seed_43,0.0025,12,5000
mscoco,uncertainty_badge,market_badge_select,243,12,0,0.0,-0.891573965549469,0.891573965549469,-6.973743438720703e-06,-0.0019303549779579,1,baseline_model_based,1,0,1,5000,28000,1000,1.1473939418792725,top_quantile,0.2011747000001378,0.8752426249999999,0.3333333333333333,0.5,9.0,,,,0,,good_count,0.0,,,,,,,,,,,,,,,,,,3.0,,43,paper\main_text_experiments\runs\ratio_downstream_5k\ratio_0p0025_seed_43,0.0025,12,5000
mscoco,uncertainty_badge,market_kmeans_center_select,243,12,12,1.0,4.493581771850586,-4.493581771850586,0.000113238893391,0.0042400923557579,0,baseline_feature,0,0,1,5000,28000,1000,1.1473939418792725,top_quantile,0.2018456999999216,0.80158271875,0.3333333333333333,0.5,,3.0,,,0,,good_count,12.0,9.0,,,,,,,,,,,,,,,,,,,43,paper\main_text_experiments\runs\ratio_downstream_5k\ratio_0p0025_seed_43,0.0025,12,5000
mscoco,uncertainty_badge,market_typiclust_select,243,12,12,1.0,4.193397045135498,-4.193397045135498,0.0001016209498629,0.0044192220084369,0,baseline_feature,0,0,1,5000,28000,1000,1.1473939418792725,top_quantile,0.1642249999999876,0.8129750312500001,0.3333333333333333,0.5,,4.0,,,0,,good_count,12.0,8.0,,,,,,,,,,,,,,,,,,,43,paper\main_text_experiments\runs\ratio_downstream_5k\ratio_0p0025_seed_43,0.0025,12,5000
mscoco,uncertainty_badge,ours_kernel_ridge_student,243,12,12,1.0,4.906190395355225,-4.906190395355225,0.0001107851639972,0.0059537920169532,0,online_student,0,0,1,5000,28000,1000,1.1473939418792725,top_quantile,0.2665630000001329,0.8634848125000001,0.3333333333333333,0.5,,5.0,,,1,ours_student_row_ctpt,good_count,12.0,7.0,10000.0,64.0,4.0,92931.597765,53.80301340178943,53.80903000000001,107.61806,92931.597765,92931.597765,705941.0,192.0,0.0,192.0,192.0,10000.0,1.0,,,43,paper\main_text_experiments\runs\ratio_downstream_5k\ratio_0p0025_seed_43,0.0025,12,5000
mscoco,uncertainty_badge,ours_sample_package_krr,243,12,12,1.0,4.906190395355225,-4.906190395355225,0.0001107851639972,0.0059537920169532,0,online_student,0,1,4,1250,28000,1000,1.1473939418792725,top_quantile,0.2008715000001757,0.80521509375,0.3333333333333333,0.5,,5.0,,,1,ours_student_pkg_ctpt,good_count,12.0,7.0,10000.0,64.0,4.0,1786105.677236,2.799386432575201,2.80927,5.61854,1786105.677236,446526.419309,235320.0,10.0,0.0,10.0,10.0,2500.0,4.0,,,43,paper\main_text_experiments\runs\ratio_downstream_5k\ratio_0p0025_seed_43,0.0025,12,5000
mscoco,cosine,market_random_select,243,12,1,0.0833333333333333,-0.6745243072509766,0.6745243072509766,-8.990367064143356e-07,-0.0018124562921002,1,baseline_feature,0,0,1,5000,28000,1000,1.1473939418792725,top_quantile,0.2094207000000096,0.8135487187500001,0.3333333333333333,0.5,,1.0,,,0,,good_count,1.0,3.0,,,,,,,,,,,,,,,,,8.0,,43,paper\main_text_experiments\runs\ratio_downstream_5k\ratio_0p0025_seed_43,0.0025,12,5000
mscoco,cosine,market_cosine_select,243,12,0,0.0,-0.5762590765953064,0.5762590765953064,2.284844640598749e-06,-0.0018052168888971,1,baseline_feature,0,0,1,5000,28000,1000,1.1473939418792725,top_quantile,0.2019301999998788,0.848518375,0.3333333333333333,0.5,,,,,0,,good_count,0.0,,,,,,,,,,,,,,,,,,12.0,,43,paper\main_text_experiments\runs\ratio_downstream_5k\ratio_0p0025_seed_43,0.0025,12,5000
mscoco,cosine,market_coreset_select,243,12,8,0.6666666666666666,1.7376083135604858,-1.7376083135604858,3.204743188689463e-05,0.0031748332548886,1,baseline_feature,0,0,1,5000,28000,1000,1.1473939418792725,top_quantile,0.2125673000000461,0.7012807499999999,0.3333333333333333,0.5,,,8.0,,0,,good_count,8.0,,,,,,,,,,,,,,,,,,4.0,,43,paper\main_text_experiments\runs\ratio_downstream_5k\ratio_0p0025_seed_43,0.0025,12,5000
mscoco,cosine,market_badge_select,243,12,8,0.6666666666666666,1.85017192363739,-1.85017192363739,3.54150943167042e-05,0.0032128617167472,1,baseline_model_based,1,0,1,5000,28000,1000,1.1473939418792725,top_quantile,0.2098103000002993,0.87599175,0.3333333333333333,0.5,,,8.0,,0,,good_count,8.0,,,,,,,,,,,,,,,,,,4.0,,43,paper\main_text_experiments\runs\ratio_downstream_5k\ratio_0p0025_seed_43,0.0025,12,5000
mscoco,cosine,market_kmeans_center_select,243,12,5,0.4166666666666667,0.8680440783500671,-0.8680440783500671,4.121661186218262e-05,-0.0008620878797955,1,baseline_feature,0,0,1,5000,28000,1000,1.1473939418792725,top_quantile,0.1978875000004336,0.8152382499999999,0.4639284167184358,0.56525,,2.0,,,0,,good_count,5.0,10.0,,,,,,,,,,,,,,,,,,,43,paper\main_text_experiments\runs\ratio_downstream_5k\ratio_0p0025_seed_43,0.0025,12,5000
mscoco,cosine,market_typiclust_select,243,12,10,0.8333333333333334,3.292778730392456,-3.292778730392456,8.55177640914917e-05,0.0029615929815918,0,baseline_feature,0,0,1,5000,28000,1000,1.1473939418792725,top_quantile,0.2051385999998274,0.9077844375,0.3333333333333333,0.5,,4.0,,,0,,good_count,10.0,8.0,,,,,,,,,,,,,,,,,,,43,paper\main_text_experiments\runs\ratio_downstream_5k\ratio_0p0025_seed_43,0.0025,12,5000
mscoco,cosine,ours_kernel_ridge_student,243,12,12,1.0,4.835848331451416,-4.835848331451416,0.0001086294651031,0.0059354756958782,0,online_student,0,0,1,5000,28000,1000,1.1473939418792725,top_quantile,0.2114023999997698,0.849308875,0.3333333333333333,0.5,,6.0,,,1,ours_student_row_ctpt,good_count,12.0,6.0,10000.0,64.0,4.0,92931.597765,53.80301340178943,53.80903000000001,107.61806,92931.597765,92931.597765,705941.0,192.0,0.0,192.0,192.0,10000.0,1.0,,,43,paper\main_text_experiments\runs\ratio_downstream_5k\ratio_0p0025_seed_43,0.0025,12,5000
mscoco,cosine,ours_sample_package_krr,243,12,12,1.0,4.835848331451416,-4.835848331451416,0.0001086294651031,0.0059354756958782,0,online_student,0,1,4,1250,28000,1000,1.1473939418792725,top_quantile,0.2090404999999009,0.8067388750000001,0.3333333333333333,0.5,,6.0,,,1,ours_student_pkg_ctpt,good_count,12.0,6.0,10000.0,64.0,4.0,1786105.677236,2.799386432575201,2.80927,5.61854,1786105.677236,446526.419309,235320.0,10.0,0.0,10.0,10.0,2500.0,4.0,,,43,paper\main_text_experiments\runs\ratio_downstream_5k\ratio_0p0025_seed_43,0.0025,12,5000
mscoco,all_average,market_random_select,243,12,1,0.0833333333333333,-0.6840896010398865,0.6840896010398865,-8.742014756535355e-07,-0.0018487746128812,1,baseline_feature,0,0,1,5000,28000,1000,1.1473939418792725,top_quantile,0.2005303999999341,0.79993428125,0.3333333333333333,0.5,3.0,2.0,3.0,,0,,good_count,1.0,1.0,,,,,,,,,,,,,,,,,3.0,,43,paper\main_text_experiments\runs\ratio_downstream_5k\ratio_0p0025_seed_43,0.0025,12,5000
mscoco,all_average,market_cosine_select,243,12,0,0.0,-0.8623268008232117,0.8623268008232117,1.9570190943341004e-06,-0.0027774914633482,1,baseline_feature,0,0,1,5000,28000,1000,1.1473939418792725,top_quantile,0.2122393999998166,0.859612125,0.3333333333333333,0.5,,,,,0,,good_count,0.0,,,,,,,,,,,,,,,,,,12.0,,43,paper\main_text_experiments\runs\ratio_downstream_5k\ratio_0p0025_seed_43,0.0025,12,5000
mscoco,all_average,market_coreset_select,243,12,0,0.0,-3.1385719776153564,3.1385719776153564,-0.0001012484208331,0.0001881924254121,1,baseline_feature,0,0,1,5000,28000,1000,1.1473939418792725,top_quantile,0.2477652000002308,0.8275044999999999,0.3333333333333333,0.5,,,12.0,,0,,good_count,0.0,,,,,,,,,,,,,,,,,,,,43,paper\main_text_experiments\runs\ratio_downstream_5k\ratio_0p0025_seed_43,0.0025,12,5000
mscoco,all_average,market_badge_select,243,12,0,0.0,-3.1385719776153564,3.1385719776153564,-0.0001012484208331,0.0001881924254121,1,baseline_model_based,1,0,1,5000,28000,1000,1.1473939418792725,top_quantile,0.2064847000001464,0.8827892500000001,0.3333333333333333,0.5,,,12.0,,0,,good_count,0.0,,,,,,,,,,,,,,,,,,,,43,paper\main_text_experiments\runs\ratio_downstream_5k\ratio_0p0025_seed_43,0.0025,12,5000
mscoco,all_average,market_kmeans_center_select,243,12,0,0.0,-1.556654930114746,1.556654930114746,-5.667408458975842e-06,-0.0044108619913458,1,baseline_feature,0,0,1,5000,28000,1000,1.1473939418792725,top_quantile,0.2205033000000185,0.8921031875000001,0.3333333333333333,0.5,,6.0,,,0,,good_count,0.0,6.0,,,,,,,,,,,,,,,,,,,43,paper\main_text_experiments\runs\ratio_downstream_5k\ratio_0p0025_seed_43,0.0025,12,5000
mscoco,all_average,market_typiclust_select,243,12,0,0.0,-1.2959915399551392,1.2959915399551392,-1.862645149230957e-06,-0.0038979246746748,1,baseline_feature,0,0,1,5000,28000,1000,1.1473939418792725,top_quantile,0.2779021999999713,0.8769393750000001,0.3333333333333333,0.5,,7.0,,,0,,good_count,0.0,5.0,,,,,,,,,,,,,,,,,,,43,paper\main_text_experiments\runs\ratio_downstream_5k\ratio_0p0025_seed_43,0.0025,12,5000
mscoco,all_average,ours_kernel_ridge_student,243,12,12,1.0,4.895570755004883,-4.895570755004883,0.000109771885036,0.0060242023319005,0,online_student,0,0,1,5000,28000,1000,1.1473939418792725,top_quantile,0.1980312000000594,0.85039078125,0.3333333333333333,0.5,,6.0,,,1,ours_student_row_ctpt,good_count,12.0,6.0,10000.0,64.0,4.0,92931.597765,53.80301340178943,53.80903000000001,107.61806,92931.597765,92931.597765,705941.0,192.0,0.0,192.0,192.0,10000.0,1.0,,,43,paper\main_text_experiments\runs\ratio_downstream_5k\ratio_0p0025_seed_43,0.0025,12,5000
mscoco,all_average,ours_sample_package_krr,243,12,12,1.0,4.895570755004883,-4.895570755004883,0.000109771885036,0.0060242023319005,0,online_student,0,1,4,1250,28000,1000,1.1473939418792725,top_quantile,0.1973920999998881,0.80554796875,0.3333333333333333,0.5,,6.0,,,1,ours_student_pkg_ctpt,good_count,12.0,6.0,10000.0,64.0,4.0,1786105.677236,2.799386432575201,2.80927,5.61854,1786105.677236,446526.419309,235320.0,10.0,0.0,10.0,10.0,2500.0,4.0,,,43,paper\main_text_experiments\runs\ratio_downstream_5k\ratio_0p0025_seed_43,0.0025,12,5000
hateful_memes,noise,market_random_select,44,12,2,0.1666666666666666,-0.07965699583292,0.07965699583292,4.5105814933776855e-05,-0.0022230267059057,1,baseline_feature,0,0,1,5000,28000,1000,1.0172555446624756,top_quantile,0.2334899000002224,0.5481188141495601,0.3697478991596639,0.5866666666666667,2.0,,7.0,2.0,0,,good_count,2.0,1.0,,,,,,,,,,,,,,,,,,,44,paper\main_text_experiments\runs\ratio_downstream_5k\ratio_0p0025_seed_44,0.0025,12,5000
hateful_memes,noise,market_cosine_select,44,12,0,0.0,-1.5679001808166504,1.5679001808166504,-0.0001959353685379,-0.0134622752666473,1,baseline_feature,0,0,1,5000,28000,1000,1.0172555446624756,top_quantile,0.1957929999998668,0.5555590175953079,0.3697478991596639,0.5866666666666667,,,,12.0,0,,good_count,0.0,,,,,,,,,,,,,,,,,,,,44,paper\main_text_experiments\runs\ratio_downstream_5k\ratio_0p0025_seed_44,0.0025,12,5000
hateful_memes,noise,market_coreset_select,44,12,0,0.0,-0.1564768105745315,0.1564768105745315,-2.654890158737544e-05,0.0040737949311733,1,baseline_feature,0,0,1,5000,28000,1000,1.0172555446624756,top_quantile,0.1463487999999415,0.5325939332844575,0.2924528301886792,0.4133333333333333,,,12.0,,0,,good_count,0.0,,,,,,,,,,,,,,,,,,,,44,paper\main_text_experiments\runs\ratio_downstream_5k\ratio_0p0025_seed_44,0.0025,12,5000
hateful_memes,noise,market_badge_select,44,12,0,0.0,-0.1039686873555183,0.1039686873555183,1.1165936484758276e-05,0.0010778366122394,1,baseline_model_based,1,0,1,5000,28000,1000,1.0172555446624756,top_quantile,0.1690478000000439,0.5470172745601173,0.3697478991596639,0.5866666666666667,,,12.0,,0,,good_count,0.0,,,,,,,,,,,,,,,,,,,,44,paper\main_text_experiments\runs\ratio_downstream_5k\ratio_0p0025_seed_44,0.0025,12,5000
hateful_memes,noise,market_kmeans_center_select,44,12,12,1.0,3.12650465965271,-3.12650465965271,0.0004752973618451,0.0323368720710277,0,baseline_feature,0,0,1,5000,28000,1000,1.0172555446624756,top_quantile,0.1706827999996676,0.5475016037390029,0.3697478991596639,0.5866666666666667,,4.0,,,0,,good_count,12.0,8.0,,,,,,,,,,,,,,,,,,,44,paper\main_text_experiments\runs\ratio_downstream_5k\ratio_0p0025_seed_44,0.0025,12,5000
hateful_memes,noise,market_typiclust_select,44,12,9,0.75,1.8732681274414065,-1.8732681274414065,0.0003447830677032,0.0144563950598239,1,baseline_feature,0,0,1,5000,28000,1000,1.0172555446624756,top_quantile,0.1660007999998924,0.5420175036656891,0.3697478991596639,0.5866666666666667,,4.0,,3.0,0,,good_count,9.0,5.0,,,,,,,,,,,,,,,,,,,44,paper\main_text_experiments\runs\ratio_downstream_5k\ratio_0p0025_seed_44,0.0025,12,5000
hateful_memes,noise,ours_kernel_ridge_student,44,12,12,1.0,3.262666702270508,-3.262666702270508,0.0005167772178538,0.0311089772731065,0,online_student,0,0,1,5000,28000,1000,1.0172555446624756,top_quantile,0.1599043999999594,0.5230028867302052,0.3697478991596639,0.5866666666666667,,5.0,,2.0,1,ours_student_row_ctpt,good_count,12.0,5.0,10000.0,64.0,4.0,92931.597765,53.80301340178943,53.80903000000001,107.61806,92931.597765,92931.597765,705941.0,192.0,0.0,192.0,192.0,10000.0,1.0,,,44,paper\main_text_experiments\runs\ratio_downstream_5k\ratio_0p0025_seed_44,0.0025,12,5000
hateful_memes,noise,ours_sample_package_krr,44,12,12,1.0,3.262666702270508,-3.262666702270508,0.0005167772178538,0.0311089772731065,0,online_student,0,1,4,1250,28000,1000,1.0172555446624756,top_quantile,0.1793569000001298,0.5176189057917888,0.3697478991596639,0.5866666666666667,,5.0,,2.0,1,ours_student_pkg_ctpt,good_count,12.0,5.0,10000.0,64.0,4.0,1786105.677236,2.799386432575201,2.80927,5.61854,1786105.677236,446526.419309,235320.0,10.0,0.0,10.0,10.0,2500.0,4.0,,,44,paper\main_text_experiments\runs\ratio_downstream_5k\ratio_0p0025_seed_44,0.0025,12,5000
hateful_memes,coreset_far_wrong,market_random_select,44,12,2,0.1666666666666666,-0.1812403947114944,0.1812403947114944,-5.023181438446045e-05,0.0061714998446404,1,baseline_feature,0,0,1,5000,28000,1000,1.0172555446624756,top_quantile,0.1728398999998717,0.5476681634897361,0.3697478991596639,0.5866666666666667,7.0,,2.0,2.0,0,,good_count,2.0,1.0,,,,,,,,,,,,,,,,,,,44,paper\main_text_experiments\runs\ratio_downstream_5k\ratio_0p0025_seed_44,0.0025,12,5000
hateful_memes,coreset_far_wrong,market_cosine_select,44,12,0,0.0,-1.5679001808166504,1.5679001808166504,-0.0001959353685379,-0.0134622752666473,1,baseline_feature,0,0,1,5000,28000,1000,1.0172555446624756,top_quantile,0.2471920999996655,0.5555590175953079,0.3697478991596639,0.5866666666666667,,,,12.0,0,,good_count,0.0,,,,,,,,,,,,,,,,,,,,44,paper\main_text_experiments\runs\ratio_downstream_5k\ratio_0p0025_seed_44,0.0025,12,5000
hateful_memes,coreset_far_wrong,market_coreset_select,44,12,0,0.0,-1.0497616529464722,1.0497616529464722,-0.0003120452165603,0.0136821428313851,1,baseline_feature,0,0,1,5000,28000,1000,1.0172555446624756,top_quantile,0.1746133000001464,0.5450277217741935,0.2924528301886792,0.4133333333333333,,,12.0,,0,,good_count,0.0,,,,,,,,,,,,,,,,,,,,44,paper\main_text_experiments\runs\ratio_downstream_5k\ratio_0p0025_seed_44,0.0025,12,5000
hateful_memes,coreset_far_wrong,market_badge_select,44,12,0,0.0,-0.8936784863471985,0.8936784863471985,-0.0002759198250714,0.0136012779548764,1,baseline_model_based,1,0,1,5000,28000,1000,1.0172555446624756,top_quantile,0.1167832000000999,0.4780397727272727,0.3697478991596639,0.5866666666666667,,,12.0,,0,,good_count,0.0,,,,,,,,,,,,,,,,,,,,44,paper\main_text_experiments\runs\ratio_downstream_5k\ratio_0p0025_seed_44,0.0025,12,5000
hateful_memes,coreset_far_wrong,market_kmeans_center_select,44,12,12,1.0,3.12650465965271,-3.12650465965271,0.0004752973618451,0.0323368720710277,0,baseline_feature,0,0,1,5000,28000,1000,1.0172555446624756,top_quantile,0.1638997000000017,0.5475016037390029,0.3697478991596639,0.5866666666666667,,4.0,,,0,,good_count,12.0,8.0,,,,,,,,,,,,,,,,,,,44,paper\main_text_experiments\runs\ratio_downstream_5k\ratio_0p0025_seed_44,0.0025,12,5000
hateful_memes,coreset_far_wrong,market_typiclust_select,44,12,9,0.75,1.8732681274414065,-1.8732681274414065,0.0003447830677032,0.0144563950598239,1,baseline_feature,0,0,1,5000,28000,1000,1.0172555446624756,top_quantile,0.1360944999996718,0.5420175036656891,0.3697478991596639,0.5866666666666667,,4.0,,3.0,0,,good_count,9.0,5.0,,,,,,,,,,,,,,,,,,,44,paper\main_text_experiments\runs\ratio_downstream_5k\ratio_0p0025_seed_44,0.0025,12,5000
hateful_memes,coreset_far_wrong,ours_kernel_ridge_student,44,12,12,1.0,3.262666702270508,-3.262666702270508,0.0005167772178538,0.0311089772731065,0,online_student,0,0,1,5000,28000,1000,1.0172555446624756,top_quantile,0.1339004999999815,0.5230028867302052,0.3697478991596639,0.5866666666666667,,5.0,,2.0,1,ours_student_row_ctpt,good_count,12.0,5.0,10000.0,64.0,4.0,92931.597765,53.80301340178943,53.80903000000001,107.61806,92931.597765,92931.597765,705941.0,192.0,0.0,192.0,192.0,10000.0,1.0,,,44,paper\main_text_experiments\runs\ratio_downstream_5k\ratio_0p0025_seed_44,0.0025,12,5000
hateful_memes,coreset_far_wrong,ours_sample_package_krr,44,12,12,1.0,3.262666702270508,-3.262666702270508,0.0005167772178538,0.0311089772731065,0,online_student,0,1,4,1250,28000,1000,1.0172555446624756,top_quantile,0.1362300999999206,0.5176189057917888,0.3697478991596639,0.5866666666666667,,5.0,,2.0,1,ours_student_pkg_ctpt,good_count,12.0,5.0,10000.0,64.0,4.0,1786105.677236,2.799386432575201,2.80927,5.61854,1786105.677236,446526.419309,235320.0,10.0,0.0,10.0,10.0,2500.0,4.0,,,44,paper\main_text_experiments\runs\ratio_downstream_5k\ratio_0p0025_seed_44,0.0025,12,5000
hateful_memes,typiclust_dense,market_random_select,44,12,2,0.1666666666666666,0.5122556686401367,-0.5122556686401367,9.374817454954608e-05,0.0077319350093603,1,baseline_feature,0,0,1,5000,28000,1000,1.0172555446624756,top_quantile,0.1396387999998296,0.5437218200146627,0.3697478991596639,0.5866666666666667,,2.0,,1.0,0,,good_count,2.0,8.0,,,,,,,,,,,,,,,,,1.0,,44,paper\main_text_experiments\runs\ratio_downstream_5k\ratio_0p0025_seed_44,0.0025,12,5000
hateful_memes,typiclust_dense,market_cosine_select,44,12,9,0.75,1.6926590204238892,-1.6926590204238892,0.0003520200552884,0.0088545894250273,1,baseline_feature,0,0,1,5000,28000,1000,1.0172555446624756,top_quantile,0.141038700000081,0.5467945839442816,0.3697478991596639,0.5866666666666667,,,,,0,,good_count,9.0,,,,,,,,,,,,,,,,,,3.0,9.0,44,paper\main_text_experiments\runs\ratio_downstream_5k\ratio_0p0025_seed_44,0.0025,12,5000
hateful_memes,typiclust_dense,market_coreset_select,44,12,12,1.0,2.651160478591919,-2.651160478591919,0.0008184611797332,-0.0200494192540645,0,baseline_feature,0,0,1,5000,28000,1000,1.0172555446624756,top_quantile,0.1443540000000212,0.5460910007331379,0.2924528301886792,0.4133333333333333,,,12.0,,0,,good_count,12.0,,,,,,,,,,,,,,,,,,,,44,paper\main_text_experiments\runs\ratio_downstream_5k\ratio_0p0025_seed_44,0.0025,12,5000
hateful_memes,typiclust_dense,market_badge_select,44,12,12,1.0,2.651160478591919,-2.651160478591919,0.0008184611797332,-0.0200494192540645,0,baseline_model_based,1,0,1,5000,28000,1000,1.0172555446624756,top_quantile,0.1355576000000837,0.5364232038123167,0.3697478991596639,0.5866666666666667,,,12.0,,0,,good_count,12.0,,,,,,,,,,,,,,,,,,,,44,paper\main_text_experiments\runs\ratio_downstream_5k\ratio_0p0025_seed_44,0.0025,12,5000
hateful_memes,typiclust_dense,market_kmeans_center_select,44,12,0,0.0,-1.4981287717819214,1.4981287717819214,-5.499522012542002e-05,-0.0279917195439338,1,baseline_feature,0,0,1,5000,28000,1000,1.0172555446624756,top_quantile,0.1199013999998896,0.540922379032258,0.3697478991596639,0.5866666666666667,,4.0,,,0,,good_count,0.0,8.0,,,,,,,,,,,,,,,,,,,44,paper\main_text_experiments\runs\ratio_downstream_5k\ratio_0p0025_seed_44,0.0025,12,5000
hateful_memes,typiclust_dense,market_typiclust_select,44,12,0,0.0,-2.037708044052124,2.037708044052124,-9.114047134062277e-05,-0.038018450140953,1,baseline_feature,0,0,1,5000,28000,1000,1.0172555446624756,top_quantile,0.1419689999997899,0.540387646627566,0.3697478991596639,0.5866666666666667,,5.0,,,0,,good_count,0.0,7.0,,,,,,,,,,,,,,,,,,,44,paper\main_text_experiments\runs\ratio_downstream_5k\ratio_0p0025_seed_44,0.0025,12,5000
hateful_memes,typiclust_dense,ours_kernel_ridge_student,44,12,8,0.6666666666666666,2.891407012939453,-2.891407012939453,0.000436400383478,0.0306566227227449,1,online_student,0,0,1,5000,28000,1000,1.0172555446624756,top_quantile,0.1210102000000006,0.5211249083577713,0.3697478991596639,0.5866666666666667,,3.0,,3.0,1,ours_student_row_ctpt,good_count,8.0,6.0,10000.0,64.0,4.0,92931.597765,53.80301340178943,53.80903000000001,107.61806,92931.597765,92931.597765,705941.0,192.0,0.0,192.0,192.0,10000.0,1.0,,,44,paper\main_text_experiments\runs\ratio_downstream_5k\ratio_0p0025_seed_44,0.0025,12,5000
hateful_memes,typiclust_dense,ours_sample_package_krr,44,12,8,0.6666666666666666,2.891407012939453,-2.891407012939453,0.000436400383478,0.0306566227227449,1,online_student,0,1,4,1250,28000,1000,1.0172555446624756,top_quantile,0.1410989000000881,0.5172182001466276,0.3697478991596639,0.5866666666666667,,3.0,,3.0,1,ours_student_pkg_ctpt,good_count,8.0,6.0,10000.0,64.0,4.0,1786105.677236,2.799386432575201,2.80927,5.61854,1786105.677236,446526.419309,235320.0,10.0,0.0,10.0,10.0,2500.0,4.0,,,44,paper\main_text_experiments\runs\ratio_downstream_5k\ratio_0p0025_seed_44,0.0025,12,5000
hateful_memes,kmeans_center,market_random_select,44,12,2,0.1666666666666666,0.5049630999565125,-0.5049630999565125,0.0001400411128997,0.0021632211282849,1,baseline_feature,0,0,1,5000,28000,1000,1.0172555446624756,top_quantile,0.2105097999997269,0.5447358412756598,0.3697478991596639,0.5866666666666667,1.0,8.0,,1.0,0,,good_count,2.0,2.0,,,,,,,,,,,,,,,,,,,44,paper\main_text_experiments\runs\ratio_downstream_5k\ratio_0p0025_seed_44,0.0025,12,5000
hateful_memes,kmeans_center,market_cosine_select,44,12,12,1.0,2.7600176334381104,-2.7600176334381104,0.000535647093784,0.0156663656234741,0,baseline_feature,0,0,1,5000,28000,1000,1.0172555446624756,top_quantile,0.1902061999999205,0.5518841642228739,0.3697478991596639,0.5866666666666667,,,,,0,,good_count,12.0,,,,,,,,,,,,,,,,,,4.0,8.0,44,paper\main_text_experiments\runs\ratio_downstream_5k\ratio_0p0025_seed_44,0.0025,12,5000
hateful_memes,kmeans_center,market_coreset_select,44,12,12,1.0,2.651160478591919,-2.651160478591919,0.0008184611797332,-0.0200494192540645,0,baseline_feature,0,0,1,5000,28000,1000,1.0172555446624756,top_quantile,0.1429574999997385,0.5460910007331379,0.2924528301886792,0.4133333333333333,,,12.0,,0,,good_count,12.0,,,,,,,,,,,,,,,,,,,,44,paper\main_text_experiments\runs\ratio_downstream_5k\ratio_0p0025_seed_44,0.0025,12,5000
hateful_memes,kmeans_center,market_badge_select,44,12,12,1.0,2.651160478591919,-2.651160478591919,0.0008184611797332,-0.0200494192540645,0,baseline_model_based,1,0,1,5000,28000,1000,1.0172555446624756,top_quantile,0.1623890999999275,0.5364232038123167,0.3697478991596639,0.5866666666666667,,,12.0,,0,,good_count,12.0,,,,,,,,,,,,,,,,,,,,44,paper\main_text_experiments\runs\ratio_downstream_5k\ratio_0p0025_seed_44,0.0025,12,5000
hateful_memes,kmeans_center,market_kmeans_center_select,44,12,0,0.0,-1.5598856210708618,1.5598856210708618,-6.793936336180195e-05,-0.0281164515763521,1,baseline_feature,0,0,1,5000,28000,1000,1.0172555446624756,top_quantile,0.222157100000004,0.5403111253665689,0.3697478991596639,0.5866666666666667,,5.0,,,0,,good_count,0.0,7.0,,,,,,,,,,,,,,,,,,,44,paper\main_text_experiments\runs\ratio_downstream_5k\ratio_0p0025_seed_44,0.0025,12,5000
hateful_memes,kmeans_center,market_typiclust_select,44,12,0,0.0,-2.1041738986968994,2.1041738986968994,-0.0001044521704898,-0.0382246412336826,1,baseline_feature,0,0,1,5000,28000,1000,1.0172555446624756,top_quantile,0.1639322999999422,0.5408738086510264,0.3697478991596639,0.5866666666666667,,7.0,,,0,,good_count,0.0,5.0,,,,,,,,,,,,,,,,,,,44,paper\main_text_experiments\runs\ratio_downstream_5k\ratio_0p0025_seed_44,0.0025,12,5000
hateful_memes,kmeans_center,ours_kernel_ridge_student,44,12,8,0.6666666666666666,2.845709562301636,-2.845709562301636,0.0004256466927472,0.0307008456438779,1,online_student,0,0,1,5000,28000,1000,1.0172555446624756,top_quantile,0.1452125000000705,0.5209693456744868,0.3697478991596639,0.5866666666666667,,7.0,,2.0,1,ours_student_row_ctpt,good_count,8.0,3.0,10000.0,64.0,4.0,92931.597765,53.80301340178943,53.80903000000001,107.61806,92931.597765,92931.597765,705941.0,192.0,0.0,192.0,192.0,10000.0,1.0,,,44,paper\main_text_experiments\runs\ratio_downstream_5k\ratio_0p0025_seed_44,0.0025,12,5000
hateful_memes,kmeans_center,ours_sample_package_krr,44,12,8,0.6666666666666666,2.845709562301636,-2.845709562301636,0.0004256466927472,0.0307008456438779,1,online_student,0,1,4,1250,28000,1000,1.0172555446624756,top_quantile,0.1659206999997877,0.5187449596774194,0.3697478991596639,0.5866666666666667,,7.0,,2.0,1,ours_student_pkg_ctpt,good_count,8.0,3.0,10000.0,64.0,4.0,1786105.677236,2.799386432575201,2.80927,5.61854,1786105.677236,446526.419309,235320.0,10.0,0.0,10.0,10.0,2500.0,4.0,,,44,paper\main_text_experiments\runs\ratio_downstream_5k\ratio_0p0025_seed_44,0.0025,12,5000
hateful_memes,uncertainty_badge,market_random_select,44,12,2,0.1666666666666666,0.497978538274765,-0.497978538274765,0.0001020729541778,0.006388712208718,1,baseline_feature,0,0,1,5000,28000,1000,1.0172555446624756,top_quantile,0.1705523999999059,0.5451551044721408,0.3697478991596639,0.5866666666666667,2.0,1.0,,8.0,0,,good_count,2.0,,,,,,,,,,,,,,,,,,1.0,,44,paper\main_text_experiments\runs\ratio_downstream_5k\ratio_0p0025_seed_44,0.0025,12,5000
hateful_memes,uncertainty_badge,market_cosine_select,44,12,0,0.0,-1.7361750602722168,1.7361750602722168,-0.000243683651206,-0.0123529285192489,1,baseline_feature,0,0,1,5000,28000,1000,1.0172555446624756,top_quantile,0.1700590999998894,0.5531123991935484,0.3697478991596639,0.5866666666666667,,,,,0,,good_count,0.0,,,,,,,,,,,,,,,,,,12.0,,44,paper\main_text_experiments\runs\ratio_downstream_5k\ratio_0p0025_seed_44,0.0025,12,5000
hateful_memes,uncertainty_badge,market_coreset_select,44,12,0,0.0,-0.814481258392334,0.814481258392334,1.5993913393685943e-06,-0.0165419764816761,1,baseline_feature,0,0,1,5000,28000,1000,1.0172555446624756,top_quantile,0.1313576000002285,0.522212930718475,0.2924528301886792,0.4133333333333333,8.0,,,,0,,good_count,0.0,,,,,,,,,,,,,,,,,,4.0,,44,paper\main_text_experiments\runs\ratio_downstream_5k\ratio_0p0025_seed_44,0.0025,12,5000
hateful_memes,uncertainty_badge,market_badge_select,44,12,0,0.0,-0.7822932600975037,0.7822932600975037,4.325310510466807e-05,-0.0205310843884944,1,baseline_model_based,1,0,1,5000,28000,1000,1.0172555446624756,top_quantile,0.1870300999999017,0.5501026392961876,0.3697478991596639,0.5866666666666667,5.0,,,,0,,good_count,0.0,,,,,,,,,,,,,,,,,,7.0,,44,paper\main_text_experiments\runs\ratio_downstream_5k\ratio_0p0025_seed_44,0.0025,12,5000
hateful_memes,uncertainty_badge,market_kmeans_center_select,44,12,10,0.8333333333333334,2.3379828929901123,-2.3379828929901123,0.000399569660658,0.0203445125371217,0,baseline_feature,0,0,1,5000,28000,1000,1.0172555446624756,top_quantile,0.1374123999999028,0.536104288856305,0.3697478991596639,0.5866666666666667,,4.0,,2.0,0,,good_count,10.0,6.0,,,,,,,,,,,,,,,,,,,44,paper\main_text_experiments\runs\ratio_downstream_5k\ratio_0p0025_seed_44,0.0025,12,5000
hateful_memes,uncertainty_badge,market_typiclust_select,44,12,0,0.0,-1.9696260690689087,1.9696260690689087,-0.0001752922980813,-0.0264502596110105,1,baseline_feature,0,0,1,5000,28000,1000,1.0172555446624756,top_quantile,0.1398498000003201,0.5426166147360704,0.3697478991596639,0.5866666666666667,,,,6.0,0,,good_count,0.0,,,,,,,,,,,,,,,,,,6.0,,44,paper\main_text_experiments\runs\ratio_downstream_5k\ratio_0p0025_seed_44,0.0025,12,5000
hateful_memes,uncertainty_badge,ours_kernel_ridge_student,44,12,9,0.75,2.984736442565918,-2.984736442565918,0.0004549473524093,0.0309629738330841,1,online_student,0,0,1,5000,28000,1000,1.0172555446624756,top_quantile,0.1158726000003298,0.520996151026393,0.3697478991596639,0.5866666666666667,,4.0,,5.0,1,ours_student_row_ctpt,good_count,9.0,3.0,10000.0,64.0,4.0,92931.597765,53.80301340178943,53.80903000000001,107.61806,92931.597765,92931.597765,705941.0,192.0,0.0,192.0,192.0,10000.0,1.0,,,44,paper\main_text_experiments\runs\ratio_downstream_5k\ratio_0p0025_seed_44,0.0025,12,5000
hateful_memes,uncertainty_badge,ours_sample_package_krr,44,12,9,0.75,2.984736442565918,-2.984736442565918,0.0004549473524093,0.0309629738330841,1,online_student,0,1,4,1250,28000,1000,1.0172555446624756,top_quantile,0.1612506999999823,0.5179621059384165,0.3697478991596639,0.5866666666666667,,4.0,,5.0,1,ours_student_pkg_ctpt,good_count,9.0,3.0,10000.0,64.0,4.0,1786105.677236,2.799386432575201,2.80927,5.61854,1786105.677236,446526.419309,235320.0,10.0,0.0,10.0,10.0,2500.0,4.0,,,44,paper\main_text_experiments\runs\ratio_downstream_5k\ratio_0p0025_seed_44,0.0025,12,5000
hateful_memes,cosine,market_random_select,44,12,2,0.1666666666666666,-0.1694399863481521,0.1694399863481521,3.958741945098154e-05,-0.0039490214549005,1,baseline_feature,0,0,1,5000,28000,1000,1.0172555446624756,top_quantile,0.1547120999998696,0.5498015945747801,0.3697478991596639,0.5866666666666667,1.0,,,2.0,0,,good_count,2.0,2.0,,,,,,,,,,,,,,,,,7.0,,44,paper\main_text_experiments\runs\ratio_downstream_5k\ratio_0p0025_seed_44,0.0025,12,5000
hateful_memes,cosine,market_cosine_select,44,12,0,0.0,-0.7915863990783691,0.7915863990783691,-0.0001606345176696,0.0029034418985247,1,baseline_feature,0,0,1,5000,28000,1000,1.0172555446624756,top_quantile,0.1430832000000919,0.5503021902492669,0.3697478991596639,0.5866666666666667,,,,,0,,good_count,0.0,,,,,,,,,,,,,,,,,,12.0,,44,paper\main_text_experiments\runs\ratio_downstream_5k\ratio_0p0025_seed_44,0.0025,12,5000
hateful_memes,cosine,market_coreset_select,44,12,12,1.0,2.8271429538726807,-2.8271429538726807,0.0008531908388249,-0.0194435827434062,0,baseline_feature,0,0,1,5000,28000,1000,1.0172555446624756,top_quantile,0.1464371000001847,0.5457024376832844,0.2924528301886792,0.4133333333333333,,,12.0,,0,,good_count,12.0,,,,,,,,,,,,,,,,,,,,44,paper\main_text_experiments\runs\ratio_downstream_5k\ratio_0p0025_seed_44,0.0025,12,5000
hateful_memes,cosine,market_badge_select,44,12,12,1.0,2.905001401901245,-2.905001401901245,0.0008743206853978,-0.0198450684547424,0,baseline_model_based,1,0,1,5000,28000,1000,1.0172555446624756,top_quantile,0.0925188000001071,0.4761922653958944,0.3697478991596639,0.5866666666666667,,,12.0,,0,,good_count,12.0,,,,,,,,,,,,,,,,,,,,44,paper\main_text_experiments\runs\ratio_downstream_5k\ratio_0p0025_seed_44,0.0025,12,5000
hateful_memes,cosine,market_kmeans_center_select,44,12,0,0.0,-2.4901773929595947,2.4901773929595947,-0.0001796086580725,-0.0396719761192798,1,baseline_feature,0,0,1,5000,28000,1000,1.0172555446624756,top_quantile,0.1423887999999351,0.5513228555718476,0.3697478991596639,0.5866666666666667,,,,,0,,good_count,0.0,12.0,,,,,,,,,,,,,,,,,,,44,paper\main_text_experiments\runs\ratio_downstream_5k\ratio_0p0025_seed_44,0.0025,12,5000
hateful_memes,cosine,market_typiclust_select,44,12,0,0.0,-1.9846612215042116,1.9846612215042116,-0.0001610169856576,-0.0285045504570007,1,baseline_feature,0,0,1,5000,28000,1000,1.0172555446624756,top_quantile,0.1460538000001179,0.5431293530058652,0.3697478991596639,0.5866666666666667,,,,,0,,good_count,0.0,7.0,,,,,,,,,,,,,,,,,5.0,,44,paper\main_text_experiments\runs\ratio_downstream_5k\ratio_0p0025_seed_44,0.0025,12,5000
hateful_memes,cosine,ours_kernel_ridge_student,44,12,11,0.9166666666666666,2.7963297367095947,-2.7963297367095947,0.0004617373051587,0.0252075176686048,0,online_student,0,0,1,5000,28000,1000,1.0172555446624756,top_quantile,0.0906463999999687,0.5170019244868036,0.3697478991596639,0.5866666666666667,,5.0,,2.0,1,ours_student_row_ctpt,good_count,11.0,5.0,10000.0,64.0,4.0,92931.597765,53.80301340178943,53.80903000000001,107.61806,92931.597765,92931.597765,705941.0,192.0,0.0,192.0,192.0,10000.0,1.0,,,44,paper\main_text_experiments\runs\ratio_downstream_5k\ratio_0p0025_seed_44,0.0025,12,5000
hateful_memes,cosine,ours_sample_package_krr,44,12,11,0.9166666666666666,2.7963297367095947,-2.7963297367095947,0.0004617373051587,0.0252075176686048,0,online_student,0,1,4,1250,28000,1000,1.0172555446624756,top_quantile,0.221474599999965,0.506842008797654,0.3697478991596639,0.5866666666666667,,5.0,,2.0,1,ours_student_pkg_ctpt,good_count,11.0,5.0,10000.0,64.0,4.0,1786105.677236,2.799386432575201,2.80927,5.61854,1786105.677236,446526.419309,235320.0,10.0,0.0,10.0,10.0,2500.0,4.0,,,44,paper\main_text_experiments\runs\ratio_downstream_5k\ratio_0p0025_seed_44,0.0025,12,5000
hateful_memes,all_average,market_random_select,44,12,2,0.1666666666666666,-1.4148106575012207,1.4148106575012207,-0.0001527021377114,-0.0144475661218166,1,baseline_feature,0,0,1,5000,28000,1000,1.0172555446624756,top_quantile,0.2025094999999055,0.5499193548387097,0.3697478991596639,0.5866666666666667,1.0,1.0,1.0,2.0,0,,good_count,2.0,4.0,,,,,,,,,,,,,,,,,3.0,,44,paper\main_text_experiments\runs\ratio_downstream_5k\ratio_0p0025_seed_44,0.0025,12,5000
hateful_memes,all_average,market_cosine_select,44,12,0,0.0,-1.515759825706482,1.515759825706482,-0.0001427382230758,-0.0182660389691591,1,baseline_feature,0,0,1,5000,28000,1000,1.0172555446624756,top_quantile,0.1866758000001027,0.5628729838709678,0.2924528301886792,0.4133333333333333,,,,,0,,good_count,0.0,,,,,,,,,,,,,,,,,,12.0,,44,paper\main_text_experiments\runs\ratio_downstream_5k\ratio_0p0025_seed_44,0.0025,12,5000
hateful_memes,all_average,market_coreset_select,44,12,0,0.0,-1.2825279235839844,1.2825279235839844,-0.0003975431027356,0.0174755752086639,1,baseline_feature,0,0,1,5000,28000,1000,1.0172555446624756,top_quantile,0.1936208000001897,0.5219620601173021,0.2924528301886792,0.4133333333333333,,,12.0,,0,,good_count,0.0,,,,,,,,,,,,,,,,,,,,44,paper\main_text_experiments\runs\ratio_downstream_5k\ratio_0p0025_seed_44,0.0025,12,5000
hateful_memes,all_average,market_badge_select,44,12,0,0.0,-1.217544674873352,1.217544674873352,-0.0003848771157208,0.0177176687866449,1,baseline_model_based,1,0,1,5000,28000,1000,1.0172555446624756,top_quantile,0.2611580999996477,0.5366016770527859,0.3697478991596639,0.5866666666666667,,,12.0,,0,,good_count,0.0,,,,,,,,,,,,,,,,,,,,44,paper\main_text_experiments\runs\ratio_downstream_5k\ratio_0p0025_seed_44,0.0025,12,5000
hateful_memes,all_average,market_kmeans_center_select,44,12,0,0.0,-1.992763996124268,1.992763996124268,-0.0001140832901,-0.0341690443456172,1,baseline_feature,0,0,1,5000,28000,1000,1.0172555446624756,top_quantile,0.1726705000000947,0.5341628482404692,0.3697478991596639,0.5866666666666667,,5.0,,,0,,good_count,0.0,7.0,,,,,,,,,,,,,,,,,,,44,paper\main_text_experiments\runs\ratio_downstream_5k\ratio_0p0025_seed_44,0.0025,12,5000
hateful_memes,all_average,market_typiclust_select,44,12,0,0.0,-1.9985822439193728,1.9985822439193728,-8.225937926908955e-05,-0.038018450140953,1,baseline_feature,0,0,1,5000,28000,1000,1.0172555446624756,top_quantile,0.1632645999998203,0.540387646627566,0.3697478991596639,0.5866666666666667,,5.0,,,0,,good_count,0.0,7.0,,,,,,,,,,,,,,,,,,,44,paper\main_text_experiments\runs\ratio_downstream_5k\ratio_0p0025_seed_44,0.0025,12,5000
hateful_memes,all_average,ours_kernel_ridge_student,44,12,9,0.75,1.8666810989379885,-1.8666810989379885,0.0003552536072675,0.0130667015910148,1,online_student,0,0,1,5000,28000,1000,1.0172555446624756,top_quantile,0.0990882000000965,0.5120830278592375,0.3697478991596639,0.5866666666666667,,5.0,,1.0,1,ours_student_row_ctpt,good_count,9.0,6.0,10000.0,64.0,4.0,92931.597765,53.80301340178943,53.80903000000001,107.61806,92931.597765,92931.597765,705941.0,192.0,0.0,192.0,192.0,10000.0,1.0,,,44,paper\main_text_experiments\runs\ratio_downstream_5k\ratio_0p0025_seed_44,0.0025,12,5000
hateful_memes,all_average,ours_sample_package_krr,44,12,9,0.75,1.8666810989379885,-1.8666810989379885,0.0003552536072675,0.0130667015910148,1,online_student,0,1,4,1250,28000,1000,1.0172555446624756,top_quantile,0.1504800000002433,0.5133025568181818,0.3697478991596639,0.5866666666666667,,5.0,,1.0,1,ours_student_pkg_ctpt,good_count,9.0,6.0,10000.0,64.0,4.0,1786105.677236,2.799386432575201,2.80927,5.61854,1786105.677236,446526.419309,235320.0,10.0,0.0,10.0,10.0,2500.0,4.0,,,44,paper\main_text_experiments\runs\ratio_downstream_5k\ratio_0p0025_seed_44,0.0025,12,5000
hatespeech,noise,market_random_select,144,12,1,0.0833333333333333,-1.0955359935760498,1.0955359935760498,-3.324449062347412e-05,-0.0158586073666811,1,baseline_feature,0,0,1,5000,28000,1000,1.1208701133728027,top_quantile,0.3607061999996404,0.56373432,0.3333333333333333,0.5,1.0,,8.0,3.0,0,,good_count,1.0,,,,,,,,,,,,,,,,,,,,44,paper\main_text_experiments\runs\ratio_downstream_5k\ratio_0p0025_seed_44,0.0025,12,5000
hatespeech,noise,market_cosine_select,144,12,0,0.0,-0.9492502808570862,0.9492502808570862,-3.3487875043647364e-05,-0.007243987172842,1,baseline_feature,0,0,1,5000,28000,1000,1.1208701133728027,top_quantile,0.349197600000025,0.53750438,0.3333333333333333,0.5,,,,12.0,0,,good_count,0.0,,,,,,,,,,,,,,,,,,,,44,paper\main_text_experiments\runs\ratio_downstream_5k\ratio_0p0025_seed_44,0.0025,12,5000
hatespeech,noise,market_coreset_select,144,12,0,0.0,-0.853877067565918,0.853877067565918,-9.851654613157734e-05,0.022597961127758,1,baseline_feature,0,0,1,5000,28000,1000,1.1208701133728027,top_quantile,0.2741309000002729,0.5372829,0.3333333333333333,0.5,,,12.0,,0,,good_count,0.0,,,,,,,,,,,,,,,,,,,,44,paper\main_text_experiments\runs\ratio_downstream_5k\ratio_0p0025_seed_44,0.0025,12,5000
hatespeech,noise,market_badge_select,144,12,0,0.0,-0.947324275970459,0.947324275970459,-0.0001150369644165,0.0233225207775831,1,baseline_model_based,1,0,1,5000,28000,1000,1.1208701133728027,top_quantile,0.2158943999997973,0.55636944,0.3333333333333333,0.5,,,12.0,,0,,good_count,0.0,,,,,,,,,,,,,,,,,,,,44,paper\main_text_experiments\runs\ratio_downstream_5k\ratio_0p0025_seed_44,0.0025,12,5000
hatespeech,noise,market_kmeans_center_select,144,12,12,1.0,2.9523093700408936,-2.9523093700408936,0.000314712524414,0.0900563821196556,0,baseline_feature,0,0,1,5000,28000,1000,1.1208701133728027,top_quantile,0.2534596999998939,0.56258294,0.3333333333333333,0.5,,5.0,,,0,,good_count,12.0,7.0,,,,,,,,,,,,,,,,,,,44,paper\main_text_experiments\runs\ratio_downstream_5k\ratio_0p0025_seed_44,0.0025,12,5000
hatespeech,noise,market_typiclust_select,144,12,12,1.0,3.0761091709136963,-3.0761091709136963,0.0003381272254046,0.0885258018970489,0,baseline_feature,0,0,1,5000,28000,1000,1.1208701133728027,top_quantile,0.2976777000003494,0.56615572,0.3333333333333333,0.5,,6.0,,,0,,good_count,12.0,6.0,,,,,,,,,,,,,,,,,,,44,paper\main_text_experiments\runs\ratio_downstream_5k\ratio_0p0025_seed_44,0.0025,12,5000
hatespeech,noise,ours_kernel_ridge_student,144,12,12,1.0,3.4514143466949463,-3.4514143466949463,0.0003944387135561,0.0893645659089088,0,online_student,0,0,1,5000,28000,1000,1.1208701133728027,top_quantile,0.2335574000003362,0.52494916,0.3333333333333333,0.5,,5.0,,,1,ours_student_row_ctpt,good_count,12.0,7.0,10000.0,64.0,4.0,92931.597765,53.80301340178943,53.80903000000001,107.61806,92931.597765,92931.597765,705941.0,192.0,0.0,192.0,192.0,10000.0,1.0,,,44,paper\main_text_experiments\runs\ratio_downstream_5k\ratio_0p0025_seed_44,0.0025,12,5000
hatespeech,noise,ours_sample_package_krr,144,12,12,1.0,3.4514143466949463,-3.4514143466949463,0.0003944387135561,0.0893645659089088,0,online_student,0,1,4,1250,28000,1000,1.1208701133728027,top_quantile,0.1950041000000055,0.56296344,0.3333333333333333,0.5,,5.0,,,1,ours_student_pkg_ctpt,good_count,12.0,7.0,10000.0,64.0,4.0,1786105.677236,2.799386432575201,2.80927,5.61854,1786105.677236,446526.419309,235320.0,10.0,0.0,10.0,10.0,2500.0,4.0,,,44,paper\main_text_experiments\runs\ratio_downstream_5k\ratio_0p0025_seed_44,0.0025,12,5000
hatespeech,coreset_far_wrong,market_random_select,144,12,1,0.0833333333333333,-0.5907114744186401,0.5907114744186401,-7.054706657072529e-05,0.0274868924170732,1,baseline_feature,0,0,1,5000,28000,1000,1.1208701133728027,top_quantile,0.1918495999998413,0.56440144,0.3333333333333333,0.5,8.0,,1.0,3.0,0,,good_count,1.0,,,,,,,,,,,,,,,,,,,,44,paper\main_text_experiments\runs\ratio_downstream_5k\ratio_0p0025_seed_44,0.0025,12,5000
hatespeech,coreset_far_wrong,market_cosine_select,144,12,0,0.0,-0.9492502808570862,0.9492502808570862,-3.3487875043647364e-05,-0.007243987172842,1,baseline_feature,0,0,1,5000,28000,1000,1.1208701133728027,top_quantile,0.1880285000002004,0.53750438,0.3333333333333333,0.5,,,,12.0,0,,good_count,0.0,,,,,,,,,,,,,,,,,,,,44,paper\main_text_experiments\runs\ratio_downstream_5k\ratio_0p0025_seed_44,0.0025,12,5000
hatespeech,coreset_far_wrong,market_coreset_select,144,12,0,0.0,-2.461210966110229,2.461210966110229,-0.0004020184278488,0.0422842651605606,1,baseline_feature,0,0,1,5000,28000,1000,1.1208701133728027,top_quantile,0.2018857000002754,0.53511436,0.3333333333333333,0.5,,,12.0,,0,,good_count,0.0,,,,,,,,,,,,,,,,,,,,44,paper\main_text_experiments\runs\ratio_downstream_5k\ratio_0p0025_seed_44,0.0025,12,5000
hatespeech,coreset_far_wrong,market_badge_select,144,12,0,0.0,-2.107276439666748,2.107276439666748,-0.0003487219510134,0.0430037975311279,1,baseline_model_based,1,0,1,5000,28000,1000,1.1208701133728027,top_quantile,0.1454398999999284,0.5076495599999999,0.3333333333333333,0.5,,,12.0,,0,,good_count,0.0,,,,,,,,,,,,,,,,,,,,44,paper\main_text_experiments\runs\ratio_downstream_5k\ratio_0p0025_seed_44,0.0025,12,5000
hatespeech,coreset_far_wrong,market_kmeans_center_select,144,12,12,1.0,2.9523093700408936,-2.9523093700408936,0.000314712524414,0.0900563821196556,0,baseline_feature,0,0,1,5000,28000,1000,1.1208701133728027,top_quantile,0.1945065999998405,0.56258294,0.3333333333333333,0.5,,5.0,,,0,,good_count,12.0,7.0,,,,,,,,,,,,,,,,,,,44,paper\main_text_experiments\runs\ratio_downstream_5k\ratio_0p0025_seed_44,0.0025,12,5000
hatespeech,coreset_far_wrong,market_typiclust_select,144,12,12,1.0,3.0761091709136963,-3.0761091709136963,0.0003381272254046,0.0885258018970489,0,baseline_feature,0,0,1,5000,28000,1000,1.1208701133728027,top_quantile,0.2008181000001059,0.56615572,0.3333333333333333,0.5,,6.0,,,0,,good_count,12.0,6.0,,,,,,,,,,,,,,,,,,,44,paper\main_text_experiments\runs\ratio_downstream_5k\ratio_0p0025_seed_44,0.0025,12,5000
hatespeech,coreset_far_wrong,ours_kernel_ridge_student,144,12,12,1.0,3.4514143466949463,-3.4514143466949463,0.0003944387135561,0.0893645659089088,0,online_student,0,0,1,5000,28000,1000,1.1208701133728027,top_quantile,0.1763740000001235,0.52494916,0.3333333333333333,0.5,,5.0,,,1,ours_student_row_ctpt,good_count,12.0,7.0,10000.0,64.0,4.0,92931.597765,53.80301340178943,53.80903000000001,107.61806,92931.597765,92931.597765,705941.0,192.0,0.0,192.0,192.0,10000.0,1.0,,,44,paper\main_text_experiments\runs\ratio_downstream_5k\ratio_0p0025_seed_44,0.0025,12,5000
hatespeech,coreset_far_wrong,ours_sample_package_krr,144,12,12,1.0,3.4514143466949463,-3.4514143466949463,0.0003944387135561,0.0893645659089088,0,online_student,0,1,4,1250,28000,1000,1.1208701133728027,top_quantile,0.2613640999998097,0.56296344,0.3333333333333333,0.5,,5.0,,,1,ours_student_pkg_ctpt,good_count,12.0,7.0,10000.0,64.0,4.0,1786105.677236,2.799386432575201,2.80927,5.61854,1786105.677236,446526.419309,235320.0,10.0,0.0,10.0,10.0,2500.0,4.0,,,44,paper\main_text_experiments\runs\ratio_downstream_5k\ratio_0p0025_seed_44,0.0025,12,5000
hatespeech,typiclust_dense,market_random_select,144,12,1,0.0833333333333333,0.4711767137050628,-0.4711767137050628,3.349781036376953e-05,0.0505053885281086,1,baseline_feature,0,0,1,5000,28000,1000,1.1208701133728027,top_quantile,0.1918702000002667,0.54022802,0.3333333333333333,0.5,,2.0,,,0,,good_count,1.0,8.0,,,,,,,,,,,,,,,,,2.0,,44,paper\main_text_experiments\runs\ratio_downstream_5k\ratio_0p0025_seed_44,0.0025,12,5000
hatespeech,typiclust_dense,market_cosine_select,144,12,3,0.25,-0.4010102748870849,0.4010102748870849,0.0001069953068508,-0.0277623627334833,1,baseline_feature,0,0,1,5000,28000,1000,1.1208701133728027,top_quantile,0.2679084999999759,0.5419912,0.3333333333333333,0.5,,,,,0,,good_count,3.0,,,,,,,,,,,,,,,,,,9.0,3.0,44,paper\main_text_experiments\runs\ratio_downstream_5k\ratio_0p0025_seed_44,0.0025,12,5000
hatespeech,typiclust_dense,market_coreset_select,144,12,12,1.0,3.2669718265533447,-3.2669718265533447,0.000754574954044,-0.0558743365108966,0,baseline_feature,0,0,1,5000,28000,1000,1.1208701133728027,top_quantile,0.2446399999998902,0.5278386199999999,0.3333333333333333,0.5,,,12.0,,0,,good_count,12.0,,,,,,,,,,,,,,,,,,,,44,paper\main_text_experiments\runs\ratio_downstream_5k\ratio_0p0025_seed_44,0.0025,12,5000
hatespeech,typiclust_dense,market_badge_select,144,12,12,1.0,2.9534006118774414,-2.9534006118774414,0.0007116248016245,-0.0581058152019977,0,baseline_model_based,1,0,1,5000,28000,1000,1.1208701133728027,top_quantile,0.2071944999997867,0.54569272,0.3333333333333333,0.5,,,12.0,,0,,good_count,12.0,,,,,,,,,,,,,,,,,,,,44,paper\main_text_experiments\runs\ratio_downstream_5k\ratio_0p0025_seed_44,0.0025,12,5000
hatespeech,typiclust_dense,market_kmeans_center_select,144,12,2,0.1666666666666666,2.0302748680114746,-2.0302748680114746,0.0002125104219885,0.074498675763607,1,baseline_feature,0,0,1,5000,28000,1000,1.1208701133728027,top_quantile,0.2626656000002185,0.5660803200000001,0.3333333333333333,0.5,,1.0,,,0,,good_count,2.0,11.0,,,,,,,,,,,,,,,,,,,44,paper\main_text_experiments\runs\ratio_downstream_5k\ratio_0p0025_seed_44,0.0025,12,5000
hatespeech,typiclust_dense,market_typiclust_select,144,12,0,0.0,1.1161798238754272,-1.1161798238754272,4.1678547859191895e-05,0.0850331708788871,1,baseline_feature,0,0,1,5000,28000,1000,1.1208701133728027,top_quantile,0.2386802999999417,0.56671448,0.3333333333333333,0.5,,,,,0,,good_count,0.0,12.0,,,,,,,,,,,,,,,,,,,44,paper\main_text_experiments\runs\ratio_downstream_5k\ratio_0p0025_seed_44,0.0025,12,5000
hatespeech,typiclust_dense,ours_kernel_ridge_student,144,12,5,0.4166666666666667,2.351519823074341,-2.351519823074341,0.0002665122447069,0.0730500668287277,1,online_student,0,0,1,5000,28000,1000,1.1208701133728027,top_quantile,0.2297174000000268,0.54327612,0.3333333333333333,0.5,,2.0,,,1,ours_student_row_ctpt,good_count,5.0,10.0,10000.0,64.0,4.0,92931.597765,53.80301340178943,53.80903000000001,107.61806,92931.597765,92931.597765,705941.0,192.0,0.0,192.0,192.0,10000.0,1.0,,,44,paper\main_text_experiments\runs\ratio_downstream_5k\ratio_0p0025_seed_44,0.0025,12,5000
hatespeech,typiclust_dense,ours_sample_package_krr,144,12,5,0.4166666666666667,2.351519823074341,-2.351519823074341,0.0002665122447069,0.0730500668287277,1,online_student,0,1,4,1250,28000,1000,1.1208701133728027,top_quantile,0.2312591999998403,0.56767928,0.3333333333333333,0.5,,2.0,,,1,ours_student_pkg_ctpt,good_count,5.0,10.0,10000.0,64.0,4.0,1786105.677236,2.799386432575201,2.80927,5.61854,1786105.677236,446526.419309,235320.0,10.0,0.0,10.0,10.0,2500.0,4.0,,,44,paper\main_text_experiments\runs\ratio_downstream_5k\ratio_0p0025_seed_44,0.0025,12,5000
hatespeech,kmeans_center,market_random_select,144,12,1,0.0833333333333333,-0.1819324493408203,0.1819324493408203,-2.468625780238653e-06,0.0258817970752716,1,baseline_feature,0,0,1,5000,28000,1000,1.1208701133728027,top_quantile,0.2728523999999197,0.56432006,0.3333333333333333,0.5,2.0,9.0,,,0,,good_count,1.0,1.0,,,,,,,,,,,,,,,,,,,44,paper\main_text_experiments\runs\ratio_downstream_5k\ratio_0p0025_seed_44,0.0025,12,5000
hatespeech,kmeans_center,market_cosine_select,144,12,12,1.0,2.945861577987671,-2.945861577987671,0.000376741081709,0.0665163025259971,0,baseline_feature,0,0,1,5000,28000,1000,1.1208701133728027,top_quantile,0.1896925999999439,0.5479897,0.3333333333333333,0.5,,,,5.0,0,,good_count,12.0,,,,,,,,,,,,,,,,,,4.0,3.0,44,paper\main_text_experiments\runs\ratio_downstream_5k\ratio_0p0025_seed_44,0.0025,12,5000
hatespeech,kmeans_center,market_coreset_select,144,12,12,1.0,3.2669718265533447,-3.2669718265533447,0.000754574954044,-0.0558743365108966,0,baseline_feature,0,0,1,5000,28000,1000,1.1208701133728027,top_quantile,0.1921935000000303,0.5278386199999999,0.3333333333333333,0.5,,,12.0,,0,,good_count,12.0,,,,,,,,,,,,,,,,,,,,44,paper\main_text_experiments\runs\ratio_downstream_5k\ratio_0p0025_seed_44,0.0025,12,5000
hatespeech,kmeans_center,market_badge_select,144,12,12,1.0,2.9534006118774414,-2.9534006118774414,0.0007116248016245,-0.0581058152019977,0,baseline_model_based,1,0,1,5000,28000,1000,1.1208701133728027,top_quantile,0.1630336000002898,0.54569272,0.3333333333333333,0.5,,,12.0,,0,,good_count,12.0,,,,,,,,,,,,,,,,,,,,44,paper\main_text_experiments\runs\ratio_downstream_5k\ratio_0p0025_seed_44,0.0025,12,5000
hatespeech,kmeans_center,market_kmeans_center_select,144,12,2,0.1666666666666666,1.5032860040664673,-1.5032860040664673,0.0001746118068695,0.0579453855752944,1,baseline_feature,0,0,1,5000,28000,1000,1.1208701133728027,top_quantile,0.18417670000008,0.56188954,0.3333333333333333,0.5,,8.0,,,0,,good_count,2.0,4.0,,,,,,,,,,,,,,,,,,,44,paper\main_text_experiments\runs\ratio_downstream_5k\ratio_0p0025_seed_44,0.0025,12,5000
hatespeech,kmeans_center,market_typiclust_select,144,12,0,0.0,1.0679800510406494,-1.0679800510406494,3.4247834264533594e-05,0.0849996507167816,1,baseline_feature,0,0,1,5000,28000,1000,1.1208701133728027,top_quantile,0.2641492000002472,0.5667176599999999,0.3333333333333333,0.5,,2.0,,,0,,good_count,0.0,10.0,,,,,,,,,,,,,,,,,,,44,paper\main_text_experiments\runs\ratio_downstream_5k\ratio_0p0025_seed_44,0.0025,12,5000
hatespeech,kmeans_center,ours_kernel_ridge_student,144,12,5,0.4166666666666667,3.015507698059082,-3.015507698059082,0.0003275076451245,0.0889605283737182,1,online_student,0,0,1,5000,28000,1000,1.1208701133728027,top_quantile,0.1493891999998595,0.52575788,0.3333333333333333,0.5,,8.0,,,1,ours_student_row_ctpt,good_count,5.0,4.0,10000.0,64.0,4.0,92931.597765,53.80301340178943,53.80903000000001,107.61806,92931.597765,92931.597765,705941.0,192.0,0.0,192.0,192.0,10000.0,1.0,,,44,paper\main_text_experiments\runs\ratio_downstream_5k\ratio_0p0025_seed_44,0.0025,12,5000
hatespeech,kmeans_center,ours_sample_package_krr,144,12,5,0.4166666666666667,3.015507698059082,-3.015507698059082,0.0003275076451245,0.0889605283737182,1,online_student,0,1,4,1250,28000,1000,1.1208701133728027,top_quantile,0.1905111000000943,0.5629882,0.3333333333333333,0.5,,8.0,,,1,ours_student_pkg_ctpt,good_count,5.0,4.0,10000.0,64.0,4.0,1786105.677236,2.799386432575201,2.80927,5.61854,1786105.677236,446526.419309,235320.0,10.0,0.0,10.0,10.0,2500.0,4.0,,,44,paper\main_text_experiments\runs\ratio_downstream_5k\ratio_0p0025_seed_44,0.0025,12,5000
hatespeech,uncertainty_badge,market_random_select,144,12,1,0.0833333333333333,0.2458637952804565,-0.2458637952804565,6.763637065887451e-05,0.0246279779821634,1,baseline_feature,0,0,1,5000,28000,1000,1.1208701133728027,top_quantile,0.256525799999963,0.56456792,0.3333333333333333,0.5,1.0,,,8.0,0,,good_count,1.0,1.0,,,,,,,,,,,,,,,,,2.0,,44,paper\main_text_experiments\runs\ratio_downstream_5k\ratio_0p0025_seed_44,0.0025,12,5000
hatespeech,uncertainty_badge,market_cosine_select,144,12,0,0.0,-1.122269630432129,1.122269630432129,-2.8461217880249023e-05,-0.019202621653676,1,baseline_feature,0,0,1,5000,28000,1000,1.1208701133728027,top_quantile,0.2532157999999072,0.53923098,0.3333333333333333,0.5,,,,,0,,good_count,0.0,,,,,,,,,,,,,,,,,,12.0,,44,paper\main_text_experiments\runs\ratio_downstream_5k\ratio_0p0025_seed_44,0.0025,12,5000
hatespeech,uncertainty_badge,market_coreset_select,144,12,0,0.0,-0.9847720265388488,0.9847720265388488,-2.501904964447021e-05,-0.0124764172360301,1,baseline_feature,0,0,1,5000,28000,1000,1.1208701133728027,top_quantile,0.24165690000018,0.53341118,0.3333333333333333,0.5,5.0,,,,0,,good_count,0.0,,,,,,,,,,,,,,,,,,7.0,,44,paper\main_text_experiments\runs\ratio_downstream_5k\ratio_0p0025_seed_44,0.0025,12,5000
hatespeech,uncertainty_badge,market_badge_select,144,12,0,0.0,-0.9430018067359924,0.9430018067359924,-2.01265011128271e-05,-0.0118696680292487,1,baseline_model_based,1,0,1,5000,28000,1000,1.1208701133728027,top_quantile,0.253696399999626,0.5650487,0.3333333333333333,0.5,2.0,,,,0,,good_count,0.0,,,,,,,,,,,,,,,,,,10.0,,44,paper\main_text_experiments\runs\ratio_downstream_5k\ratio_0p0025_seed_44,0.0025,12,5000
hatespeech,uncertainty_badge,market_kmeans_center_select,144,12,12,1.0,2.9523093700408936,-2.9523093700408936,0.000314712524414,0.0900563821196556,0,baseline_feature,0,0,1,5000,28000,1000,1.1208701133728027,top_quantile,0.2451657000001432,0.56258294,0.3333333333333333,0.5,,5.0,,,0,,good_count,12.0,7.0,,,,,,,,,,,,,,,,,,,44,paper\main_text_experiments\runs\ratio_downstream_5k\ratio_0p0025_seed_44,0.0025,12,5000
hatespeech,uncertainty_badge,market_typiclust_select,144,12,12,1.0,3.146814107894897,-3.146814107894897,0.0003491590323392,0.0885258018970489,0,baseline_feature,0,0,1,5000,28000,1000,1.1208701133728027,top_quantile,0.2347308999997039,0.56615626,0.3333333333333333,0.5,,6.0,,,0,,good_count,12.0,6.0,,,,,,,,,,,,,,,,,,,44,paper\main_text_experiments\runs\ratio_downstream_5k\ratio_0p0025_seed_44,0.0025,12,5000
hatespeech,uncertainty_badge,ours_kernel_ridge_student,144,12,12,1.0,3.4514143466949463,-3.4514143466949463,0.0003944387135561,0.0893645659089088,0,online_student,0,0,1,5000,28000,1000,1.1208701133728027,top_quantile,0.1994604999999865,0.52494916,0.3333333333333333,0.5,,5.0,,,1,ours_student_row_ctpt,good_count,12.0,7.0,10000.0,64.0,4.0,92931.597765,53.80301340178943,53.80903000000001,107.61806,92931.597765,92931.597765,705941.0,192.0,0.0,192.0,192.0,10000.0,1.0,,,44,paper\main_text_experiments\runs\ratio_downstream_5k\ratio_0p0025_seed_44,0.0025,12,5000
hatespeech,uncertainty_badge,ours_sample_package_krr,144,12,12,1.0,3.4514143466949463,-3.4514143466949463,0.0003944387135561,0.0893645659089088,0,online_student,0,1,4,1250,28000,1000,1.1208701133728027,top_quantile,0.2329869000000144,0.56296344,0.3333333333333333,0.5,,5.0,,,1,ours_student_pkg_ctpt,good_count,12.0,7.0,10000.0,64.0,4.0,1786105.677236,2.799386432575201,2.80927,5.61854,1786105.677236,446526.419309,235320.0,10.0,0.0,10.0,10.0,2500.0,4.0,,,44,paper\main_text_experiments\runs\ratio_downstream_5k\ratio_0p0025_seed_44,0.0025,12,5000
hatespeech,cosine,market_random_select,144,12,1,0.0833333333333333,-0.7193560004234314,0.7193560004234314,-2.7358531951904297e-05,0.0038624356966465,1,baseline_feature,0,0,1,5000,28000,1000,1.1208701133728027,top_quantile,0.2359430999999858,0.56319142,0.3333333333333333,0.5,,1.0,,2.0,0,,good_count,1.0,1.0,,,,,,,,,,,,,,,,,8.0,,44,paper\main_text_experiments\runs\ratio_downstream_5k\ratio_0p0025_seed_44,0.0025,12,5000
hatespeech,cosine,market_cosine_select,144,12,0,0.0,-0.4464498460292816,0.4464498460292816,1.4339883819047827e-05,0.0041918870992958,1,baseline_feature,0,0,1,5000,28000,1000,1.1208701133728027,top_quantile,0.2663363000001482,0.53007168,0.3333333333333333,0.5,,,,,0,,good_count,0.0,,,,,,,,,,,,,,,,,,12.0,,44,paper\main_text_experiments\runs\ratio_downstream_5k\ratio_0p0025_seed_44,0.0025,12,5000
hatespeech,cosine,market_coreset_select,144,12,12,1.0,3.286587715148926,-3.286587715148926,0.000760480761528,-0.056936889886856,0,baseline_feature,0,0,1,5000,28000,1000,1.1208701133728027,top_quantile,0.2998256000000765,0.52792688,0.3333333333333333,0.5,,,12.0,,0,,good_count,12.0,,,,,,,,,,,,,,,,,,,,44,paper\main_text_experiments\runs\ratio_downstream_5k\ratio_0p0025_seed_44,0.0025,12,5000
hatespeech,cosine,market_badge_select,144,12,12,1.0,3.1598682403564453,-3.1598682403564453,0.0007455348968505,-0.0587390474975109,0,baseline_model_based,1,0,1,5000,28000,1000,1.1208701133728027,top_quantile,0.1975314999999682,0.54663242,0.3333333333333333,0.5,,,12.0,,0,,good_count,12.0,,,,,,,,,,,,,,,,,,,,44,paper\main_text_experiments\runs\ratio_downstream_5k\ratio_0p0025_seed_44,0.0025,12,5000
hatespeech,cosine,market_kmeans_center_select,144,12,9,0.75,1.3451614379882812,-1.3451614379882812,0.0001903474330902,0.0428554080426692,1,baseline_feature,0,0,1,5000,28000,1000,1.1208701133728027,top_quantile,0.2061853999998675,0.55627332,0.3333333333333333,0.5,,4.0,,,0,,good_count,9.0,8.0,,,,,,,,,,,,,,,,,,,44,paper\main_text_experiments\runs\ratio_downstream_5k\ratio_0p0025_seed_44,0.0025,12,5000
hatespeech,cosine,market_typiclust_select,144,12,7,0.5833333333333334,1.8569021224975584,-1.8569021224975584,0.0001796533615561,0.0766670256853103,1,baseline_feature,0,0,1,5000,28000,1000,1.1208701133728027,top_quantile,0.2367301999997835,0.56761132,0.3333333333333333,0.5,,5.0,,,0,,good_count,7.0,2.0,,,,,,,,,,,,,,,,,5.0,,44,paper\main_text_experiments\runs\ratio_downstream_5k\ratio_0p0025_seed_44,0.0025,12,5000
hatespeech,cosine,ours_kernel_ridge_student,144,12,11,0.9166666666666666,2.8289635181427,-2.8289635181427,0.0003399600682314,0.0734406933188438,0,online_student,0,0,1,5000,28000,1000,1.1208701133728027,top_quantile,0.2147500000000946,0.5427293400000001,0.3333333333333333,0.5,,5.0,,,1,ours_student_row_ctpt,good_count,11.0,7.0,10000.0,64.0,4.0,92931.597765,53.80301340178943,53.80903000000001,107.61806,92931.597765,92931.597765,705941.0,192.0,0.0,192.0,192.0,10000.0,1.0,,,44,paper\main_text_experiments\runs\ratio_downstream_5k\ratio_0p0025_seed_44,0.0025,12,5000
hatespeech,cosine,ours_sample_package_krr,144,12,11,0.9166666666666666,2.8289635181427,-2.8289635181427,0.0003399600682314,0.0734406933188438,0,online_student,0,1,4,1250,28000,1000,1.1208701133728027,top_quantile,0.2381329999998342,0.56711872,0.3333333333333333,0.5,,5.0,,,1,ours_student_pkg_ctpt,good_count,11.0,7.0,10000.0,64.0,4.0,1786105.677236,2.799386432575201,2.80927,5.61854,1786105.677236,446526.419309,235320.0,10.0,0.0,10.0,10.0,2500.0,4.0,,,44,paper\main_text_experiments\runs\ratio_downstream_5k\ratio_0p0025_seed_44,0.0025,12,5000
hatespeech,all_average,market_random_select,144,12,1,0.0833333333333333,-0.951669991016388,0.951669991016388,-0.0001244743616553,0.0265936758369207,1,baseline_feature,0,0,1,5000,28000,1000,1.1208701133728027,top_quantile,0.2293459000002258,0.5652056799999999,0.3333333333333333,0.5,2.0,3.0,2.0,1.0,0,,good_count,1.0,2.0,,,,,,,,,,,,,,,,,2.0,,44,paper\main_text_experiments\runs\ratio_downstream_5k\ratio_0p0025_seed_44,0.0025,12,5000
hatespeech,all_average,market_cosine_select,144,12,0,0.0,-1.6917892694473269,1.6917892694473269,-4.972020906279795e-05,-0.0444481186568737,1,baseline_feature,0,0,1,5000,28000,1000,1.1208701133728027,top_quantile,0.2245884999997542,0.5468871,0.3333333333333333,0.5,,,,,0,,good_count,0.0,,,,,,,,,,,,,,,,,,12.0,,44,paper\main_text_experiments\runs\ratio_downstream_5k\ratio_0p0025_seed_44,0.0025,12,5000
hatespeech,all_average,market_coreset_select,144,12,0,0.0,-2.5758273601531982,2.5758273601531982,-0.000447859376436,0.0527250170707702,1,baseline_feature,0,0,1,5000,28000,1000,1.1208701133728027,top_quantile,0.2372030999999879,0.51814016,0.3333333333333333,0.5,,,12.0,,0,,good_count,0.0,,,,,,,,,,,,,,,,,,,,44,paper\main_text_experiments\runs\ratio_downstream_5k\ratio_0p0025_seed_44,0.0025,12,5000
hatespeech,all_average,market_badge_select,144,12,0,0.0,-2.57582688331604,2.57582688331604,-0.000447859376436,0.0527250170707702,1,baseline_model_based,1,0,1,5000,28000,1000,1.1208701133728027,top_quantile,0.1949773000001187,0.5396282400000001,0.3333333333333333,0.5,,,12.0,,0,,good_count,0.0,,,,,,,,,,,,,,,,,,,,44,paper\main_text_experiments\runs\ratio_downstream_5k\ratio_0p0025_seed_44,0.0025,12,5000
hatespeech,all_average,market_kmeans_center_select,144,12,0,0.0,-1.388224959373474,1.388224959373474,-6.730357563355938e-05,-0.0201936569064855,1,baseline_feature,0,0,1,5000,28000,1000,1.1208701133728027,top_quantile,0.2441669999998339,0.56649426,0.3333333333333333,0.5,,5.0,,,0,,good_count,0.0,7.0,,,,,,,,,,,,,,,,,,,44,paper\main_text_experiments\runs\ratio_downstream_5k\ratio_0p0025_seed_44,0.0025,12,5000
hatespeech,all_average,market_typiclust_select,144,12,0,0.0,1.120509386062622,-1.120509386062622,4.235406595398672e-05,0.0850331708788871,1,baseline_feature,0,0,1,5000,28000,1000,1.1208701133728027,top_quantile,0.2335468000001128,0.56671448,0.3333333333333333,0.5,,,,,0,,good_count,0.0,12.0,,,,,,,,,,,,,,,,,,,44,paper\main_text_experiments\runs\ratio_downstream_5k\ratio_0p0025_seed_44,0.0025,12,5000
hatespeech,all_average,ours_kernel_ridge_student,144,12,8,0.6666666666666666,1.2568182945251465,-1.2568182945251465,0.0002195288689108,0.0268101263791322,1,online_student,0,0,1,5000,28000,1000,1.1208701133728027,top_quantile,0.1809849000001122,0.52726924,0.3333333333333333,0.5,,6.0,,,1,ours_student_row_ctpt,good_count,8.0,6.0,10000.0,64.0,4.0,92931.597765,53.80301340178943,53.80903000000001,107.61806,92931.597765,92931.597765,705941.0,192.0,0.0,192.0,192.0,10000.0,1.0,,,44,paper\main_text_experiments\runs\ratio_downstream_5k\ratio_0p0025_seed_44,0.0025,12,5000
hatespeech,all_average,ours_sample_package_krr,144,12,8,0.6666666666666666,1.2568182945251465,-1.2568182945251465,0.0002195288689108,0.0268101263791322,1,online_student,0,1,4,1250,28000,1000,1.1208701133728027,top_quantile,0.2335393999996995,0.5654437,0.3333333333333333,0.5,,6.0,,,1,ours_student_pkg_ctpt,good_count,8.0,6.0,10000.0,64.0,4.0,1786105.677236,2.799386432575201,2.80927,5.61854,1786105.677236,446526.419309,235320.0,10.0,0.0,10.0,10.0,2500.0,4.0,,,44,paper\main_text_experiments\runs\ratio_downstream_5k\ratio_0p0025_seed_44,0.0025,12,5000
mscoco,noise,market_random_select,244,12,0,0.0,-0.697782576084137,0.697782576084137,-2.384185791015625e-07,-0.0003726157301571,1,baseline_feature,0,0,1,5000,28000,1000,0.96003395318985,top_quantile,0.3432444000000032,0.8483922187500001,0.3333333333333333,0.5,,,10.0,2.0,0,,good_count,0.0,,,,,,,,,,,,,,,,,,,,44,paper\main_text_experiments\runs\ratio_downstream_5k\ratio_0p0025_seed_44,0.0025,12,5000
mscoco,noise,market_cosine_select,244,12,12,1.0,3.225023031234741,-3.225023031234741,7.94728578057402e-07,0.0067263282835483,0,baseline_feature,0,0,1,5000,28000,1000,0.96003395318985,top_quantile,0.268307399999685,0.86430478125,0.3333333333333333,0.5,,,,,0,,good_count,12.0,,,,,,,,,,,,,,,,,,,12.0,44,paper\main_text_experiments\runs\ratio_downstream_5k\ratio_0p0025_seed_44,0.0025,12,5000
mscoco,noise,market_coreset_select,244,12,0,0.0,0.5662442445755005,-0.5662442445755005,2.1358330570819817e-07,0.0016222633421421,1,baseline_feature,0,0,1,5000,28000,1000,0.96003395318985,top_quantile,0.23886420000008,0.86039625,0.3333333333333333,0.5,,,12.0,,0,,good_count,0.0,,,,,,,,,,,,,,,,,,,,44,paper\main_text_experiments\runs\ratio_downstream_5k\ratio_0p0025_seed_44,0.0025,12,5000
mscoco,noise,market_badge_select,244,12,0,0.0,0.4887780249118805,-0.4887780249118805,3.9736431034498316e-08,0.0018590391846373,1,baseline_model_based,1,0,1,5000,28000,1000,0.96003395318985,top_quantile,0.2060897000001205,0.8896613749999999,0.3333333333333333,0.5,,,12.0,,0,,good_count,0.0,,,,,,,,,,,,,,,,,,,,44,paper\main_text_experiments\runs\ratio_downstream_5k\ratio_0p0025_seed_44,0.0025,12,5000
mscoco,noise,market_kmeans_center_select,244,12,12,1.0,3.432960271835327,-3.432960271835327,3.11434268951416e-06,0.0015386309241876,0,baseline_feature,0,0,1,5000,28000,1000,0.96003395318985,top_quantile,0.2628102999997281,0.8683888125000001,0.3333333333333333,0.5,,4.0,,1.0,0,,good_count,12.0,6.0,,,,,,,,,,,,,,,,,,1.0,44,paper\main_text_experiments\runs\ratio_downstream_5k\ratio_0p0025_seed_44,0.0025,12,5000
mscoco,noise,market_typiclust_select,244,12,12,1.0,3.1367671489715576,-3.1367671489715576,3.30805778503418e-06,0.000335086020641,0,baseline_feature,0,0,1,5000,28000,1000,0.96003395318985,top_quantile,0.1992454000001089,0.8694931875,0.3333333333333333,0.5,,6.0,,,0,,good_count,12.0,6.0,,,,,,,,,,,,,,,,,,,44,paper\main_text_experiments\runs\ratio_downstream_5k\ratio_0p0025_seed_44,0.0025,12,5000
mscoco,noise,ours_kernel_ridge_student,244,12,12,1.0,3.514635801315308,-3.514635801315308,2.632538382840721e-07,0.0087434714660048,0,online_student,0,0,1,5000,28000,1000,0.96003395318985,top_quantile,0.2040630999999848,0.86186296875,0.6719138666353011,0.69875,,,,,1,ours_student_row_ctpt,good_count,12.0,,10000.0,64.0,4.0,92931.597765,53.80301340178943,53.80903000000001,107.61806,92931.597765,92931.597765,705941.0,192.0,0.0,192.0,192.0,10000.0,1.0,2.0,10.0,44,paper\main_text_experiments\runs\ratio_downstream_5k\ratio_0p0025_seed_44,0.0025,12,5000
mscoco,noise,ours_sample_package_krr,244,12,12,1.0,3.514635801315308,-3.514635801315308,2.632538382840721e-07,0.0087434714660048,0,online_student,0,1,4,1250,28000,1000,0.96003395318985,top_quantile,0.2044888000000355,0.89554815625,0.3333333333333333,0.5,,,,,1,ours_student_pkg_ctpt,good_count,12.0,,10000.0,64.0,4.0,1786105.677236,2.799386432575201,2.80927,5.61854,1786105.677236,446526.419309,235320.0,10.0,0.0,10.0,10.0,2500.0,4.0,2.0,10.0,44,paper\main_text_experiments\runs\ratio_downstream_5k\ratio_0p0025_seed_44,0.0025,12,5000
mscoco,coreset_far_wrong,market_random_select,244,12,0,0.0,-0.6261382699012756,0.6261382699012756,-9.934107225717527e-08,-0.0005382767412811,1,baseline_feature,0,0,1,5000,28000,1000,0.96003395318985,top_quantile,0.2023136999996495,0.8423530625,0.3487028882979215,0.507,10.0,,,2.0,0,,good_count,0.0,,,,,,,,,,,,,,,,,,,,44,paper\main_text_experiments\runs\ratio_downstream_5k\ratio_0p0025_seed_44,0.0025,12,5000
mscoco,coreset_far_wrong,market_cosine_select,244,12,12,1.0,3.225023031234741,-3.225023031234741,7.94728578057402e-07,0.0067263282835483,0,baseline_feature,0,0,1,5000,28000,1000,0.96003395318985,top_quantile,0.2027471999999761,0.86430478125,0.3333333333333333,0.5,,,,,0,,good_count,12.0,,,,,,,,,,,,,,,,,,,12.0,44,paper\main_text_experiments\runs\ratio_downstream_5k\ratio_0p0025_seed_44,0.0025,12,5000
mscoco,coreset_far_wrong,market_coreset_select,244,12,0,0.0,-0.5981385707855225,0.5981385707855225,-3.9736431034498316e-08,-0.0006159198237583,1,baseline_feature,0,0,1,5000,28000,1000,0.96003395318985,top_quantile,0.2344629999997778,0.87875384375,0.3333333333333333,0.5,,,12.0,,0,,good_count,0.0,,,,,,,,,,,,,,,,,,,,44,paper\main_text_experiments\runs\ratio_downstream_5k\ratio_0p0025_seed_44,0.0025,12,5000
mscoco,coreset_far_wrong,market_badge_select,244,12,0,0.0,-0.5981385707855225,0.5981385707855225,-3.9736431034498316e-08,-0.0006159198237583,1,baseline_model_based,1,0,1,5000,28000,1000,0.96003395318985,top_quantile,0.1972989999999299,0.8906901250000001,0.3333333333333333,0.5,,,12.0,,0,,good_count,0.0,,,,,,,,,,,,,,,,,,,,44,paper\main_text_experiments\runs\ratio_downstream_5k\ratio_0p0025_seed_44,0.0025,12,5000
mscoco,coreset_far_wrong,market_kmeans_center_select,244,12,12,1.0,3.432960271835327,-3.432960271835327,3.11434268951416e-06,0.0015386309241876,0,baseline_feature,0,0,1,5000,28000,1000,0.96003395318985,top_quantile,0.1990135000000918,0.8683888125000001,0.3333333333333333,0.5,,4.0,,1.0,0,,good_count,12.0,6.0,,,,,,,,,,,,,,,,,,1.0,44,paper\main_text_experiments\runs\ratio_downstream_5k\ratio_0p0025_seed_44,0.0025,12,5000
mscoco,coreset_far_wrong,market_typiclust_select,244,12,12,1.0,3.1367671489715576,-3.1367671489715576,3.30805778503418e-06,0.000335086020641,0,baseline_feature,0,0,1,5000,28000,1000,0.96003395318985,top_quantile,0.202412600000116,0.8694931875,0.3333333333333333,0.5,,6.0,,,0,,good_count,12.0,6.0,,,,,,,,,,,,,,,,,,,44,paper\main_text_experiments\runs\ratio_downstream_5k\ratio_0p0025_seed_44,0.0025,12,5000
mscoco,coreset_far_wrong,ours_kernel_ridge_student,244,12,12,1.0,3.514635801315308,-3.514635801315308,2.632538382840721e-07,0.0087434714660048,0,online_student,0,0,1,5000,28000,1000,0.96003395318985,top_quantile,0.2034897999997156,0.86186296875,0.6719138666353011,0.69875,,,,,1,ours_student_row_ctpt,good_count,12.0,,10000.0,64.0,4.0,92931.597765,53.80301340178943,53.80903000000001,107.61806,92931.597765,92931.597765,705941.0,192.0,0.0,192.0,192.0,10000.0,1.0,2.0,10.0,44,paper\main_text_experiments\runs\ratio_downstream_5k\ratio_0p0025_seed_44,0.0025,12,5000
mscoco,coreset_far_wrong,ours_sample_package_krr,244,12,12,1.0,3.514635801315308,-3.514635801315308,2.632538382840721e-07,0.0087434714660048,0,online_student,0,1,4,1250,28000,1000,0.96003395318985,top_quantile,0.1987254000000575,0.89554815625,0.3333333333333333,0.5,,,,,1,ours_student_pkg_ctpt,good_count,12.0,,10000.0,64.0,4.0,1786105.677236,2.799386432575201,2.80927,5.61854,1786105.677236,446526.419309,235320.0,10.0,0.0,10.0,10.0,2500.0,4.0,2.0,10.0,44,paper\main_text_experiments\runs\ratio_downstream_5k\ratio_0p0025_seed_44,0.0025,12,5000
mscoco,typiclust_dense,market_random_select,244,12,0,0.0,-1.2858871221542358,1.2858871221542358,-6.556510925292969e-07,-0.0007923922385089,1,baseline_feature,0,0,1,5000,28000,1000,0.96003395318985,top_quantile,0.2989610999998149,0.8502840624999999,0.3333333333333333,0.5,,,,,0,,good_count,0.0,10.0,,,,,,,,,,,,,,,,,2.0,,44,paper\main_text_experiments\runs\ratio_downstream_5k\ratio_0p0025_seed_44,0.0025,12,5000
mscoco,typiclust_dense,market_cosine_select,244,12,12,1.0,3.048202514648437,-3.048202514648437,5.861123213435349e-07,0.0068044397048652,0,baseline_feature,0,0,1,5000,28000,1000,0.96003395318985,top_quantile,0.200698299999658,0.9032505,0.3333333333333333,0.5,,,,,0,,good_count,12.0,,,,,,,,,,,,,,,,,,,12.0,44,paper\main_text_experiments\runs\ratio_downstream_5k\ratio_0p0025_seed_44,0.0025,12,5000
mscoco,typiclust_dense,market_coreset_select,244,12,12,1.0,2.490532875061035,-2.490532875061035,4.2716661141639634e-07,0.0058249053545296,0,baseline_feature,0,0,1,5000,28000,1000,0.96003395318985,top_quantile,0.2255104000000756,0.7175920312499999,0.3333333333333333,0.5,,,12.0,,0,,good_count,12.0,,,,,,,,,,,,,,,,,,,,44,paper\main_text_experiments\runs\ratio_downstream_5k\ratio_0p0025_seed_44,0.0025,12,5000
mscoco,typiclust_dense,market_badge_select,244,12,12,1.0,2.488196611404419,-2.488196611404419,3.675619666410057e-07,0.0059655946679413,0,baseline_model_based,1,0,1,5000,28000,1000,0.96003395318985,top_quantile,0.2592925999997533,0.8753881875,0.3333333333333333,0.5,,,12.0,,0,,good_count,12.0,,,,,,,,,,,,,,,,,,,,44,paper\main_text_experiments\runs\ratio_downstream_5k\ratio_0p0025_seed_44,0.0025,12,5000
mscoco,typiclust_dense,market_kmeans_center_select,244,12,0,0.0,-0.6630435585975647,0.6630435585975647,-2.930561606717675e-07,-0.0001530465960968,1,baseline_feature,0,0,1,5000,28000,1000,0.96003395318985,top_quantile,0.1940056000003096,0.87254140625,0.3333333333333333,0.5,,6.0,,,0,,good_count,0.0,6.0,,,,,,,,,,,,,,,,,,,44,paper\main_text_experiments\runs\ratio_downstream_5k\ratio_0p0025_seed_44,0.0025,12,5000
mscoco,typiclust_dense,market_typiclust_select,244,12,0,0.0,-0.374087929725647,0.374087929725647,-1.2914340175029793e-07,0.0001541426317999,1,baseline_feature,0,0,1,5000,28000,1000,0.96003395318985,top_quantile,0.1949162999999316,0.8466225624999999,0.3333333333333333,0.5,,3.0,,,0,,good_count,0.0,9.0,,,,,,,,,,,,,,,,,,,44,paper\main_text_experiments\runs\ratio_downstream_5k\ratio_0p0025_seed_44,0.0025,12,5000
mscoco,typiclust_dense,ours_kernel_ridge_student,244,12,11,0.9166666666666666,2.749308586120605,-2.749308586120605,2.4835268064293814e-08,0.0074490294791758,0,online_student,0,0,1,5000,28000,1000,0.96003395318985,top_quantile,0.1961353000001509,0.86845109375,0.3333333333333333,0.5,,,,,1,ours_student_row_ctpt,good_count,11.0,,10000.0,64.0,4.0,92931.597765,53.80301340178943,53.80903000000001,107.61806,92931.597765,92931.597765,705941.0,192.0,0.0,192.0,192.0,10000.0,1.0,2.0,10.0,44,paper\main_text_experiments\runs\ratio_downstream_5k\ratio_0p0025_seed_44,0.0025,12,5000
mscoco,typiclust_dense,ours_sample_package_krr,244,12,11,0.9166666666666666,2.749308586120605,-2.749308586120605,2.4835268064293814e-08,0.0074490294791758,0,online_student,0,1,4,1250,28000,1000,0.96003395318985,top_quantile,0.2015489000000343,0.90414878125,0.3333333333333333,0.5,,,,,1,ours_student_pkg_ctpt,good_count,11.0,,10000.0,64.0,4.0,1786105.677236,2.799386432575201,2.80927,5.61854,1786105.677236,446526.419309,235320.0,10.0,0.0,10.0,10.0,2500.0,4.0,2.0,10.0,44,paper\main_text_experiments\runs\ratio_downstream_5k\ratio_0p0025_seed_44,0.0025,12,5000
mscoco,kmeans_center,market_random_select,244,12,0,0.0,-0.7797178626060486,0.7797178626060486,-3.5266080544715805e-07,-0.0002932480711024,1,baseline_feature,0,0,1,5000,28000,1000,0.96003395318985,top_quantile,0.2071642999999312,0.84151284375,0.3333333333333333,0.5,2.0,10.0,,,0,,good_count,0.0,,,,,,,,,,,,,,,,,,,,44,paper\main_text_experiments\runs\ratio_downstream_5k\ratio_0p0025_seed_44,0.0025,12,5000
mscoco,kmeans_center,market_cosine_select,244,12,12,1.0,2.7859833240509038,-2.7859833240509038,1.0281801223754885e-06,0.0050742379389703,0,baseline_feature,0,0,1,5000,28000,1000,0.96003395318985,top_quantile,0.1984909999996489,0.86592940625,0.3333333333333333,0.5,,,,,0,,good_count,12.0,,,,,,,,,,,,,,,,,,,12.0,44,paper\main_text_experiments\runs\ratio_downstream_5k\ratio_0p0025_seed_44,0.0025,12,5000
mscoco,kmeans_center,market_coreset_select,244,12,12,1.0,2.53527307510376,-2.53527307510376,5.21540641784668e-07,0.005702971946448,0,baseline_feature,0,0,1,5000,28000,1000,0.96003395318985,top_quantile,0.2294713999999658,0.66996265625,0.3333333333333333,0.5,,,12.0,,0,,good_count,12.0,,,,,,,,,,,,,,,,,,,,44,paper\main_text_experiments\runs\ratio_downstream_5k\ratio_0p0025_seed_44,0.0025,12,5000
mscoco,kmeans_center,market_badge_select,244,12,12,1.0,2.488196611404419,-2.488196611404419,3.675619666410057e-07,0.0059655946679413,0,baseline_model_based,1,0,1,5000,28000,1000,0.96003395318985,top_quantile,0.1991072999999232,0.8753881875,0.3333333333333333,0.5,,,12.0,,0,,good_count,12.0,,,,,,,,,,,,,,,,,,,,44,paper\main_text_experiments\runs\ratio_downstream_5k\ratio_0p0025_seed_44,0.0025,12,5000
mscoco,kmeans_center,market_kmeans_center_select,244,12,0,0.0,-0.5156295895576477,0.5156295895576477,-1.837809833205029e-07,-5.93520853726659e-05,1,baseline_feature,0,0,1,5000,28000,1000,0.96003395318985,top_quantile,0.2002284999998664,0.8614938125,0.3333333333333333,0.5,,8.0,,,0,,good_count,0.0,4.0,,,,,,,,,,,,,,,,,,,44,paper\main_text_experiments\runs\ratio_downstream_5k\ratio_0p0025_seed_44,0.0025,12,5000
mscoco,kmeans_center,market_typiclust_select,244,12,0,0.0,-0.5234656929969788,0.5234656929969788,-3.377596442533104e-07,0.0002996721304953,1,baseline_feature,0,0,1,5000,28000,1000,0.96003395318985,top_quantile,0.1951578000002882,0.84657915625,0.3333333333333333,0.5,,7.0,,,0,,good_count,0.0,5.0,,,,,,,,,,,,,,,,,,,44,paper\main_text_experiments\runs\ratio_downstream_5k\ratio_0p0025_seed_44,0.0025,12,5000
mscoco,kmeans_center,ours_kernel_ridge_student,244,12,12,1.0,3.4655978679656982,-3.4655978679656982,1.738468853318409e-07,0.0088426452130079,0,online_student,0,0,1,5000,28000,1000,0.96003395318985,top_quantile,0.191204899999775,0.86185753125,0.6719138666353011,0.69875,,,,,1,ours_student_row_ctpt,good_count,12.0,,10000.0,64.0,4.0,92931.597765,53.80301340178943,53.80903000000001,107.61806,92931.597765,92931.597765,705941.0,192.0,0.0,192.0,192.0,10000.0,1.0,1.0,11.0,44,paper\main_text_experiments\runs\ratio_downstream_5k\ratio_0p0025_seed_44,0.0025,12,5000
mscoco,kmeans_center,ours_sample_package_krr,244,12,12,1.0,3.4655978679656982,-3.4655978679656982,1.738468853318409e-07,0.0088426452130079,0,online_student,0,1,4,1250,28000,1000,0.96003395318985,top_quantile,0.1975537999996959,0.8949616562499998,0.3333333333333333,0.5,,,,,1,ours_student_pkg_ctpt,good_count,12.0,,10000.0,64.0,4.0,1786105.677236,2.799386432575201,2.80927,5.61854,1786105.677236,446526.419309,235320.0,10.0,0.0,10.0,10.0,2500.0,4.0,1.0,11.0,44,paper\main_text_experiments\runs\ratio_downstream_5k\ratio_0p0025_seed_44,0.0025,12,5000
mscoco,uncertainty_badge,market_random_select,244,12,0,0.0,-0.5704823732376099,0.5704823732376099,2.9802322387695312e-08,-0.0007188115851022,1,baseline_feature,0,0,1,5000,28000,1000,0.96003395318985,top_quantile,0.2029686000000765,0.84567059375,0.3333333333333333,0.5,,,,10.0,0,,good_count,0.0,,,,,,,,,,,,,,,,,,2.0,,44,paper\main_text_experiments\runs\ratio_downstream_5k\ratio_0p0025_seed_44,0.0025,12,5000
mscoco,uncertainty_badge,market_cosine_select,244,12,12,1.0,3.225023031234741,-3.225023031234741,7.94728578057402e-07,0.0067263282835483,0,baseline_feature,0,0,1,5000,28000,1000,0.96003395318985,top_quantile,0.2576040999997531,0.86430478125,0.3333333333333333,0.5,,,,,0,,good_count,12.0,,,,,,,,,,,,,,,,,,,12.0,44,paper\main_text_experiments\runs\ratio_downstream_5k\ratio_0p0025_seed_44,0.0025,12,5000
mscoco,uncertainty_badge,market_coreset_select,244,12,1,0.0833333333333333,-0.7521257996559143,0.7521257996559143,1.4901161193847656e-07,-0.0014579077251255,1,baseline_feature,0,0,1,5000,28000,1000,0.96003395318985,top_quantile,0.2340607000001,0.690327625,0.3333333333333333,0.5,9.0,,1.0,,0,,good_count,1.0,,,,,,,,,,,,,,,,,,2.0,,44,paper\main_text_experiments\runs\ratio_downstream_5k\ratio_0p0025_seed_44,0.0025,12,5000
mscoco,uncertainty_badge,market_badge_select,244,12,2,0.1666666666666666,-0.8213303089141846,0.8213303089141846,2.384185791015625e-07,-0.0018475642427802,1,baseline_model_based,1,0,1,5000,28000,1000,0.96003395318985,top_quantile,0.1950825999997505,0.87474565625,0.3333333333333333,0.5,6.0,,1.0,,0,,good_count,2.0,,,,,,,,,,,,,,,,,,4.0,1.0,44,paper\main_text_experiments\runs\ratio_downstream_5k\ratio_0p0025_seed_44,0.0025,12,5000
mscoco,uncertainty_badge,market_kmeans_center_select,244,12,10,0.8333333333333334,2.6832704544067383,-2.6832704544067383,2.4785597361187683e-06,0.0012587978271767,0,baseline_feature,0,0,1,5000,28000,1000,0.96003395318985,top_quantile,0.1957161999998788,0.8663225625,0.3333333333333333,0.5,,4.0,,3.0,0,,good_count,10.0,5.0,,,,,,,,,,,,,,,,,,,44,paper\main_text_experiments\runs\ratio_downstream_5k\ratio_0p0025_seed_44,0.0025,12,5000
mscoco,uncertainty_badge,market_typiclust_select,244,12,12,1.0,3.1367671489715576,-3.1367671489715576,3.30805778503418e-06,0.000335086020641,0,baseline_feature,0,0,1,5000,28000,1000,0.96003395318985,top_quantile,0.2008988000002318,0.8694931875,0.3333333333333333,0.5,,6.0,,,0,,good_count,12.0,6.0,,,,,,,,,,,,,,,,,,,44,paper\main_text_experiments\runs\ratio_downstream_5k\ratio_0p0025_seed_44,0.0025,12,5000
mscoco,uncertainty_badge,ours_kernel_ridge_student,244,12,11,0.9166666666666666,2.8458261489868164,-2.8458261489868164,1.8874804652568852e-07,0.0072834617458283,0,online_student,0,0,1,5000,28000,1000,0.96003395318985,top_quantile,0.1995844999996734,0.86783878125,0.3333333333333333,0.5,,,,,1,ours_student_row_ctpt,good_count,11.0,,10000.0,64.0,4.0,92931.597765,53.80301340178943,53.80903000000001,107.61806,92931.597765,92931.597765,705941.0,192.0,0.0,192.0,192.0,10000.0,1.0,3.0,9.0,44,paper\main_text_experiments\runs\ratio_downstream_5k\ratio_0p0025_seed_44,0.0025,12,5000
mscoco,uncertainty_badge,ours_sample_package_krr,244,12,11,0.9166666666666666,2.8458261489868164,-2.8458261489868164,1.8874804652568852e-07,0.0072834617458283,0,online_student,0,1,4,1250,28000,1000,0.96003395318985,top_quantile,0.2018475999998372,0.8965731875,0.3333333333333333,0.5,,,,,1,ours_student_pkg_ctpt,good_count,11.0,,10000.0,64.0,4.0,1786105.677236,2.799386432575201,2.80927,5.61854,1786105.677236,446526.419309,235320.0,10.0,0.0,10.0,10.0,2500.0,4.0,3.0,9.0,44,paper\main_text_experiments\runs\ratio_downstream_5k\ratio_0p0025_seed_44,0.0025,12,5000
mscoco,cosine,market_random_select,244,12,0,0.0,-0.8412474989891052,0.8412474989891052,-1.9371509552001958e-07,-0.0008348837145604,1,baseline_feature,0,0,1,5000,28000,1000,0.96003395318985,top_quantile,0.2559372999999141,0.8509356875,0.3333333333333333,0.5,,,,2.0,0,,good_count,0.0,,,,,,,,,,,,,,,,,,10.0,,44,paper\main_text_experiments\runs\ratio_downstream_5k\ratio_0p0025_seed_44,0.0025,12,5000
mscoco,cosine,market_cosine_select,244,12,12,1.0,4.32079553604126,-4.32079553604126,2.130866050720215e-06,0.0061358292587101,0,baseline_feature,0,0,1,5000,28000,1000,0.96003395318985,top_quantile,0.2078443000000334,0.8647861249999999,0.3333333333333333,0.5,,,,,0,,good_count,12.0,,,,,,,,,,,,,,,,,,,12.0,44,paper\main_text_experiments\runs\ratio_downstream_5k\ratio_0p0025_seed_44,0.0025,12,5000
mscoco,cosine,market_coreset_select,244,12,12,1.0,2.3119008541107178,-2.3119008541107178,2.632538382840721e-07,0.0057887453585863,0,baseline_feature,0,0,1,5000,28000,1000,0.96003395318985,top_quantile,0.2309524000002056,0.609788625,0.3333333333333333,0.5,,,12.0,,0,,good_count,12.0,,,,,,,,,,,,,,,,,,,,44,paper\main_text_experiments\runs\ratio_downstream_5k\ratio_0p0025_seed_44,0.0025,12,5000
mscoco,cosine,market_badge_select,244,12,12,1.0,2.3119008541107178,-2.3119008541107178,2.632538382840721e-07,0.0057887453585863,0,baseline_model_based,1,0,1,5000,28000,1000,0.96003395318985,top_quantile,0.2036913000001732,0.8786144375,0.3333333333333333,0.5,,,12.0,,0,,good_count,12.0,,,,,,,,,,,,,,,,,,,,44,paper\main_text_experiments\runs\ratio_downstream_5k\ratio_0p0025_seed_44,0.0025,12,5000
mscoco,cosine,market_kmeans_center_select,244,12,4,0.3333333333333333,-0.0449676923453807,0.0449676923453807,5.165736070011917e-07,-0.0006236318149603,1,baseline_feature,0,0,1,5000,28000,1000,0.96003395318985,top_quantile,0.1975014999998166,0.869383,0.3333333333333333,0.5,,2.0,,,0,,good_count,4.0,9.0,,,,,,,,,,,,,,,,,1.0,,44,paper\main_text_experiments\runs\ratio_downstream_5k\ratio_0p0025_seed_44,0.0025,12,5000
mscoco,cosine,market_typiclust_select,244,12,0,0.0,-1.333886981010437,1.333886981010437,-3.97364289028701e-07,-0.0015448383055627,1,baseline_feature,0,0,1,5000,28000,1000,0.96003395318985,top_quantile,0.2019144999999298,0.8546760625,0.3333333333333333,0.5,,,,,0,,good_count,0.0,12.0,,,,,,,,,,,,,,,,,,,44,paper\main_text_experiments\runs\ratio_downstream_5k\ratio_0p0025_seed_44,0.0025,12,5000
mscoco,cosine,ours_kernel_ridge_student,244,12,9,0.75,1.802568435668945,-1.802568435668945,4.3213367462158203e-07,0.0041226004250347,1,online_student,0,0,1,5000,28000,1000,0.96003395318985,top_quantile,0.2057768999998188,0.86130803125,0.6667828374588531,0.695,,,,,1,ours_student_row_ctpt,good_count,9.0,,10000.0,64.0,4.0,92931.597765,53.80301340178943,53.80903000000001,107.61806,92931.597765,92931.597765,705941.0,192.0,0.0,192.0,192.0,10000.0,1.0,5.0,7.0,44,paper\main_text_experiments\runs\ratio_downstream_5k\ratio_0p0025_seed_44,0.0025,12,5000
mscoco,cosine,ours_sample_package_krr,244,12,9,0.75,1.802568435668945,-1.802568435668945,4.3213367462158203e-07,0.0041226004250347,1,online_student,0,1,4,1250,28000,1000,0.96003395318985,top_quantile,0.2448324000001775,0.8788526875,0.3333333333333333,0.5,,,,,1,ours_student_pkg_ctpt,good_count,9.0,,10000.0,64.0,4.0,1786105.677236,2.799386432575201,2.80927,5.61854,1786105.677236,446526.419309,235320.0,10.0,0.0,10.0,10.0,2500.0,4.0,5.0,7.0,44,paper\main_text_experiments\runs\ratio_downstream_5k\ratio_0p0025_seed_44,0.0025,12,5000
mscoco,all_average,market_random_select,244,12,0,0.0,-0.9561930298805236,0.9561930298805236,-1.4901161193847656e-07,-0.0012270893203094,1,baseline_feature,0,0,1,5000,28000,1000,0.96003395318985,top_quantile,0.1989067999998042,0.84435559375,0.3772718212760389,0.520375,3.0,2.0,3.0,,0,,good_count,0.0,2.0,,,,,,,,,,,,,,,,,2.0,,44,paper\main_text_experiments\runs\ratio_downstream_5k\ratio_0p0025_seed_44,0.0025,12,5000
mscoco,all_average,market_cosine_select,244,12,12,1.0,3.5284299850463867,-3.5284299850463867,1.1026859283447266e-06,0.0067151505500078,0,baseline_feature,0,0,1,5000,28000,1000,0.96003395318985,top_quantile,0.1949036999999407,0.86076628125,0.3333333333333333,0.5,,,,,0,,good_count,12.0,,,,,,,,,,,,,,,,,,,12.0,44,paper\main_text_experiments\runs\ratio_downstream_5k\ratio_0p0025_seed_44,0.0025,12,5000
mscoco,all_average,market_coreset_select,244,12,1,0.0833333333333333,-0.2894905209541321,0.2894905209541321,-9.934107225717527e-08,0.000288756302325,1,baseline_feature,0,0,1,5000,28000,1000,0.96003395318985,top_quantile,0.2236116000003676,0.8773582812499998,0.3333333333333333,0.5,,,12.0,,0,,good_count,1.0,,,,,,,,,,,,,,,,,,,,44,paper\main_text_experiments\runs\ratio_downstream_5k\ratio_0p0025_seed_44,0.0025,12,5000
mscoco,all_average,market_badge_select,244,12,2,0.1666666666666666,0.0363653376698493,-0.0363653376698493,-1.2914340175029793e-07,0.0011624918552115,1,baseline_model_based,1,0,1,5000,28000,1000,0.96003395318985,top_quantile,0.2053811999999197,0.890022625,0.3333333333333333,0.5,,,12.0,,0,,good_count,2.0,,,,,,,,,,,,,,,,,,,,44,paper\main_text_experiments\runs\ratio_downstream_5k\ratio_0p0025_seed_44,0.0025,12,5000
mscoco,all_average,market_kmeans_center_select,244,12,0,0.0,-0.8077935576438904,0.8077935576438904,-4.76837158203125e-07,-5.716005398426205e-05,1,baseline_feature,0,0,1,5000,28000,1000,0.96003395318985,top_quantile,0.1939714999998614,0.8725553125000001,0.3333333333333333,0.5,,7.0,,,0,,good_count,0.0,5.0,,,,,,,,,,,,,,,,,,,44,paper\main_text_experiments\runs\ratio_downstream_5k\ratio_0p0025_seed_44,0.0025,12,5000
mscoco,all_average,market_typiclust_select,244,12,0,0.0,-0.7496144771575928,0.7496144771575928,-3.6259493185752955e-07,-0.0001948891294887,1,baseline_feature,0,0,1,5000,28000,1000,0.96003395318985,top_quantile,0.1940970000000561,0.85780365625,0.3333333333333333,0.5,,5.0,,,0,,good_count,0.0,7.0,,,,,,,,,,,,,,,,,,,44,paper\main_text_experiments\runs\ratio_downstream_5k\ratio_0p0025_seed_44,0.0025,12,5000
mscoco,all_average,ours_kernel_ridge_student,244,12,9,0.75,1.617417335510254,-1.617417335510254,1.788139343261719e-07,0.0042900685220956,1,online_student,0,0,1,5000,28000,1000,0.96003395318985,top_quantile,0.1948526000001038,0.86839971875,0.3333333333333333,0.5,,,,,1,ours_student_row_ctpt,good_count,9.0,,10000.0,64.0,4.0,92931.597765,53.80301340178943,53.80903000000001,107.61806,92931.597765,92931.597765,705941.0,192.0,0.0,192.0,192.0,10000.0,1.0,4.0,8.0,44,paper\main_text_experiments\runs\ratio_downstream_5k\ratio_0p0025_seed_44,0.0025,12,5000
mscoco,all_average,ours_sample_package_krr,244,12,9,0.75,1.617417335510254,-1.617417335510254,1.788139343261719e-07,0.0042900685220956,1,online_student,0,1,4,1250,28000,1000,0.96003395318985,top_quantile,0.1965893999999934,0.8679135937500001,0.3333333333333333,0.5,,,,,1,ours_student_pkg_ctpt,good_count,9.0,,10000.0,64.0,4.0,1786105.677236,2.799386432575201,2.80927,5.61854,1786105.677236,446526.419309,235320.0,10.0,0.0,10.0,10.0,2500.0,4.0,4.0,8.0,44,paper\main_text_experiments\runs\ratio_downstream_5k\ratio_0p0025_seed_44,0.0025,12,5000
hateful_memes,noise,market_random_select,42,25,3,0.12,-0.1018100380897522,0.1018100380897522,-6.382465471688192e-06,0.0037569396663457,1,baseline_feature,0,0,1,5000,28000,1000,0.9174745082855223,top_quantile,0.1694390000002386,0.5272468383431086,0.3697478991596639,0.5866666666666667,4.0,2.0,17.0,2.0,0,,good_count,3.0,,,,,,,,,,,,,,,,,,,,42,paper\main_text_experiments\runs\ratio_downstream_5k\ratio_0p005_seed_42,0.005,25,5000
hateful_memes,noise,market_cosine_select,42,25,0,0.0,-1.6910507678985596,1.6910507678985596,-0.000101947785879,-0.0195758994668722,1,baseline_feature,0,0,1,5000,28000,1000,0.9174745082855223,top_quantile,0.1600923000000875,0.5259934017595308,0.3697478991596639,0.5866666666666667,,,,25.0,0,,good_count,0.0,,,,,,,,,,,,,,,,,,,,42,paper\main_text_experiments\runs\ratio_downstream_5k\ratio_0p005_seed_42,0.005,25,5000
hateful_memes,noise,market_coreset_select,42,25,0,0.0,-0.2001893222332,0.2001893222332,-3.492593896226026e-05,0.0066382205113768,1,baseline_feature,0,0,1,5000,28000,1000,0.9174745082855223,top_quantile,0.1919036000003871,0.5197789131231672,0.3697478991596639,0.5866666666666667,,,25.0,,0,,good_count,0.0,,,,,,,,,,,,,,,,,,,,42,paper\main_text_experiments\runs\ratio_downstream_5k\ratio_0p005_seed_42,0.005,25,5000
hateful_memes,noise,market_badge_select,42,25,0,0.0,-0.4136978983879089,0.4136978983879089,-8.747816173126921e-05,0.0110954288393259,1,baseline_model_based,1,0,1,5000,28000,1000,0.9174745082855223,top_quantile,0.1566319999997176,0.4977765304252199,0.3697478991596639,0.5866666666666667,,,25.0,,0,,good_count,0.0,,,,,,,,,,,,,,,,,,,,42,paper\main_text_experiments\runs\ratio_downstream_5k\ratio_0p005_seed_42,0.005,25,5000
hateful_memes,noise,market_kmeans_center_select,42,25,25,1.0,3.1672866344451904,-3.1672866344451904,0.000298111437587,0.0311233550310134,0,baseline_feature,0,0,1,5000,28000,1000,0.9174745082855223,top_quantile,0.1334891999999854,0.5394283815982405,0.2924528301886792,0.4133333333333333,,9.0,,1.0,0,,good_count,25.0,15.0,,,,,,,,,,,,,,,,,,,42,paper\main_text_experiments\runs\ratio_downstream_5k\ratio_0p005_seed_42,0.005,25,5000
hateful_memes,noise,market_typiclust_select,42,25,17,0.68,1.3666971921920776,-1.3666971921920776,0.0001699948334135,0.0084807416424155,0,baseline_feature,0,0,1,5000,28000,1000,0.9174745082855223,top_quantile,0.1172903000001497,0.5285797745601173,0.2924528301886792,0.4133333333333333,,3.0,,14.0,0,,good_count,17.0,8.0,,,,,,,,,,,,,,,,,,,42,paper\main_text_experiments\runs\ratio_downstream_5k\ratio_0p005_seed_42,0.005,25,5000
hateful_memes,noise,ours_kernel_ridge_student,42,25,23,0.92,2.643871784210205,-2.643871784210205,0.0002598762512207,0.0247311647981405,0,online_student,0,0,1,5000,28000,1000,0.9174745082855223,top_quantile,0.1337578000002395,0.5072017045454545,0.3697478991596639,0.5866666666666667,,8.0,,7.0,1,ours_student_row_ctpt,good_count,23.0,10.0,10000.0,64.0,4.0,92931.597765,53.80301340178943,53.80903000000001,107.61806,92931.597765,92931.597765,705941.0,192.0,0.0,192.0,192.0,10000.0,1.0,,,42,paper\main_text_experiments\runs\ratio_downstream_5k\ratio_0p005_seed_42,0.005,25,5000
hateful_memes,noise,ours_sample_package_krr,42,25,23,0.92,2.643871784210205,-2.643871784210205,0.0002598762512207,0.0247311647981405,0,online_student,0,1,4,1250,28000,1000,0.9174745082855223,top_quantile,0.1562455999996927,0.5350378024193548,0.3697478991596639,0.5866666666666667,,8.0,,7.0,1,ours_student_pkg_ctpt,good_count,23.0,10.0,10000.0,64.0,4.0,1786105.677236,2.799386432575201,2.80927,5.61854,1786105.677236,446526.419309,235320.0,10.0,0.0,10.0,10.0,2500.0,4.0,,,42,paper\main_text_experiments\runs\ratio_downstream_5k\ratio_0p005_seed_42,0.005,25,5000
hateful_memes,coreset_far_wrong,market_random_select,42,25,3,0.12,0.0015197682660073,-0.0015197682660073,2.53963462455431e-05,0.0003867590567097,1,baseline_feature,0,0,1,5000,28000,1000,0.9174745082855223,top_quantile,0.1359548000000359,0.5238448497067448,0.3697478991596639,0.5866666666666667,17.0,2.0,4.0,2.0,0,,good_count,3.0,,,,,,,,,,,,,,,,,,,,42,paper\main_text_experiments\runs\ratio_downstream_5k\ratio_0p005_seed_42,0.005,25,5000
hateful_memes,coreset_far_wrong,market_cosine_select,42,25,0,0.0,-1.6910507678985596,1.6910507678985596,-0.000101947785879,-0.0195758994668722,1,baseline_feature,0,0,1,5000,28000,1000,0.9174745082855223,top_quantile,0.2143541000000368,0.5259934017595308,0.3697478991596639,0.5866666666666667,,,,25.0,0,,good_count,0.0,,,,,,,,,,,,,,,,,,,,42,paper\main_text_experiments\runs\ratio_downstream_5k\ratio_0p005_seed_42,0.005,25,5000
hateful_memes,coreset_far_wrong,market_coreset_select,42,25,0,0.0,-0.9472696185112,0.9472696185112,-0.0001780056918505,0.0144339194521307,1,baseline_feature,0,0,1,5000,28000,1000,0.9174745082855223,top_quantile,0.1921756000001551,0.5111931818181819,0.3697478991596639,0.5866666666666667,,,25.0,,0,,good_count,0.0,,,,,,,,,,,,,,,,,,,,42,paper\main_text_experiments\runs\ratio_downstream_5k\ratio_0p005_seed_42,0.005,25,5000
hateful_memes,coreset_far_wrong,market_badge_select,42,25,0,0.0,-0.951082706451416,0.951082706451416,-0.0001631021441426,0.0114850392565131,1,baseline_model_based,1,0,1,5000,28000,1000,0.9174745082855223,top_quantile,0.1495062999997571,0.4969851997800586,0.3697478991596639,0.5866666666666667,,,25.0,,0,,good_count,0.0,,,,,,,,,,,,,,,,,,,,42,paper\main_text_experiments\runs\ratio_downstream_5k\ratio_0p005_seed_42,0.005,25,5000
hateful_memes,coreset_far_wrong,market_kmeans_center_select,42,25,25,1.0,3.1672866344451904,-3.1672866344451904,0.000298111437587,0.0311233550310134,0,baseline_feature,0,0,1,5000,28000,1000,0.9174745082855223,top_quantile,0.1279042000001027,0.5394283815982405,0.2924528301886792,0.4133333333333333,,9.0,,1.0,0,,good_count,25.0,15.0,,,,,,,,,,,,,,,,,,,42,paper\main_text_experiments\runs\ratio_downstream_5k\ratio_0p005_seed_42,0.005,25,5000
hateful_memes,coreset_far_wrong,market_typiclust_select,42,25,17,0.68,1.3666971921920776,-1.3666971921920776,0.0001699948334135,0.0084807416424155,0,baseline_feature,0,0,1,5000,28000,1000,0.9174745082855223,top_quantile,0.1140534999999545,0.5285797745601173,0.2924528301886792,0.4133333333333333,,3.0,,14.0,0,,good_count,17.0,8.0,,,,,,,,,,,,,,,,,,,42,paper\main_text_experiments\runs\ratio_downstream_5k\ratio_0p005_seed_42,0.005,25,5000
hateful_memes,coreset_far_wrong,ours_kernel_ridge_student,42,25,23,0.92,2.643871784210205,-2.643871784210205,0.0002598762512207,0.0247311647981405,0,online_student,0,0,1,5000,28000,1000,0.9174745082855223,top_quantile,0.1298882999999477,0.5072017045454545,0.3697478991596639,0.5866666666666667,,8.0,,7.0,1,ours_student_row_ctpt,good_count,23.0,10.0,10000.0,64.0,4.0,92931.597765,53.80301340178943,53.80903000000001,107.61806,92931.597765,92931.597765,705941.0,192.0,0.0,192.0,192.0,10000.0,1.0,,,42,paper\main_text_experiments\runs\ratio_downstream_5k\ratio_0p005_seed_42,0.005,25,5000
hateful_memes,coreset_far_wrong,ours_sample_package_krr,42,25,23,0.92,2.643871784210205,-2.643871784210205,0.0002598762512207,0.0247311647981405,0,online_student,0,1,4,1250,28000,1000,0.9174745082855223,top_quantile,0.1501271000001907,0.5350378024193548,0.3697478991596639,0.5866666666666667,,8.0,,7.0,1,ours_student_pkg_ctpt,good_count,23.0,10.0,10000.0,64.0,4.0,1786105.677236,2.799386432575201,2.80927,5.61854,1786105.677236,446526.419309,235320.0,10.0,0.0,10.0,10.0,2500.0,4.0,,,42,paper\main_text_experiments\runs\ratio_downstream_5k\ratio_0p005_seed_42,0.005,25,5000
hateful_memes,typiclust_dense,market_random_select,42,25,3,0.12,-0.3161974847316742,0.3161974847316742,9.598731594451236e-06,-0.0049101887270808,1,baseline_feature,0,0,1,5000,28000,1000,0.9174745082855223,top_quantile,0.0945398999997451,0.4932017503665689,0.2924528301886792,0.4133333333333333,,6.0,,,0,,good_count,3.0,18.0,,,,,,,,,,,,,,,,,1.0,,42,paper\main_text_experiments\runs\ratio_downstream_5k\ratio_0p005_seed_42,0.005,25,5000
hateful_memes,typiclust_dense,market_cosine_select,42,25,12,0.48,0.4993658363819122,-0.4993658363819122,0.0001179623577627,-0.004276618361473,0,baseline_feature,0,0,1,5000,28000,1000,0.9174745082855223,top_quantile,0.1501688000003014,0.526346224340176,0.3697478991596639,0.5866666666666667,,,,,0,,good_count,12.0,,,,,,,,,,,,,,,,,,13.0,12.0,42,paper\main_text_experiments\runs\ratio_downstream_5k\ratio_0p005_seed_42,0.005,25,5000
hateful_memes,typiclust_dense,market_coreset_select,42,25,25,1.0,3.0647552013397217,-3.0647552013397217,0.000546371913515,-0.0190198291093111,0,baseline_feature,0,0,1,5000,28000,1000,0.9174745082855223,top_quantile,0.1357095999997,0.4731000274926686,0.2924528301886792,0.4133333333333333,,,25.0,,0,,good_count,25.0,,,,,,,,,,,,,,,,,,,,42,paper\main_text_experiments\runs\ratio_downstream_5k\ratio_0p005_seed_42,0.005,25,5000
hateful_memes,typiclust_dense,market_badge_select,42,25,25,1.0,3.0670056343078613,-3.0670056343078613,0.0005470180767588,-0.0190844386816024,0,baseline_model_based,1,0,1,5000,28000,1000,0.9174745082855223,top_quantile,0.1541861999999128,0.5147949505131965,0.3697478991596639,0.5866666666666667,,,25.0,,0,,good_count,25.0,,,,,,,,,,,,,,,,,,,,42,paper\main_text_experiments\runs\ratio_downstream_5k\ratio_0p005_seed_42,0.005,25,5000
hateful_memes,typiclust_dense,market_kmeans_center_select,42,25,0,0.0,-0.1303367763757705,0.1303367763757705,-5.691051683243131e-06,0.0028780153952538,1,baseline_feature,0,0,1,5000,28000,1000,0.9174745082855223,top_quantile,0.1467642999996314,0.5462016587243401,0.3697478991596639,0.5866666666666667,,5.0,,,0,,good_count,0.0,20.0,,,,,,,,,,,,,,,,,,,42,paper\main_text_experiments\runs\ratio_downstream_5k\ratio_0p005_seed_42,0.005,25,5000
hateful_memes,typiclust_dense,market_typiclust_select,42,25,0,0.0,-0.5961557626724243,0.5961557626724243,-3.9825437852414325e-05,-0.0027904266025871,1,baseline_feature,0,0,1,5000,28000,1000,0.9174745082855223,top_quantile,0.0980631000002176,0.5311514846041056,0.2924528301886792,0.4133333333333333,,7.0,,,0,,good_count,0.0,18.0,,,,,,,,,,,,,,,,,,,42,paper\main_text_experiments\runs\ratio_downstream_5k\ratio_0p005_seed_42,0.005,25,5000
hateful_memes,typiclust_dense,ours_kernel_ridge_student,42,25,10,0.4,1.715242862701416,-1.715242862701416,0.0001612329506315,0.0192796532064676,0,online_student,0,0,1,5000,28000,1000,0.9174745082855223,top_quantile,0.1302628000003096,0.5128003574046921,0.3697478991596639,0.5866666666666667,,5.0,,2.0,1,ours_student_row_ctpt,good_count,10.0,18.0,10000.0,64.0,4.0,92931.597765,53.80301340178943,53.80903000000001,107.61806,92931.597765,92931.597765,705941.0,192.0,0.0,192.0,192.0,10000.0,1.0,,,42,paper\main_text_experiments\runs\ratio_downstream_5k\ratio_0p005_seed_42,0.005,25,5000
hateful_memes,typiclust_dense,ours_sample_package_krr,42,25,10,0.4,1.715242862701416,-1.715242862701416,0.0001612329506315,0.0192796532064676,0,online_student,0,1,4,1250,28000,1000,0.9174745082855223,top_quantile,0.1523032999998577,0.5408935117302053,0.3697478991596639,0.5866666666666667,,5.0,,2.0,1,ours_student_pkg_ctpt,good_count,10.0,18.0,10000.0,64.0,4.0,1786105.677236,2.799386432575201,2.80927,5.61854,1786105.677236,446526.419309,235320.0,10.0,0.0,10.0,10.0,2500.0,4.0,,,42,paper\main_text_experiments\runs\ratio_downstream_5k\ratio_0p005_seed_42,0.005,25,5000
hateful_memes,kmeans_center,market_random_select,42,25,3,0.12,-0.1110346391797065,0.1110346391797065,3.722429391928017e-05,-0.0048207058571279,1,baseline_feature,0,0,1,5000,28000,1000,0.9174745082855223,top_quantile,0.1133856000001287,0.5011640854105572,0.3697478991596639,0.5866666666666667,1.0,17.0,,1.0,0,,good_count,3.0,6.0,,,,,,,,,,,,,,,,,,,42,paper\main_text_experiments\runs\ratio_downstream_5k\ratio_0p005_seed_42,0.005,25,5000
hateful_memes,kmeans_center,market_cosine_select,42,25,25,1.0,2.704385757446289,-2.704385757446289,0.0003585171652957,0.0074583520181477,0,baseline_feature,0,0,1,5000,28000,1000,0.9174745082855223,top_quantile,0.151462100000117,0.4897527950879765,0.3697478991596639,0.5866666666666667,,,,1.0,0,,good_count,25.0,,,,,,,,,,,,,,,,,,14.0,10.0,42,paper\main_text_experiments\runs\ratio_downstream_5k\ratio_0p005_seed_42,0.005,25,5000
hateful_memes,kmeans_center,market_coreset_select,42,25,25,1.0,3.1139180660247803,-3.1139180660247803,0.0005534338997676,-0.0190829001367092,0,baseline_feature,0,0,1,5000,28000,1000,0.9174745082855223,top_quantile,0.1430749999999534,0.4731437866568915,0.2924528301886792,0.4133333333333333,,,25.0,,0,,good_count,25.0,,,,,,,,,,,,,,,,,,,,42,paper\main_text_experiments\runs\ratio_downstream_5k\ratio_0p005_seed_42,0.005,25,5000
hateful_memes,kmeans_center,market_badge_select,42,25,25,1.0,3.0670056343078613,-3.0670056343078613,0.0005470180767588,-0.0190844386816024,0,baseline_model_based,1,0,1,5000,28000,1000,0.9174745082855223,top_quantile,0.1658578999999918,0.5147949505131965,0.3697478991596639,0.5866666666666667,,,25.0,,0,,good_count,25.0,,,,,,,,,,,,,,,,,,,,42,paper\main_text_experiments\runs\ratio_downstream_5k\ratio_0p005_seed_42,0.005,25,5000
hateful_memes,kmeans_center,market_kmeans_center_select,42,25,0,0.0,-0.8158939480781555,0.8158939480781555,-5.661010800395161e-05,-0.0053338683210313,1,baseline_feature,0,0,1,5000,28000,1000,0.9174745082855223,top_quantile,0.1537618000002112,0.5408206561583577,0.3697478991596639,0.5866666666666667,,16.0,,,0,,good_count,0.0,9.0,,,,,,,,,,,,,,,,,,,42,paper\main_text_experiments\runs\ratio_downstream_5k\ratio_0p005_seed_42,0.005,25,5000
hateful_memes,kmeans_center,market_typiclust_select,42,25,0,0.0,-0.7117541432380676,0.7117541432380676,-4.1804312786553055e-05,-0.0054381643421947,1,baseline_feature,0,0,1,5000,28000,1000,0.9174745082855223,top_quantile,0.110987699999896,0.5349942723607038,0.2924528301886792,0.4133333333333333,,19.0,,,0,,good_count,0.0,6.0,,,,,,,,,,,,,,,,,,,42,paper\main_text_experiments\runs\ratio_downstream_5k\ratio_0p005_seed_42,0.005,25,5000
hateful_memes,kmeans_center,ours_kernel_ridge_student,42,25,9,0.36,1.323036789894104,-1.323036789894104,0.0001354861306026,0.0139347622171044,1,online_student,0,0,1,5000,28000,1000,0.9174745082855223,top_quantile,0.1333018000000265,0.5088214809384164,0.3697478991596639,0.5866666666666667,,18.0,,1.0,1,ours_student_row_ctpt,good_count,9.0,6.0,10000.0,64.0,4.0,92931.597765,53.80301340178943,53.80903000000001,107.61806,92931.597765,92931.597765,705941.0,192.0,0.0,192.0,192.0,10000.0,1.0,,,42,paper\main_text_experiments\runs\ratio_downstream_5k\ratio_0p005_seed_42,0.005,25,5000
hateful_memes,kmeans_center,ours_sample_package_krr,42,25,9,0.36,1.323036789894104,-1.323036789894104,0.0001354861306026,0.0139347622171044,1,online_student,0,1,4,1250,28000,1000,0.9174745082855223,top_quantile,0.151668299999983,0.5272997617302053,0.3697478991596639,0.5866666666666667,,18.0,,1.0,1,ours_student_pkg_ctpt,good_count,9.0,6.0,10000.0,64.0,4.0,1786105.677236,2.799386432575201,2.80927,5.61854,1786105.677236,446526.419309,235320.0,10.0,0.0,10.0,10.0,2500.0,4.0,,,42,paper\main_text_experiments\runs\ratio_downstream_5k\ratio_0p005_seed_42,0.005,25,5000
hateful_memes,uncertainty_badge,market_random_select,42,25,3,0.12,-0.1859938502311706,0.1859938502311706,9.0861321950797e-06,-0.0014038366498425,1,baseline_feature,0,0,1,5000,28000,1000,0.9174745082855223,top_quantile,0.094542199999978,0.4917027126099706,0.2924528301886792,0.4133333333333333,4.0,2.0,,18.0,0,,good_count,3.0,,,,,,,,,,,,,,,,,,1.0,,42,paper\main_text_experiments\runs\ratio_downstream_5k\ratio_0p005_seed_42,0.005,25,5000
hateful_memes,uncertainty_badge,market_cosine_select,42,25,0,0.0,-1.3753790855407717,1.3753790855407717,-0.0001012587526929,-0.0114442417398095,1,baseline_feature,0,0,1,5000,28000,1000,0.9174745082855223,top_quantile,0.1504542000002402,0.5197241568914956,0.3697478991596639,0.5866666666666667,,,,,0,,good_count,0.0,,,,,,,,,,,,,,,,,,25.0,,42,paper\main_text_experiments\runs\ratio_downstream_5k\ratio_0p005_seed_42,0.005,25,5000
hateful_memes,uncertainty_badge,market_coreset_select,42,25,0,0.0,-0.9052186608314514,0.9052186608314514,-1.2927055649925023e-05,-0.0160228889435529,1,baseline_feature,0,0,1,5000,28000,1000,0.9174745082855223,top_quantile,0.1806111999999302,0.5250201612903226,0.3697478991596639,0.5866666666666667,19.0,,,,0,,good_count,0.0,,,,,,,,,,,,,,,,,,6.0,,42,paper\main_text_experiments\runs\ratio_downstream_5k\ratio_0p005_seed_42,0.005,25,5000
hateful_memes,uncertainty_badge,market_badge_select,42,25,0,0.0,-1.0242871046066284,1.0242871046066284,-2.7811527615995143e-05,-0.0162943415343761,1,baseline_model_based,1,0,1,5000,28000,1000,0.9174745082855223,top_quantile,0.1554934999999204,0.5151092833577713,0.3697478991596639,0.5866666666666667,9.0,,,,0,,good_count,0.0,,,,,,,,,,,,,,,,,,16.0,,42,paper\main_text_experiments\runs\ratio_downstream_5k\ratio_0p005_seed_42,0.005,25,5000
hateful_memes,uncertainty_badge,market_kmeans_center_select,42,25,12,0.48,1.548748016357422,-1.548748016357422,0.0001355194981442,0.0198368616402149,0,baseline_feature,0,0,1,5000,28000,1000,0.9174745082855223,top_quantile,0.1336787000000185,0.5422023918621701,0.2924528301886792,0.4133333333333333,,5.0,,14.0,0,,good_count,12.0,6.0,,,,,,,,,,,,,,,,,,,42,paper\main_text_experiments\runs\ratio_downstream_5k\ratio_0p005_seed_42,0.005,25,5000
hateful_memes,uncertainty_badge,market_typiclust_select,42,25,7,0.28,1.017932415008545,-1.017932415008545,8.320808410644531e-05,0.0159418396651744,1,baseline_feature,0,0,1,5000,28000,1000,0.9174745082855223,top_quantile,0.1444031999999424,0.5317029417155426,0.2924528301886792,0.4133333333333333,,3.0,,14.0,0,,good_count,7.0,4.0,,,,,,,,,,,,,,,,,4.0,,42,paper\main_text_experiments\runs\ratio_downstream_5k\ratio_0p005_seed_42,0.005,25,5000
hateful_memes,uncertainty_badge,ours_kernel_ridge_student,42,25,15,0.6,2.1458466053009038,-2.1458466053009038,0.0002055907243629,0.0220718868076801,0,online_student,0,0,1,5000,28000,1000,0.9174745082855223,top_quantile,0.1318712000002051,0.5176532716275659,0.3697478991596639,0.5866666666666667,,5.0,,13.0,1,ours_student_row_ctpt,good_count,15.0,7.0,10000.0,64.0,4.0,92931.597765,53.80301340178943,53.80903000000001,107.61806,92931.597765,92931.597765,705941.0,192.0,0.0,192.0,192.0,10000.0,1.0,,,42,paper\main_text_experiments\runs\ratio_downstream_5k\ratio_0p005_seed_42,0.005,25,5000
hateful_memes,uncertainty_badge,ours_sample_package_krr,42,25,15,0.6,2.1458466053009038,-2.1458466053009038,0.0002055907243629,0.0220718868076801,0,online_student,0,1,4,1250,28000,1000,0.9174745082855223,top_quantile,0.1459407000002102,0.5507897269061584,0.3697478991596639,0.5866666666666667,,5.0,,13.0,1,ours_student_pkg_ctpt,good_count,15.0,7.0,10000.0,64.0,4.0,1786105.677236,2.799386432575201,2.80927,5.61854,1786105.677236,446526.419309,235320.0,10.0,0.0,10.0,10.0,2500.0,4.0,,,42,paper\main_text_experiments\runs\ratio_downstream_5k\ratio_0p005_seed_42,0.005,25,5000
hateful_memes,cosine,market_random_select,42,25,3,0.12,-0.3324342370033264,0.3324342370033264,7.939338502183091e-06,-0.0050179986283183,1,baseline_feature,0,0,1,5000,28000,1000,0.9174745082855223,top_quantile,0.0943689999999151,0.4933163031524926,0.2924528301886792,0.4133333333333333,1.0,,,1.0,0,,good_count,3.0,6.0,,,,,,,,,,,,,,,,,17.0,,42,paper\main_text_experiments\runs\ratio_downstream_5k\ratio_0p005_seed_42,0.005,25,5000
hateful_memes,cosine,market_cosine_select,42,25,0,0.0,-0.1159042865037918,0.1159042865037918,-2.4824143110890876e-05,0.0069134319201111,1,baseline_feature,0,0,1,5000,28000,1000,0.9174745082855223,top_quantile,0.1518510000000787,0.4775311583577712,0.3697478991596639,0.5866666666666667,,,,,0,,good_count,0.0,,,,,,,,,,,,,,,,,,25.0,,42,paper\main_text_experiments\runs\ratio_downstream_5k\ratio_0p005_seed_42,0.005,25,5000
hateful_memes,cosine,market_coreset_select,42,25,25,1.0,3.152668237686157,-3.152668237686157,0.0005608248757198,-0.0194814465939998,0,baseline_feature,0,0,1,5000,28000,1000,0.9174745082855223,top_quantile,0.1273323000000346,0.472346728372434,0.2924528301886792,0.4133333333333333,,,25.0,,0,,good_count,25.0,,,,,,,,,,,,,,,,,,,,42,paper\main_text_experiments\runs\ratio_downstream_5k\ratio_0p005_seed_42,0.005,25,5000
hateful_memes,cosine,market_badge_select,42,25,25,1.0,3.152668237686157,-3.152668237686157,0.0005608248757198,-0.0194814447313547,0,baseline_model_based,1,0,1,5000,28000,1000,0.9174745082855223,top_quantile,0.148194500000045,0.5150107679618768,0.3697478991596639,0.5866666666666667,,,25.0,,0,,good_count,25.0,,,,,,,,,,,,,,,,,,,,42,paper\main_text_experiments\runs\ratio_downstream_5k\ratio_0p005_seed_42,0.005,25,5000
hateful_memes,cosine,market_kmeans_center_select,42,25,5,0.2,-1.3360742330551147,1.3360742330551147,-4.383802297525108e-05,-0.0213923025876283,1,baseline_feature,0,0,1,5000,28000,1000,0.9174745082855223,top_quantile,0.1512222000001202,0.5533266129032258,0.3697478991596639,0.5866666666666667,,2.0,,,0,,good_count,5.0,23.0,,,,,,,,,,,,,,,,,,,42,paper\main_text_experiments\runs\ratio_downstream_5k\ratio_0p005_seed_42,0.005,25,5000
hateful_memes,cosine,market_typiclust_select,42,25,0,0.0,-1.2606903314590454,1.2606903314590454,-7.955550972837955e-05,-0.0125909587368369,1,baseline_feature,0,0,1,5000,28000,1000,0.9174745082855223,top_quantile,0.1339750000001913,0.5306298112170088,0.2924528301886792,0.4133333333333333,,,,,0,,good_count,0.0,11.0,,,,,,,,,,,,,,,,,14.0,,42,paper\main_text_experiments\runs\ratio_downstream_5k\ratio_0p005_seed_42,0.005,25,5000
hateful_memes,cosine,ours_kernel_ridge_student,42,25,21,0.84,2.12660813331604,-2.12660813331604,0.0002183365868404,0.0191316902637481,0,online_student,0,0,1,5000,28000,1000,0.9174745082855223,top_quantile,0.2106217000000469,0.5139055626832845,0.3697478991596639,0.5866666666666667,,9.0,,6.0,1,ours_student_row_ctpt,good_count,21.0,10.0,10000.0,64.0,4.0,92931.597765,53.80301340178943,53.80903000000001,107.61806,92931.597765,92931.597765,705941.0,192.0,0.0,192.0,192.0,10000.0,1.0,,,42,paper\main_text_experiments\runs\ratio_downstream_5k\ratio_0p005_seed_42,0.005,25,5000
hateful_memes,cosine,ours_sample_package_krr,42,25,21,0.84,2.12660813331604,-2.12660813331604,0.0002183365868404,0.0191316902637481,0,online_student,0,1,4,1250,28000,1000,0.9174745082855223,top_quantile,0.1496110999996744,0.5381465359237536,0.3697478991596639,0.5866666666666667,,9.0,,6.0,1,ours_student_pkg_ctpt,good_count,21.0,10.0,10000.0,64.0,4.0,1786105.677236,2.799386432575201,2.80927,5.61854,1786105.677236,446526.419309,235320.0,10.0,0.0,10.0,10.0,2500.0,4.0,,,42,paper\main_text_experiments\runs\ratio_downstream_5k\ratio_0p005_seed_42,0.005,25,5000
hateful_memes,all_average,market_random_select,42,25,3,0.12,-0.8210340738296509,0.8210340738296509,-7.832049959688447e-06,-0.0147931752726435,1,baseline_feature,0,0,1,5000,28000,1000,0.9174745082855223,top_quantile,0.0992455000000518,0.4990721224340175,0.2924528301886792,0.4133333333333333,5.0,3.0,4.0,4.0,0,,good_count,3.0,6.0,,,,,,,,,,,,,,,,,3.0,,42,paper\main_text_experiments\runs\ratio_downstream_5k\ratio_0p005_seed_42,0.005,25,5000
hateful_memes,all_average,market_cosine_select,42,25,0,0.0,-1.5219221115112305,1.5219221115112305,-7.504701352445409e-05,-0.0202911421656608,1,baseline_feature,0,0,1,5000,28000,1000,0.9174745082855223,top_quantile,0.1599804000002223,0.5221982679618768,0.3697478991596639,0.5866666666666667,,,,,0,,good_count,0.0,,,,,,,,,,,,,,,,,,25.0,,42,paper\main_text_experiments\runs\ratio_downstream_5k\ratio_0p005_seed_42,0.005,25,5000
hateful_memes,all_average,market_coreset_select,42,25,1,0.04,-0.8842667937278748,0.8842667937278748,-0.0001709437347017,0.0147331366315484,1,baseline_feature,0,0,1,5000,28000,1000,0.9174745082855223,top_quantile,0.2399323999998159,0.509923249633431,0.3697478991596639,0.5866666666666667,,,25.0,,0,,good_count,1.0,,,,,,,,,,,,,,,,,,,,42,paper\main_text_experiments\runs\ratio_downstream_5k\ratio_0p005_seed_42,0.005,25,5000
hateful_memes,all_average,market_badge_select,42,25,1,0.04,-0.8611068725585938,0.8611068725585938,-0.0001643204741412,0.0140732517465949,1,baseline_model_based,1,0,1,5000,28000,1000,0.9174745082855223,top_quantile,0.1530162999997628,0.5295268969941349,0.3697478991596639,0.5866666666666667,,,25.0,,0,,good_count,1.0,,,,,,,,,,,,,,,,,,,,42,paper\main_text_experiments\runs\ratio_downstream_5k\ratio_0p005_seed_42,0.005,25,5000
hateful_memes,all_average,market_kmeans_center_select,42,25,0,0.0,-1.0086976289749146,1.0086976289749146,-8.183717727661133e-05,-0.0055583352223038,1,baseline_feature,0,0,1,5000,28000,1000,0.9174745082855223,top_quantile,0.1342389000001276,0.5438409549120236,0.2924528301886792,0.4133333333333333,,10.0,,1.0,0,,good_count,0.0,14.0,,,,,,,,,,,,,,,,,,,42,paper\main_text_experiments\runs\ratio_downstream_5k\ratio_0p005_seed_42,0.005,25,5000
hateful_memes,all_average,market_typiclust_select,42,25,0,0.0,-1.38621187210083,1.38621187210083,-8.957624231697991e-05,-0.0139611195772886,1,baseline_feature,0,0,1,5000,28000,1000,0.9174745082855223,top_quantile,0.130597299999863,0.5326516678885631,0.2924528301886792,0.4133333333333333,,10.0,,,0,,good_count,0.0,13.0,,,,,,,,,,,,,,,,,2.0,,42,paper\main_text_experiments\runs\ratio_downstream_5k\ratio_0p005_seed_42,0.005,25,5000
hateful_memes,all_average,ours_kernel_ridge_student,42,25,14,0.56,0.6002549529075623,-0.6002549529075623,9.505271736998112e-05,0.0027439342811703,0,online_student,0,0,1,5000,28000,1000,0.9174745082855223,top_quantile,0.1572955999999976,0.5250829362170087,0.3697478991596639,0.5866666666666667,,9.0,,6.0,1,ours_student_row_ctpt,good_count,14.0,10.0,10000.0,64.0,4.0,92931.597765,53.80301340178943,53.80903000000001,107.61806,92931.597765,92931.597765,705941.0,192.0,0.0,192.0,192.0,10000.0,1.0,,,42,paper\main_text_experiments\runs\ratio_downstream_5k\ratio_0p005_seed_42,0.005,25,5000
hateful_memes,all_average,ours_sample_package_krr,42,25,14,0.56,0.6002549529075623,-0.6002549529075623,9.505271736998112e-05,0.0027439342811703,0,online_student,0,1,4,1250,28000,1000,0.9174745082855223,top_quantile,0.1559965999999804,0.5394270069648094,0.3697478991596639,0.5866666666666667,,9.0,,6.0,1,ours_student_pkg_ctpt,good_count,14.0,10.0,10000.0,64.0,4.0,1786105.677236,2.799386432575201,2.80927,5.61854,1786105.677236,446526.419309,235320.0,10.0,0.0,10.0,10.0,2500.0,4.0,,,42,paper\main_text_experiments\runs\ratio_downstream_5k\ratio_0p005_seed_42,0.005,25,5000
hatespeech,noise,market_random_select,142,25,2,0.08,-0.8609232306480408,0.8609232306480408,-9.0451241703704e-05,0.0295355860143899,1,baseline_feature,0,0,1,5000,28000,1000,1.0360314846038818,top_quantile,0.3506962999999814,0.5593543000000001,0.3333333333333333,0.5,1.0,1.0,16.0,7.0,0,,good_count,2.0,,,,,,,,,,,,,,,,,,,,42,paper\main_text_experiments\runs\ratio_downstream_5k\ratio_0p005_seed_42,0.005,25,5000
hatespeech,noise,market_cosine_select,142,25,0,0.0,-0.2833605408668518,0.2833605408668518,-7.476806786144152e-06,0.0168208871036767,1,baseline_feature,0,0,1,5000,28000,1000,1.0360314846038818,top_quantile,0.2574580999998943,0.53605668,0.3333333333333333,0.5,,,,25.0,0,,good_count,0.0,,,,,,,,,,,,,,,,,,,,42,paper\main_text_experiments\runs\ratio_downstream_5k\ratio_0p005_seed_42,0.005,25,5000
hatespeech,noise,market_coreset_select,142,25,0,0.0,-1.1233290433883667,1.1233290433883667,-0.000108156207716,0.0241633914411067,1,baseline_feature,0,0,1,5000,28000,1000,1.0360314846038818,top_quantile,0.2649151000000529,0.55739306,0.3333333333333333,0.5,,,25.0,,0,,good_count,0.0,,,,,,,,,,,,,,,,,,,,42,paper\main_text_experiments\runs\ratio_downstream_5k\ratio_0p005_seed_42,0.005,25,5000
hatespeech,noise,market_badge_select,142,25,0,0.0,-0.9170652627944946,0.9170652627944946,-8.290290861623362e-05,0.0220646206289529,1,baseline_model_based,1,0,1,5000,28000,1000,1.0360314846038818,top_quantile,0.2285698000000593,0.57392416,0.3333333333333333,0.5,,,25.0,,0,,good_count,0.0,,,,,,,,,,,,,,,,,,,,42,paper\main_text_experiments\runs\ratio_downstream_5k\ratio_0p005_seed_42,0.005,25,5000
hatespeech,noise,market_kmeans_center_select,142,25,25,1.0,3.090500593185425,-3.090500593185425,0.0002249479293823,0.0832255184650421,0,baseline_feature,0,0,1,5000,28000,1000,1.0360314846038818,top_quantile,0.2259229000001141,0.56993762,0.3333333333333333,0.5,,9.0,,,0,,good_count,25.0,16.0,,,,,,,,,,,,,,,,,,,42,paper\main_text_experiments\runs\ratio_downstream_5k\ratio_0p005_seed_42,0.005,25,5000
hatespeech,noise,market_typiclust_select,142,25,25,1.0,3.0706627368927,-3.0706627368927,0.0002237296139355,0.0827523916959762,0,baseline_feature,0,0,1,5000,28000,1000,1.0360314846038818,top_quantile,0.163718499999959,0.5103059000000001,0.3333333333333333,0.5,,11.0,,,0,,good_count,25.0,14.0,,,,,,,,,,,,,,,,,,,42,paper\main_text_experiments\runs\ratio_downstream_5k\ratio_0p005_seed_42,0.005,25,5000
hatespeech,noise,ours_kernel_ridge_student,142,25,25,1.0,3.5014121532440186,-3.5014121532440186,0.0002730798732955,0.0802582949399948,0,online_student,0,0,1,5000,28000,1000,1.0360314846038818,top_quantile,0.226357999999891,0.5655196,0.3333333333333333,0.5,,12.0,,1.0,1,ours_student_row_ctpt,good_count,25.0,12.0,10000.0,64.0,4.0,92931.597765,53.80301340178943,53.80903000000001,107.61806,92931.597765,92931.597765,705941.0,192.0,0.0,192.0,192.0,10000.0,1.0,,,42,paper\main_text_experiments\runs\ratio_downstream_5k\ratio_0p005_seed_42,0.005,25,5000
hatespeech,noise,ours_sample_package_krr,142,25,25,1.0,3.5014121532440186,-3.5014121532440186,0.0002730798732955,0.0802582949399948,0,online_student,0,1,4,1250,28000,1000,1.0360314846038818,top_quantile,0.1828998999999385,0.5466837600000001,0.3333333333333333,0.5,,12.0,,1.0,1,ours_student_pkg_ctpt,good_count,25.0,12.0,10000.0,64.0,4.0,1786105.677236,2.799386432575201,2.80927,5.61854,1786105.677236,446526.419309,235320.0,10.0,0.0,10.0,10.0,2500.0,4.0,,,42,paper\main_text_experiments\runs\ratio_downstream_5k\ratio_0p005_seed_42,0.005,25,5000
hatespeech,coreset_far_wrong,market_random_select,142,25,2,0.08,-0.1418341398239135,0.1418341398239135,-2.250432953587733e-05,0.0334231965243816,1,baseline_feature,0,0,1,5000,28000,1000,1.0360314846038818,top_quantile,0.2289176999997835,0.5596669400000001,0.3333333333333333,0.5,16.0,1.0,1.0,7.0,0,,good_count,2.0,,,,,,,,,,,,,,,,,,,,42,paper\main_text_experiments\runs\ratio_downstream_5k\ratio_0p005_seed_42,0.005,25,5000
hatespeech,coreset_far_wrong,market_cosine_select,142,25,0,0.0,-0.2833605408668518,0.2833605408668518,-7.476806786144152e-06,0.0168208871036767,1,baseline_feature,0,0,1,5000,28000,1000,1.0360314846038818,top_quantile,0.1736311999998179,0.53605668,0.3333333333333333,0.5,,,,25.0,0,,good_count,0.0,,,,,,,,,,,,,,,,,,,,42,paper\main_text_experiments\runs\ratio_downstream_5k\ratio_0p005_seed_42,0.005,25,5000
hatespeech,coreset_far_wrong,market_coreset_select,142,25,0,0.0,-1.9570776224136357,1.9570776224136357,-0.0001998972875298,0.0268828961998224,1,baseline_feature,0,0,1,5000,28000,1000,1.0360314846038818,top_quantile,0.2589810000004036,0.5575208199999999,0.3333333333333333,0.5,,,25.0,,0,,good_count,0.0,,,,,,,,,,,,,,,,,,,,42,paper\main_text_experiments\runs\ratio_downstream_5k\ratio_0p005_seed_42,0.005,25,5000
hatespeech,coreset_far_wrong,market_badge_select,142,25,0,0.0,-1.975746154785156,1.975746154785156,-0.0001931619626702,0.0220424123108387,1,baseline_model_based,1,0,1,5000,28000,1000,1.0360314846038818,top_quantile,0.231651900000088,0.5741551,0.3333333333333333,0.5,,,25.0,,0,,good_count,0.0,,,,,,,,,,,,,,,,,,,,42,paper\main_text_experiments\runs\ratio_downstream_5k\ratio_0p005_seed_42,0.005,25,5000
hatespeech,coreset_far_wrong,market_kmeans_center_select,142,25,25,1.0,3.090500593185425,-3.090500593185425,0.0002249479293823,0.0832255184650421,0,baseline_feature,0,0,1,5000,28000,1000,1.0360314846038818,top_quantile,0.2317219999999906,0.56993762,0.3333333333333333,0.5,,9.0,,,0,,good_count,25.0,16.0,,,,,,,,,,,,,,,,,,,42,paper\main_text_experiments\runs\ratio_downstream_5k\ratio_0p005_seed_42,0.005,25,5000
hatespeech,coreset_far_wrong,market_typiclust_select,142,25,25,1.0,3.0706627368927,-3.0706627368927,0.0002237296139355,0.0827523916959762,0,baseline_feature,0,0,1,5000,28000,1000,1.0360314846038818,top_quantile,0.1629600999999638,0.5103059000000001,0.3333333333333333,0.5,,11.0,,,0,,good_count,25.0,14.0,,,,,,,,,,,,,,,,,,,42,paper\main_text_experiments\runs\ratio_downstream_5k\ratio_0p005_seed_42,0.005,25,5000
hatespeech,coreset_far_wrong,ours_kernel_ridge_student,142,25,25,1.0,3.5014121532440186,-3.5014121532440186,0.0002730798732955,0.0802582949399948,0,online_student,0,0,1,5000,28000,1000,1.0360314846038818,top_quantile,0.2880040000000008,0.5655196,0.3333333333333333,0.5,,12.0,,1.0,1,ours_student_row_ctpt,good_count,25.0,12.0,10000.0,64.0,4.0,92931.597765,53.80301340178943,53.80903000000001,107.61806,92931.597765,92931.597765,705941.0,192.0,0.0,192.0,192.0,10000.0,1.0,,,42,paper\main_text_experiments\runs\ratio_downstream_5k\ratio_0p005_seed_42,0.005,25,5000
hatespeech,coreset_far_wrong,ours_sample_package_krr,142,25,25,1.0,3.5014121532440186,-3.5014121532440186,0.0002730798732955,0.0802582949399948,0,online_student,0,1,4,1250,28000,1000,1.0360314846038818,top_quantile,0.1824326000000837,0.5466837600000001,0.3333333333333333,0.5,,12.0,,1.0,1,ours_student_pkg_ctpt,good_count,25.0,12.0,10000.0,64.0,4.0,1786105.677236,2.799386432575201,2.80927,5.61854,1786105.677236,446526.419309,235320.0,10.0,0.0,10.0,10.0,2500.0,4.0,,,42,paper\main_text_experiments\runs\ratio_downstream_5k\ratio_0p005_seed_42,0.005,25,5000
hatespeech,typiclust_dense,market_random_select,142,25,2,0.08,-0.0734773799777031,0.0734773799777031,1.95264806279738e-06,0.0237563960254192,1,baseline_feature,0,0,1,5000,28000,1000,1.0360314846038818,top_quantile,0.3319077999999535,0.55988858,0.3333333333333333,0.5,,2.0,,1.0,0,,good_count,2.0,16.0,,,,,,,,,,,,,,,,,6.0,,42,paper\main_text_experiments\runs\ratio_downstream_5k\ratio_0p005_seed_42,0.005,25,5000
hatespeech,typiclust_dense,market_cosine_select,142,25,0,0.0,-1.25183367729187,1.25183367729187,-1.4233589354262222e-05,-0.0356774032115936,1,baseline_feature,0,0,1,5000,28000,1000,1.0360314846038818,top_quantile,0.158532599999944,0.53810694,0.3333333333333333,0.5,,,,,0,,good_count,0.0,,,,,,,,,,,,,,,,,,25.0,,42,paper\main_text_experiments\runs\ratio_downstream_5k\ratio_0p005_seed_42,0.005,25,5000
hatespeech,typiclust_dense,market_coreset_select,142,25,25,1.0,3.408984422683716,-3.408984422683716,0.0005093503277748,-0.0568652525544166,0,baseline_feature,0,0,1,5000,28000,1000,1.0360314846038818,top_quantile,0.2622474000004331,0.55724354,0.3333333333333333,0.5,,,25.0,,0,,good_count,25.0,,,,,,,,,,,,,,,,,,,,42,paper\main_text_experiments\runs\ratio_downstream_5k\ratio_0p005_seed_42,0.005,25,5000
hatespeech,typiclust_dense,market_badge_select,142,25,25,1.0,3.4635181427001958,-3.4635181427001958,0.0005122971488162,-0.0553402565419673,0,baseline_model_based,1,0,1,5000,28000,1000,1.0360314846038818,top_quantile,0.2223668999999972,0.56053508,0.3333333333333333,0.5,,,25.0,,0,,good_count,25.0,,,,,,,,,,,,,,,,,,,,42,paper\main_text_experiments\runs\ratio_downstream_5k\ratio_0p005_seed_42,0.005,25,5000
hatespeech,typiclust_dense,market_kmeans_center_select,142,25,5,0.2,1.4771794080734253,-1.4771794080734253,0.0001094913459382,0.0538782887160778,1,baseline_feature,0,0,1,5000,28000,1000,1.0360314846038818,top_quantile,0.2261125999998512,0.56973578,0.3333333333333333,0.5,,4.0,,,0,,good_count,5.0,21.0,,,,,,,,,,,,,,,,,,,42,paper\main_text_experiments\runs\ratio_downstream_5k\ratio_0p005_seed_42,0.005,25,5000
hatespeech,typiclust_dense,market_typiclust_select,142,25,0,0.0,0.9076370000839232,-0.9076370000839232,4.532337243290385e-06,0.079318419098854,1,baseline_feature,0,0,1,5000,28000,1000,1.0360314846038818,top_quantile,0.1605428000002575,0.51030516,0.3333333333333333,0.5,,12.0,,,0,,good_count,0.0,13.0,,,,,,,,,,,,,,,,,,,42,paper\main_text_experiments\runs\ratio_downstream_5k\ratio_0p005_seed_42,0.005,25,5000
hatespeech,typiclust_dense,ours_kernel_ridge_student,142,25,19,0.76,3.2380292415618896,-3.2380292415618896,0.0002464532735757,0.0798043608665466,0,online_student,0,0,1,5000,28000,1000,1.0360314846038818,top_quantile,0.2247854999995979,0.5664286,0.3333333333333333,0.5,,9.0,,1.0,1,ours_student_row_ctpt,good_count,19.0,15.0,10000.0,64.0,4.0,92931.597765,53.80301340178943,53.80903000000001,107.61806,92931.597765,92931.597765,705941.0,192.0,0.0,192.0,192.0,10000.0,1.0,,,42,paper\main_text_experiments\runs\ratio_downstream_5k\ratio_0p005_seed_42,0.005,25,5000
hatespeech,typiclust_dense,ours_sample_package_krr,142,25,19,0.76,3.2380292415618896,-3.2380292415618896,0.0002464532735757,0.0798043608665466,0,online_student,0,1,4,1250,28000,1000,1.0360314846038818,top_quantile,0.2178815999996004,0.5569027200000001,0.3333333333333333,0.5,,9.0,,1.0,1,ours_student_pkg_ctpt,good_count,19.0,15.0,10000.0,64.0,4.0,1786105.677236,2.799386432575201,2.80927,5.61854,1786105.677236,446526.419309,235320.0,10.0,0.0,10.0,10.0,2500.0,4.0,,,42,paper\main_text_experiments\runs\ratio_downstream_5k\ratio_0p005_seed_42,0.005,25,5000
hatespeech,kmeans_center,market_random_select,142,25,2,0.08,0.2263839542865753,-0.2263839542865753,4.175186040811241e-05,0.0189840625971555,1,baseline_feature,0,0,1,5000,28000,1000,1.0360314846038818,top_quantile,0.225998399999753,0.5592651999999999,0.3333333333333333,0.5,6.0,16.0,,2.0,0,,good_count,2.0,1.0,,,,,,,,,,,,,,,,,,,42,paper\main_text_experiments\runs\ratio_downstream_5k\ratio_0p005_seed_42,0.005,25,5000
hatespeech,kmeans_center,market_cosine_select,142,25,11,0.44,1.120152473449707,-1.120152473449707,9.291648893849924e-05,0.0423786118626594,0,baseline_feature,0,0,1,5000,28000,1000,1.0360314846038818,top_quantile,0.1909488000001147,0.55313296,0.3333333333333333,0.5,,15.0,,10.0,0,,good_count,11.0,,,,,,,,,,,,,,,,,,,,42,paper\main_text_experiments\runs\ratio_downstream_5k\ratio_0p005_seed_42,0.005,25,5000
hatespeech,kmeans_center,market_coreset_select,142,25,25,1.0,3.429383516311645,-3.429383516311645,0.0005109930061735,-0.0565961562097072,0,baseline_feature,0,0,1,5000,28000,1000,1.0360314846038818,top_quantile,0.2467827999998917,0.5579696199999999,0.3333333333333333,0.5,,,25.0,,0,,good_count,25.0,,,,,,,,,,,,,,,,,,,,42,paper\main_text_experiments\runs\ratio_downstream_5k\ratio_0p005_seed_42,0.005,25,5000
hatespeech,kmeans_center,market_badge_select,142,25,25,1.0,3.497091054916382,-3.497091054916382,0.0005152464145794,-0.0550343357026577,0,baseline_model_based,1,0,1,5000,28000,1000,1.0360314846038818,top_quantile,0.2172904999997627,0.5606406399999999,0.3333333333333333,0.5,,,25.0,,0,,good_count,25.0,,,,,,,,,,,,,,,,,,,,42,paper\main_text_experiments\runs\ratio_downstream_5k\ratio_0p005_seed_42,0.005,25,5000
hatespeech,kmeans_center,market_kmeans_center_select,142,25,5,0.2,1.4628559350967407,-1.4628559350967407,0.0001078248023986,0.0539754517376422,1,baseline_feature,0,0,1,5000,28000,1000,1.0360314846038818,top_quantile,0.2801097000001391,0.5699493,0.3333333333333333,0.5,,20.0,,,0,,good_count,5.0,5.0,,,,,,,,,,,,,,,,,,,42,paper\main_text_experiments\runs\ratio_downstream_5k\ratio_0p005_seed_42,0.005,25,5000
hatespeech,kmeans_center,market_typiclust_select,142,25,0,0.0,1.4504508972167969,-1.4504508972167969,6.046056660125032e-05,0.0796669200062751,1,baseline_feature,0,0,1,5000,28000,1000,1.0360314846038818,top_quantile,0.1601516000000629,0.5106496400000001,0.3333333333333333,0.5,,25.0,,,0,,good_count,0.0,,,,,,,,,,,,,,,,,,,,42,paper\main_text_experiments\runs\ratio_downstream_5k\ratio_0p005_seed_42,0.005,25,5000
hatespeech,kmeans_center,ours_kernel_ridge_student,142,25,20,0.8,3.27323055267334,-3.27323055267334,0.0002499103429727,0.0799217000603675,0,online_student,0,0,1,5000,28000,1000,1.0360314846038818,top_quantile,0.2156961999999112,0.56577646,0.3333333333333333,0.5,,15.0,,1.0,1,ours_student_row_ctpt,good_count,20.0,9.0,10000.0,64.0,4.0,92931.597765,53.80301340178943,53.80903000000001,107.61806,92931.597765,92931.597765,705941.0,192.0,0.0,192.0,192.0,10000.0,1.0,,,42,paper\main_text_experiments\runs\ratio_downstream_5k\ratio_0p005_seed_42,0.005,25,5000
hatespeech,kmeans_center,ours_sample_package_krr,142,25,20,0.8,3.27323055267334,-3.27323055267334,0.0002499103429727,0.0799217000603675,0,online_student,0,1,4,1250,28000,1000,1.0360314846038818,top_quantile,0.209505799999988,0.5559229800000001,0.3333333333333333,0.5,,15.0,,1.0,1,ours_student_pkg_ctpt,good_count,20.0,9.0,10000.0,64.0,4.0,1786105.677236,2.799386432575201,2.80927,5.61854,1786105.677236,446526.419309,235320.0,10.0,0.0,10.0,10.0,2500.0,4.0,,,42,paper\main_text_experiments\runs\ratio_downstream_5k\ratio_0p005_seed_42,0.005,25,5000
hatespeech,uncertainty_badge,market_random_select,142,25,2,0.08,0.182857796549797,-0.182857796549797,3.189325434505008e-05,0.0219528395682573,1,baseline_feature,0,0,1,5000,28000,1000,1.0360314846038818,top_quantile,0.2844783999998981,0.5584429399999999,0.3333333333333333,0.5,1.0,1.0,,16.0,0,,good_count,2.0,1.0,,,,,,,,,,,,,,,,,6.0,,42,paper\main_text_experiments\runs\ratio_downstream_5k\ratio_0p005_seed_42,0.005,25,5000
hatespeech,uncertainty_badge,market_cosine_select,142,25,0,0.0,-1.0838916301727295,1.0838916301727295,7.095336968632182e-06,-0.0378141850233078,1,baseline_feature,0,0,1,5000,28000,1000,1.0360314846038818,top_quantile,0.1617762999999286,0.5356039800000001,0.3333333333333333,0.5,,,,,0,,good_count,0.0,,,,,,,,,,,,,,,,,,25.0,,42,paper\main_text_experiments\runs\ratio_downstream_5k\ratio_0p005_seed_42,0.005,25,5000
hatespeech,uncertainty_badge,market_coreset_select,142,25,0,0.0,-0.6303072571754456,0.6303072571754456,-2.0213126845192164e-05,0.0037663280963897,1,baseline_feature,0,0,1,5000,28000,1000,1.0360314846038818,top_quantile,0.2549200999997083,0.55244428,0.3333333333333333,0.5,21.0,,,,0,,good_count,0.0,,,,,,,,,,,,,,,,,,4.0,,42,paper\main_text_experiments\runs\ratio_downstream_5k\ratio_0p005_seed_42,0.005,25,5000
hatespeech,uncertainty_badge,market_badge_select,142,25,0,0.0,-0.8399505615234375,0.8399505615234375,-1.547098145238124e-05,-0.0110578881576657,1,baseline_model_based,1,0,1,5000,28000,1000,1.0360314846038818,top_quantile,0.2281797000000551,0.5683764,0.3333333333333333,0.5,11.0,,,,0,,good_count,0.0,,,,,,,,,,,,,,,,,,14.0,,42,paper\main_text_experiments\runs\ratio_downstream_5k\ratio_0p005_seed_42,0.005,25,5000
hatespeech,uncertainty_badge,market_kmeans_center_select,142,25,24,0.96,3.0149502754211426,-3.0149502754211426,0.0002169060753658,0.083320677280426,0,baseline_feature,0,0,1,5000,28000,1000,1.0360314846038818,top_quantile,0.2197357000000011,0.56990994,0.3333333333333333,0.5,,8.0,,1.0,0,,good_count,24.0,16.0,,,,,,,,,,,,,,,,,,,42,paper\main_text_experiments\runs\ratio_downstream_5k\ratio_0p005_seed_42,0.005,25,5000
hatespeech,uncertainty_badge,market_typiclust_select,142,25,25,1.0,3.0642220973968506,-3.0642220973968506,0.0002230143581982,0.082777015864849,0,baseline_feature,0,0,1,5000,28000,1000,1.0360314846038818,top_quantile,0.1616019999996751,0.51072628,0.3333333333333333,0.5,,11.0,,,0,,good_count,25.0,14.0,,,,,,,,,,,,,,,,,,,42,paper\main_text_experiments\runs\ratio_downstream_5k\ratio_0p005_seed_42,0.005,25,5000
hatespeech,uncertainty_badge,ours_kernel_ridge_student,142,25,22,0.88,3.056630849838257,-3.056630849838257,0.0002391219168202,0.0733537897467613,0,online_student,0,0,1,5000,28000,1000,1.0360314846038818,top_quantile,0.2215123000000858,0.5624051800000001,0.3333333333333333,0.5,,11.0,,4.0,1,ours_student_row_ctpt,good_count,22.0,10.0,10000.0,64.0,4.0,92931.597765,53.80301340178943,53.80903000000001,107.61806,92931.597765,92931.597765,705941.0,192.0,0.0,192.0,192.0,10000.0,1.0,,,42,paper\main_text_experiments\runs\ratio_downstream_5k\ratio_0p005_seed_42,0.005,25,5000
hatespeech,uncertainty_badge,ours_sample_package_krr,142,25,22,0.88,3.056630849838257,-3.056630849838257,0.0002391219168202,0.0733537897467613,0,online_student,0,1,4,1250,28000,1000,1.0360314846038818,top_quantile,0.1557068000001891,0.5371988,0.3333333333333333,0.5,,11.0,,4.0,1,ours_student_pkg_ctpt,good_count,22.0,10.0,10000.0,64.0,4.0,1786105.677236,2.799386432575201,2.80927,5.61854,1786105.677236,446526.419309,235320.0,10.0,0.0,10.0,10.0,2500.0,4.0,,,42,paper\main_text_experiments\runs\ratio_downstream_5k\ratio_0p005_seed_42,0.005,25,5000
hatespeech,cosine,market_random_select,142,25,2,0.08,-0.4634701609611511,0.4634701609611511,-9.350776963401586e-06,0.007401913870126,1,baseline_feature,0,0,1,5000,28000,1000,1.0360314846038818,top_quantile,0.2866318999999748,0.55991336,0.3333333333333333,0.5,,1.0,,6.0,0,,good_count,2.0,2.0,,,,,,,,,,,,,,,,,16.0,,42,paper\main_text_experiments\runs\ratio_downstream_5k\ratio_0p005_seed_42,0.005,25,5000
hatespeech,cosine,market_cosine_select,142,25,0,0.0,-0.427346795797348,0.427346795797348,-5.638599304802483e-06,0.0074305487796664,1,baseline_feature,0,0,1,5000,28000,1000,1.0360314846038818,top_quantile,0.2413566000000173,0.54750118,0.3333333333333333,0.5,,,,,0,,good_count,0.0,,,,,,,,,,,,,,,,,,25.0,,42,paper\main_text_experiments\runs\ratio_downstream_5k\ratio_0p005_seed_42,0.005,25,5000
hatespeech,cosine,market_coreset_select,142,25,25,1.0,3.506990671157837,-3.506990671157837,0.0005208373186178,-0.0575769133865833,0,baseline_feature,0,0,1,5000,28000,1000,1.0360314846038818,top_quantile,0.2490874000000076,0.55814946,0.3333333333333333,0.5,,,25.0,,0,,good_count,25.0,,,,,,,,,,,,,,,,,,,,42,paper\main_text_experiments\runs\ratio_downstream_5k\ratio_0p005_seed_42,0.005,25,5000
hatespeech,cosine,market_badge_select,142,25,25,1.0,3.692645788192749,-3.692645788192749,0.0005400109221227,-0.0574827380478382,0,baseline_model_based,1,0,1,5000,28000,1000,1.0360314846038818,top_quantile,0.2210322999999334,0.5604089999999999,0.3333333333333333,0.5,,,25.0,,0,,good_count,25.0,,,,,,,,,,,,,,,,,,,,42,paper\main_text_experiments\runs\ratio_downstream_5k\ratio_0p005_seed_42,0.005,25,5000
hatespeech,cosine,market_kmeans_center_select,142,25,22,0.88,2.335755586624145,-2.335755586624145,0.0001859140465967,0.0611433610320091,0,baseline_feature,0,0,1,5000,28000,1000,1.0360314846038818,top_quantile,0.2241821000002346,0.56850608,0.3333333333333333,0.5,,9.0,,,0,,good_count,22.0,16.0,,,,,,,,,,,,,,,,,,,42,paper\main_text_experiments\runs\ratio_downstream_5k\ratio_0p005_seed_42,0.005,25,5000
hatespeech,cosine,market_typiclust_select,142,25,5,0.2,0.5651639699935913,-0.5651639699935913,9.748935553943738e-06,0.0565125197172164,1,baseline_feature,0,0,1,5000,28000,1000,1.0360314846038818,top_quantile,0.1607642000003579,0.51193508,0.3333333333333333,0.5,,3.0,,,0,,good_count,5.0,3.0,,,,,,,,,,,,,,,,,19.0,,42,paper\main_text_experiments\runs\ratio_downstream_5k\ratio_0p005_seed_42,0.005,25,5000
hatespeech,cosine,ours_kernel_ridge_student,142,25,25,1.0,3.522759437561035,-3.522759437561035,0.0002753615262918,0.0802261754870414,0,online_student,0,0,1,5000,28000,1000,1.0360314846038818,top_quantile,0.2228234999997767,0.56585482,0.3333333333333333,0.5,,11.0,,1.0,1,ours_student_row_ctpt,good_count,25.0,13.0,10000.0,64.0,4.0,92931.597765,53.80301340178943,53.80903000000001,107.61806,92931.597765,92931.597765,705941.0,192.0,0.0,192.0,192.0,10000.0,1.0,,,42,paper\main_text_experiments\runs\ratio_downstream_5k\ratio_0p005_seed_42,0.005,25,5000
hatespeech,cosine,ours_sample_package_krr,142,25,25,1.0,3.522759437561035,-3.522759437561035,0.0002753615262918,0.0802261754870414,0,online_student,0,1,4,1250,28000,1000,1.0360314846038818,top_quantile,0.1697407000001476,0.53806138,0.3333333333333333,0.5,,11.0,,1.0,1,ours_student_pkg_ctpt,good_count,25.0,13.0,10000.0,64.0,4.0,1786105.677236,2.799386432575201,2.80927,5.61854,1786105.677236,446526.419309,235320.0,10.0,0.0,10.0,10.0,2500.0,4.0,,,42,paper\main_text_experiments\runs\ratio_downstream_5k\ratio_0p005_seed_42,0.005,25,5000
hatespeech,all_average,market_random_select,142,25,2,0.08,-1.2693936824798584,1.2693936824798584,-7.747888594167307e-05,-0.0014295236906036,1,baseline_feature,0,0,1,5000,28000,1000,1.0360314846038818,top_quantile,0.3111983999997392,0.56011554,0.3333333333333333,0.5,2.0,4.0,4.0,3.0,0,,good_count,2.0,5.0,,,,,,,,,,,,,,,,,7.0,,42,paper\main_text_experiments\runs\ratio_downstream_5k\ratio_0p005_seed_42,0.005,25,5000
hatespeech,all_average,market_cosine_select,142,25,0,0.0,-1.268243432044983,1.268243432044983,-1.919269607242313e-06,-0.0434977151453495,1,baseline_feature,0,0,1,5000,28000,1000,1.0360314846038818,top_quantile,0.184408600000097,0.5537945200000001,0.3333333333333333,0.5,,,,,0,,good_count,0.0,,,,,,,,,,,,,,,,,,25.0,,42,paper\main_text_experiments\runs\ratio_downstream_5k\ratio_0p005_seed_42,0.005,25,5000
hatespeech,all_average,market_coreset_select,142,25,2,0.08,-1.552056908607483,1.552056908607483,-0.000155680172611,0.0257564932107925,1,baseline_feature,0,0,1,5000,28000,1000,1.0360314846038818,top_quantile,0.2680940000000191,0.5543971999999999,0.3333333333333333,0.5,,,25.0,,0,,good_count,2.0,,,,,,,,,,,,,,,,,,,,42,paper\main_text_experiments\runs\ratio_downstream_5k\ratio_0p005_seed_42,0.005,25,5000
hatespeech,all_average,market_badge_select,142,25,0,0.0,-2.1082587242126465,2.1082587242126465,-0.0002468776656314,0.0442977137863636,1,baseline_model_based,1,0,1,5000,28000,1000,1.0360314846038818,top_quantile,0.2169855000001916,0.56747952,0.3333333333333333,0.5,,,25.0,,0,,good_count,0.0,,,,,,,,,,,,,,,,,,,,42,paper\main_text_experiments\runs\ratio_downstream_5k\ratio_0p005_seed_42,0.005,25,5000
hatespeech,all_average,market_kmeans_center_select,142,25,11,0.44,-0.5466813445091248,0.5466813445091248,3.090143218287267e-05,-0.0198786854743957,0,baseline_feature,0,0,1,5000,28000,1000,1.0360314846038818,top_quantile,0.2219706999999289,0.56855802,0.3333333333333333,0.5,,10.0,,,0,,good_count,11.0,15.0,,,,,,,,,,,,,,,,,,,42,paper\main_text_experiments\runs\ratio_downstream_5k\ratio_0p005_seed_42,0.005,25,5000
hatespeech,all_average,market_typiclust_select,142,25,0,0.0,0.8569715023040771,-0.8569715023040771,-7.462501798727317e-07,0.079318419098854,1,baseline_feature,0,0,1,5000,28000,1000,1.0360314846038818,top_quantile,0.1562994999999318,0.5102949999999999,0.3333333333333333,0.5,,12.0,,,0,,good_count,0.0,13.0,,,,,,,,,,,,,,,,,,,42,paper\main_text_experiments\runs\ratio_downstream_5k\ratio_0p005_seed_42,0.005,25,5000
hatespeech,all_average,ours_kernel_ridge_student,142,25,21,0.84,2.4730024337768555,-2.4730024337768555,0.0002169609069824,0.0518041141331195,0,online_student,0,0,1,5000,28000,1000,1.0360314846038818,top_quantile,0.2166165999997247,0.5665250199999999,0.3333333333333333,0.5,,11.0,,1.0,1,ours_student_row_ctpt,good_count,21.0,13.0,10000.0,64.0,4.0,92931.597765,53.80301340178943,53.80903000000001,107.61806,92931.597765,92931.597765,705941.0,192.0,0.0,192.0,192.0,10000.0,1.0,,,42,paper\main_text_experiments\runs\ratio_downstream_5k\ratio_0p005_seed_42,0.005,25,5000
hatespeech,all_average,ours_sample_package_krr,142,25,21,0.84,2.4730024337768555,-2.4730024337768555,0.0002169609069824,0.0518041141331195,0,online_student,0,1,4,1250,28000,1000,1.0360314846038818,top_quantile,0.2756073000000469,0.55781038,0.3333333333333333,0.5,,11.0,,1.0,1,ours_student_pkg_ctpt,good_count,21.0,13.0,10000.0,64.0,4.0,1786105.677236,2.799386432575201,2.80927,5.61854,1786105.677236,446526.419309,235320.0,10.0,0.0,10.0,10.0,2500.0,4.0,,,42,paper\main_text_experiments\runs\ratio_downstream_5k\ratio_0p005_seed_42,0.005,25,5000
mscoco,noise,market_random_select,242,25,5,0.2,-0.056510753929615,0.056510753929615,2.5711058697197583e-05,0.0001240795536432,1,baseline_feature,0,0,1,5000,28000,1000,1.1260383129119873,top_quantile,0.330023799999708,0.8199463124999999,0.3333333333333333,0.5,3.0,1.0,15.0,3.0,0,,good_count,5.0,3.0,,,,,,,,,,,,,,,,,,,42,paper\main_text_experiments\runs\ratio_downstream_5k\ratio_0p005_seed_42,0.005,25,5000
mscoco,noise,market_cosine_select,242,25,4,0.16,-0.5761524438858032,0.5761524438858032,8.327961040777154e-06,-0.0010840679751709,1,baseline_feature,0,0,1,5000,28000,1000,1.1260383129119873,top_quantile,0.2313735000002452,0.8668681875,0.3333333333333333,0.5,,,,25.0,0,,good_count,4.0,,,,,,,,,,,,,,,,,,,,42,paper\main_text_experiments\runs\ratio_downstream_5k\ratio_0p005_seed_42,0.005,25,5000
mscoco,noise,market_coreset_select,242,25,0,0.0,-0.4481781125068664,0.4481781125068664,-2.1917820049566217e-05,0.0009204607922583,1,baseline_feature,0,0,1,5000,28000,1000,1.1260383129119873,top_quantile,0.2543118000003233,0.8981786875,0.3333333333333333,0.5,,,25.0,,0,,good_count,0.0,,,,,,,,,,,,,,,,,,,,42,paper\main_text_experiments\runs\ratio_downstream_5k\ratio_0p005_seed_42,0.005,25,5000
mscoco,noise,market_badge_select,242,25,0,0.0,-0.5503802299499512,0.5503802299499512,-3.467082933639176e-05,0.0011443211697041,1,baseline_model_based,1,0,1,5000,28000,1000,1.1260383129119873,top_quantile,0.2034700000003795,0.8634236249999999,0.393255061525925,0.527,,,25.0,,0,,good_count,0.0,,,,,,,,,,,,,,,,,,,,42,paper\main_text_experiments\runs\ratio_downstream_5k\ratio_0p005_seed_42,0.005,25,5000
mscoco,noise,market_kmeans_center_select,242,25,25,1.0,3.9958689212799072,-3.9958689212799072,0.0002587175404187,0.0047280173748731,0,baseline_feature,0,0,1,5000,28000,1000,1.1260383129119873,top_quantile,0.2099929999999403,0.87801046875,0.3333333333333333,0.5,,6.0,,,0,,good_count,25.0,19.0,,,,,,,,,,,,,,,,,,,42,paper\main_text_experiments\runs\ratio_downstream_5k\ratio_0p005_seed_42,0.005,25,5000
mscoco,noise,market_typiclust_select,242,25,25,1.0,5.043807506561279,-5.043807506561279,0.0003488349902909,0.0044422047212719,0,baseline_feature,0,0,1,5000,28000,1000,1.1260383129119873,top_quantile,0.2139225999999325,0.8614503750000001,0.3333333333333333,0.5,,10.0,,,0,,good_count,25.0,15.0,,,,,,,,,,,,,,,,,,,42,paper\main_text_experiments\runs\ratio_downstream_5k\ratio_0p005_seed_42,0.005,25,5000
mscoco,noise,ours_kernel_ridge_student,242,25,25,1.0,5.234685897827148,-5.234685897827148,0.0003279495285823,0.0062342430464923,0,online_student,0,0,1,5000,28000,1000,1.1260383129119873,top_quantile,0.2070628000001306,0.8548484375,0.3333333333333333,0.5,,13.0,,2.0,1,ours_student_row_ctpt,good_count,25.0,10.0,10000.0,64.0,4.0,92931.597765,53.80301340178943,53.80903000000001,107.61806,92931.597765,92931.597765,705941.0,192.0,0.0,192.0,192.0,10000.0,1.0,,,42,paper\main_text_experiments\runs\ratio_downstream_5k\ratio_0p005_seed_42,0.005,25,5000
mscoco,noise,ours_sample_package_krr,242,25,25,1.0,5.234685897827148,-5.234685897827148,0.0003279495285823,0.0062342430464923,0,online_student,0,1,4,1250,28000,1000,1.1260383129119873,top_quantile,0.1955784000001585,0.7902740937499999,0.3333333333333333,0.5,,13.0,,2.0,1,ours_student_pkg_ctpt,good_count,25.0,10.0,10000.0,64.0,4.0,1786105.677236,2.799386432575201,2.80927,5.61854,1786105.677236,446526.419309,235320.0,10.0,0.0,10.0,10.0,2500.0,4.0,,,42,paper\main_text_experiments\runs\ratio_downstream_5k\ratio_0p005_seed_42,0.005,25,5000
mscoco,coreset_far_wrong,market_random_select,242,25,5,0.2,0.4059087336063385,-0.4059087336063385,4.620075196726248e-05,0.000950961257331,1,baseline_feature,0,0,1,5000,28000,1000,1.1260383129119873,top_quantile,0.2672854000002189,0.803037625,0.3333333333333333,0.5,15.0,1.0,3.0,3.0,0,,good_count,5.0,3.0,,,,,,,,,,,,,,,,,,,42,paper\main_text_experiments\runs\ratio_downstream_5k\ratio_0p005_seed_42,0.005,25,5000
mscoco,coreset_far_wrong,market_cosine_select,242,25,4,0.16,-0.5761524438858032,0.5761524438858032,8.327961040777154e-06,-0.0010840679751709,1,baseline_feature,0,0,1,5000,28000,1000,1.1260383129119873,top_quantile,0.2001626999999644,0.8668681875,0.3333333333333333,0.5,,,,25.0,0,,good_count,4.0,,,,,,,,,,,,,,,,,,,,42,paper\main_text_experiments\runs\ratio_downstream_5k\ratio_0p005_seed_42,0.005,25,5000
mscoco,coreset_far_wrong,market_coreset_select,242,25,0,0.0,-1.2885746955871582,1.2885746955871582,-6.045341433491558e-05,-0.0005181414308026,1,baseline_feature,0,0,1,5000,28000,1000,1.1260383129119873,top_quantile,0.2371584000002258,0.89507575,0.3333333333333333,0.5,,,25.0,,0,,good_count,0.0,,,,,,,,,,,,,,,,,,,,42,paper\main_text_experiments\runs\ratio_downstream_5k\ratio_0p005_seed_42,0.005,25,5000
mscoco,coreset_far_wrong,market_badge_select,242,25,0,0.0,-1.1911048889160156,1.1911048889160156,-4.9636364565230906e-05,-0.0006651178118772,1,baseline_model_based,1,0,1,5000,28000,1000,1.1260383129119873,top_quantile,0.2064000000000305,0.86751815625,0.3333333333333333,0.5,,,25.0,,0,,good_count,0.0,,,,,,,,,,,,,,,,,,,,42,paper\main_text_experiments\runs\ratio_downstream_5k\ratio_0p005_seed_42,0.005,25,5000
mscoco,coreset_far_wrong,market_kmeans_center_select,242,25,25,1.0,3.9958689212799072,-3.9958689212799072,0.0002587175404187,0.0047280173748731,0,baseline_feature,0,0,1,5000,28000,1000,1.1260383129119873,top_quantile,0.1986938999998528,0.87801046875,0.3333333333333333,0.5,,6.0,,,0,,good_count,25.0,19.0,,,,,,,,,,,,,,,,,,,42,paper\main_text_experiments\runs\ratio_downstream_5k\ratio_0p005_seed_42,0.005,25,5000
mscoco,coreset_far_wrong,market_typiclust_select,242,25,25,1.0,5.043807506561279,-5.043807506561279,0.0003488349902909,0.0044422047212719,0,baseline_feature,0,0,1,5000,28000,1000,1.1260383129119873,top_quantile,0.1960655000002589,0.8614503750000001,0.3333333333333333,0.5,,10.0,,,0,,good_count,25.0,15.0,,,,,,,,,,,,,,,,,,,42,paper\main_text_experiments\runs\ratio_downstream_5k\ratio_0p005_seed_42,0.005,25,5000
mscoco,coreset_far_wrong,ours_kernel_ridge_student,242,25,25,1.0,5.234685897827148,-5.234685897827148,0.0003279495285823,0.0062342430464923,0,online_student,0,0,1,5000,28000,1000,1.1260383129119873,top_quantile,0.2054576000000452,0.8548484375,0.3333333333333333,0.5,,13.0,,2.0,1,ours_student_row_ctpt,good_count,25.0,10.0,10000.0,64.0,4.0,92931.597765,53.80301340178943,53.80903000000001,107.61806,92931.597765,92931.597765,705941.0,192.0,0.0,192.0,192.0,10000.0,1.0,,,42,paper\main_text_experiments\runs\ratio_downstream_5k\ratio_0p005_seed_42,0.005,25,5000
mscoco,coreset_far_wrong,ours_sample_package_krr,242,25,25,1.0,5.234685897827148,-5.234685897827148,0.0003279495285823,0.0062342430464923,0,online_student,0,1,4,1250,28000,1000,1.1260383129119873,top_quantile,0.1932757999998102,0.7902740937499999,0.3333333333333333,0.5,,13.0,,2.0,1,ours_student_pkg_ctpt,good_count,25.0,10.0,10000.0,64.0,4.0,1786105.677236,2.799386432575201,2.80927,5.61854,1786105.677236,446526.419309,235320.0,10.0,0.0,10.0,10.0,2500.0,4.0,,,42,paper\main_text_experiments\runs\ratio_downstream_5k\ratio_0p005_seed_42,0.005,25,5000
mscoco,typiclust_dense,market_random_select,242,25,5,0.2,0.4075877666473388,-0.4075877666473388,6.366252637235448e-05,9.43373524933122e-05,1,baseline_feature,0,0,1,5000,28000,1000,1.1260383129119873,top_quantile,0.2730164999998123,0.78888496875,0.3333333333333333,0.5,,6.0,,2.0,0,,good_count,5.0,15.0,,,,,,,,,,,,,,,,,2.0,,42,paper\main_text_experiments\runs\ratio_downstream_5k\ratio_0p005_seed_42,0.005,25,5000
mscoco,typiclust_dense,market_cosine_select,242,25,25,1.0,3.099573373794556,-3.099573373794556,4.149198503000662e-05,0.0119013777002692,0,baseline_feature,0,0,1,5000,28000,1000,1.1260383129119873,top_quantile,0.1967492000003403,0.8772980937499999,0.3333333333333333,0.5,,,,,0,,good_count,25.0,,,,,,,,,,,,,,,,,,,25.0,42,paper\main_text_experiments\runs\ratio_downstream_5k\ratio_0p005_seed_42,0.005,25,5000
mscoco,typiclust_dense,market_coreset_select,242,25,20,0.8,2.120178461074829,-2.120178461074829,0.0001165533030871,0.0042935307137668,0,baseline_feature,0,0,1,5000,28000,1000,1.1260383129119873,top_quantile,0.2328172000002268,0.896955,0.3333333333333333,0.5,10.0,,7.0,,0,,good_count,20.0,,,,,,,,,,,,,,,,,,5.0,3.0,42,paper\main_text_experiments\runs\ratio_downstream_5k\ratio_0p005_seed_42,0.005,25,5000
mscoco,typiclust_dense,market_badge_select,242,25,14,0.56,0.970762312412262,-0.970762312412262,7.220029510790482e-05,0.0019130047876387,0,baseline_model_based,1,0,1,5000,28000,1000,1.1260383129119873,top_quantile,0.2126843000000917,0.8782647812500001,0.3333333333333333,0.5,1.0,,7.0,,0,,good_count,14.0,,,,,,,,,,,,,,,,,,12.0,5.0,42,paper\main_text_experiments\runs\ratio_downstream_5k\ratio_0p005_seed_42,0.005,25,5000
mscoco,typiclust_dense,market_kmeans_center_select,242,25,3,0.12,2.7137036323547363,-2.7137036323547363,0.0001773333497112,0.0036501167342066,1,baseline_feature,0,0,1,5000,28000,1000,1.1260383129119873,top_quantile,0.1928803000000698,0.8792894374999999,0.3333333333333333,0.5,,1.0,,,0,,good_count,3.0,24.0,,,,,,,,,,,,,,,,,,,42,paper\main_text_experiments\runs\ratio_downstream_5k\ratio_0p005_seed_42,0.005,25,5000
mscoco,typiclust_dense,market_typiclust_select,242,25,15,0.6,4.046307563781738,-4.046307563781738,0.0002610755036585,0.0048121288418769,0,baseline_feature,0,0,1,5000,28000,1000,1.1260383129119873,top_quantile,0.2037655999997696,0.8642266875,0.3333333333333333,0.5,,7.0,,,0,,good_count,15.0,18.0,,,,,,,,,,,,,,,,,,,42,paper\main_text_experiments\runs\ratio_downstream_5k\ratio_0p005_seed_42,0.005,25,5000
mscoco,typiclust_dense,ours_kernel_ridge_student,242,25,23,0.92,5.208962440490723,-5.208962440490723,0.0003041195741388,0.0073100398294627,0,online_student,0,0,1,5000,28000,1000,1.1260383129119873,top_quantile,0.2608256000003166,0.85984253125,0.3333333333333333,0.5,,10.0,,3.0,1,ours_student_row_ctpt,good_count,23.0,10.0,10000.0,64.0,4.0,92931.597765,53.80301340178943,53.80903000000001,107.61806,92931.597765,92931.597765,705941.0,192.0,0.0,192.0,192.0,10000.0,1.0,1.0,1.0,42,paper\main_text_experiments\runs\ratio_downstream_5k\ratio_0p005_seed_42,0.005,25,5000
mscoco,typiclust_dense,ours_sample_package_krr,242,25,23,0.92,5.208962440490723,-5.208962440490723,0.0003041195741388,0.0073100398294627,0,online_student,0,1,4,1250,28000,1000,1.1260383129119873,top_quantile,0.193097200000011,0.78903159375,0.3333333333333333,0.5,,10.0,,3.0,1,ours_student_pkg_ctpt,good_count,23.0,10.0,10000.0,64.0,4.0,1786105.677236,2.799386432575201,2.80927,5.61854,1786105.677236,446526.419309,235320.0,10.0,0.0,10.0,10.0,2500.0,4.0,1.0,1.0,42,paper\main_text_experiments\runs\ratio_downstream_5k\ratio_0p005_seed_42,0.005,25,5000
mscoco,kmeans_center,market_random_select,242,25,5,0.2,0.005137977655977,-0.005137977655977,4.539489600574598e-05,-0.0006037933635525,1,baseline_feature,0,0,1,5000,28000,1000,1.1260383129119873,top_quantile,0.2038142999999763,0.8247258125000002,0.3333333333333333,0.5,2.0,17.0,,1.0,0,,good_count,5.0,5.0,,,,,,,,,,,,,,,,,,,42,paper\main_text_experiments\runs\ratio_downstream_5k\ratio_0p005_seed_42,0.005,25,5000
mscoco,kmeans_center,market_cosine_select,242,25,25,1.0,3.057115077972412,-3.057115077972412,3.82971775252372e-05,0.0118903927505016,0,baseline_feature,0,0,1,5000,28000,1000,1.1260383129119873,top_quantile,0.2008517999997821,0.87934209375,0.3333333333333333,0.5,,,,,0,,good_count,25.0,,,,,,,,,,,,,,,,,,,25.0,42,paper\main_text_experiments\runs\ratio_downstream_5k\ratio_0p005_seed_42,0.005,25,5000
mscoco,kmeans_center,market_coreset_select,242,25,10,0.4,0.2857097685337066,-0.2857097685337066,2.1791458493680693e-05,0.0016794985858723,0,baseline_feature,0,0,1,5000,28000,1000,1.1260383129119873,top_quantile,0.2340143999999782,0.8970017499999999,0.3333333333333333,0.5,16.0,,6.0,,0,,good_count,10.0,,,,,,,,,,,,,,,,,,,3.0,42,paper\main_text_experiments\runs\ratio_downstream_5k\ratio_0p005_seed_42,0.005,25,5000
mscoco,kmeans_center,market_badge_select,242,25,12,0.48,0.7274916172027588,-0.7274916172027588,3.698110594996251e-05,0.0026862993836402,0,baseline_model_based,1,0,1,5000,28000,1000,1.1260383129119873,top_quantile,0.2028760000002876,0.8615294375,0.3333333333333333,0.5,14.0,,6.0,,0,,good_count,12.0,,,,,,,,,,,,,,,,,,,5.0,42,paper\main_text_experiments\runs\ratio_downstream_5k\ratio_0p005_seed_42,0.005,25,5000
mscoco,kmeans_center,market_kmeans_center_select,242,25,3,0.12,2.3495123386383057,-2.3495123386383057,0.00015089273802,0.0035082784015685,1,baseline_feature,0,0,1,5000,28000,1000,1.1260383129119873,top_quantile,0.1931445000000167,0.88006909375,0.3333333333333333,0.5,,20.0,,,0,,good_count,3.0,5.0,,,,,,,,,,,,,,,,,,,42,paper\main_text_experiments\runs\ratio_downstream_5k\ratio_0p005_seed_42,0.005,25,5000
mscoco,kmeans_center,market_typiclust_select,242,25,14,0.56,4.059917449951172,-4.059917449951172,0.0002631616662256,0.0047631408087909,0,baseline_feature,0,0,1,5000,28000,1000,1.1260383129119873,top_quantile,0.1998897000003126,0.8638769062500001,0.3333333333333333,0.5,,18.0,,,0,,good_count,14.0,7.0,,,,,,,,,,,,,,,,,,,42,paper\main_text_experiments\runs\ratio_downstream_5k\ratio_0p005_seed_42,0.005,25,5000
mscoco,kmeans_center,ours_kernel_ridge_student,242,25,23,0.92,5.057802677154541,-5.057802677154541,0.0002932095667347,0.0072479913942515,0,online_student,0,0,1,5000,28000,1000,1.1260383129119873,top_quantile,0.2086120000003575,0.8660554374999999,0.3333333333333333,0.5,,13.0,,3.0,1,ours_student_row_ctpt,good_count,23.0,7.0,10000.0,64.0,4.0,92931.597765,53.80301340178943,53.80903000000001,107.61806,92931.597765,92931.597765,705941.0,192.0,0.0,192.0,192.0,10000.0,1.0,1.0,1.0,42,paper\main_text_experiments\runs\ratio_downstream_5k\ratio_0p005_seed_42,0.005,25,5000
mscoco,kmeans_center,ours_sample_package_krr,242,25,23,0.92,5.057802677154541,-5.057802677154541,0.0002932095667347,0.0072479913942515,0,online_student,0,1,4,1250,28000,1000,1.1260383129119873,top_quantile,0.2002528000002712,0.79084246875,0.3333333333333333,0.5,,13.0,,3.0,1,ours_student_pkg_ctpt,good_count,23.0,7.0,10000.0,64.0,4.0,1786105.677236,2.799386432575201,2.80927,5.61854,1786105.677236,446526.419309,235320.0,10.0,0.0,10.0,10.0,2500.0,4.0,1.0,1.0,42,paper\main_text_experiments\runs\ratio_downstream_5k\ratio_0p005_seed_42,0.005,25,5000
mscoco,uncertainty_badge,market_random_select,242,25,5,0.2,0.5598647594451904,-0.5598647594451904,7.264137093443424e-05,0.000256309605902,1,baseline_feature,0,0,1,5000,28000,1000,1.1260383129119873,top_quantile,0.1980498000002626,0.864064,0.3333333333333333,0.5,3.0,,,16.0,0,,good_count,5.0,4.0,,,,,,,,,,,,,,,,,2.0,,42,paper\main_text_experiments\runs\ratio_downstream_5k\ratio_0p005_seed_42,0.005,25,5000
mscoco,uncertainty_badge,market_cosine_select,242,25,0,0.0,-1.6745702028274536,1.6745702028274536,-5.027771112509072e-05,-0.0025570327416062,1,baseline_feature,0,0,1,5000,28000,1000,1.1260383129119873,top_quantile,0.1920780000000377,0.8843145312499999,0.3333333333333333,0.5,,,,,0,,good_count,0.0,,,,,,,,,,,,,,,,,,25.0,,42,paper\main_text_experiments\runs\ratio_downstream_5k\ratio_0p005_seed_42,0.005,25,5000
mscoco,uncertainty_badge,market_coreset_select,242,25,0,0.0,-1.083912372589111,1.083912372589111,4.3058394112449605e-06,-0.0029055026825517,1,baseline_feature,0,0,1,5000,28000,1000,1.1260383129119873,top_quantile,0.2319514000000708,0.893232375,0.3333333333333333,0.5,22.0,,,,0,,good_count,0.0,,,,,,,,,,,,,,,,,,3.0,,42,paper\main_text_experiments\runs\ratio_downstream_5k\ratio_0p005_seed_42,0.005,25,5000
mscoco,uncertainty_badge,market_badge_select,242,25,0,0.0,-1.087442398071289,1.087442398071289,1.6317368135787547e-05,-0.0035133943893015,1,baseline_model_based,1,0,1,5000,28000,1000,1.1260383129119873,top_quantile,0.2044663000001492,0.8659659375000001,0.3333333333333333,0.5,9.0,,,,0,,good_count,0.0,,,,,,,,,,,,,,,,,,16.0,,42,paper\main_text_experiments\runs\ratio_downstream_5k\ratio_0p005_seed_42,0.005,25,5000
mscoco,uncertainty_badge,market_kmeans_center_select,242,25,25,1.0,3.9958689212799072,-3.9958689212799072,0.0002587175404187,0.0047280173748731,0,baseline_feature,0,0,1,5000,28000,1000,1.1260383129119873,top_quantile,0.1911528999999063,0.87801046875,0.3333333333333333,0.5,,6.0,,,0,,good_count,25.0,19.0,,,,,,,,,,,,,,,,,,,42,paper\main_text_experiments\runs\ratio_downstream_5k\ratio_0p005_seed_42,0.005,25,5000
mscoco,uncertainty_badge,market_typiclust_select,242,25,25,1.0,5.043807506561279,-5.043807506561279,0.0003488349902909,0.0044422047212719,0,baseline_feature,0,0,1,5000,28000,1000,1.1260383129119873,top_quantile,0.2571563999999853,0.8614503750000001,0.3333333333333333,0.5,,10.0,,,0,,good_count,25.0,15.0,,,,,,,,,,,,,,,,,,,42,paper\main_text_experiments\runs\ratio_downstream_5k\ratio_0p005_seed_42,0.005,25,5000
mscoco,uncertainty_badge,ours_kernel_ridge_student,242,25,25,1.0,5.234685897827148,-5.234685897827148,0.0003279495285823,0.0062342430464923,0,online_student,0,0,1,5000,28000,1000,1.1260383129119873,top_quantile,0.2030764999999519,0.8548484375,0.3333333333333333,0.5,,13.0,,2.0,1,ours_student_row_ctpt,good_count,25.0,10.0,10000.0,64.0,4.0,92931.597765,53.80301340178943,53.80903000000001,107.61806,92931.597765,92931.597765,705941.0,192.0,0.0,192.0,192.0,10000.0,1.0,,,42,paper\main_text_experiments\runs\ratio_downstream_5k\ratio_0p005_seed_42,0.005,25,5000
mscoco,uncertainty_badge,ours_sample_package_krr,242,25,25,1.0,5.234685897827148,-5.234685897827148,0.0003279495285823,0.0062342430464923,0,online_student,0,1,4,1250,28000,1000,1.1260383129119873,top_quantile,0.195116599999892,0.7902740937499999,0.3333333333333333,0.5,,13.0,,2.0,1,ours_student_pkg_ctpt,good_count,25.0,10.0,10000.0,64.0,4.0,1786105.677236,2.799386432575201,2.80927,5.61854,1786105.677236,446526.419309,235320.0,10.0,0.0,10.0,10.0,2500.0,4.0,,,42,paper\main_text_experiments\runs\ratio_downstream_5k\ratio_0p005_seed_42,0.005,25,5000
mscoco,cosine,market_random_select,242,25,5,0.2,0.2283159494400024,-0.2283159494400024,1.3899802979722152e-05,0.001841299701482,1,baseline_feature,0,0,1,5000,28000,1000,1.1260383129119873,top_quantile,0.1959825999997519,0.8497760937500001,0.3333333333333333,0.5,,4.0,,3.0,0,,good_count,5.0,3.0,,,,,,,,,,,,,,,,,15.0,,42,paper\main_text_experiments\runs\ratio_downstream_5k\ratio_0p005_seed_42,0.005,25,5000
mscoco,cosine,market_cosine_select,242,25,0,0.0,0.6677828431129456,-0.6677828431129456,-3.729343370650895e-05,0.0061208372935652,1,baseline_feature,0,0,1,5000,28000,1000,1.1260383129119873,top_quantile,0.2037454999999681,0.8820783750000001,0.3333333333333333,0.5,,,,,0,,good_count,0.0,,,,,,,,,,,,,,,,,,25.0,,42,paper\main_text_experiments\runs\ratio_downstream_5k\ratio_0p005_seed_42,0.005,25,5000
mscoco,cosine,market_coreset_select,242,25,8,0.32,0.4708291590213775,-0.4708291590213775,6.165981176309288e-05,0.0004449775151442,1,baseline_feature,0,0,1,5000,28000,1000,1.1260383129119873,top_quantile,0.2319764000003488,0.88866890625,0.3333333333333333,0.5,3.0,,5.0,,0,,good_count,8.0,,,,,,,,,,,,,,,,,,17.0,,42,paper\main_text_experiments\runs\ratio_downstream_5k\ratio_0p005_seed_42,0.005,25,5000
mscoco,cosine,market_badge_select,242,25,5,0.2,-0.0838037133216857,0.0838037133216857,3.645658580353484e-05,-0.0005157694104127,1,baseline_model_based,1,0,1,5000,28000,1000,1.1260383129119873,top_quantile,0.1966007999999419,0.8690511875,0.3333333333333333,0.5,,,5.0,,0,,good_count,5.0,,,,,,,,,,,,,,,,,,20.0,,42,paper\main_text_experiments\runs\ratio_downstream_5k\ratio_0p005_seed_42,0.005,25,5000
mscoco,cosine,market_kmeans_center_select,242,25,23,0.92,3.6020379066467285,-3.6020379066467285,0.0002347111731069,0.0043479013256728,0,baseline_feature,0,0,1,5000,28000,1000,1.1260383129119873,top_quantile,0.1991085999998176,0.8810066562500001,0.3333333333333333,0.5,,7.0,,,0,,good_count,23.0,17.0,,,,,,,,,,,,,,,,,1.0,,42,paper\main_text_experiments\runs\ratio_downstream_5k\ratio_0p005_seed_42,0.005,25,5000
mscoco,cosine,market_typiclust_select,242,25,23,0.92,4.884922027587891,-4.884922027587891,0.0003245925763621,0.005008562002331,0,baseline_feature,0,0,1,5000,28000,1000,1.1260383129119873,top_quantile,0.192596400000184,0.8626889999999999,0.3333333333333333,0.5,,9.0,,,0,,good_count,23.0,14.0,,,,,,,,,,,,,,,,,2.0,,42,paper\main_text_experiments\runs\ratio_downstream_5k\ratio_0p005_seed_42,0.005,25,5000
mscoco,cosine,ours_kernel_ridge_student,242,25,24,0.96,5.102035999298096,-5.102035999298096,0.0003093504928983,0.0066259838640689,0,online_student,0,0,1,5000,28000,1000,1.1260383129119873,top_quantile,0.2041387999997823,0.85880375,0.3333333333333333,0.5,,13.0,,2.0,1,ours_student_row_ctpt,good_count,24.0,9.0,10000.0,64.0,4.0,92931.597765,53.80301340178943,53.80903000000001,107.61806,92931.597765,92931.597765,705941.0,192.0,0.0,192.0,192.0,10000.0,1.0,1.0,,42,paper\main_text_experiments\runs\ratio_downstream_5k\ratio_0p005_seed_42,0.005,25,5000
mscoco,cosine,ours_sample_package_krr,242,25,24,0.96,5.102035999298096,-5.102035999298096,0.0003093504928983,0.0066259838640689,0,online_student,0,1,4,1250,28000,1000,1.1260383129119873,top_quantile,0.192708500000208,0.79234015625,0.3333333333333333,0.5,,13.0,,2.0,1,ours_student_pkg_ctpt,good_count,24.0,9.0,10000.0,64.0,4.0,1786105.677236,2.799386432575201,2.80927,5.61854,1786105.677236,446526.419309,235320.0,10.0,0.0,10.0,10.0,2500.0,4.0,1.0,,42,paper\main_text_experiments\runs\ratio_downstream_5k\ratio_0p005_seed_42,0.005,25,5000
mscoco,all_average,market_random_select,242,25,5,0.2,0.0361317619681358,-0.0361317619681358,3.8623809814453125e-05,-0.0001457142207073,1,baseline_feature,0,0,1,5000,28000,1000,1.1260383129119873,top_quantile,0.2029109000000062,0.81837696875,0.3333333333333333,0.5,3.0,4.0,5.0,2.0,0,,good_count,5.0,7.0,,,,,,,,,,,,,,,,,4.0,,42,paper\main_text_experiments\runs\ratio_downstream_5k\ratio_0p005_seed_42,0.005,25,5000
mscoco,all_average,market_cosine_select,242,25,0,0.0,-0.907062530517578,0.907062530517578,-0.0001330709492322,0.0045900149270892,1,baseline_feature,0,0,1,5000,28000,1000,1.1260383129119873,top_quantile,0.1991610999998556,0.8452037812500001,0.3333333333333333,0.5,,,,,0,,good_count,0.0,,,,,,,,,,,,,,,,,,25.0,,42,paper\main_text_experiments\runs\ratio_downstream_5k\ratio_0p005_seed_42,0.005,25,5000
mscoco,all_average,market_coreset_select,242,25,0,0.0,-1.215831637382507,1.215831637382507,-7.907152030384168e-05,0.0006917634746059,1,baseline_feature,0,0,1,5000,28000,1000,1.1260383129119873,top_quantile,0.296394799999689,0.8884415312500001,0.3333333333333333,0.5,,,25.0,,0,,good_count,0.0,,,,,,,,,,,,,,,,,,,,42,paper\main_text_experiments\runs\ratio_downstream_5k\ratio_0p005_seed_42,0.005,25,5000
mscoco,all_average,market_badge_select,242,25,0,0.0,-1.278963565826416,1.278963565826416,-9.132385457633065e-05,0.0010463233338668,1,baseline_model_based,1,0,1,5000,28000,1000,1.1260383129119873,top_quantile,0.1996869999998125,0.8583250312499999,0.3333333333333333,0.5,,,25.0,,0,,good_count,0.0,,,,,,,,,,,,,,,,,,,,42,paper\main_text_experiments\runs\ratio_downstream_5k\ratio_0p005_seed_42,0.005,25,5000
mscoco,all_average,market_kmeans_center_select,242,25,4,0.16,0.3786896467208862,-0.3786896467208862,5.0108432333217934e-05,0.0006494670524261,1,baseline_feature,0,0,1,5000,28000,1000,1.1260383129119873,top_quantile,0.2005002000000786,0.88232746875,0.3333333333333333,0.5,,13.0,,,0,,good_count,4.0,12.0,,,,,,,,,,,,,,,,,,,42,paper\main_text_experiments\runs\ratio_downstream_5k\ratio_0p005_seed_42,0.005,25,5000
mscoco,all_average,market_typiclust_select,242,25,13,0.52,2.966226577758789,-2.966226577758789,0.0002032542251981,0.0033733416348695,0,baseline_feature,0,0,1,5000,28000,1000,1.1260383129119873,top_quantile,0.1958279999998922,0.86045484375,0.3333333333333333,0.5,,11.0,,,0,,good_count,13.0,14.0,,,,,,,,,,,,,,,,,,,42,paper\main_text_experiments\runs\ratio_downstream_5k\ratio_0p005_seed_42,0.005,25,5000
mscoco,all_average,ours_kernel_ridge_student,242,25,25,1.0,5.279966831207275,-5.279966831207275,0.0003239989164285,0.006609727628529,0,online_student,0,0,1,5000,28000,1000,1.1260383129119873,top_quantile,0.2012684999999692,0.8528862500000001,0.3333333333333333,0.5,,12.0,,3.0,1,ours_student_row_ctpt,good_count,25.0,10.0,10000.0,64.0,4.0,92931.597765,53.80301340178943,53.80903000000001,107.61806,92931.597765,92931.597765,705941.0,192.0,0.0,192.0,192.0,10000.0,1.0,,,42,paper\main_text_experiments\runs\ratio_downstream_5k\ratio_0p005_seed_42,0.005,25,5000
mscoco,all_average,ours_sample_package_krr,242,25,25,1.0,5.279966831207275,-5.279966831207275,0.0003239989164285,0.006609727628529,0,online_student,0,1,4,1250,28000,1000,1.1260383129119873,top_quantile,0.192531599999711,0.7921945625,0.3333333333333333,0.5,,12.0,,3.0,1,ours_student_pkg_ctpt,good_count,25.0,10.0,10000.0,64.0,4.0,1786105.677236,2.799386432575201,2.80927,5.61854,1786105.677236,446526.419309,235320.0,10.0,0.0,10.0,10.0,2500.0,4.0,,,42,paper\main_text_experiments\runs\ratio_downstream_5k\ratio_0p005_seed_42,0.005,25,5000
hateful_memes,noise,market_random_select,43,25,4,0.16,-0.4191457331180572,0.4191457331180572,-2.819776454998646e-05,0.0021690432913601,1,baseline_feature,0,0,1,5000,28000,1000,1.0231167078018188,top_quantile,0.1726348000001962,0.5735795454545455,0.3697478991596639,0.5866666666666667,3.0,3.0,14.0,4.0,0,,good_count,4.0,1.0,,,,,,,,,,,,,,,,,,,43,paper\main_text_experiments\runs\ratio_downstream_5k\ratio_0p005_seed_43,0.005,25,5000
hateful_memes,noise,market_cosine_select,43,25,1,0.04,-1.0162018537521362,1.0162018537521362,-3.996610757894814e-05,-0.0162244252860546,1,baseline_feature,0,0,1,5000,28000,1000,1.0231167078018188,top_quantile,0.1695251999999527,0.5585087518328445,0.3697478991596639,0.5866666666666667,,,,25.0,0,,good_count,1.0,,,,,,,,,,,,,,,,,,,,43,paper\main_text_experiments\runs\ratio_downstream_5k\ratio_0p005_seed_43,0.005,25,5000
hateful_memes,noise,market_coreset_select,43,25,0,0.0,-0.7042183876037598,0.7042183876037598,-8.700371108716354e-05,0.007994370535016,1,baseline_feature,0,0,1,5000,28000,1000,1.0231167078018188,top_quantile,0.1753542999999808,0.5295424761730205,0.3697478991596639,0.5866666666666667,,,25.0,,0,,good_count,0.0,,,,,,,,,,,,,,,,,,,,43,paper\main_text_experiments\runs\ratio_downstream_5k\ratio_0p005_seed_43,0.005,25,5000
hateful_memes,noise,market_badge_select,43,25,0,0.0,-0.6585029363632202,0.6585029363632202,-7.987022399902344e-05,0.0076910234056413,1,baseline_model_based,1,0,1,5000,28000,1000,1.0231167078018188,top_quantile,0.1598558999999113,0.499639387829912,0.3697478991596639,0.5866666666666667,,,25.0,,0,,good_count,0.0,,,,,,,,,,,,,,,,,,,,43,paper\main_text_experiments\runs\ratio_downstream_5k\ratio_0p005_seed_43,0.005,25,5000
hateful_memes,noise,market_kmeans_center_select,43,25,22,0.88,2.2376325130462646,-2.2376325130462646,0.000190536971786,0.0383240953087806,0,baseline_feature,0,0,1,5000,28000,1000,1.0231167078018188,top_quantile,0.1516237999999248,0.5443532349706744,0.3697478991596639,0.5866666666666667,,9.0,1.0,2.0,0,,good_count,22.0,13.0,,,,,,,,,,,,,,,,,,,43,paper\main_text_experiments\runs\ratio_downstream_5k\ratio_0p005_seed_43,0.005,25,5000
hateful_memes,noise,market_typiclust_select,43,25,14,0.56,0.6302065849304199,-0.6302065849304199,9.884834435069934e-05,0.0052843843586742,0,baseline_feature,0,0,1,5000,28000,1000,1.0231167078018188,top_quantile,0.1572406000000228,0.5391385630498533,0.3697478991596639,0.5866666666666667,,4.0,,13.0,0,,good_count,14.0,8.0,,,,,,,,,,,,,,,,,,,43,paper\main_text_experiments\runs\ratio_downstream_5k\ratio_0p005_seed_43,0.005,25,5000
hateful_memes,noise,ours_kernel_ridge_student,43,25,24,0.96,2.9519197940826416,-2.9519197940826416,0.0002714657748583,0.0419691614806652,0,online_student,0,0,1,5000,28000,1000,1.0231167078018188,top_quantile,0.1107632000002922,0.4982461968475073,0.2924528301886792,0.4133333333333333,,10.0,,4.0,1,ours_student_row_ctpt,good_count,24.0,11.0,10000.0,64.0,4.0,92931.597765,53.80301340178943,53.80903000000001,107.61806,92931.597765,92931.597765,705941.0,192.0,0.0,192.0,192.0,10000.0,1.0,,,43,paper\main_text_experiments\runs\ratio_downstream_5k\ratio_0p005_seed_43,0.005,25,5000
hateful_memes,noise,ours_sample_package_krr,43,25,24,0.96,2.9519197940826416,-2.9519197940826416,0.0002714657748583,0.0419691614806652,0,online_student,0,1,4,1250,28000,1000,1.0231167078018188,top_quantile,0.1528829999997469,0.5589786473607038,0.3697478991596639,0.5866666666666667,,10.0,,4.0,1,ours_student_pkg_ctpt,good_count,24.0,11.0,10000.0,64.0,4.0,1786105.677236,2.799386432575201,2.80927,5.61854,1786105.677236,446526.419309,235320.0,10.0,0.0,10.0,10.0,2500.0,4.0,,,43,paper\main_text_experiments\runs\ratio_downstream_5k\ratio_0p005_seed_43,0.005,25,5000
hateful_memes,coreset_far_wrong,market_random_select,43,25,4,0.16,-0.2973757088184356,0.2973757088184356,-3.24726102007844e-06,-0.0002729338302742,1,baseline_feature,0,0,1,5000,28000,1000,1.0231167078018188,top_quantile,0.1534586000002491,0.5750506323313783,0.3697478991596639,0.5866666666666667,14.0,3.0,3.0,4.0,0,,good_count,4.0,1.0,,,,,,,,,,,,,,,,,,,43,paper\main_text_experiments\runs\ratio_downstream_5k\ratio_0p005_seed_43,0.005,25,5000
hateful_memes,coreset_far_wrong,market_cosine_select,43,25,1,0.04,-1.0162018537521362,1.0162018537521362,-3.996610757894814e-05,-0.0162244252860546,1,baseline_feature,0,0,1,5000,28000,1000,1.0231167078018188,top_quantile,0.214817800000219,0.5585087518328445,0.3697478991596639,0.5866666666666667,,,,25.0,0,,good_count,1.0,,,,,,,,,,,,,,,,,,,,43,paper\main_text_experiments\runs\ratio_downstream_5k\ratio_0p005_seed_43,0.005,25,5000
hateful_memes,coreset_far_wrong,market_coreset_select,43,25,0,0.0,-1.7312966585159302,1.7312966585159302,-0.0002665686479303,0.0201098434627056,1,baseline_feature,0,0,1,5000,28000,1000,1.0231167078018188,top_quantile,0.1820684999997865,0.5481877749266862,0.3697478991596639,0.5866666666666667,,,25.0,,0,,good_count,0.0,,,,,,,,,,,,,,,,,,,,43,paper\main_text_experiments\runs\ratio_downstream_5k\ratio_0p005_seed_43,0.005,25,5000
hateful_memes,coreset_far_wrong,market_badge_select,43,25,0,0.0,-1.845553994178772,1.845553994178772,-0.0002897572412621,0.0223400238901376,1,baseline_model_based,1,0,1,5000,28000,1000,1.0231167078018188,top_quantile,0.1589159999998628,0.5163560758797654,0.3697478991596639,0.5866666666666667,,,25.0,,0,,good_count,0.0,,,,,,,,,,,,,,,,,,,,43,paper\main_text_experiments\runs\ratio_downstream_5k\ratio_0p005_seed_43,0.005,25,5000
hateful_memes,coreset_far_wrong,market_kmeans_center_select,43,25,22,0.88,2.2376325130462646,-2.2376325130462646,0.000190536971786,0.0383240953087806,0,baseline_feature,0,0,1,5000,28000,1000,1.0231167078018188,top_quantile,0.1521357999999963,0.5443532349706744,0.3697478991596639,0.5866666666666667,,9.0,1.0,2.0,0,,good_count,22.0,13.0,,,,,,,,,,,,,,,,,,,43,paper\main_text_experiments\runs\ratio_downstream_5k\ratio_0p005_seed_43,0.005,25,5000
hateful_memes,coreset_far_wrong,market_typiclust_select,43,25,14,0.56,0.6302065849304199,-0.6302065849304199,9.884834435069934e-05,0.0052843843586742,0,baseline_feature,0,0,1,5000,28000,1000,1.0231167078018188,top_quantile,0.158190800000284,0.5391385630498533,0.3697478991596639,0.5866666666666667,,4.0,,13.0,0,,good_count,14.0,8.0,,,,,,,,,,,,,,,,,,,43,paper\main_text_experiments\runs\ratio_downstream_5k\ratio_0p005_seed_43,0.005,25,5000
hateful_memes,coreset_far_wrong,ours_kernel_ridge_student,43,25,24,0.96,2.9519197940826416,-2.9519197940826416,0.0002714657748583,0.0419691614806652,0,online_student,0,0,1,5000,28000,1000,1.0231167078018188,top_quantile,0.1112775999999939,0.4982461968475073,0.2924528301886792,0.4133333333333333,,10.0,,4.0,1,ours_student_row_ctpt,good_count,24.0,11.0,10000.0,64.0,4.0,92931.597765,53.80301340178943,53.80903000000001,107.61806,92931.597765,92931.597765,705941.0,192.0,0.0,192.0,192.0,10000.0,1.0,,,43,paper\main_text_experiments\runs\ratio_downstream_5k\ratio_0p005_seed_43,0.005,25,5000
hateful_memes,coreset_far_wrong,ours_sample_package_krr,43,25,24,0.96,2.9519197940826416,-2.9519197940826416,0.0002714657748583,0.0419691614806652,0,online_student,0,1,4,1250,28000,1000,1.0231167078018188,top_quantile,0.1513804000001073,0.5589786473607038,0.3697478991596639,0.5866666666666667,,10.0,,4.0,1,ours_student_pkg_ctpt,good_count,24.0,11.0,10000.0,64.0,4.0,1786105.677236,2.799386432575201,2.80927,5.61854,1786105.677236,446526.419309,235320.0,10.0,0.0,10.0,10.0,2500.0,4.0,,,43,paper\main_text_experiments\runs\ratio_downstream_5k\ratio_0p005_seed_43,0.005,25,5000
hateful_memes,typiclust_dense,market_random_select,43,25,4,0.16,-0.4264847636222839,0.4264847636222839,2.0842551748501137e-05,-0.0115654561668634,1,baseline_feature,0,0,1,5000,28000,1000,1.0231167078018188,top_quantile,0.1600477000001774,0.5784345216275659,0.3697478991596639,0.5866666666666667,,4.0,1.0,1.0,0,,good_count,4.0,15.0,,,,,,,,,,,,,,,,,4.0,,43,paper\main_text_experiments\runs\ratio_downstream_5k\ratio_0p005_seed_43,0.005,25,5000
hateful_memes,typiclust_dense,market_cosine_select,43,25,2,0.08,-0.8752561211585999,0.8752561211585999,-2.872228651540354e-05,-0.0142073798924684,1,baseline_feature,0,0,1,5000,28000,1000,1.0231167078018188,top_quantile,0.1545504000000619,0.5691600989736071,0.3697478991596639,0.5866666666666667,,,,,0,,good_count,2.0,,,,,,,,,,,,,,,,,,23.0,2.0,43,paper\main_text_experiments\runs\ratio_downstream_5k\ratio_0p005_seed_43,0.005,25,5000
hateful_memes,typiclust_dense,market_coreset_select,43,25,25,1.0,2.6227943897247314,-2.6227943897247314,0.0004747796047013,-0.0257910136133432,0,baseline_feature,0,0,1,5000,28000,1000,1.0231167078018188,top_quantile,0.1881100000000515,0.5471744409824046,0.3697478991596639,0.5866666666666667,,,25.0,,0,,good_count,25.0,,,,,,,,,,,,,,,,,,,,43,paper\main_text_experiments\runs\ratio_downstream_5k\ratio_0p005_seed_43,0.005,25,5000
hateful_memes,typiclust_dense,market_badge_select,43,25,25,1.0,2.591623306274414,-2.591623306274414,0.000469167222036,-0.0253786295652389,0,baseline_model_based,1,0,1,5000,28000,1000,1.0231167078018188,top_quantile,0.1543360000000575,0.5243316990469209,0.3697478991596639,0.5866666666666667,,,25.0,,0,,good_count,25.0,,,,,,,,,,,,,,,,,,,,43,paper\main_text_experiments\runs\ratio_downstream_5k\ratio_0p005_seed_43,0.005,25,5000
hateful_memes,typiclust_dense,market_kmeans_center_select,43,25,0,0.0,-1.9966436624526975,1.9966436624526975,-5.886316284886561e-05,-0.0465463958680629,1,baseline_feature,0,0,1,5000,28000,1000,1.0231167078018188,top_quantile,0.1629367999998976,0.5424415780791789,0.3697478991596639,0.5866666666666667,,11.0,,,0,,good_count,0.0,14.0,,,,,,,,,,,,,,,,,,,43,paper\main_text_experiments\runs\ratio_downstream_5k\ratio_0p005_seed_43,0.005,25,5000
hateful_memes,typiclust_dense,market_typiclust_select,43,25,0,0.0,-1.170021653175354,1.170021653175354,-9.763240996107925e-06,-0.0300909038633108,1,baseline_feature,0,0,1,5000,28000,1000,1.0231167078018188,top_quantile,0.1315922000003411,0.5357127474340175,0.2924528301886792,0.4133333333333333,,8.0,,,0,,good_count,0.0,10.0,,,,,,,,,,,,,,,,,7.0,,43,paper\main_text_experiments\runs\ratio_downstream_5k\ratio_0p005_seed_43,0.005,25,5000
hateful_memes,typiclust_dense,ours_kernel_ridge_student,43,25,12,0.48,2.504488229751587,-2.504488229751587,0.0001987719588214,0.0457280203700065,0,online_student,0,0,1,5000,28000,1000,1.0231167078018188,top_quantile,0.0960587000004125,0.4726058467741935,0.2924528301886792,0.4133333333333333,,4.0,,2.0,1,ours_student_row_ctpt,good_count,12.0,19.0,10000.0,64.0,4.0,92931.597765,53.80301340178943,53.80903000000001,107.61806,92931.597765,92931.597765,705941.0,192.0,0.0,192.0,192.0,10000.0,1.0,,,43,paper\main_text_experiments\runs\ratio_downstream_5k\ratio_0p005_seed_43,0.005,25,5000
hateful_memes,typiclust_dense,ours_sample_package_krr,43,25,12,0.48,2.504488229751587,-2.504488229751587,0.0001987719588214,0.0457280203700065,0,online_student,0,1,4,1250,28000,1000,1.0231167078018188,top_quantile,0.1466909000000669,0.5557512371700879,0.3697478991596639,0.5866666666666667,,4.0,,2.0,1,ours_student_pkg_ctpt,good_count,12.0,19.0,10000.0,64.0,4.0,1786105.677236,2.799386432575201,2.80927,5.61854,1786105.677236,446526.419309,235320.0,10.0,0.0,10.0,10.0,2500.0,4.0,,,43,paper\main_text_experiments\runs\ratio_downstream_5k\ratio_0p005_seed_43,0.005,25,5000
hateful_memes,kmeans_center,market_random_select,43,25,4,0.16,-0.0171650983393192,0.0171650983393192,4.0402414015261456e-05,-0.0021117702126502,1,baseline_feature,0,0,1,5000,28000,1000,1.0231167078018188,top_quantile,0.1292062999996233,0.5541546004398827,0.3697478991596639,0.5866666666666667,4.0,17.0,,,0,,good_count,4.0,4.0,,,,,,,,,,,,,,,,,,,43,paper\main_text_experiments\runs\ratio_downstream_5k\ratio_0p005_seed_43,0.005,25,5000
hateful_memes,kmeans_center,market_cosine_select,43,25,25,1.0,2.875974416732788,-2.875974416732788,0.0002688503300305,0.0399367064237594,0,baseline_feature,0,0,1,5000,28000,1000,1.0231167078018188,top_quantile,0.1159984000000804,0.535581469941349,0.3697478991596639,0.5866666666666667,,,,20.0,0,,good_count,25.0,,,,,,,,,,,,,,,,,,3.0,2.0,43,paper\main_text_experiments\runs\ratio_downstream_5k\ratio_0p005_seed_43,0.005,25,5000
hateful_memes,kmeans_center,market_coreset_select,43,25,25,1.0,2.6227943897247314,-2.6227943897247314,0.0004747796047013,-0.0257910136133432,0,baseline_feature,0,0,1,5000,28000,1000,1.0231167078018188,top_quantile,0.190476000000217,0.5471744409824046,0.3697478991596639,0.5866666666666667,,,25.0,,0,,good_count,25.0,,,,,,,,,,,,,,,,,,,,43,paper\main_text_experiments\runs\ratio_downstream_5k\ratio_0p005_seed_43,0.005,25,5000
hateful_memes,kmeans_center,market_badge_select,43,25,25,1.0,2.591623306274414,-2.591623306274414,0.000469167222036,-0.0253786295652389,0,baseline_model_based,1,0,1,5000,28000,1000,1.0231167078018188,top_quantile,0.1580461000003197,0.5243316990469209,0.3697478991596639,0.5866666666666667,,,25.0,,0,,good_count,25.0,,,,,,,,,,,,,,,,,,,,43,paper\main_text_experiments\runs\ratio_downstream_5k\ratio_0p005_seed_43,0.005,25,5000
hateful_memes,kmeans_center,market_kmeans_center_select,43,25,0,0.0,-1.998867511749268,1.998867511749268,-5.913495988352224e-05,-0.046552300453186,1,baseline_feature,0,0,1,5000,28000,1000,1.0231167078018188,top_quantile,0.2219801999999617,0.5424347049120235,0.3697478991596639,0.5866666666666667,,12.0,,,0,,good_count,0.0,13.0,,,,,,,,,,,,,,,,,,,43,paper\main_text_experiments\runs\ratio_downstream_5k\ratio_0p005_seed_43,0.005,25,5000
hateful_memes,kmeans_center,market_typiclust_select,43,25,0,0.0,-1.4329067468643188,1.4329067468643188,-2.9497146897483617e-05,-0.0341928750276565,1,baseline_feature,0,0,1,5000,28000,1000,1.0231167078018188,top_quantile,0.1325471999998626,0.5366674303519061,0.2924528301886792,0.4133333333333333,,15.0,,,0,,good_count,0.0,10.0,,,,,,,,,,,,,,,,,,,43,paper\main_text_experiments\runs\ratio_downstream_5k\ratio_0p005_seed_43,0.005,25,5000
hateful_memes,kmeans_center,ours_kernel_ridge_student,43,25,10,0.4,2.541008710861206,-2.541008710861206,0.0002036952937487,0.0456986278295517,0,online_student,0,0,1,5000,28000,1000,1.0231167078018188,top_quantile,0.0971178999998301,0.4732081653225807,0.2924528301886792,0.4133333333333333,,18.0,,2.0,1,ours_student_row_ctpt,good_count,10.0,5.0,10000.0,64.0,4.0,92931.597765,53.80301340178943,53.80903000000001,107.61806,92931.597765,92931.597765,705941.0,192.0,0.0,192.0,192.0,10000.0,1.0,,,43,paper\main_text_experiments\runs\ratio_downstream_5k\ratio_0p005_seed_43,0.005,25,5000
hateful_memes,kmeans_center,ours_sample_package_krr,43,25,10,0.4,2.541008710861206,-2.541008710861206,0.0002036952937487,0.0456986278295517,0,online_student,0,1,4,1250,28000,1000,1.0231167078018188,top_quantile,0.1517008999999234,0.5559785098973608,0.3697478991596639,0.5866666666666667,,18.0,,2.0,1,ours_student_pkg_ctpt,good_count,10.0,5.0,10000.0,64.0,4.0,1786105.677236,2.799386432575201,2.80927,5.61854,1786105.677236,446526.419309,235320.0,10.0,0.0,10.0,10.0,2500.0,4.0,,,43,paper\main_text_experiments\runs\ratio_downstream_5k\ratio_0p005_seed_43,0.005,25,5000
hateful_memes,uncertainty_badge,market_random_select,43,25,4,0.16,-0.1469735503196716,0.1469735503196716,1.8208027540822517e-05,-0.0007178993546403,1,baseline_feature,0,0,1,5000,28000,1000,1.0231167078018188,top_quantile,0.1490493000001151,0.5541410832111436,0.3697478991596639,0.5866666666666667,3.0,3.0,,14.0,0,,good_count,4.0,1.0,,,,,,,,,,,,,,,,,4.0,,43,paper\main_text_experiments\runs\ratio_downstream_5k\ratio_0p005_seed_43,0.005,25,5000
hateful_memes,uncertainty_badge,market_cosine_select,43,25,0,0.0,-0.8466970920562744,0.8466970920562744,-5.972147118882276e-05,-0.0046591912396252,1,baseline_feature,0,0,1,5000,28000,1000,1.0231167078018188,top_quantile,0.1753616000000875,0.5594070747800586,0.3697478991596639,0.5866666666666667,,,,,0,,good_count,0.0,,,,,,,,,,,,,,,,,,25.0,,43,paper\main_text_experiments\runs\ratio_downstream_5k\ratio_0p005_seed_43,0.005,25,5000
hateful_memes,uncertainty_badge,market_coreset_select,43,25,0,0.0,-0.9465669393539428,0.9465669393539428,-6.427765038097277e-05,-0.007025184109807,1,baseline_feature,0,0,1,5000,28000,1000,1.0231167078018188,top_quantile,0.162751400000161,0.5344123442082112,0.3697478991596639,0.5866666666666667,20.0,,,,0,,good_count,0.0,,,,,,,,,,,,,,,,,,5.0,,43,paper\main_text_experiments\runs\ratio_downstream_5k\ratio_0p005_seed_43,0.005,25,5000
hateful_memes,uncertainty_badge,market_badge_select,43,25,0,0.0,-1.017831325531006,1.017831325531006,-3.3504962630104274e-05,-0.0180579684674739,1,baseline_model_based,1,0,1,5000,28000,1000,1.0231167078018188,top_quantile,0.163330699999733,0.5098778867302053,0.3697478991596639,0.5866666666666667,10.0,,,,0,,good_count,0.0,,,,,,,,,,,,,,,,,,15.0,,43,paper\main_text_experiments\runs\ratio_downstream_5k\ratio_0p005_seed_43,0.005,25,5000
hateful_memes,uncertainty_badge,market_kmeans_center_select,43,25,12,0.48,1.2465482950210571,-1.2465482950210571,0.000110905173642,0.0242971517145633,0,baseline_feature,0,0,1,5000,28000,1000,1.0231167078018188,top_quantile,0.1573084000001472,0.5168245967741936,0.3697478991596639,0.5866666666666667,,5.0,,13.0,0,,good_count,12.0,7.0,,,,,,,,,,,,,,,,,,,43,paper\main_text_experiments\runs\ratio_downstream_5k\ratio_0p005_seed_43,0.005,25,5000
hateful_memes,uncertainty_badge,market_typiclust_select,43,25,2,0.08,-0.4899288117885589,0.4899288117885589,1.7092228517867625e-05,-0.0128334164619445,1,baseline_feature,0,0,1,5000,28000,1000,1.0231167078018188,top_quantile,0.1337522999997418,0.5282519244868035,0.2924528301886792,0.4133333333333333,,1.0,,8.0,0,,good_count,2.0,1.0,,,,,,,,,,,,,,,,,15.0,,43,paper\main_text_experiments\runs\ratio_downstream_5k\ratio_0p005_seed_43,0.005,25,5000
hateful_memes,uncertainty_badge,ours_kernel_ridge_student,43,25,19,0.76,2.541693687438965,-2.541693687438965,0.000231621263083,0.0380537062883377,0,online_student,0,0,1,5000,28000,1000,1.0231167078018188,top_quantile,0.0975364000000809,0.4656364552785924,0.2924528301886792,0.4133333333333333,,9.0,,8.0,1,ours_student_row_ctpt,good_count,19.0,8.0,10000.0,64.0,4.0,92931.597765,53.80301340178943,53.80903000000001,107.61806,92931.597765,92931.597765,705941.0,192.0,0.0,192.0,192.0,10000.0,1.0,,,43,paper\main_text_experiments\runs\ratio_downstream_5k\ratio_0p005_seed_43,0.005,25,5000
hateful_memes,uncertainty_badge,ours_sample_package_krr,43,25,19,0.76,2.541693687438965,-2.541693687438965,0.000231621263083,0.0380537062883377,0,online_student,0,1,4,1250,28000,1000,1.0231167078018188,top_quantile,0.1574370999996972,0.5658437958211144,0.3697478991596639,0.5866666666666667,,9.0,,8.0,1,ours_student_pkg_ctpt,good_count,19.0,8.0,10000.0,64.0,4.0,1786105.677236,2.799386432575201,2.80927,5.61854,1786105.677236,446526.419309,235320.0,10.0,0.0,10.0,10.0,2500.0,4.0,,,43,paper\main_text_experiments\runs\ratio_downstream_5k\ratio_0p005_seed_43,0.005,25,5000
hateful_memes,cosine,market_random_select,43,25,4,0.16,-0.4515936970710754,0.4515936970710754,1.4042854672879912e-05,-0.0106074092909693,1,baseline_feature,0,0,1,5000,28000,1000,1.0231167078018188,top_quantile,0.1489041999998335,0.5769609145894428,0.3697478991596639,0.5866666666666667,,2.0,,5.0,0,,good_count,4.0,4.0,,,,,,,,,,,,,,,,,14.0,,43,paper\main_text_experiments\runs\ratio_downstream_5k\ratio_0p005_seed_43,0.005,25,5000
hateful_memes,cosine,market_cosine_select,43,25,0,0.0,-0.2415988743305206,0.2415988743305206,-4.690647256211378e-05,0.0137381078675389,1,baseline_feature,0,0,1,5000,28000,1000,1.0231167078018188,top_quantile,0.1501947000001564,0.5545113178152492,0.3697478991596639,0.5866666666666667,,,,,0,,good_count,0.0,,,,,,,,,,,,,,,,,,25.0,,43,paper\main_text_experiments\runs\ratio_downstream_5k\ratio_0p005_seed_43,0.005,25,5000
hateful_memes,cosine,market_coreset_select,43,25,21,0.84,2.1850922107696533,-2.1850922107696533,0.0004088783171027,-0.0235452800989151,0,baseline_feature,0,0,1,5000,28000,1000,1.0231167078018188,top_quantile,0.1747949999999036,0.5298350439882699,0.3697478991596639,0.5866666666666667,,,21.0,,0,,good_count,21.0,,,,,,,,,,,,,,,,,,4.0,,43,paper\main_text_experiments\runs\ratio_downstream_5k\ratio_0p005_seed_43,0.005,25,5000
hateful_memes,cosine,market_badge_select,43,25,21,0.84,2.1850922107696533,-2.1850922107696533,0.0004088783171027,-0.0235452800989151,0,baseline_model_based,1,0,1,5000,28000,1000,1.0231167078018188,top_quantile,0.1483862999998564,0.5218717925219941,0.3697478991596639,0.5866666666666667,,,21.0,,0,,good_count,21.0,,,,,,,,,,,,,,,,,,4.0,,43,paper\main_text_experiments\runs\ratio_downstream_5k\ratio_0p005_seed_43,0.005,25,5000
hateful_memes,cosine,market_kmeans_center_select,43,25,5,0.2,-1.0348901748657229,1.0348901748657229,-5.407333446783014e-06,-0.0263927225023508,1,baseline_feature,0,0,1,5000,28000,1000,1.0231167078018188,top_quantile,0.1577270000002499,0.5403457203079179,0.3697478991596639,0.5866666666666667,,2.0,,,0,,good_count,5.0,23.0,,,,,,,,,,,,,,,,,,,43,paper\main_text_experiments\runs\ratio_downstream_5k\ratio_0p005_seed_43,0.005,25,5000
hateful_memes,cosine,market_typiclust_select,43,25,0,0.0,-1.527633547782898,1.527633547782898,-2.171277992601972e-05,-0.0397618561983108,1,baseline_feature,0,0,1,5000,28000,1000,1.0231167078018188,top_quantile,0.1487351999999191,0.5425050403225806,0.3697478991596639,0.5866666666666667,,,,,0,,good_count,0.0,16.0,,,,,,,,,,,,,,,,,9.0,,43,paper\main_text_experiments\runs\ratio_downstream_5k\ratio_0p005_seed_43,0.005,25,5000
hateful_memes,cosine,ours_kernel_ridge_student,43,25,24,0.96,2.944270133972168,-2.944270133972168,0.0002705693186726,0.0419382937252521,0,online_student,0,0,1,5000,28000,1000,1.0231167078018188,top_quantile,0.099289299999782,0.4709219208211144,0.2924528301886792,0.4133333333333333,,11.0,,2.0,1,ours_student_row_ctpt,good_count,24.0,12.0,10000.0,64.0,4.0,92931.597765,53.80301340178943,53.80903000000001,107.61806,92931.597765,92931.597765,705941.0,192.0,0.0,192.0,192.0,10000.0,1.0,,,43,paper\main_text_experiments\runs\ratio_downstream_5k\ratio_0p005_seed_43,0.005,25,5000
hateful_memes,cosine,ours_sample_package_krr,43,25,24,0.96,2.944270133972168,-2.944270133972168,0.0002705693186726,0.0419382937252521,0,online_student,0,1,4,1250,28000,1000,1.0231167078018188,top_quantile,0.2093783000000257,0.5588826521260997,0.3697478991596639,0.5866666666666667,,11.0,,2.0,1,ours_student_pkg_ctpt,good_count,24.0,12.0,10000.0,64.0,4.0,1786105.677236,2.799386432575201,2.80927,5.61854,1786105.677236,446526.419309,235320.0,10.0,0.0,10.0,10.0,2500.0,4.0,,,43,paper\main_text_experiments\runs\ratio_downstream_5k\ratio_0p005_seed_43,0.005,25,5000
hateful_memes,all_average,market_random_select,43,25,4,0.16,-0.8752023577690125,0.8752023577690125,-5.613565372186713e-05,-0.0066764913499355,1,baseline_feature,0,0,1,5000,28000,1000,1.0231167078018188,top_quantile,0.1491950999998152,0.5743275751466276,0.3697478991596639,0.5866666666666667,2.0,3.0,6.0,4.0,0,,good_count,4.0,3.0,,,,,,,,,,,,,,,,,7.0,,43,paper\main_text_experiments\runs\ratio_downstream_5k\ratio_0p005_seed_43,0.005,25,5000
hateful_memes,all_average,market_cosine_select,43,25,0,0.0,-1.14577054977417,1.14577054977417,-6.265639967750758e-05,-0.0146856773644685,1,baseline_feature,0,0,1,5000,28000,1000,1.0231167078018188,top_quantile,0.158387699999821,0.5682478005865103,0.3697478991596639,0.5866666666666667,,,,,0,,good_count,0.0,,,,,,,,,,,,,,,,,,25.0,,43,paper\main_text_experiments\runs\ratio_downstream_5k\ratio_0p005_seed_43,0.005,25,5000
hateful_memes,all_average,market_coreset_select,43,25,0,0.0,-2.044069290161133,2.044069290161133,-0.0003164768277201,0.0224881339818239,1,baseline_feature,0,0,1,5000,28000,1000,1.0231167078018188,top_quantile,0.1318553999999494,0.4997706653225806,0.3697478991596639,0.5866666666666667,,,25.0,,0,,good_count,0.0,,,,,,,,,,,,,,,,,,,,43,paper\main_text_experiments\runs\ratio_downstream_5k\ratio_0p005_seed_43,0.005,25,5000
hateful_memes,all_average,market_badge_select,43,25,0,0.0,-1.8903069496154783,1.8903069496154783,-0.0002787279954645,0.017689935863018,1,baseline_model_based,1,0,1,5000,28000,1000,1.0231167078018188,top_quantile,0.1503477000001112,0.5033165322580645,0.3697478991596639,0.5866666666666667,,,25.0,,0,,good_count,0.0,,,,,,,,,,,,,,,,,,,,43,paper\main_text_experiments\runs\ratio_downstream_5k\ratio_0p005_seed_43,0.005,25,5000
hateful_memes,all_average,market_kmeans_center_select,43,25,0,0.0,-2.154213190078736,2.154213190078736,-6.501912866951898e-05,-0.0505629256367683,1,baseline_feature,0,0,1,5000,28000,1000,1.0231167078018188,top_quantile,0.1561194000000796,0.5210655700146627,0.3697478991596639,0.5866666666666667,,12.0,,,0,,good_count,0.0,13.0,,,,,,,,,,,,,,,,,,,43,paper\main_text_experiments\runs\ratio_downstream_5k\ratio_0p005_seed_43,0.005,25,5000
hateful_memes,all_average,market_typiclust_select,43,25,0,0.0,-1.1840531826019287,1.1840531826019287,-1.1601448022702243e-05,-0.0300942752510309,1,baseline_feature,0,0,1,5000,28000,1000,1.0231167078018188,top_quantile,0.1298953999998957,0.5357058742668622,0.2924528301886792,0.4133333333333333,,9.0,,,0,,good_count,0.0,9.0,,,,,,,,,,,,,,,,,7.0,,43,paper\main_text_experiments\runs\ratio_downstream_5k\ratio_0p005_seed_43,0.005,25,5000
hateful_memes,all_average,ours_kernel_ridge_student,43,25,23,0.92,2.689668893814087,-2.689668893814087,0.0002539515553507,0.0372805371880531,0,online_student,0,0,1,5000,28000,1000,1.0231167078018188,top_quantile,0.0968038999999407,0.4663634072580646,0.2924528301886792,0.4133333333333333,,11.0,,4.0,1,ours_student_row_ctpt,good_count,23.0,10.0,10000.0,64.0,4.0,92931.597765,53.80301340178943,53.80903000000001,107.61806,92931.597765,92931.597765,705941.0,192.0,0.0,192.0,192.0,10000.0,1.0,,,43,paper\main_text_experiments\runs\ratio_downstream_5k\ratio_0p005_seed_43,0.005,25,5000
hateful_memes,all_average,ours_sample_package_krr,43,25,23,0.92,2.689668893814087,-2.689668893814087,0.0002539515553507,0.0372805371880531,0,online_student,0,1,4,1250,28000,1000,1.0231167078018188,top_quantile,0.1538832000001093,0.5669357129765396,0.3697478991596639,0.5866666666666667,,11.0,,4.0,1,ours_student_pkg_ctpt,good_count,23.0,10.0,10000.0,64.0,4.0,1786105.677236,2.799386432575201,2.80927,5.61854,1786105.677236,446526.419309,235320.0,10.0,0.0,10.0,10.0,2500.0,4.0,,,43,paper\main_text_experiments\runs\ratio_downstream_5k\ratio_0p005_seed_43,0.005,25,5000
hatespeech,noise,market_random_select,143,25,3,0.12,-0.5644009113311768,0.5644009113311768,-0.0001669240009505,0.0286250431090593,1,baseline_feature,0,0,1,5000,28000,1000,0.924261748790741,top_quantile,0.3488302999999177,0.5734648,0.3333333333333333,0.5,2.0,1.0,18.0,2.0,0,,good_count,3.0,2.0,,,,,,,,,,,,,,,,,,,43,paper\main_text_experiments\runs\ratio_downstream_5k\ratio_0p005_seed_43,0.005,25,5000
hatespeech,noise,market_cosine_select,143,25,0,0.0,-0.4048630893230438,0.4048630893230438,-4.698991688201204e-05,0.018942255526781,1,baseline_feature,0,0,1,5000,28000,1000,0.924261748790741,top_quantile,0.365458000000217,0.56849328,0.3333333333333333,0.5,,,,25.0,0,,good_count,0.0,,,,,,,,,,,,,,,,,,,,43,paper\main_text_experiments\runs\ratio_downstream_5k\ratio_0p005_seed_43,0.005,25,5000
hatespeech,noise,market_coreset_select,143,25,0,0.0,-0.791542112827301,0.791542112827301,-0.0002596926642581,0.0297943130135536,1,baseline_feature,0,0,1,5000,28000,1000,0.924261748790741,top_quantile,0.265383799999654,0.5602384,0.3333333333333333,0.5,,,25.0,,0,,good_count,0.0,,,,,,,,,,,,,,,,,,,,43,paper\main_text_experiments\runs\ratio_downstream_5k\ratio_0p005_seed_43,0.005,25,5000
hatespeech,noise,market_badge_select,143,25,0,0.0,-0.9625216126441956,0.9625216126441956,-0.0002906060253735,0.0243784338235855,1,baseline_model_based,1,0,1,5000,28000,1000,0.924261748790741,top_quantile,0.2260360000000218,0.5641327,0.3333333333333333,0.5,,,25.0,,0,,good_count,0.0,,,,,,,,,,,,,,,,,,,,43,paper\main_text_experiments\runs\ratio_downstream_5k\ratio_0p005_seed_43,0.005,25,5000
hatespeech,noise,market_kmeans_center_select,143,25,25,1.0,3.198512554168701,-3.198512554168701,0.0008865070412866,0.0874599441885948,0,baseline_feature,0,0,1,5000,28000,1000,0.924261748790741,top_quantile,0.1604637000000366,0.52272814,0.3333333333333333,0.5,,11.0,,,0,,good_count,25.0,14.0,,,,,,,,,,,,,,,,,,,43,paper\main_text_experiments\runs\ratio_downstream_5k\ratio_0p005_seed_43,0.005,25,5000
hatespeech,noise,market_typiclust_select,143,25,25,1.0,3.3477795124053955,-3.3477795124053955,0.0009544992353767,0.0855544283986091,0,baseline_feature,0,0,1,5000,28000,1000,0.924261748790741,top_quantile,0.2140054999999847,0.5691818200000001,0.3333333333333333,0.5,,10.0,,1.0,0,,good_count,25.0,14.0,,,,,,,,,,,,,,,,,,,43,paper\main_text_experiments\runs\ratio_downstream_5k\ratio_0p005_seed_43,0.005,25,5000
hatespeech,noise,ours_kernel_ridge_student,143,25,25,1.0,3.67847752571106,-3.67847752571106,0.0010716175893321,0.0867551416158676,0,online_student,0,0,1,5000,28000,1000,0.924261748790741,top_quantile,0.176864999999907,0.54277278,0.3333333333333333,0.5,,12.0,,2.0,1,ours_student_row_ctpt,good_count,25.0,11.0,10000.0,64.0,4.0,92931.597765,53.80301340178943,53.80903000000001,107.61806,92931.597765,92931.597765,705941.0,192.0,0.0,192.0,192.0,10000.0,1.0,,,43,paper\main_text_experiments\runs\ratio_downstream_5k\ratio_0p005_seed_43,0.005,25,5000
hatespeech,noise,ours_sample_package_krr,143,25,25,1.0,3.67847752571106,-3.67847752571106,0.0010716175893321,0.0867551416158676,0,online_student,0,1,4,1250,28000,1000,0.924261748790741,top_quantile,0.1569488999998611,0.49510846,0.3333333333333333,0.5,,12.0,,2.0,1,ours_student_pkg_ctpt,good_count,25.0,11.0,10000.0,64.0,4.0,1786105.677236,2.799386432575201,2.80927,5.61854,1786105.677236,446526.419309,235320.0,10.0,0.0,10.0,10.0,2500.0,4.0,,,43,paper\main_text_experiments\runs\ratio_downstream_5k\ratio_0p005_seed_43,0.005,25,5000
hatespeech,coreset_far_wrong,market_random_select,143,25,3,0.12,-0.3925301432609558,0.3925301432609558,-0.0001461076753912,0.035728707909584,1,baseline_feature,0,0,1,5000,28000,1000,0.924261748790741,top_quantile,0.2629483000000618,0.57425892,0.3333333333333333,0.5,18.0,1.0,2.0,2.0,0,,good_count,3.0,2.0,,,,,,,,,,,,,,,,,,,43,paper\main_text_experiments\runs\ratio_downstream_5k\ratio_0p005_seed_43,0.005,25,5000
hatespeech,coreset_far_wrong,market_cosine_select,143,25,0,0.0,-0.4048630893230438,0.4048630893230438,-4.698991688201204e-05,0.018942255526781,1,baseline_feature,0,0,1,5000,28000,1000,0.924261748790741,top_quantile,0.2258346000003257,0.56849328,0.3333333333333333,0.5,,,,25.0,0,,good_count,0.0,,,,,,,,,,,,,,,,,,,,43,paper\main_text_experiments\runs\ratio_downstream_5k\ratio_0p005_seed_43,0.005,25,5000
hatespeech,coreset_far_wrong,market_coreset_select,143,25,0,0.0,-1.4490835666656494,1.4490835666656494,-0.0005605960031971,0.0384128913283348,1,baseline_feature,0,0,1,5000,28000,1000,0.924261748790741,top_quantile,0.2653126999998676,0.5619106199999999,0.3333333333333333,0.5,,,25.0,,0,,good_count,0.0,,,,,,,,,,,,,,,,,,,,43,paper\main_text_experiments\runs\ratio_downstream_5k\ratio_0p005_seed_43,0.005,25,5000
hatespeech,coreset_far_wrong,market_badge_select,143,25,0,0.0,-1.5205426216125488,1.5205426216125488,-0.0005464315181598,0.0317677222192287,1,baseline_model_based,1,0,1,5000,28000,1000,0.924261748790741,top_quantile,0.2216654999997445,0.56482094,0.3333333333333333,0.5,,,25.0,,0,,good_count,0.0,,,,,,,,,,,,,,,,,,,,43,paper\main_text_experiments\runs\ratio_downstream_5k\ratio_0p005_seed_43,0.005,25,5000
hatespeech,coreset_far_wrong,market_kmeans_center_select,143,25,25,1.0,3.198512554168701,-3.198512554168701,0.0008865070412866,0.0874599441885948,0,baseline_feature,0,0,1,5000,28000,1000,0.924261748790741,top_quantile,0.1592863000000761,0.52272814,0.3333333333333333,0.5,,11.0,,,0,,good_count,25.0,14.0,,,,,,,,,,,,,,,,,,,43,paper\main_text_experiments\runs\ratio_downstream_5k\ratio_0p005_seed_43,0.005,25,5000
hatespeech,coreset_far_wrong,market_typiclust_select,143,25,25,1.0,3.3477795124053955,-3.3477795124053955,0.0009544992353767,0.0855544283986091,0,baseline_feature,0,0,1,5000,28000,1000,0.924261748790741,top_quantile,0.2172052000000803,0.5691818200000001,0.3333333333333333,0.5,,10.0,,1.0,0,,good_count,25.0,14.0,,,,,,,,,,,,,,,,,,,43,paper\main_text_experiments\runs\ratio_downstream_5k\ratio_0p005_seed_43,0.005,25,5000
hatespeech,coreset_far_wrong,ours_kernel_ridge_student,143,25,25,1.0,3.67847752571106,-3.67847752571106,0.0010716175893321,0.0867551416158676,0,online_student,0,0,1,5000,28000,1000,0.924261748790741,top_quantile,0.188320400000066,0.54277278,0.3333333333333333,0.5,,12.0,,2.0,1,ours_student_row_ctpt,good_count,25.0,11.0,10000.0,64.0,4.0,92931.597765,53.80301340178943,53.80903000000001,107.61806,92931.597765,92931.597765,705941.0,192.0,0.0,192.0,192.0,10000.0,1.0,,,43,paper\main_text_experiments\runs\ratio_downstream_5k\ratio_0p005_seed_43,0.005,25,5000
hatespeech,coreset_far_wrong,ours_sample_package_krr,143,25,25,1.0,3.67847752571106,-3.67847752571106,0.0010716175893321,0.0867551416158676,0,online_student,0,1,4,1250,28000,1000,0.924261748790741,top_quantile,0.2246254000001499,0.49510846,0.3333333333333333,0.5,,12.0,,2.0,1,ours_student_pkg_ctpt,good_count,25.0,11.0,10000.0,64.0,4.0,1786105.677236,2.799386432575201,2.80927,5.61854,1786105.677236,446526.419309,235320.0,10.0,0.0,10.0,10.0,2500.0,4.0,,,43,paper\main_text_experiments\runs\ratio_downstream_5k\ratio_0p005_seed_43,0.005,25,5000
hatespeech,typiclust_dense,market_random_select,143,25,3,0.12,0.0127049256116151,-0.0127049256116151,0.0001181674015242,0.0176639202982187,1,baseline_feature,0,0,1,5000,28000,1000,0.924261748790741,top_quantile,0.1945125000002008,0.5073255799999999,0.3333333333333333,0.5,,5.0,,,0,,good_count,3.0,18.0,,,,,,,,,,,,,,,,,2.0,,43,paper\main_text_experiments\runs\ratio_downstream_5k\ratio_0p005_seed_43,0.005,25,5000
hatespeech,typiclust_dense,market_cosine_select,143,25,2,0.08,-1.265150785446167,1.265150785446167,6.29925707471557e-05,-0.0512638054788112,1,baseline_feature,0,0,1,5000,28000,1000,0.924261748790741,top_quantile,0.2995872000001327,0.5739194200000001,0.3333333333333333,0.5,,,,,0,,good_count,2.0,,,,,,,,,,,,,,,,,,23.0,2.0,43,paper\main_text_experiments\runs\ratio_downstream_5k\ratio_0p005_seed_43,0.005,25,5000
hatespeech,typiclust_dense,market_coreset_select,143,25,12,0.48,0.457422137260437,-0.457422137260437,0.0005572151858359,-0.02626976929605,0,baseline_feature,0,0,1,5000,28000,1000,0.924261748790741,top_quantile,0.255366999999751,0.55932698,0.3333333333333333,0.5,3.0,,9.0,,0,,good_count,12.0,,,,,,,,,,,,,,,,,,13.0,,43,paper\main_text_experiments\runs\ratio_downstream_5k\ratio_0p005_seed_43,0.005,25,5000
hatespeech,typiclust_dense,market_badge_select,143,25,9,0.36,0.0629678890109062,-0.0629678890109062,0.0003005170729011,-0.0087739368900656,1,baseline_model_based,1,0,1,5000,28000,1000,0.924261748790741,top_quantile,0.2172927000001436,0.5651959999999999,0.3333333333333333,0.5,,,9.0,,0,,good_count,9.0,,,,,,,,,,,,,,,,,,16.0,,43,paper\main_text_experiments\runs\ratio_downstream_5k\ratio_0p005_seed_43,0.005,25,5000
hatespeech,typiclust_dense,market_kmeans_center_select,143,25,3,0.12,0.4494499564170837,-0.4494499564170837,0.0001818060845835,0.0339774265885353,1,baseline_feature,0,0,1,5000,28000,1000,0.924261748790741,top_quantile,0.2123607000003176,0.57369004,0.3333333333333333,0.5,,4.0,,,0,,good_count,3.0,21.0,,,,,,,,,,,,,,,,,,,43,paper\main_text_experiments\runs\ratio_downstream_5k\ratio_0p005_seed_43,0.005,25,5000
hatespeech,typiclust_dense,market_typiclust_select,143,25,0,0.0,1.2390960454940796,-1.2390960454940796,0.0001984667760552,0.0793915390968322,1,baseline_feature,0,0,1,5000,28000,1000,0.924261748790741,top_quantile,0.2238563999999314,0.5706338400000001,0.3333333333333333,0.5,,3.0,,,0,,good_count,0.0,17.0,,,,,,,,,,,,,,,,,5.0,,43,paper\main_text_experiments\runs\ratio_downstream_5k\ratio_0p005_seed_43,0.005,25,5000
hatespeech,typiclust_dense,ours_kernel_ridge_student,143,25,9,0.36,1.5967994928359983,-1.5967994928359983,0.0004296136030461,0.0637902915477752,1,online_student,0,0,1,5000,28000,1000,0.924261748790741,top_quantile,0.2205645999997614,0.56499152,0.3333333333333333,0.5,,9.0,,1.0,1,ours_student_row_ctpt,good_count,9.0,15.0,10000.0,64.0,4.0,92931.597765,53.80301340178943,53.80903000000001,107.61806,92931.597765,92931.597765,705941.0,192.0,0.0,192.0,192.0,10000.0,1.0,,,43,paper\main_text_experiments\runs\ratio_downstream_5k\ratio_0p005_seed_43,0.005,25,5000
hatespeech,typiclust_dense,ours_sample_package_krr,143,25,9,0.36,1.5967994928359983,-1.5967994928359983,0.0004296136030461,0.0637902915477752,1,online_student,0,1,4,1250,28000,1000,0.924261748790741,top_quantile,0.1545046000001093,0.49397666,0.3333333333333333,0.5,,9.0,,1.0,1,ours_student_pkg_ctpt,good_count,9.0,15.0,10000.0,64.0,4.0,1786105.677236,2.799386432575201,2.80927,5.61854,1786105.677236,446526.419309,235320.0,10.0,0.0,10.0,10.0,2500.0,4.0,,,43,paper\main_text_experiments\runs\ratio_downstream_5k\ratio_0p005_seed_43,0.005,25,5000
hatespeech,kmeans_center,market_random_select,143,25,3,0.12,0.121783897280693,-0.121783897280693,0.0001127028444898,0.0251936335116624,1,baseline_feature,0,0,1,5000,28000,1000,0.924261748790741,top_quantile,0.29307689999996,0.57305464,0.3333333333333333,0.5,2.0,18.0,,1.0,0,,good_count,3.0,4.0,,,,,,,,,,,,,,,,,,,43,paper\main_text_experiments\runs\ratio_downstream_5k\ratio_0p005_seed_43,0.005,25,5000
hatespeech,kmeans_center,market_cosine_select,143,25,20,0.8,2.6610758304595947,-2.6610758304595947,0.0007646036101505,0.0744376927614212,0,baseline_feature,0,0,1,5000,28000,1000,0.924261748790741,top_quantile,0.2208544000000074,0.5646563400000001,0.3333333333333333,0.5,,6.0,,13.0,0,,good_count,20.0,,,,,,,,,,,,,,,,,,4.0,2.0,43,paper\main_text_experiments\runs\ratio_downstream_5k\ratio_0p005_seed_43,0.005,25,5000
hatespeech,kmeans_center,market_coreset_select,143,25,8,0.32,-0.1570237129926681,0.1570237129926681,0.0003279089869465,-0.026608407497406,1,baseline_feature,0,0,1,5000,28000,1000,0.924261748790741,top_quantile,0.2515508000001318,0.5625542800000001,0.3333333333333333,0.5,17.0,,8.0,,0,,good_count,8.0,,,,,,,,,,,,,,,,,,,,43,paper\main_text_experiments\runs\ratio_downstream_5k\ratio_0p005_seed_43,0.005,25,5000
hatespeech,kmeans_center,market_badge_select,143,25,8,0.32,-0.1570237129926681,0.1570237129926681,0.0003279089869465,-0.0266084056347608,1,baseline_model_based,1,0,1,5000,28000,1000,0.924261748790741,top_quantile,0.2211076999997203,0.56401324,0.3333333333333333,0.5,17.0,,8.0,,0,,good_count,8.0,,,,,,,,,,,,,,,,,,,,43,paper\main_text_experiments\runs\ratio_downstream_5k\ratio_0p005_seed_43,0.005,25,5000
hatespeech,kmeans_center,market_kmeans_center_select,143,25,4,0.16,0.442923903465271,-0.442923903465271,0.0001796221768017,0.0339331291615963,1,baseline_feature,0,0,1,5000,28000,1000,0.924261748790741,top_quantile,0.2815585999996983,0.57377762,0.3333333333333333,0.5,,14.0,,,0,,good_count,4.0,11.0,,,,,,,,,,,,,,,,,,,43,paper\main_text_experiments\runs\ratio_downstream_5k\ratio_0p005_seed_43,0.005,25,5000
hatespeech,kmeans_center,market_typiclust_select,143,25,3,0.12,2.0589969158172607,-2.0589969158172607,0.0004784393240697,0.0840509012341499,1,baseline_feature,0,0,1,5000,28000,1000,0.924261748790741,top_quantile,0.2114386000002923,0.56981024,0.3333333333333333,0.5,,23.0,,,0,,good_count,3.0,2.0,,,,,,,,,,,,,,,,,,,43,paper\main_text_experiments\runs\ratio_downstream_5k\ratio_0p005_seed_43,0.005,25,5000
hatespeech,kmeans_center,ours_kernel_ridge_student,143,25,10,0.4,1.5758901834487915,-1.5758901834487915,0.0004220748087391,0.0637359991669654,0,online_student,0,0,1,5000,28000,1000,0.924261748790741,top_quantile,0.2092299000000821,0.56520554,0.3333333333333333,0.5,,16.0,,1.0,1,ours_student_row_ctpt,good_count,10.0,8.0,10000.0,64.0,4.0,92931.597765,53.80301340178943,53.80903000000001,107.61806,92931.597765,92931.597765,705941.0,192.0,0.0,192.0,192.0,10000.0,1.0,,,43,paper\main_text_experiments\runs\ratio_downstream_5k\ratio_0p005_seed_43,0.005,25,5000
hatespeech,kmeans_center,ours_sample_package_krr,143,25,10,0.4,1.5758901834487915,-1.5758901834487915,0.0004220748087391,0.0637359991669654,0,online_student,0,1,4,1250,28000,1000,0.924261748790741,top_quantile,0.1595581999999922,0.4939346,0.3333333333333333,0.5,,16.0,,1.0,1,ours_student_pkg_ctpt,good_count,10.0,8.0,10000.0,64.0,4.0,1786105.677236,2.799386432575201,2.80927,5.61854,1786105.677236,446526.419309,235320.0,10.0,0.0,10.0,10.0,2500.0,4.0,,,43,paper\main_text_experiments\runs\ratio_downstream_5k\ratio_0p005_seed_43,0.005,25,5000
hatespeech,uncertainty_badge,market_random_select,143,25,3,0.12,0.2776541709899902,-0.2776541709899902,0.0001658129622228,0.0260980371385812,1,baseline_feature,0,0,1,5000,28000,1000,0.924261748790741,top_quantile,0.1550283999999919,0.5141921599999999,0.3333333333333333,0.5,2.0,,,20.0,0,,good_count,3.0,1.0,,,,,,,,,,,,,,,,,2.0,,43,paper\main_text_experiments\runs\ratio_downstream_5k\ratio_0p005_seed_43,0.005,25,5000
hatespeech,uncertainty_badge,market_cosine_select,143,25,0,0.0,-1.484270453453064,1.484270453453064,-2.546548785176128e-05,-0.0503031723201274,1,baseline_feature,0,0,1,5000,28000,1000,0.924261748790741,top_quantile,0.2256811999995989,0.57155744,0.3333333333333333,0.5,,,,,0,,good_count,0.0,,,,,,,,,,,,,,,,,,25.0,,43,paper\main_text_experiments\runs\ratio_downstream_5k\ratio_0p005_seed_43,0.005,25,5000
hatespeech,uncertainty_badge,market_coreset_select,143,25,0,0.0,-1.0194306373596191,1.0194306373596191,-0.0002346444089198,0.0118578802794218,1,baseline_feature,0,0,1,5000,28000,1000,0.924261748790741,top_quantile,0.2459474000002046,0.5617859000000001,0.3333333333333333,0.5,19.0,,,,0,,good_count,0.0,,,,,,,,,,,,,,,,,,6.0,,43,paper\main_text_experiments\runs\ratio_downstream_5k\ratio_0p005_seed_43,0.005,25,5000
hatespeech,uncertainty_badge,market_badge_select,143,25,0,0.0,-1.0833793878555298,1.0833793878555298,-0.0001139831510954,-0.0115585466846823,1,baseline_model_based,1,0,1,5000,28000,1000,0.924261748790741,top_quantile,0.2187871999999515,0.56586254,0.3333333333333333,0.5,12.0,,,,0,,good_count,0.0,,,,,,,,,,,,,,,,,,13.0,,43,paper\main_text_experiments\runs\ratio_downstream_5k\ratio_0p005_seed_43,0.005,25,5000
hatespeech,uncertainty_badge,market_kmeans_center_select,143,25,23,0.92,2.7565929889678955,-2.7565929889678955,0.0007672333740629,0.0798316746950149,0,baseline_feature,0,0,1,5000,28000,1000,0.924261748790741,top_quantile,0.2175451999996767,0.5677994,0.3333333333333333,0.5,,10.0,,2.0,0,,good_count,23.0,13.0,,,,,,,,,,,,,,,,,,,43,paper\main_text_experiments\runs\ratio_downstream_5k\ratio_0p005_seed_43,0.005,25,5000
hatespeech,uncertainty_badge,market_typiclust_select,143,25,23,0.92,2.9066030979156494,-2.9066030979156494,0.0008312630816362,0.0786125063896179,0,baseline_feature,0,0,1,5000,28000,1000,0.924261748790741,top_quantile,0.2113360999996985,0.56928286,0.3333333333333333,0.5,,10.0,,1.0,0,,good_count,23.0,12.0,,,,,,,,,,,,,,,,,2.0,,43,paper\main_text_experiments\runs\ratio_downstream_5k\ratio_0p005_seed_43,0.005,25,5000
hatespeech,uncertainty_badge,ours_kernel_ridge_student,143,25,15,0.6,1.7758302688598633,-1.7758302688598633,0.000543305883184,0.0563049130141735,0,online_student,0,0,1,5000,28000,1000,0.924261748790741,top_quantile,0.2207780000003367,0.56855846,0.3333333333333333,0.5,,9.0,,10.0,1,ours_student_row_ctpt,good_count,15.0,6.0,10000.0,64.0,4.0,92931.597765,53.80301340178943,53.80903000000001,107.61806,92931.597765,92931.597765,705941.0,192.0,0.0,192.0,192.0,10000.0,1.0,,,43,paper\main_text_experiments\runs\ratio_downstream_5k\ratio_0p005_seed_43,0.005,25,5000
hatespeech,uncertainty_badge,ours_sample_package_krr,143,25,15,0.6,1.7758302688598633,-1.7758302688598633,0.000543305883184,0.0563049130141735,0,online_student,0,1,4,1250,28000,1000,0.924261748790741,top_quantile,0.1578710999997383,0.49502894,0.3333333333333333,0.5,,9.0,,10.0,1,ours_student_pkg_ctpt,good_count,15.0,6.0,10000.0,64.0,4.0,1786105.677236,2.799386432575201,2.80927,5.61854,1786105.677236,446526.419309,235320.0,10.0,0.0,10.0,10.0,2500.0,4.0,,,43,paper\main_text_experiments\runs\ratio_downstream_5k\ratio_0p005_seed_43,0.005,25,5000
hatespeech,cosine,market_random_select,143,25,3,0.12,-0.3623180389404297,0.3623180389404297,-2.6524066925048828e-05,0.0182233992964029,1,baseline_feature,0,0,1,5000,28000,1000,0.924261748790741,top_quantile,0.3040349999996579,0.57476,0.3333333333333333,0.5,,2.0,,2.0,0,,good_count,3.0,3.0,,,,,,,,,,,,,,,,,18.0,,43,paper\main_text_experiments\runs\ratio_downstream_5k\ratio_0p005_seed_43,0.005,25,5000
hatespeech,cosine,market_cosine_select,143,25,0,0.0,-0.4084903597831726,0.4084903597831726,3.639936403487809e-05,0.0052307159639894,1,baseline_feature,0,0,1,5000,28000,1000,0.924261748790741,top_quantile,0.2798593000002256,0.57072178,0.3333333333333333,0.5,,,,,0,,good_count,0.0,,,,,,,,,,,,,,,,,,25.0,,43,paper\main_text_experiments\runs\ratio_downstream_5k\ratio_0p005_seed_43,0.005,25,5000
hatespeech,cosine,market_coreset_select,143,25,7,0.28,0.1968063414096832,-0.1968063414096832,0.000390954024624,-0.0152504835277795,1,baseline_feature,0,0,1,5000,28000,1000,0.924261748790741,top_quantile,0.2531534999998257,0.5583699400000001,0.3333333333333333,0.5,,,7.0,,0,,good_count,7.0,,,,,,,,,,,,,,,,,,18.0,,43,paper\main_text_experiments\runs\ratio_downstream_5k\ratio_0p005_seed_43,0.005,25,5000
hatespeech,cosine,market_badge_select,143,25,7,0.28,0.0928912609815597,-0.0928912609815597,0.000327148445649,-0.0112592112272977,1,baseline_model_based,1,0,1,5000,28000,1000,0.924261748790741,top_quantile,0.2278159000002233,0.56592624,0.3333333333333333,0.5,,,7.0,,0,,good_count,7.0,,,,,,,,,,,,,,,,,,18.0,,43,paper\main_text_experiments\runs\ratio_downstream_5k\ratio_0p005_seed_43,0.005,25,5000
hatespeech,cosine,market_kmeans_center_select,143,25,16,0.64,0.7917544841766357,-0.7917544841766357,0.0003593635628931,0.0261075552552938,0,baseline_feature,0,0,1,5000,28000,1000,0.924261748790741,top_quantile,0.1794426000001294,0.5533944,0.3333333333333333,0.5,,6.0,,1.0,0,,good_count,16.0,18.0,,,,,,,,,,,,,,,,,,,43,paper\main_text_experiments\runs\ratio_downstream_5k\ratio_0p005_seed_43,0.005,25,5000
hatespeech,cosine,market_typiclust_select,143,25,9,0.36,1.1098191738128662,-1.1098191738128662,0.0002276134473504,0.0668000131845474,1,baseline_feature,0,0,1,5000,28000,1000,0.924261748790741,top_quantile,0.2143486999998458,0.57005204,0.3333333333333333,0.5,,4.0,,,0,,good_count,9.0,5.0,,,,,,,,,,,,,,,,,16.0,,43,paper\main_text_experiments\runs\ratio_downstream_5k\ratio_0p005_seed_43,0.005,25,5000
hatespeech,cosine,ours_kernel_ridge_student,143,25,21,0.84,2.535564661026001,-2.535564661026001,0.0007788610528223,0.0644843503832817,0,online_student,0,0,1,5000,28000,1000,0.924261748790741,top_quantile,0.2234842000002572,0.5649778,0.3333333333333333,0.5,,11.0,,3.0,1,ours_student_row_ctpt,good_count,21.0,11.0,10000.0,64.0,4.0,92931.597765,53.80301340178943,53.80903000000001,107.61806,92931.597765,92931.597765,705941.0,192.0,0.0,192.0,192.0,10000.0,1.0,,,43,paper\main_text_experiments\runs\ratio_downstream_5k\ratio_0p005_seed_43,0.005,25,5000
hatespeech,cosine,ours_sample_package_krr,143,25,21,0.84,2.535564661026001,-2.535564661026001,0.0007788610528223,0.0644843503832817,0,online_student,0,1,4,1250,28000,1000,0.924261748790741,top_quantile,0.1603875000000698,0.49379704,0.3333333333333333,0.5,,11.0,,3.0,1,ours_student_pkg_ctpt,good_count,21.0,11.0,10000.0,64.0,4.0,1786105.677236,2.799386432575201,2.80927,5.61854,1786105.677236,446526.419309,235320.0,10.0,0.0,10.0,10.0,2500.0,4.0,,,43,paper\main_text_experiments\runs\ratio_downstream_5k\ratio_0p005_seed_43,0.005,25,5000
hatespeech,all_average,market_random_select,143,25,3,0.12,-0.9112485647201538,0.9112485647201538,-0.000165624616784,0.0072830254212021,1,baseline_feature,0,0,1,5000,28000,1000,0.924261748790741,top_quantile,0.1591388000001643,0.50855056,0.3333333333333333,0.5,7.0,4.0,4.0,5.0,0,,good_count,3.0,2.0,,,,,,,,,,,,,,,,,3.0,,43,paper\main_text_experiments\runs\ratio_downstream_5k\ratio_0p005_seed_43,0.005,25,5000
hatespeech,all_average,market_cosine_select,143,25,0,0.0,-1.5593408346176147,1.5593408346176147,-3.361940252943896e-05,-0.0535577312111854,1,baseline_feature,0,0,1,5000,28000,1000,0.924261748790741,top_quantile,0.2213464000001295,0.57387864,0.3333333333333333,0.5,,,,,0,,good_count,0.0,,,,,,,,,,,,,,,,,,25.0,,43,paper\main_text_experiments\runs\ratio_downstream_5k\ratio_0p005_seed_43,0.005,25,5000
hatespeech,all_average,market_coreset_select,143,25,0,0.0,-1.6416810750961304,1.6416810750961304,-0.0006419300916604,0.0398368872702121,1,baseline_feature,0,0,1,5000,28000,1000,0.924261748790741,top_quantile,0.2466537999998763,0.56085816,0.3333333333333333,0.5,,,25.0,,0,,good_count,0.0,,,,,,,,,,,,,,,,,,,,43,paper\main_text_experiments\runs\ratio_downstream_5k\ratio_0p005_seed_43,0.005,25,5000
hatespeech,all_average,market_badge_select,143,25,0,0.0,-1.673056960105896,1.673056960105896,-0.0006289315060712,0.0358224213123321,1,baseline_model_based,1,0,1,5000,28000,1000,0.924261748790741,top_quantile,0.2215032999997674,0.5639814599999999,0.3333333333333333,0.5,,,25.0,,0,,good_count,0.0,,,,,,,,,,,,,,,,,,,,43,paper\main_text_experiments\runs\ratio_downstream_5k\ratio_0p005_seed_43,0.005,25,5000
hatespeech,all_average,market_kmeans_center_select,143,25,2,0.08,-0.655971884727478,0.655971884727478,-9.048700303537772e-05,0.0106802377849817,1,baseline_feature,0,0,1,5000,28000,1000,0.924261748790741,top_quantile,0.1765776000002006,0.55017392,0.3333333333333333,0.5,,10.0,,,0,,good_count,2.0,15.0,,,,,,,,,,,,,,,,,,,43,paper\main_text_experiments\runs\ratio_downstream_5k\ratio_0p005_seed_43,0.005,25,5000
hatespeech,all_average,market_typiclust_select,143,25,0,0.0,0.8886173367500305,-0.8886173367500305,7.674217340536416e-05,0.0777308642864227,1,baseline_feature,0,0,1,5000,28000,1000,0.924261748790741,top_quantile,0.2123450999997658,0.57091702,0.3333333333333333,0.5,,8.0,,,0,,good_count,0.0,11.0,,,,,,,,,,,,,,,,,6.0,,43,paper\main_text_experiments\runs\ratio_downstream_5k\ratio_0p005_seed_43,0.005,25,5000
hatespeech,all_average,ours_kernel_ridge_student,143,25,9,0.36,0.1389958411455154,-0.1389958411455154,0.000109808446723,0.0267105344682931,1,online_student,0,0,1,5000,28000,1000,0.924261748790741,top_quantile,0.2076725000001715,0.5661609,0.3333333333333333,0.5,,10.0,,4.0,1,ours_student_row_ctpt,good_count,9.0,11.0,10000.0,64.0,4.0,92931.597765,53.80301340178943,53.80903000000001,107.61806,92931.597765,92931.597765,705941.0,192.0,0.0,192.0,192.0,10000.0,1.0,,,43,paper\main_text_experiments\runs\ratio_downstream_5k\ratio_0p005_seed_43,0.005,25,5000
hatespeech,all_average,ours_sample_package_krr,143,25,9,0.36,0.1389958411455154,-0.1389958411455154,0.000109808446723,0.0267105344682931,1,online_student,0,1,4,1250,28000,1000,0.924261748790741,top_quantile,0.2199556999999004,0.49639882,0.3333333333333333,0.5,,10.0,,4.0,1,ours_student_pkg_ctpt,good_count,9.0,11.0,10000.0,64.0,4.0,1786105.677236,2.799386432575201,2.80927,5.61854,1786105.677236,446526.419309,235320.0,10.0,0.0,10.0,10.0,2500.0,4.0,,,43,paper\main_text_experiments\runs\ratio_downstream_5k\ratio_0p005_seed_43,0.005,25,5000
mscoco,noise,market_random_select,243,25,4,0.16,-0.5767600536346436,0.5767600536346436,-2.142190896847751e-05,0.0007150825695134,1,baseline_feature,0,0,1,5000,28000,1000,1.1473939418792725,top_quantile,0.3413869000000886,0.8730226562500001,0.3333333333333333,0.5,4.0,2.0,17.0,,0,,good_count,4.0,2.0,,,,,,,,,,,,,,,,,,,43,paper\main_text_experiments\runs\ratio_downstream_5k\ratio_0p005_seed_43,0.005,25,5000
mscoco,noise,market_cosine_select,243,25,0,0.0,-1.1690587997436523,1.1690587997436523,-9.241103725798894e-06,-0.0026660722214728,1,baseline_feature,0,0,1,5000,28000,1000,1.1473939418792725,top_quantile,0.2480795999999827,0.8530219687499999,0.3333333333333333,0.5,,,,25.0,0,,good_count,0.0,,,,,,,,,,,,,,,,,,,,43,paper\main_text_experiments\runs\ratio_downstream_5k\ratio_0p005_seed_43,0.005,25,5000
mscoco,noise,market_coreset_select,243,25,0,0.0,-0.3852217197418213,0.3852217197418213,-2.2008418454788625e-05,0.0014518226962536,1,baseline_feature,0,0,1,5000,28000,1000,1.1473939418792725,top_quantile,0.2573640999999043,0.8986589687500001,0.6542638466828066,0.682125,,,25.0,,0,,good_count,0.0,,,,,,,,,,,,,,,,,,,,43,paper\main_text_experiments\runs\ratio_downstream_5k\ratio_0p005_seed_43,0.005,25,5000
mscoco,noise,market_badge_select,243,25,0,0.0,-0.3746651113033294,0.3746651113033294,-2.321004831173923e-05,0.0016168254660442,1,baseline_model_based,1,0,1,5000,28000,1000,1.1473939418792725,top_quantile,0.2767643000001953,0.85057421875,0.3333333333333333,0.5,,,25.0,,0,,good_count,0.0,,,,,,,,,,,,,,,,,,,,43,paper\main_text_experiments\runs\ratio_downstream_5k\ratio_0p005_seed_43,0.005,25,5000
mscoco,noise,market_kmeans_center_select,243,25,25,1.0,4.613499641418457,-4.613499641418457,0.0001161599138868,0.0043515278957784,0,baseline_feature,0,0,1,5000,28000,1000,1.1473939418792725,top_quantile,0.2104193999998642,0.84518625,0.3333333333333333,0.5,,7.0,,,0,,good_count,25.0,18.0,,,,,,,,,,,,,,,,,,,43,paper\main_text_experiments\runs\ratio_downstream_5k\ratio_0p005_seed_43,0.005,25,5000
mscoco,noise,market_typiclust_select,243,25,25,1.0,4.3877129554748535,-4.3877129554748535,0.0001088142380467,0.0043380814604461,0,baseline_feature,0,0,1,5000,28000,1000,1.1473939418792725,top_quantile,0.2007683999995606,0.8274418750000001,0.3333333333333333,0.5,,9.0,,,0,,good_count,25.0,16.0,,,,,,,,,,,,,,,,,,,43,paper\main_text_experiments\runs\ratio_downstream_5k\ratio_0p005_seed_43,0.005,25,5000
mscoco,noise,ours_kernel_ridge_student,243,25,25,1.0,4.933715343475342,-4.933715343475342,0.0001124167465604,0.0058771236799657,0,online_student,0,0,1,5000,28000,1000,1.1473939418792725,top_quantile,0.2081610999998702,0.8770737500000001,0.3333333333333333,0.5,,11.0,,,1,ours_student_row_ctpt,good_count,25.0,14.0,10000.0,64.0,4.0,92931.597765,53.80301340178943,53.80903000000001,107.61806,92931.597765,92931.597765,705941.0,192.0,0.0,192.0,192.0,10000.0,1.0,,,43,paper\main_text_experiments\runs\ratio_downstream_5k\ratio_0p005_seed_43,0.005,25,5000
mscoco,noise,ours_sample_package_krr,243,25,25,1.0,4.933715343475342,-4.933715343475342,0.0001124167465604,0.0058771236799657,0,online_student,0,1,4,1250,28000,1000,1.1473939418792725,top_quantile,0.1624019999999291,0.700144,0.3333333333333333,0.5,,11.0,,,1,ours_student_pkg_ctpt,good_count,25.0,14.0,10000.0,64.0,4.0,1786105.677236,2.799386432575201,2.80927,5.61854,1786105.677236,446526.419309,235320.0,10.0,0.0,10.0,10.0,2500.0,4.0,,,43,paper\main_text_experiments\runs\ratio_downstream_5k\ratio_0p005_seed_43,0.005,25,5000
mscoco,coreset_far_wrong,market_random_select,243,25,4,0.16,-0.2310930043458938,0.2310930043458938,-6.804466465837322e-06,0.0003769739414565,1,baseline_feature,0,0,1,5000,28000,1000,1.1473939418792725,top_quantile,0.2877594999999928,0.8731779375,0.3333333333333333,0.5,17.0,2.0,4.0,,0,,good_count,4.0,2.0,,,,,,,,,,,,,,,,,,,43,paper\main_text_experiments\runs\ratio_downstream_5k\ratio_0p005_seed_43,0.005,25,5000
mscoco,coreset_far_wrong,market_cosine_select,243,25,0,0.0,-1.1690587997436523,1.1690587997436523,-9.241103725798894e-06,-0.0026660722214728,1,baseline_feature,0,0,1,5000,28000,1000,1.1473939418792725,top_quantile,0.2049551999998584,0.8530219687499999,0.3333333333333333,0.5,,,,25.0,0,,good_count,0.0,,,,,,,,,,,,,,,,,,,,43,paper\main_text_experiments\runs\ratio_downstream_5k\ratio_0p005_seed_43,0.005,25,5000
mscoco,coreset_far_wrong,market_coreset_select,243,25,0,0.0,-2.4796645641326904,2.4796645641326904,-6.940364983165637e-05,-0.0008798420312814,1,baseline_feature,0,0,1,5000,28000,1000,1.1473939418792725,top_quantile,0.2479658000002018,0.898365625,0.3333333333333333,0.5,,,25.0,,0,,good_count,0.0,,,,,,,,,,,,,,,,,,,,43,paper\main_text_experiments\runs\ratio_downstream_5k\ratio_0p005_seed_43,0.005,25,5000
mscoco,coreset_far_wrong,market_badge_select,243,25,0,0.0,-2.4253876209259038,2.4253876209259038,-6.757974915672094e-05,-0.0008827887941151,1,baseline_model_based,1,0,1,5000,28000,1000,1.1473939418792725,top_quantile,0.1462680999998156,0.5392170000000001,0.3333333333333333,0.5,,,25.0,,0,,good_count,0.0,,,,,,,,,,,,,,,,,,,,43,paper\main_text_experiments\runs\ratio_downstream_5k\ratio_0p005_seed_43,0.005,25,5000
mscoco,coreset_far_wrong,market_kmeans_center_select,243,25,25,1.0,4.613499641418457,-4.613499641418457,0.0001161599138868,0.0043515278957784,0,baseline_feature,0,0,1,5000,28000,1000,1.1473939418792725,top_quantile,0.2085428999998839,0.84518625,0.3333333333333333,0.5,,7.0,,,0,,good_count,25.0,18.0,,,,,,,,,,,,,,,,,,,43,paper\main_text_experiments\runs\ratio_downstream_5k\ratio_0p005_seed_43,0.005,25,5000
mscoco,coreset_far_wrong,market_typiclust_select,243,25,25,1.0,4.3877129554748535,-4.3877129554748535,0.0001088142380467,0.0043380814604461,0,baseline_feature,0,0,1,5000,28000,1000,1.1473939418792725,top_quantile,0.2032468999996126,0.8274418750000001,0.3333333333333333,0.5,,9.0,,,0,,good_count,25.0,16.0,,,,,,,,,,,,,,,,,,,43,paper\main_text_experiments\runs\ratio_downstream_5k\ratio_0p005_seed_43,0.005,25,5000
mscoco,coreset_far_wrong,ours_kernel_ridge_student,243,25,25,1.0,4.933715343475342,-4.933715343475342,0.0001124167465604,0.0058771236799657,0,online_student,0,0,1,5000,28000,1000,1.1473939418792725,top_quantile,0.2066512000001239,0.8770737500000001,0.3333333333333333,0.5,,11.0,,,1,ours_student_row_ctpt,good_count,25.0,14.0,10000.0,64.0,4.0,92931.597765,53.80301340178943,53.80903000000001,107.61806,92931.597765,92931.597765,705941.0,192.0,0.0,192.0,192.0,10000.0,1.0,,,43,paper\main_text_experiments\runs\ratio_downstream_5k\ratio_0p005_seed_43,0.005,25,5000
mscoco,coreset_far_wrong,ours_sample_package_krr,243,25,25,1.0,4.933715343475342,-4.933715343475342,0.0001124167465604,0.0058771236799657,0,online_student,0,1,4,1250,28000,1000,1.1473939418792725,top_quantile,0.1615286999999625,0.700144,0.3333333333333333,0.5,,11.0,,,1,ours_student_pkg_ctpt,good_count,25.0,14.0,10000.0,64.0,4.0,1786105.677236,2.799386432575201,2.80927,5.61854,1786105.677236,446526.419309,235320.0,10.0,0.0,10.0,10.0,2500.0,4.0,,,43,paper\main_text_experiments\runs\ratio_downstream_5k\ratio_0p005_seed_43,0.005,25,5000
mscoco,typiclust_dense,market_random_select,243,25,4,0.16,0.1238914430141449,-0.1238914430141449,1.4874935004627332e-05,-0.0006796236266382,1,baseline_feature,0,0,1,5000,28000,1000,1.1473939418792725,top_quantile,0.2071333999997477,0.8608059375,0.3333333333333333,0.5,,5.0,,2.0,0,,good_count,4.0,18.0,,,,,,,,,,,,,,,,,,,43,paper\main_text_experiments\runs\ratio_downstream_5k\ratio_0p005_seed_43,0.005,25,5000
mscoco,typiclust_dense,market_cosine_select,243,25,4,0.16,-0.3840368688106537,0.3840368688106537,5.075931767350994e-06,-0.0014253975823521,1,baseline_feature,0,0,1,5000,28000,1000,1.1473939418792725,top_quantile,0.2016708999999537,0.7594302500000001,0.4112518285676684,0.53475,,,,,0,,good_count,4.0,,,,,,,,,,,,,,,,,,21.0,4.0,43,paper\main_text_experiments\runs\ratio_downstream_5k\ratio_0p005_seed_43,0.005,25,5000
mscoco,typiclust_dense,market_coreset_select,243,25,19,0.76,1.794398069381714,-1.794398069381714,3.4453867556294426e-05,0.0031187615823,0,baseline_feature,0,0,1,5000,28000,1000,1.1473939418792725,top_quantile,0.2407164000001103,0.901244125,0.3333333333333333,0.5,,,19.0,,0,,good_count,19.0,,,,,,,,,,,,,,,,,,6.0,,43,paper\main_text_experiments\runs\ratio_downstream_5k\ratio_0p005_seed_43,0.005,25,5000
mscoco,typiclust_dense,market_badge_select,243,25,19,0.76,1.754976749420166,-1.754976749420166,3.131628182018176e-05,0.0033137677237391,0,baseline_model_based,1,0,1,5000,28000,1000,1.1473939418792725,top_quantile,0.204208699999981,0.6421047812499999,0.3333333333333333,0.5,,,19.0,,0,,good_count,19.0,,,,,,,,,,,,,,,,,,6.0,,43,paper\main_text_experiments\runs\ratio_downstream_5k\ratio_0p005_seed_43,0.005,25,5000
mscoco,typiclust_dense,market_kmeans_center_select,243,25,0,0.0,-1.0354952812194824,1.0354952812194824,3.461837877694052e-06,-0.003547252388671,1,baseline_feature,0,0,1,5000,28000,1000,1.1473939418792725,top_quantile,0.2008162000001903,0.87168228125,0.3333333333333333,0.5,,7.0,,,0,,good_count,0.0,18.0,,,,,,,,,,,,,,,,,,,43,paper\main_text_experiments\runs\ratio_downstream_5k\ratio_0p005_seed_43,0.005,25,5000
mscoco,typiclust_dense,market_typiclust_select,243,25,0,0.0,-0.8581910133361816,0.8581910133361816,5.826950200571446e-06,-0.0031746367458254,1,baseline_feature,0,0,1,5000,28000,1000,1.1473939418792725,top_quantile,0.2014334999998936,0.8644453749999998,0.3333333333333333,0.5,,8.0,,,0,,good_count,0.0,17.0,,,,,,,,,,,,,,,,,,,43,paper\main_text_experiments\runs\ratio_downstream_5k\ratio_0p005_seed_43,0.005,25,5000
mscoco,typiclust_dense,ours_kernel_ridge_student,243,25,23,0.92,4.872180461883545,-4.872180461883545,0.0001100301742553,0.0059143756516277,0,online_student,0,0,1,5000,28000,1000,1.1473939418792725,top_quantile,0.2048839999997653,0.8772300312500001,0.3333333333333333,0.5,,10.0,,2.0,1,ours_student_row_ctpt,good_count,23.0,13.0,10000.0,64.0,4.0,92931.597765,53.80301340178943,53.80903000000001,107.61806,92931.597765,92931.597765,705941.0,192.0,0.0,192.0,192.0,10000.0,1.0,,,43,paper\main_text_experiments\runs\ratio_downstream_5k\ratio_0p005_seed_43,0.005,25,5000
mscoco,typiclust_dense,ours_sample_package_krr,243,25,23,0.92,4.872180461883545,-4.872180461883545,0.0001100301742553,0.0059143756516277,0,online_student,0,1,4,1250,28000,1000,1.1473939418792725,top_quantile,0.1646275000002788,0.69069484375,0.3333333333333333,0.5,,10.0,,2.0,1,ours_student_pkg_ctpt,good_count,23.0,13.0,10000.0,64.0,4.0,1786105.677236,2.799386432575201,2.80927,5.61854,1786105.677236,446526.419309,235320.0,10.0,0.0,10.0,10.0,2500.0,4.0,,,43,paper\main_text_experiments\runs\ratio_downstream_5k\ratio_0p005_seed_43,0.005,25,5000
mscoco,kmeans_center,market_random_select,243,25,4,0.16,-0.3265121579170227,0.3265121579170227,1.262903242604807e-05,-0.0020264147315174,1,baseline_feature,0,0,1,5000,28000,1000,1.1473939418792725,top_quantile,0.296581199999764,0.8914858125,0.3333333333333333,0.5,,18.0,1.0,2.0,0,,good_count,4.0,4.0,,,,,,,,,,,,,,,,,,,43,paper\main_text_experiments\runs\ratio_downstream_5k\ratio_0p005_seed_43,0.005,25,5000
mscoco,kmeans_center,market_cosine_select,243,25,25,1.0,3.553511619567871,-3.553511619567871,6.061554086045362e-05,0.0065287924371659,0,baseline_feature,0,0,1,5000,28000,1000,1.1473939418792725,top_quantile,0.206075999999939,0.8235329375000001,0.3333333333333333,0.5,,,,18.0,0,,good_count,25.0,,,,,,,,,,,,,,,,,,2.0,5.0,43,paper\main_text_experiments\runs\ratio_downstream_5k\ratio_0p005_seed_43,0.005,25,5000
mscoco,kmeans_center,market_coreset_select,243,25,14,0.56,1.1507412195205688,-1.1507412195205688,1.941442496899981e-05,0.0024526407942175,0,baseline_feature,0,0,1,5000,28000,1000,1.1473939418792725,top_quantile,0.2432829000003948,0.89749271875,0.6578712797895454,0.68975,11.0,,14.0,,0,,good_count,14.0,,,,,,,,,,,,,,,,,,,,43,paper\main_text_experiments\runs\ratio_downstream_5k\ratio_0p005_seed_43,0.005,25,5000
mscoco,kmeans_center,market_badge_select,243,25,14,0.56,1.1507412195205688,-1.1507412195205688,1.941442496899981e-05,0.0024526407942175,0,baseline_model_based,1,0,1,5000,28000,1000,1.1473939418792725,top_quantile,0.2075270999998792,0.84544965625,0.3333333333333333,0.5,11.0,,14.0,,0,,good_count,14.0,,,,,,,,,,,,,,,,,,,,43,paper\main_text_experiments\runs\ratio_downstream_5k\ratio_0p005_seed_43,0.005,25,5000
mscoco,kmeans_center,market_kmeans_center_select,243,25,0,0.0,-1.422282576560974,1.422282576560974,-3.4379959288344253e-06,-0.0041749589145183,1,baseline_feature,0,0,1,5000,28000,1000,1.1473939418792725,top_quantile,0.2057539000002179,0.8652645625,0.3333333333333333,0.5,,7.0,,,0,,good_count,0.0,18.0,,,,,,,,,,,,,,,,,,,43,paper\main_text_experiments\runs\ratio_downstream_5k\ratio_0p005_seed_43,0.005,25,5000
mscoco,kmeans_center,market_typiclust_select,243,25,0,0.0,-1.083957552909851,1.083957552909851,1.342296627626638e-06,-0.0034923830535262,1,baseline_feature,0,0,1,5000,28000,1000,1.1473939418792725,top_quantile,0.2039034000003994,0.86508328125,0.3333333333333333,0.5,,10.0,,,0,,good_count,0.0,15.0,,,,,,,,,,,,,,,,,,,43,paper\main_text_experiments\runs\ratio_downstream_5k\ratio_0p005_seed_43,0.005,25,5000
mscoco,kmeans_center,ours_kernel_ridge_student,243,25,22,0.88,4.820522785186768,-4.820522785186768,0.0001082825692719,0.0059184255078434,0,online_student,0,0,1,5000,28000,1000,1.1473939418792725,top_quantile,0.2045989999996891,0.8776659062500001,0.3333333333333333,0.5,,12.0,,2.0,1,ours_student_row_ctpt,good_count,22.0,11.0,10000.0,64.0,4.0,92931.597765,53.80301340178943,53.80903000000001,107.61806,92931.597765,92931.597765,705941.0,192.0,0.0,192.0,192.0,10000.0,1.0,,,43,paper\main_text_experiments\runs\ratio_downstream_5k\ratio_0p005_seed_43,0.005,25,5000
mscoco,kmeans_center,ours_sample_package_krr,243,25,22,0.88,4.820522785186768,-4.820522785186768,0.0001082825692719,0.0059184255078434,0,online_student,0,1,4,1250,28000,1000,1.1473939418792725,top_quantile,0.2051048999996965,0.82665946875,0.3333333333333333,0.5,,12.0,,2.0,1,ours_student_pkg_ctpt,good_count,22.0,11.0,10000.0,64.0,4.0,1786105.677236,2.799386432575201,2.80927,5.61854,1786105.677236,446526.419309,235320.0,10.0,0.0,10.0,10.0,2500.0,4.0,,,43,paper\main_text_experiments\runs\ratio_downstream_5k\ratio_0p005_seed_43,0.005,25,5000
mscoco,uncertainty_badge,market_random_select,243,25,4,0.16,0.5781790018081665,-0.5781790018081665,1.7454623957746662e-05,0.0006453315145336,1,baseline_feature,0,0,1,5000,28000,1000,1.1473939418792725,top_quantile,0.2059269000001222,0.878522625,0.3333333333333333,0.5,4.0,2.0,,18.0,0,,good_count,4.0,1.0,,,,,,,,,,,,,,,,,,,43,paper\main_text_experiments\runs\ratio_downstream_5k\ratio_0p005_seed_43,0.005,25,5000
mscoco,uncertainty_badge,market_cosine_select,243,25,0,0.0,-1.5179879665374756,1.5179879665374756,-1.4567375501428614e-06,-0.0047226841561496,1,baseline_feature,0,0,1,5000,28000,1000,1.1473939418792725,top_quantile,0.198928700000124,0.7250986250000001,0.3333333333333333,0.5,,,,,0,,good_count,0.0,,,,,,,,,,,,,,,,,,25.0,,43,paper\main_text_experiments\runs\ratio_downstream_5k\ratio_0p005_seed_43,0.005,25,5000
mscoco,uncertainty_badge,market_coreset_select,243,25,0,0.0,-0.745459794998169,0.745459794998169,-1.0685920642572457e-05,-0.0010210113832727,1,baseline_feature,0,0,1,5000,28000,1000,1.1473939418792725,top_quantile,0.3011250999998083,0.9003324375,0.3333333333333333,0.5,23.0,,,,0,,good_count,0.0,,,,,,,,,,,,,,,,,,2.0,,43,paper\main_text_experiments\runs\ratio_downstream_5k\ratio_0p005_seed_43,0.005,25,5000
mscoco,uncertainty_badge,market_badge_select,243,25,0,0.0,-0.8059403300285339,0.8059403300285339,-6.067753020033706e-06,-0.0017252507386729,1,baseline_model_based,1,0,1,5000,28000,1000,1.1473939418792725,top_quantile,0.2042465999998057,0.7955736250000001,0.3333333333333333,0.5,16.0,,,,0,,good_count,0.0,,,,,,,,,,,,,,,,,,9.0,,43,paper\main_text_experiments\runs\ratio_downstream_5k\ratio_0p005_seed_43,0.005,25,5000
mscoco,uncertainty_badge,market_kmeans_center_select,243,25,25,1.0,4.613499641418457,-4.613499641418457,0.0001161599138868,0.0043515278957784,0,baseline_feature,0,0,1,5000,28000,1000,1.1473939418792725,top_quantile,0.204683500000101,0.84518625,0.3333333333333333,0.5,,7.0,,,0,,good_count,25.0,18.0,,,,,,,,,,,,,,,,,,,43,paper\main_text_experiments\runs\ratio_downstream_5k\ratio_0p005_seed_43,0.005,25,5000
mscoco,uncertainty_badge,market_typiclust_select,243,25,25,1.0,4.3877129554748535,-4.3877129554748535,0.0001088142380467,0.0043380814604461,0,baseline_feature,0,0,1,5000,28000,1000,1.1473939418792725,top_quantile,0.2027524000000085,0.8274418750000001,0.3333333333333333,0.5,,9.0,,,0,,good_count,25.0,16.0,,,,,,,,,,,,,,,,,,,43,paper\main_text_experiments\runs\ratio_downstream_5k\ratio_0p005_seed_43,0.005,25,5000
mscoco,uncertainty_badge,ours_kernel_ridge_student,243,25,22,0.88,4.814039707183838,-4.814039707183838,0.0001080060028471,0.005925022996962,0,online_student,0,0,1,5000,28000,1000,1.1473939418792725,top_quantile,0.1974035000002914,0.8775389062500001,0.3333333333333333,0.5,,9.0,,3.0,1,ours_student_row_ctpt,good_count,22.0,13.0,10000.0,64.0,4.0,92931.597765,53.80301340178943,53.80903000000001,107.61806,92931.597765,92931.597765,705941.0,192.0,0.0,192.0,192.0,10000.0,1.0,,,43,paper\main_text_experiments\runs\ratio_downstream_5k\ratio_0p005_seed_43,0.005,25,5000
mscoco,uncertainty_badge,ours_sample_package_krr,243,25,22,0.88,4.814039707183838,-4.814039707183838,0.0001080060028471,0.005925022996962,0,online_student,0,1,4,1250,28000,1000,1.1473939418792725,top_quantile,0.1608624999998937,0.6947002812499999,0.3333333333333333,0.5,,9.0,,3.0,1,ours_student_pkg_ctpt,good_count,22.0,13.0,10000.0,64.0,4.0,1786105.677236,2.799386432575201,2.80927,5.61854,1786105.677236,446526.419309,235320.0,10.0,0.0,10.0,10.0,2500.0,4.0,,,43,paper\main_text_experiments\runs\ratio_downstream_5k\ratio_0p005_seed_43,0.005,25,5000
mscoco,cosine,market_random_select,243,25,4,0.16,0.0330278985202312,-0.0330278985202312,9.42707083595451e-06,-0.0004199485993012,1,baseline_feature,0,0,1,5000,28000,1000,1.1473939418792725,top_quantile,0.205608299999767,0.88756384375,0.3333333333333333,0.5,,2.0,,1.0,0,,good_count,4.0,5.0,,,,,,,,,,,,,,,,,17.0,,43,paper\main_text_experiments\runs\ratio_downstream_5k\ratio_0p005_seed_43,0.005,25,5000
mscoco,cosine,market_cosine_select,243,25,0,0.0,-0.7175677418708801,0.7175677418708801,2.4271012080134824e-06,-0.0023178521078079,1,baseline_feature,0,0,1,5000,28000,1000,1.1473939418792725,top_quantile,0.2015140999997129,0.78380796875,0.3333333333333333,0.5,,,,,0,,good_count,0.0,,,,,,,,,,,,,,,,,,25.0,,43,paper\main_text_experiments\runs\ratio_downstream_5k\ratio_0p005_seed_43,0.005,25,5000
mscoco,cosine,market_coreset_select,243,25,8,0.32,0.6457890868186951,-0.6457890868186951,8.81433516042307e-06,0.0018025690224021,1,baseline_feature,0,0,1,5000,28000,1000,1.1473939418792725,top_quantile,0.2381050000003597,0.90162540625,0.3333333333333333,0.5,,,8.0,,0,,good_count,8.0,,,,,,,,,,,,,,,,,,17.0,,43,paper\main_text_experiments\runs\ratio_downstream_5k\ratio_0p005_seed_43,0.005,25,5000
mscoco,cosine,market_badge_select,243,25,8,0.32,0.6365647315979004,-0.6365647315979004,1.628160498512443e-05,0.0009756810031831,1,baseline_model_based,1,0,1,5000,28000,1000,1.1473939418792725,top_quantile,0.2033642999999756,0.8284396562499999,0.3333333333333333,0.5,,,8.0,,0,,good_count,8.0,,,,,,,,,,,,,,,,,,17.0,,43,paper\main_text_experiments\runs\ratio_downstream_5k\ratio_0p005_seed_43,0.005,25,5000
mscoco,cosine,market_kmeans_center_select,243,25,15,0.6,2.18735408782959,-2.18735408782959,6.861686415504664e-05,0.0008677704026922,0,baseline_feature,0,0,1,5000,28000,1000,1.1473939418792725,top_quantile,0.2006334999996397,0.85119875,0.3333333333333333,0.5,,5.0,,,0,,good_count,15.0,20.0,,,,,,,,,,,,,,,,,,,43,paper\main_text_experiments\runs\ratio_downstream_5k\ratio_0p005_seed_43,0.005,25,5000
mscoco,cosine,market_typiclust_select,243,25,18,0.72,2.7317254543304443,-2.7317254543304443,7.4641706305556e-05,0.0021433667279779,0,baseline_feature,0,0,1,5000,28000,1000,1.1473939418792725,top_quantile,0.2006364999997458,0.8209233437500001,0.3333333333333333,0.5,,8.0,,,0,,good_count,18.0,17.0,,,,,,,,,,,,,,,,,,,43,paper\main_text_experiments\runs\ratio_downstream_5k\ratio_0p005_seed_43,0.005,25,5000
mscoco,cosine,ours_kernel_ridge_student,243,25,25,1.0,4.822720050811768,-4.822720050811768,0.000109615328256,0.0057843751274049,0,online_student,0,0,1,5000,28000,1000,1.1473939418792725,top_quantile,0.204903600000307,0.87768321875,0.3333333333333333,0.5,,12.0,,1.0,1,ours_student_row_ctpt,good_count,25.0,12.0,10000.0,64.0,4.0,92931.597765,53.80301340178943,53.80903000000001,107.61806,92931.597765,92931.597765,705941.0,192.0,0.0,192.0,192.0,10000.0,1.0,,,43,paper\main_text_experiments\runs\ratio_downstream_5k\ratio_0p005_seed_43,0.005,25,5000
mscoco,cosine,ours_sample_package_krr,243,25,25,1.0,4.822720050811768,-4.822720050811768,0.000109615328256,0.0057843751274049,0,online_student,0,1,4,1250,28000,1000,1.1473939418792725,top_quantile,0.1613719000001765,0.69543684375,0.3333333333333333,0.5,,12.0,,1.0,1,ours_student_pkg_ctpt,good_count,25.0,12.0,10000.0,64.0,4.0,1786105.677236,2.799386432575201,2.80927,5.61854,1786105.677236,446526.419309,235320.0,10.0,0.0,10.0,10.0,2500.0,4.0,,,43,paper\main_text_experiments\runs\ratio_downstream_5k\ratio_0p005_seed_43,0.005,25,5000
mscoco,all_average,market_random_select,243,25,4,0.16,-0.5961869955062866,0.5961869955062866,-6.28471389063634e-06,-0.0009636969771236,1,baseline_feature,0,0,1,5000,28000,1000,1.1473939418792725,top_quantile,0.2898750999997901,0.87846575,0.3333333333333333,0.5,5.0,4.0,7.0,3.0,0,,good_count,4.0,2.0,,,,,,,,,,,,,,,,,4.0,,43,paper\main_text_experiments\runs\ratio_downstream_5k\ratio_0p005_seed_43,0.005,25,5000
mscoco,all_average,market_cosine_select,243,25,0,0.0,-0.8021999597549438,0.8021999597549438,3.314018158562249e-06,-0.0027101698797196,1,baseline_feature,0,0,1,5000,28000,1000,1.1473939418792725,top_quantile,0.2701019999999516,0.78510165625,0.3333333333333333,0.5,,,,,0,,good_count,0.0,,,,,,,,,,,,,,,,,,25.0,,43,paper\main_text_experiments\runs\ratio_downstream_5k\ratio_0p005_seed_43,0.005,25,5000
mscoco,all_average,market_coreset_select,243,25,0,0.0,-3.286547899246216,3.286547899246216,-0.0001007843020488,-0.0003821570135187,1,baseline_feature,0,0,1,5000,28000,1000,1.1473939418792725,top_quantile,0.2414098999997804,0.90473340625,0.3333333333333333,0.5,,,25.0,,0,,good_count,0.0,,,,,,,,,,,,,,,,,,,,43,paper\main_text_experiments\runs\ratio_downstream_5k\ratio_0p005_seed_43,0.005,25,5000
mscoco,all_average,market_badge_select,243,25,0,0.0,-3.133718967437744,3.133718967437744,-9.371995838591828e-05,-0.0005956424865871,1,baseline_model_based,1,0,1,5000,28000,1000,1.1473939418792725,top_quantile,0.207405899999685,0.8072825312500002,0.3333333333333333,0.5,,,25.0,,0,,good_count,0.0,,,,,,,,,,,,,,,,,,,,43,paper\main_text_experiments\runs\ratio_downstream_5k\ratio_0p005_seed_43,0.005,25,5000
mscoco,all_average,market_kmeans_center_select,243,25,0,0.0,-1.422282576560974,1.422282576560974,-3.4379959288344253e-06,-0.0041749589145183,1,baseline_feature,0,0,1,5000,28000,1000,1.1473939418792725,top_quantile,0.2050856000000749,0.8652645625,0.3333333333333333,0.5,,7.0,,,0,,good_count,0.0,18.0,,,,,,,,,,,,,,,,,,,43,paper\main_text_experiments\runs\ratio_downstream_5k\ratio_0p005_seed_43,0.005,25,5000
mscoco,all_average,market_typiclust_select,243,25,0,0.0,-1.2570862770080566,1.2570862770080566,-2.1767616544821067e-06,-0.0037275343202054,1,baseline_feature,0,0,1,5000,28000,1000,1.1473939418792725,top_quantile,0.1508840999999847,0.7020876250000001,0.3333333333333333,0.5,,9.0,,,0,,good_count,0.0,16.0,,,,,,,,,,,,,,,,,,,43,paper\main_text_experiments\runs\ratio_downstream_5k\ratio_0p005_seed_43,0.005,25,5000
mscoco,all_average,ours_kernel_ridge_student,243,25,25,1.0,4.91421365737915,-4.91421365737915,0.0001097345375455,0.0060938107781112,0,online_student,0,0,1,5000,28000,1000,1.1473939418792725,top_quantile,0.2084657999998853,0.87688678125,0.3333333333333333,0.5,,11.0,,2.0,1,ours_student_row_ctpt,good_count,25.0,12.0,10000.0,64.0,4.0,92931.597765,53.80301340178943,53.80903000000001,107.61806,92931.597765,92931.597765,705941.0,192.0,0.0,192.0,192.0,10000.0,1.0,,,43,paper\main_text_experiments\runs\ratio_downstream_5k\ratio_0p005_seed_43,0.005,25,5000
mscoco,all_average,ours_sample_package_krr,243,25,25,1.0,4.91421365737915,-4.91421365737915,0.0001097345375455,0.0060938107781112,0,online_student,0,1,4,1250,28000,1000,1.1473939418792725,top_quantile,0.2032380999999077,0.84145271875,0.3333333333333333,0.5,,11.0,,2.0,1,ours_student_pkg_ctpt,good_count,25.0,12.0,10000.0,64.0,4.0,1786105.677236,2.799386432575201,2.80927,5.61854,1786105.677236,446526.419309,235320.0,10.0,0.0,10.0,10.0,2500.0,4.0,,,43,paper\main_text_experiments\runs\ratio_downstream_5k\ratio_0p005_seed_43,0.005,25,5000
hateful_memes,noise,market_random_select,44,25,2,0.08,-0.7324178814888,0.7324178814888,-0.0001313805551035,0.0010657110251486,1,baseline_feature,0,0,1,5000,28000,1000,1.0172555446624756,top_quantile,0.1315645000004224,0.5170230021994134,0.3697478991596639,0.5866666666666667,4.0,,17.0,3.0,0,,good_count,2.0,1.0,,,,,,,,,,,,,,,,,,,44,paper\main_text_experiments\runs\ratio_downstream_5k\ratio_0p005_seed_44,0.005,25,5000
hateful_memes,noise,market_cosine_select,44,25,0,0.0,-1.7857476472854614,1.7857476472854614,-0.0001968360011233,-0.0191006772220134,1,baseline_feature,0,0,1,5000,28000,1000,1.0172555446624756,top_quantile,0.1515958999998474,0.5472669996334312,0.3697478991596639,0.5866666666666667,,,,25.0,0,,good_count,0.0,,,,,,,,,,,,,,,,,,,,44,paper\main_text_experiments\runs\ratio_downstream_5k\ratio_0p005_seed_44,0.005,25,5000
hateful_memes,noise,market_coreset_select,44,25,0,0.0,-0.1890130937099456,0.1890130937099456,-1.4960765838623049e-05,0.0018702112138271,1,baseline_feature,0,0,1,5000,28000,1000,1.0172555446624756,top_quantile,0.1854874000000563,0.5283043896627566,0.3697478991596639,0.5866666666666667,,,25.0,,0,,good_count,0.0,,,,,,,,,,,,,,,,,,,,44,paper\main_text_experiments\runs\ratio_downstream_5k\ratio_0p005_seed_44,0.005,25,5000
hateful_memes,noise,market_badge_select,44,25,0,0.0,0.0057980730198323,-0.0057980730198323,4.0328501199837774e-05,0.0005846196436323,1,baseline_model_based,1,0,1,5000,28000,1000,1.0172555446624756,top_quantile,0.0920873999998548,0.5521370967741936,0.2924528301886792,0.4133333333333333,,,25.0,,0,,good_count,0.0,,,,,,,,,,,,,,,,,,,,44,paper\main_text_experiments\runs\ratio_downstream_5k\ratio_0p005_seed_44,0.005,25,5000
hateful_memes,noise,market_kmeans_center_select,44,25,24,0.96,2.8184757232666016,-2.8184757232666016,0.0004300999571569,0.0294657032936811,0,baseline_feature,0,0,1,5000,28000,1000,1.0172555446624756,top_quantile,0.1441058999998858,0.5383103464076247,0.3697478991596639,0.5866666666666667,,10.0,,2.0,0,,good_count,24.0,13.0,,,,,,,,,,,,,,,,,,,44,paper\main_text_experiments\runs\ratio_downstream_5k\ratio_0p005_seed_44,0.005,25,5000
hateful_memes,noise,market_typiclust_select,44,25,21,0.84,2.2077622413635254,-2.2077622413635254,0.0003652810992207,0.0208938494324684,0,baseline_feature,0,0,1,5000,28000,1000,1.0172555446624756,top_quantile,0.1546180999998796,0.5518303244134898,0.3697478991596639,0.5866666666666667,,9.0,,4.0,0,,good_count,21.0,12.0,,,,,,,,,,,,,,,,,,,44,paper\main_text_experiments\runs\ratio_downstream_5k\ratio_0p005_seed_44,0.005,25,5000
hateful_memes,noise,ours_kernel_ridge_student,44,25,23,0.92,2.610283851623535,-2.610283851623535,0.0004121685051359,0.0260598063468933,0,online_student,0,0,1,5000,28000,1000,1.0172555446624756,top_quantile,0.1538458999998511,0.5354460685483872,0.3697478991596639,0.5866666666666667,,9.0,,4.0,1,ours_student_row_ctpt,good_count,23.0,12.0,10000.0,64.0,4.0,92931.597765,53.80301340178943,53.80903000000001,107.61806,92931.597765,92931.597765,705941.0,192.0,0.0,192.0,192.0,10000.0,1.0,,,44,paper\main_text_experiments\runs\ratio_downstream_5k\ratio_0p005_seed_44,0.005,25,5000
hateful_memes,noise,ours_sample_package_krr,44,25,23,0.92,2.610283851623535,-2.610283851623535,0.0004121685051359,0.0260598063468933,0,online_student,0,1,4,1250,28000,1000,1.0172555446624756,top_quantile,0.1567509999999856,0.5662474798387096,0.3697478991596639,0.5866666666666667,,9.0,,4.0,1,ours_student_pkg_ctpt,good_count,23.0,12.0,10000.0,64.0,4.0,1786105.677236,2.799386432575201,2.80927,5.61854,1786105.677236,446526.419309,235320.0,10.0,0.0,10.0,10.0,2500.0,4.0,,,44,paper\main_text_experiments\runs\ratio_downstream_5k\ratio_0p005_seed_44,0.005,25,5000
hateful_memes,coreset_far_wrong,market_random_select,44,25,2,0.08,-0.5229460000991821,0.5229460000991821,-8.911609620554373e-05,0.0016793144168332,1,baseline_feature,0,0,1,5000,28000,1000,1.0172555446624756,top_quantile,0.158787900000334,0.5033087426686217,0.3697478991596639,0.5866666666666667,17.0,,4.0,3.0,0,,good_count,2.0,1.0,,,,,,,,,,,,,,,,,,,44,paper\main_text_experiments\runs\ratio_downstream_5k\ratio_0p005_seed_44,0.005,25,5000
hateful_memes,coreset_far_wrong,market_cosine_select,44,25,0,0.0,-1.7857476472854614,1.7857476472854614,-0.0001968360011233,-0.0191006772220134,1,baseline_feature,0,0,1,5000,28000,1000,1.0172555446624756,top_quantile,0.2173405000003185,0.5472669996334312,0.3697478991596639,0.5866666666666667,,,,25.0,0,,good_count,0.0,,,,,,,,,,,,,,,,,,,,44,paper\main_text_experiments\runs\ratio_downstream_5k\ratio_0p005_seed_44,0.005,25,5000
hateful_memes,coreset_far_wrong,market_coreset_select,44,25,0,0.0,-1.0685356855392456,1.0685356855392456,-0.0003120112523902,0.0131832668557763,1,baseline_feature,0,0,1,5000,28000,1000,1.0172555446624756,top_quantile,0.1843625000001338,0.5308644153225807,0.3697478991596639,0.5866666666666667,,,25.0,,0,,good_count,0.0,,,,,,,,,,,,,,,,,,,,44,paper\main_text_experiments\runs\ratio_downstream_5k\ratio_0p005_seed_44,0.005,25,5000
hateful_memes,coreset_far_wrong,market_badge_select,44,25,0,0.0,-1.1201995611190796,1.1201995611190796,-0.000313122262014,0.0119503168389201,1,baseline_model_based,1,0,1,5000,28000,1000,1.0172555446624756,top_quantile,0.1152594000000135,0.5633861803519061,0.2924528301886792,0.4133333333333333,,,25.0,,0,,good_count,0.0,,,,,,,,,,,,,,,,,,,,44,paper\main_text_experiments\runs\ratio_downstream_5k\ratio_0p005_seed_44,0.005,25,5000
hateful_memes,coreset_far_wrong,market_kmeans_center_select,44,25,24,0.96,2.8184757232666016,-2.8184757232666016,0.0004300999571569,0.0294657032936811,0,baseline_feature,0,0,1,5000,28000,1000,1.0172555446624756,top_quantile,0.156865999999809,0.5383103464076247,0.3697478991596639,0.5866666666666667,,10.0,,2.0,0,,good_count,24.0,13.0,,,,,,,,,,,,,,,,,,,44,paper\main_text_experiments\runs\ratio_downstream_5k\ratio_0p005_seed_44,0.005,25,5000
hateful_memes,coreset_far_wrong,market_typiclust_select,44,25,21,0.84,2.2077622413635254,-2.2077622413635254,0.0003652810992207,0.0208938494324684,0,baseline_feature,0,0,1,5000,28000,1000,1.0172555446624756,top_quantile,0.1573733000000174,0.5518303244134898,0.3697478991596639,0.5866666666666667,,9.0,,4.0,0,,good_count,21.0,12.0,,,,,,,,,,,,,,,,,,,44,paper\main_text_experiments\runs\ratio_downstream_5k\ratio_0p005_seed_44,0.005,25,5000
hateful_memes,coreset_far_wrong,ours_kernel_ridge_student,44,25,23,0.92,2.610283851623535,-2.610283851623535,0.0004121685051359,0.0260598063468933,0,online_student,0,0,1,5000,28000,1000,1.0172555446624756,top_quantile,0.1521944999999505,0.5354460685483872,0.3697478991596639,0.5866666666666667,,9.0,,4.0,1,ours_student_row_ctpt,good_count,23.0,12.0,10000.0,64.0,4.0,92931.597765,53.80301340178943,53.80903000000001,107.61806,92931.597765,92931.597765,705941.0,192.0,0.0,192.0,192.0,10000.0,1.0,,,44,paper\main_text_experiments\runs\ratio_downstream_5k\ratio_0p005_seed_44,0.005,25,5000
hateful_memes,coreset_far_wrong,ours_sample_package_krr,44,25,23,0.92,2.610283851623535,-2.610283851623535,0.0004121685051359,0.0260598063468933,0,online_student,0,1,4,1250,28000,1000,1.0172555446624756,top_quantile,0.1528370000000904,0.5662474798387096,0.3697478991596639,0.5866666666666667,,9.0,,4.0,1,ours_student_pkg_ctpt,good_count,23.0,12.0,10000.0,64.0,4.0,1786105.677236,2.799386432575201,2.80927,5.61854,1786105.677236,446526.419309,235320.0,10.0,0.0,10.0,10.0,2500.0,4.0,,,44,paper\main_text_experiments\runs\ratio_downstream_5k\ratio_0p005_seed_44,0.005,25,5000
hateful_memes,typiclust_dense,market_random_select,44,25,2,0.08,0.0732551515102386,-0.0732551515102386,5.610227526631206e-05,0.0005309871048666,1,baseline_feature,0,0,1,5000,28000,1000,1.0172555446624756,top_quantile,0.1497712000000319,0.5247127016129032,0.3697478991596639,0.5866666666666667,,4.0,,1.0,0,,good_count,2.0,18.0,,,,,,,,,,,,,,,,,2.0,,44,paper\main_text_experiments\runs\ratio_downstream_5k\ratio_0p005_seed_44,0.005,25,5000
hateful_memes,typiclust_dense,market_cosine_select,44,25,9,0.36,-0.0137835266068577,0.0137835266068577,0.0001061892544385,-0.0075806695967912,1,baseline_feature,0,0,1,5000,28000,1000,1.0172555446624756,top_quantile,0.1479580999998688,0.5452256689882697,0.3697478991596639,0.5866666666666667,,,,,0,,good_count,9.0,,,,,,,,,,,,,,,,,,16.0,9.0,44,paper\main_text_experiments\runs\ratio_downstream_5k\ratio_0p005_seed_44,0.005,25,5000
hateful_memes,typiclust_dense,market_coreset_select,44,25,25,1.0,2.78678560256958,-2.78678560256958,0.0008450269815512,-0.0195593629032373,0,baseline_feature,0,0,1,5000,28000,1000,1.0172555446624756,top_quantile,0.1930998000002546,0.5402863819648094,0.3697478991596639,0.5866666666666667,,,25.0,,0,,good_count,25.0,,,,,,,,,,,,,,,,,,,,44,paper\main_text_experiments\runs\ratio_downstream_5k\ratio_0p005_seed_44,0.005,25,5000
hateful_memes,typiclust_dense,market_badge_select,44,25,25,1.0,2.848349332809448,-2.848349332809448,0.0008556914399378,-0.0191749520599842,0,baseline_model_based,1,0,1,5000,28000,1000,1.0172555446624756,top_quantile,0.131257000000005,0.5719503757331378,0.2924528301886792,0.4133333333333333,,,25.0,,0,,good_count,25.0,,,,,,,,,,,,,,,,,,,,44,paper\main_text_experiments\runs\ratio_downstream_5k\ratio_0p005_seed_44,0.005,25,5000
hateful_memes,typiclust_dense,market_kmeans_center_select,44,25,0,0.0,-1.415663242340088,1.415663242340088,-8.390903531108052e-05,-0.0224596746265888,1,baseline_feature,0,0,1,5000,28000,1000,1.0172555446624756,top_quantile,0.152664900000218,0.545363590542522,0.3697478991596639,0.5866666666666667,,9.0,,,0,,good_count,0.0,16.0,,,,,,,,,,,,,,,,,,,44,paper\main_text_experiments\runs\ratio_downstream_5k\ratio_0p005_seed_44,0.005,25,5000
hateful_memes,typiclust_dense,market_typiclust_select,44,25,0,0.0,-1.1909459829330444,1.1909459829330444,-6.268501601880416e-05,-0.0190005265176296,1,baseline_feature,0,0,1,5000,28000,1000,1.0172555446624756,top_quantile,0.1488844999998946,0.5539639846041056,0.3697478991596639,0.5866666666666667,,12.0,,,0,,good_count,0.0,13.0,,,,,,,,,,,,,,,,,,,44,paper\main_text_experiments\runs\ratio_downstream_5k\ratio_0p005_seed_44,0.005,25,5000
hateful_memes,typiclust_dense,ours_kernel_ridge_student,44,25,11,0.44,2.0233113765716557,-2.0233113765716557,0.0003089380334131,0.0225749462842941,0,online_student,0,0,1,5000,28000,1000,1.0172555446624756,top_quantile,0.1516716999999516,0.547609741568915,0.3697478991596639,0.5866666666666667,,5.0,,3.0,1,ours_student_row_ctpt,good_count,11.0,17.0,10000.0,64.0,4.0,92931.597765,53.80301340178943,53.80903000000001,107.61806,92931.597765,92931.597765,705941.0,192.0,0.0,192.0,192.0,10000.0,1.0,,,44,paper\main_text_experiments\runs\ratio_downstream_5k\ratio_0p005_seed_44,0.005,25,5000
hateful_memes,typiclust_dense,ours_sample_package_krr,44,25,11,0.44,2.0233113765716557,-2.0233113765716557,0.0003089380334131,0.0225749462842941,0,online_student,0,1,4,1250,28000,1000,1.0172555446624756,top_quantile,0.1300082000002476,0.5114449688416423,0.3697478991596639,0.5866666666666667,,5.0,,3.0,1,ours_student_pkg_ctpt,good_count,11.0,17.0,10000.0,64.0,4.0,1786105.677236,2.799386432575201,2.80927,5.61854,1786105.677236,446526.419309,235320.0,10.0,0.0,10.0,10.0,2500.0,4.0,,,44,paper\main_text_experiments\runs\ratio_downstream_5k\ratio_0p005_seed_44,0.005,25,5000
hateful_memes,kmeans_center,market_random_select,44,25,2,0.08,0.1545024514198303,-0.1545024514198303,7.344722689595073e-05,0.000658425677102,1,baseline_feature,0,0,1,5000,28000,1000,1.0172555446624756,top_quantile,0.1463216000001921,0.5218135997067449,0.3697478991596639,0.5866666666666667,2.0,18.0,,1.0,0,,good_count,2.0,4.0,,,,,,,,,,,,,,,,,,,44,paper\main_text_experiments\runs\ratio_downstream_5k\ratio_0p005_seed_44,0.005,25,5000
hateful_memes,kmeans_center,market_cosine_select,44,25,25,1.0,2.833852529525757,-2.833852529525757,0.0005197548889555,0.0194585472345352,0,baseline_feature,0,0,1,5000,28000,1000,1.0172555446624756,top_quantile,0.1541811000001871,0.5335928335777126,0.3697478991596639,0.5866666666666667,,,,5.0,0,,good_count,25.0,,,,,,,,,,,,,,,,,,12.0,8.0,44,paper\main_text_experiments\runs\ratio_downstream_5k\ratio_0p005_seed_44,0.005,25,5000
hateful_memes,kmeans_center,market_coreset_select,44,25,25,1.0,2.78678560256958,-2.78678560256958,0.0008450269815512,-0.0195593629032373,0,baseline_feature,0,0,1,5000,28000,1000,1.0172555446624756,top_quantile,0.1893887999999606,0.5402863819648094,0.3697478991596639,0.5866666666666667,,,25.0,,0,,good_count,25.0,,,,,,,,,,,,,,,,,,,,44,paper\main_text_experiments\runs\ratio_downstream_5k\ratio_0p005_seed_44,0.005,25,5000
hateful_memes,kmeans_center,market_badge_select,44,25,25,1.0,2.848349332809448,-2.848349332809448,0.0008556914399378,-0.0191749520599842,0,baseline_model_based,1,0,1,5000,28000,1000,1.0172555446624756,top_quantile,0.1967532000003302,0.5719503757331378,0.2924528301886792,0.4133333333333333,,,25.0,,0,,good_count,25.0,,,,,,,,,,,,,,,,,,,,44,paper\main_text_experiments\runs\ratio_downstream_5k\ratio_0p005_seed_44,0.005,25,5000
hateful_memes,kmeans_center,market_kmeans_center_select,44,25,0,0.0,-1.4525222778320312,1.4525222778320312,-9.133577259490266e-05,-0.0225688312202692,1,baseline_feature,0,0,1,5000,28000,1000,1.0172555446624756,top_quantile,0.151914300000044,0.5454948680351906,0.3697478991596639,0.5866666666666667,,14.0,,,0,,good_count,0.0,11.0,,,,,,,,,,,,,,,,,,,44,paper\main_text_experiments\runs\ratio_downstream_5k\ratio_0p005_seed_44,0.005,25,5000
hateful_memes,kmeans_center,market_typiclust_select,44,25,0,0.0,-1.083104968070984,1.083104968070984,-6.166458479128778e-05,-0.0162760857492685,1,baseline_feature,0,0,1,5000,28000,1000,1.0172555446624756,top_quantile,0.1568809000000328,0.5544730571847507,0.3697478991596639,0.5866666666666667,,17.0,,,0,,good_count,0.0,8.0,,,,,,,,,,,,,,,,,,,44,paper\main_text_experiments\runs\ratio_downstream_5k\ratio_0p005_seed_44,0.005,25,5000
hateful_memes,kmeans_center,ours_kernel_ridge_student,44,25,11,0.44,1.8636478185653689,-1.8636478185653689,0.0002973771188408,0.0197085067629814,0,online_student,0,0,1,5000,28000,1000,1.0172555446624756,top_quantile,0.1518037000000731,0.5421260997067449,0.3697478991596639,0.5866666666666667,,16.0,,2.0,1,ours_student_row_ctpt,good_count,11.0,7.0,10000.0,64.0,4.0,92931.597765,53.80301340178943,53.80903000000001,107.61806,92931.597765,92931.597765,705941.0,192.0,0.0,192.0,192.0,10000.0,1.0,,,44,paper\main_text_experiments\runs\ratio_downstream_5k\ratio_0p005_seed_44,0.005,25,5000
hateful_memes,kmeans_center,ours_sample_package_krr,44,25,11,0.44,1.8636478185653689,-1.8636478185653689,0.0002973771188408,0.0197085067629814,0,online_student,0,1,4,1250,28000,1000,1.0172555446624756,top_quantile,0.1332378000001881,0.4707475714809384,0.3697478991596639,0.5866666666666667,,16.0,,2.0,1,ours_student_pkg_ctpt,good_count,11.0,7.0,10000.0,64.0,4.0,1786105.677236,2.799386432575201,2.80927,5.61854,1786105.677236,446526.419309,235320.0,10.0,0.0,10.0,10.0,2500.0,4.0,,,44,paper\main_text_experiments\runs\ratio_downstream_5k\ratio_0p005_seed_44,0.005,25,5000
hateful_memes,uncertainty_badge,market_random_select,44,25,2,0.08,-0.0539168752729892,0.0539168752729892,2.713918729568832e-05,0.0005421922542154,1,baseline_feature,0,0,1,5000,28000,1000,1.0172555446624756,top_quantile,0.1489914999997381,0.522519473973607,0.3697478991596639,0.5866666666666667,4.0,1.0,,18.0,0,,good_count,2.0,,,,,,,,,,,,,,,,,,2.0,,44,paper\main_text_experiments\runs\ratio_downstream_5k\ratio_0p005_seed_44,0.005,25,5000
hateful_memes,uncertainty_badge,market_cosine_select,44,25,0,0.0,-1.6064647436141968,1.6064647436141968,-0.0002158880233764,-0.0121616255491971,1,baseline_feature,0,0,1,5000,28000,1000,1.0172555446624756,top_quantile,0.1501467999996748,0.5453338068181819,0.3697478991596639,0.5866666666666667,,,,,0,,good_count,0.0,,,,,,,,,,,,,,,,,,25.0,,44,paper\main_text_experiments\runs\ratio_downstream_5k\ratio_0p005_seed_44,0.005,25,5000
hateful_memes,uncertainty_badge,market_coreset_select,44,25,0,0.0,-0.7677340507507324,0.7677340507507324,1.160621650342364e-05,-0.0164717976003885,1,baseline_feature,0,0,1,5000,28000,1000,1.0172555446624756,top_quantile,0.1823861999996552,0.5363379765395894,0.3697478991596639,0.5866666666666667,19.0,,,,0,,good_count,0.0,,,,,,,,,,,,,,,,,,6.0,,44,paper\main_text_experiments\runs\ratio_downstream_5k\ratio_0p005_seed_44,0.005,25,5000
hateful_memes,uncertainty_badge,market_badge_select,44,25,0,0.0,-0.7919767498970032,0.7919767498970032,-1.5783309208927676e-05,-0.013929876498878,1,baseline_model_based,1,0,1,5000,28000,1000,1.0172555446624756,top_quantile,0.1154911000003267,0.5495266678885631,0.2924528301886792,0.4133333333333333,10.0,,,,0,,good_count,0.0,,,,,,,,,,,,,,,,,,15.0,,44,paper\main_text_experiments\runs\ratio_downstream_5k\ratio_0p005_seed_44,0.005,25,5000
hateful_memes,uncertainty_badge,market_kmeans_center_select,44,25,19,0.76,2.291802167892456,-2.291802167892456,0.0003599000046961,0.0237343069165945,0,baseline_feature,0,0,1,5000,28000,1000,1.0172555446624756,top_quantile,0.1586308999999346,0.5358000366568915,0.3697478991596639,0.5866666666666667,,7.0,,7.0,0,,good_count,19.0,11.0,,,,,,,,,,,,,,,,,,,44,paper\main_text_experiments\runs\ratio_downstream_5k\ratio_0p005_seed_44,0.005,25,5000
hateful_memes,uncertainty_badge,market_typiclust_select,44,25,1,0.04,-0.710618257522583,0.710618257522583,-5.23543349117972e-05,-0.0075377048924565,1,baseline_feature,0,0,1,5000,28000,1000,1.0172555446624756,top_quantile,0.1526942000000417,0.5439926228005865,0.3697478991596639,0.5866666666666667,,,,17.0,0,,good_count,1.0,1.0,,,,,,,,,,,,,,,,,7.0,,44,paper\main_text_experiments\runs\ratio_downstream_5k\ratio_0p005_seed_44,0.005,25,5000
hateful_memes,uncertainty_badge,ours_kernel_ridge_student,44,25,17,0.68,2.254036903381348,-2.254036903381348,0.0003341579576954,0.0257284101098775,0,online_student,0,0,1,5000,28000,1000,1.0172555446624756,top_quantile,0.1516213999998399,0.5365906799853373,0.3697478991596639,0.5866666666666667,,6.0,,10.0,1,ours_student_row_ctpt,good_count,17.0,9.0,10000.0,64.0,4.0,92931.597765,53.80301340178943,53.80903000000001,107.61806,92931.597765,92931.597765,705941.0,192.0,0.0,192.0,192.0,10000.0,1.0,,,44,paper\main_text_experiments\runs\ratio_downstream_5k\ratio_0p005_seed_44,0.005,25,5000
hateful_memes,uncertainty_badge,ours_sample_package_krr,44,25,17,0.68,2.254036903381348,-2.254036903381348,0.0003341579576954,0.0257284101098775,0,online_student,0,1,4,1250,28000,1000,1.0172555446624756,top_quantile,0.1561710999999377,0.5044221957478006,0.3697478991596639,0.5866666666666667,,6.0,,10.0,1,ours_student_pkg_ctpt,good_count,17.0,9.0,10000.0,64.0,4.0,1786105.677236,2.799386432575201,2.80927,5.61854,1786105.677236,446526.419309,235320.0,10.0,0.0,10.0,10.0,2500.0,4.0,,,44,paper\main_text_experiments\runs\ratio_downstream_5k\ratio_0p005_seed_44,0.005,25,5000
hateful_memes,cosine,market_random_select,44,25,2,0.08,-0.7158156633377075,0.7158156633377075,-3.195524186594412e-05,-0.0100438715890049,1,baseline_feature,0,0,1,5000,28000,1000,1.0172555446624756,top_quantile,0.1505846000000019,0.5226001191348973,0.3697478991596639,0.5866666666666667,1.0,,,3.0,0,,good_count,2.0,4.0,,,,,,,,,,,,,,,,,17.0,,44,paper\main_text_experiments\runs\ratio_downstream_5k\ratio_0p005_seed_44,0.005,25,5000
hateful_memes,cosine,market_cosine_select,44,25,0,0.0,-0.3326630890369415,0.3326630890369415,-6.344556459225714e-05,0.0037142699584364,1,baseline_feature,0,0,1,5000,28000,1000,1.0172555446624756,top_quantile,0.1528244000000995,0.5510007331378299,0.3697478991596639,0.5866666666666667,,,,,0,,good_count,0.0,,,,,,,,,,,,,,,,,,25.0,,44,paper\main_text_experiments\runs\ratio_downstream_5k\ratio_0p005_seed_44,0.005,25,5000
hateful_memes,cosine,market_coreset_select,44,25,25,1.0,2.9575531482696533,-2.9575531482696533,0.0008811378502286,-0.0192514210939407,0,baseline_feature,0,0,1,5000,28000,1000,1.0172555446624756,top_quantile,0.1821884000000864,0.5407849156891495,0.3697478991596639,0.5866666666666667,,,25.0,,0,,good_count,25.0,,,,,,,,,,,,,,,,,,,,44,paper\main_text_experiments\runs\ratio_downstream_5k\ratio_0p005_seed_44,0.005,25,5000
hateful_memes,cosine,market_badge_select,44,25,25,1.0,2.9478063583374023,-2.9478063583374023,0.0008781289798207,-0.019158923998475,0,baseline_model_based,1,0,1,5000,28000,1000,1.0172555446624756,top_quantile,0.1301142000002073,0.5694462518328446,0.2924528301886792,0.4133333333333333,,,25.0,,0,,good_count,25.0,,,,,,,,,,,,,,,,,,,,44,paper\main_text_experiments\runs\ratio_downstream_5k\ratio_0p005_seed_44,0.005,25,5000
hateful_memes,cosine,market_kmeans_center_select,44,25,7,0.28,-0.96368408203125,0.96368408203125,-7.236003966681892e-06,-0.0194491911679506,1,baseline_feature,0,0,1,5000,28000,1000,1.0172555446624756,top_quantile,0.1474281000000701,0.548123396260997,0.3697478991596639,0.5866666666666667,,3.0,,,0,,good_count,7.0,22.0,,,,,,,,,,,,,,,,,,,44,paper\main_text_experiments\runs\ratio_downstream_5k\ratio_0p005_seed_44,0.005,25,5000
hateful_memes,cosine,market_typiclust_select,44,25,0,0.0,-1.409299612045288,1.409299612045288,-8.052110933931544e-05,-0.022685382515192,1,baseline_feature,0,0,1,5000,28000,1000,1.0172555446624756,top_quantile,0.2125564000002668,0.5524482221407624,0.3697478991596639,0.5866666666666667,,,,,0,,good_count,0.0,12.0,,,,,,,,,,,,,,,,,13.0,,44,paper\main_text_experiments\runs\ratio_downstream_5k\ratio_0p005_seed_44,0.005,25,5000
hateful_memes,cosine,ours_kernel_ridge_student,44,25,22,0.88,2.398444175720215,-2.398444175720215,0.0003904104232788,0.0230021718889474,0,online_student,0,0,1,5000,28000,1000,1.0172555446624756,top_quantile,0.1527163999999174,0.5454325513196481,0.3697478991596639,0.5866666666666667,,10.0,,2.0,1,ours_student_row_ctpt,good_count,22.0,13.0,10000.0,64.0,4.0,92931.597765,53.80301340178943,53.80903000000001,107.61806,92931.597765,92931.597765,705941.0,192.0,0.0,192.0,192.0,10000.0,1.0,,,44,paper\main_text_experiments\runs\ratio_downstream_5k\ratio_0p005_seed_44,0.005,25,5000
hateful_memes,cosine,ours_sample_package_krr,44,25,22,0.88,2.398444175720215,-2.398444175720215,0.0003904104232788,0.0230021718889474,0,online_student,0,1,4,1250,28000,1000,1.0172555446624756,top_quantile,0.1470633999997517,0.5504476722873901,0.3697478991596639,0.5866666666666667,,10.0,,2.0,1,ours_student_pkg_ctpt,good_count,22.0,13.0,10000.0,64.0,4.0,1786105.677236,2.799386432575201,2.80927,5.61854,1786105.677236,446526.419309,235320.0,10.0,0.0,10.0,10.0,2500.0,4.0,,,44,paper\main_text_experiments\runs\ratio_downstream_5k\ratio_0p005_seed_44,0.005,25,5000
hateful_memes,all_average,market_random_select,44,25,2,0.08,-1.9020071029663088,1.9020071029663088,-0.0002228522353107,-0.0191440340131521,1,baseline_feature,0,0,1,5000,28000,1000,1.0172555446624756,top_quantile,0.1547249999998712,0.516831469941349,0.3697478991596639,0.5866666666666667,2.0,3.0,4.0,3.0,0,,good_count,2.0,8.0,,,,,,,,,,,,,,,,,5.0,,44,paper\main_text_experiments\runs\ratio_downstream_5k\ratio_0p005_seed_44,0.005,25,5000
hateful_memes,all_average,market_cosine_select,44,25,0,0.0,-1.3910731077194214,1.3910731077194214,-0.000134892470669,-0.0158902034163475,1,baseline_feature,0,0,1,5000,28000,1000,1.0172555446624756,top_quantile,0.1553712999998424,0.5528574046920821,0.3697478991596639,0.5866666666666667,,,,,0,,good_count,0.0,,,,,,,,,,,,,,,,,,25.0,,44,paper\main_text_experiments\runs\ratio_downstream_5k\ratio_0p005_seed_44,0.005,25,5000
hateful_memes,all_average,market_coreset_select,44,25,0,0.0,-1.2909798622131348,1.2909798622131348,-0.0003795075463131,0.0151581093668937,1,baseline_feature,0,0,1,5000,28000,1000,1.0172555446624756,top_quantile,0.197404899999583,0.533778638196481,0.3697478991596639,0.5866666666666667,,,25.0,,0,,good_count,0.0,,,,,,,,,,,,,,,,,,,,44,paper\main_text_experiments\runs\ratio_downstream_5k\ratio_0p005_seed_44,0.005,25,5000
hateful_memes,all_average,market_badge_select,44,25,0,0.0,-1.2089749574661257,1.2089749574661257,-0.0003737258957698,0.0166484825313091,1,baseline_model_based,1,0,1,5000,28000,1000,1.0172555446624756,top_quantile,0.0951098000000456,0.5466717833577713,0.2924528301886792,0.4133333333333333,,,25.0,,0,,good_count,0.0,,,,,,,,,,,,,,,,,,,,44,paper\main_text_experiments\runs\ratio_downstream_5k\ratio_0p005_seed_44,0.005,25,5000
hateful_memes,all_average,market_kmeans_center_select,44,25,0,0.0,-1.6761484146118164,1.6761484146118164,-0.0001173830023617,-0.0254390425980091,1,baseline_feature,0,0,1,5000,28000,1000,1.0172555446624756,top_quantile,0.1576230999999097,0.5524782349706745,0.3697478991596639,0.5866666666666667,,11.0,,1.0,0,,good_count,0.0,13.0,,,,,,,,,,,,,,,,,,,44,paper\main_text_experiments\runs\ratio_downstream_5k\ratio_0p005_seed_44,0.005,25,5000
hateful_memes,all_average,market_typiclust_select,44,25,0,0.0,-1.1828796863555908,1.1828796863555908,-6.054639743524604e-05,-0.0190362595021724,1,baseline_feature,0,0,1,5000,28000,1000,1.0172555446624756,top_quantile,0.1535584999996899,0.554654508797654,0.3697478991596639,0.5866666666666667,,16.0,,,0,,good_count,0.0,9.0,,,,,,,,,,,,,,,,,,,44,paper\main_text_experiments\runs\ratio_downstream_5k\ratio_0p005_seed_44,0.005,25,5000
hateful_memes,all_average,ours_kernel_ridge_student,44,25,15,0.6,0.5120313763618469,-0.5120313763618469,0.000136740214657,0.0027329269796609,0,online_student,0,0,1,5000,28000,1000,1.0172555446624756,top_quantile,0.1517303999999057,0.5396941440615836,0.3697478991596639,0.5866666666666667,,11.0,,3.0,1,ours_student_row_ctpt,good_count,15.0,11.0,10000.0,64.0,4.0,92931.597765,53.80301340178943,53.80903000000001,107.61806,92931.597765,92931.597765,705941.0,192.0,0.0,192.0,192.0,10000.0,1.0,,,44,paper\main_text_experiments\runs\ratio_downstream_5k\ratio_0p005_seed_44,0.005,25,5000
hateful_memes,all_average,ours_sample_package_krr,44,25,15,0.6,0.5120313763618469,-0.5120313763618469,0.000136740214657,0.0027329269796609,0,online_student,0,1,4,1250,28000,1000,1.0172555446624756,top_quantile,0.129682700000103,0.4820805076979472,0.3697478991596639,0.5866666666666667,,11.0,,3.0,1,ours_student_pkg_ctpt,good_count,15.0,11.0,10000.0,64.0,4.0,1786105.677236,2.799386432575201,2.80927,5.61854,1786105.677236,446526.419309,235320.0,10.0,0.0,10.0,10.0,2500.0,4.0,,,44,paper\main_text_experiments\runs\ratio_downstream_5k\ratio_0p005_seed_44,0.005,25,5000
hatespeech,noise,market_random_select,144,25,2,0.08,-0.7472532391548157,0.7472532391548157,5.407333446783014e-06,-0.0099993972107768,1,baseline_feature,0,0,1,5000,28000,1000,1.1208701133728027,top_quantile,0.4195490000001882,0.5712988800000001,0.3333333333333333,0.5,6.0,1.0,15.0,3.0,0,,good_count,2.0,,,,,,,,,,,,,,,,,,,,44,paper\main_text_experiments\runs\ratio_downstream_5k\ratio_0p005_seed_44,0.005,25,5000
hatespeech,noise,market_cosine_select,144,25,0,0.0,-1.1310851573944092,1.1310851573944092,-4.00042517867405e-05,-0.0154055608436465,1,baseline_feature,0,0,1,5000,28000,1000,1.1208701133728027,top_quantile,0.3054784999999356,0.55743642,0.3333333333333333,0.5,,,,25.0,0,,good_count,0.0,,,,,,,,,,,,,,,,,,,,44,paper\main_text_experiments\runs\ratio_downstream_5k\ratio_0p005_seed_44,0.005,25,5000
hatespeech,noise,market_coreset_select,144,25,0,0.0,-1.286412477493286,1.286412477493286,-0.0001810383837437,0.028212672099471,1,baseline_feature,0,0,1,5000,28000,1000,1.1208701133728027,top_quantile,0.2116718000002038,0.55548478,0.3333333333333333,0.5,,,25.0,,0,,good_count,0.0,,,,,,,,,,,,,,,,,,,,44,paper\main_text_experiments\runs\ratio_downstream_5k\ratio_0p005_seed_44,0.005,25,5000
hatespeech,noise,market_badge_select,144,25,0,0.0,-1.5256850719451904,1.5256850719451904,-0.0002269554097438,0.0314184091985225,1,baseline_model_based,1,0,1,5000,28000,1000,1.1208701133728027,top_quantile,0.2217720000003282,0.56931364,0.3333333333333333,0.5,,,25.0,,0,,good_count,0.0,,,,,,,,,,,,,,,,,,,,44,paper\main_text_experiments\runs\ratio_downstream_5k\ratio_0p005_seed_44,0.005,25,5000
hatespeech,noise,market_kmeans_center_select,144,25,25,1.0,3.0845818519592285,-3.0845818519592285,0.0003357768000569,0.0898972302675247,0,baseline_feature,0,0,1,5000,28000,1000,1.1208701133728027,top_quantile,0.211300200000096,0.5553189000000001,0.3333333333333333,0.5,,6.0,,1.0,0,,good_count,25.0,18.0,,,,,,,,,,,,,,,,,,,44,paper\main_text_experiments\runs\ratio_downstream_5k\ratio_0p005_seed_44,0.005,25,5000
hatespeech,noise,market_typiclust_select,144,25,25,1.0,3.1843526363372803,-3.1843526363372803,0.0003544020582921,0.0887550860643386,0,baseline_feature,0,0,1,5000,28000,1000,1.1208701133728027,top_quantile,0.2264189000002261,0.55869742,0.3333333333333333,0.5,,12.0,,,0,,good_count,25.0,13.0,,,,,,,,,,,,,,,,,,,44,paper\main_text_experiments\runs\ratio_downstream_5k\ratio_0p005_seed_44,0.005,25,5000
hatespeech,noise,ours_kernel_ridge_student,144,25,25,1.0,3.3213915824890137,-3.3213915824890137,0.000376133917598,0.0886243283748626,0,online_student,0,0,1,5000,28000,1000,1.1208701133728027,top_quantile,0.1638855000001058,0.4965195799999999,0.3333333333333333,0.5,,11.0,,1.0,1,ours_student_row_ctpt,good_count,25.0,13.0,10000.0,64.0,4.0,92931.597765,53.80301340178943,53.80903000000001,107.61806,92931.597765,92931.597765,705941.0,192.0,0.0,192.0,192.0,10000.0,1.0,,,44,paper\main_text_experiments\runs\ratio_downstream_5k\ratio_0p005_seed_44,0.005,25,5000
hatespeech,noise,ours_sample_package_krr,144,25,25,1.0,3.3213915824890137,-3.3213915824890137,0.000376133917598,0.0886243283748626,0,online_student,0,1,4,1250,28000,1000,1.1208701133728027,top_quantile,0.2185300999999526,0.54951594,0.3333333333333333,0.5,,11.0,,1.0,1,ours_student_pkg_ctpt,good_count,25.0,13.0,10000.0,64.0,4.0,1786105.677236,2.799386432575201,2.80927,5.61854,1786105.677236,446526.419309,235320.0,10.0,0.0,10.0,10.0,2500.0,4.0,,,44,paper\main_text_experiments\runs\ratio_downstream_5k\ratio_0p005_seed_44,0.005,25,5000
hatespeech,coreset_far_wrong,market_random_select,144,25,2,0.08,-0.7025212049484253,0.7025212049484253,-8.638382132630795e-05,0.0268861930817365,1,baseline_feature,0,0,1,5000,28000,1000,1.1208701133728027,top_quantile,0.2118397999997796,0.573023,0.3333333333333333,0.5,15.0,1.0,6.0,3.0,0,,good_count,2.0,,,,,,,,,,,,,,,,,,,,44,paper\main_text_experiments\runs\ratio_downstream_5k\ratio_0p005_seed_44,0.005,25,5000
hatespeech,coreset_far_wrong,market_cosine_select,144,25,0,0.0,-1.1310851573944092,1.1310851573944092,-4.00042517867405e-05,-0.0154055608436465,1,baseline_feature,0,0,1,5000,28000,1000,1.1208701133728027,top_quantile,0.2160312000000885,0.55743642,0.3333333333333333,0.5,,,,25.0,0,,good_count,0.0,,,,,,,,,,,,,,,,,,,,44,paper\main_text_experiments\runs\ratio_downstream_5k\ratio_0p005_seed_44,0.005,25,5000
hatespeech,coreset_far_wrong,market_coreset_select,144,25,0,0.0,-2.030802726745605,2.030802726745605,-0.0003249096916988,0.0385671220719814,1,baseline_feature,0,0,1,5000,28000,1000,1.1208701133728027,top_quantile,0.2489919999998164,0.5613267200000001,0.3333333333333333,0.5,,,25.0,,0,,good_count,0.0,,,,,,,,,,,,,,,,,,,,44,paper\main_text_experiments\runs\ratio_downstream_5k\ratio_0p005_seed_44,0.005,25,5000
hatespeech,coreset_far_wrong,market_badge_select,144,25,0,0.0,-1.96700131893158,1.96700131893158,-0.0003112602280452,0.037187322974205,1,baseline_model_based,1,0,1,5000,28000,1000,1.1208701133728027,top_quantile,0.2132802999999512,0.56911616,0.3333333333333333,0.5,,,25.0,,0,,good_count,0.0,,,,,,,,,,,,,,,,,,,,44,paper\main_text_experiments\runs\ratio_downstream_5k\ratio_0p005_seed_44,0.005,25,5000
hatespeech,coreset_far_wrong,market_kmeans_center_select,144,25,25,1.0,3.0845818519592285,-3.0845818519592285,0.0003357768000569,0.0898972302675247,0,baseline_feature,0,0,1,5000,28000,1000,1.1208701133728027,top_quantile,0.2082559000000401,0.5553189000000001,0.3333333333333333,0.5,,6.0,,1.0,0,,good_count,25.0,18.0,,,,,,,,,,,,,,,,,,,44,paper\main_text_experiments\runs\ratio_downstream_5k\ratio_0p005_seed_44,0.005,25,5000
hatespeech,coreset_far_wrong,market_typiclust_select,144,25,25,1.0,3.1843526363372803,-3.1843526363372803,0.0003544020582921,0.0887550860643386,0,baseline_feature,0,0,1,5000,28000,1000,1.1208701133728027,top_quantile,0.2776066999999784,0.55869742,0.3333333333333333,0.5,,12.0,,,0,,good_count,25.0,13.0,,,,,,,,,,,,,,,,,,,44,paper\main_text_experiments\runs\ratio_downstream_5k\ratio_0p005_seed_44,0.005,25,5000
hatespeech,coreset_far_wrong,ours_kernel_ridge_student,144,25,25,1.0,3.3213915824890137,-3.3213915824890137,0.000376133917598,0.0886243283748626,0,online_student,0,0,1,5000,28000,1000,1.1208701133728027,top_quantile,0.159918800000014,0.4965195799999999,0.3333333333333333,0.5,,11.0,,1.0,1,ours_student_row_ctpt,good_count,25.0,13.0,10000.0,64.0,4.0,92931.597765,53.80301340178943,53.80903000000001,107.61806,92931.597765,92931.597765,705941.0,192.0,0.0,192.0,192.0,10000.0,1.0,,,44,paper\main_text_experiments\runs\ratio_downstream_5k\ratio_0p005_seed_44,0.005,25,5000
hatespeech,coreset_far_wrong,ours_sample_package_krr,144,25,25,1.0,3.3213915824890137,-3.3213915824890137,0.000376133917598,0.0886243283748626,0,online_student,0,1,4,1250,28000,1000,1.1208701133728027,top_quantile,0.2181320999998206,0.54951594,0.3333333333333333,0.5,,11.0,,1.0,1,ours_student_pkg_ctpt,good_count,25.0,13.0,10000.0,64.0,4.0,1786105.677236,2.799386432575201,2.80927,5.61854,1786105.677236,446526.419309,235320.0,10.0,0.0,10.0,10.0,2500.0,4.0,,,44,paper\main_text_experiments\runs\ratio_downstream_5k\ratio_0p005_seed_44,0.005,25,5000
hatespeech,typiclust_dense,market_random_select,144,25,2,0.08,0.3449974358081817,-0.3449974358081817,4.34231769759208e-05,0.0394466146826744,1,baseline_feature,0,0,1,5000,28000,1000,1.1208701133728027,top_quantile,0.2801148000003195,0.5742448200000001,0.3333333333333333,0.5,,7.0,,,0,,good_count,2.0,16.0,,,,,,,,,,,,,,,,,2.0,,44,paper\main_text_experiments\runs\ratio_downstream_5k\ratio_0p005_seed_44,0.005,25,5000
hatespeech,typiclust_dense,market_cosine_select,144,25,3,0.12,-1.0796929597854614,1.0796929597854614,4.594325946527533e-05,-0.0445079132914543,1,baseline_feature,0,0,1,5000,28000,1000,1.1208701133728027,top_quantile,0.2275439999998525,0.56400316,0.3333333333333333,0.5,,,,,0,,good_count,3.0,,,,,,,,,,,,,,,,,,22.0,3.0,44,paper\main_text_experiments\runs\ratio_downstream_5k\ratio_0p005_seed_44,0.005,25,5000
hatespeech,typiclust_dense,market_coreset_select,144,25,25,1.0,3.0710337162017822,-3.0710337162017822,0.0007230901974253,-0.0555333010852336,0,baseline_feature,0,0,1,5000,28000,1000,1.1208701133728027,top_quantile,0.2617622000002484,0.56028022,0.3333333333333333,0.5,,,25.0,,0,,good_count,25.0,,,,,,,,,,,,,,,,,,,,44,paper\main_text_experiments\runs\ratio_downstream_5k\ratio_0p005_seed_44,0.005,25,5000
hatespeech,typiclust_dense,market_badge_select,144,25,25,1.0,3.0710337162017822,-3.0710337162017822,0.0007230901974253,-0.0555333010852336,0,baseline_model_based,1,0,1,5000,28000,1000,1.1208701133728027,top_quantile,0.1665584000002127,0.50507498,0.3333333333333333,0.5,,,25.0,,0,,good_count,25.0,,,,,,,,,,,,,,,,,,,,44,paper\main_text_experiments\runs\ratio_downstream_5k\ratio_0p005_seed_44,0.005,25,5000
hatespeech,typiclust_dense,market_kmeans_center_select,144,25,2,0.08,1.6561282873153689,-1.6561282873153689,0.0001738190621836,0.0671471953392028,1,baseline_feature,0,0,1,5000,28000,1000,1.1208701133728027,top_quantile,0.2200440000001435,0.56011532,0.3333333333333333,0.5,,1.0,,,0,,good_count,2.0,24.0,,,,,,,,,,,,,,,,,,,44,paper\main_text_experiments\runs\ratio_downstream_5k\ratio_0p005_seed_44,0.005,25,5000
hatespeech,typiclust_dense,market_typiclust_select,144,25,0,0.0,1.085991621017456,-1.085991621017456,3.718376319739036e-05,0.0849527344107627,1,baseline_feature,0,0,1,5000,28000,1000,1.1208701133728027,top_quantile,0.2200625999998919,0.56292068,0.3333333333333333,0.5,,10.0,,,0,,good_count,0.0,15.0,,,,,,,,,,,,,,,,,,,44,paper\main_text_experiments\runs\ratio_downstream_5k\ratio_0p005_seed_44,0.005,25,5000
hatespeech,typiclust_dense,ours_kernel_ridge_student,144,25,9,0.36,1.8923373222351076,-1.8923373222351076,0.0002319955819984,0.059184692800045,1,online_student,0,0,1,5000,28000,1000,1.1208701133728027,top_quantile,0.1637252000000444,0.49359918,0.3333333333333333,0.5,,6.0,,,1,ours_student_row_ctpt,good_count,9.0,19.0,10000.0,64.0,4.0,92931.597765,53.80301340178943,53.80903000000001,107.61806,92931.597765,92931.597765,705941.0,192.0,0.0,192.0,192.0,10000.0,1.0,,,44,paper\main_text_experiments\runs\ratio_downstream_5k\ratio_0p005_seed_44,0.005,25,5000
hatespeech,typiclust_dense,ours_sample_package_krr,144,25,9,0.36,1.8923373222351076,-1.8923373222351076,0.0002319955819984,0.059184692800045,1,online_student,0,1,4,1250,28000,1000,1.1208701133728027,top_quantile,0.2215362000001732,0.5479347999999999,0.3333333333333333,0.5,,6.0,,,1,ours_student_pkg_ctpt,good_count,9.0,19.0,10000.0,64.0,4.0,1786105.677236,2.799386432575201,2.80927,5.61854,1786105.677236,446526.419309,235320.0,10.0,0.0,10.0,10.0,2500.0,4.0,,,44,paper\main_text_experiments\runs\ratio_downstream_5k\ratio_0p005_seed_44,0.005,25,5000
hatespeech,kmeans_center,market_random_select,144,25,2,0.08,-0.4260719418525696,0.4260719418525696,-7.889270818850491e-06,0.0136806759983301,1,baseline_feature,0,0,1,5000,28000,1000,1.1208701133728027,top_quantile,0.2204368000002432,0.5713456,0.3333333333333333,0.5,2.0,17.0,,,0,,good_count,2.0,6.0,,,,,,,,,,,,,,,,,,,44,paper\main_text_experiments\runs\ratio_downstream_5k\ratio_0p005_seed_44,0.005,25,5000
hatespeech,kmeans_center,market_cosine_select,144,25,24,0.96,2.9998273849487305,-2.9998273849487305,0.0003625011304393,0.0749786347150802,0,baseline_feature,0,0,1,5000,28000,1000,1.1208701133728027,top_quantile,0.2243913000002066,0.53823054,0.3333333333333333,0.5,,1.0,,17.0,0,,good_count,24.0,,,,,,,,,,,,,,,,,,4.0,3.0,44,paper\main_text_experiments\runs\ratio_downstream_5k\ratio_0p005_seed_44,0.005,25,5000
hatespeech,kmeans_center,market_coreset_select,144,25,25,1.0,3.0753326416015625,-3.0753326416015625,0.000722782628145,-0.0551679581403732,0,baseline_feature,0,0,1,5000,28000,1000,1.1208701133728027,top_quantile,0.2576536999999916,0.56057982,0.3333333333333333,0.5,,,25.0,,0,,good_count,25.0,,,,,,,,,,,,,,,,,,,,44,paper\main_text_experiments\runs\ratio_downstream_5k\ratio_0p005_seed_44,0.005,25,5000
hatespeech,kmeans_center,market_badge_select,144,25,25,1.0,3.0753326416015625,-3.0753326416015625,0.000722782628145,-0.0551679506897926,0,baseline_model_based,1,0,1,5000,28000,1000,1.1208701133728027,top_quantile,0.2348523999999088,0.50489092,0.3333333333333333,0.5,,,25.0,,0,,good_count,25.0,,,,,,,,,,,,,,,,,,,,44,paper\main_text_experiments\runs\ratio_downstream_5k\ratio_0p005_seed_44,0.005,25,5000
hatespeech,kmeans_center,market_kmeans_center_select,144,25,2,0.08,1.3569873571395874,-1.3569873571395874,0.000147392755025,0.0595857761800289,1,baseline_feature,0,0,1,5000,28000,1000,1.1208701133728027,top_quantile,0.2165200999997978,0.5607787,0.3333333333333333,0.5,,20.0,,,0,,good_count,2.0,5.0,,,,,,,,,,,,,,,,,,,44,paper\main_text_experiments\runs\ratio_downstream_5k\ratio_0p005_seed_44,0.005,25,5000
hatespeech,kmeans_center,market_typiclust_select,144,25,0,0.0,1.0759038925170898,-1.0759038925170898,3.571748675312847e-05,0.0849125161767005,1,baseline_feature,0,0,1,5000,28000,1000,1.1208701133728027,top_quantile,0.2150292000001172,0.56290456,0.3333333333333333,0.5,,15.0,,,0,,good_count,0.0,10.0,,,,,,,,,,,,,,,,,,,44,paper\main_text_experiments\runs\ratio_downstream_5k\ratio_0p005_seed_44,0.005,25,5000
hatespeech,kmeans_center,ours_kernel_ridge_student,144,25,9,0.36,1.896628737449646,-1.896628737449646,0.000232954029343,0.0590768158435821,1,online_student,0,0,1,5000,28000,1000,1.1208701133728027,top_quantile,0.1597797999997965,0.4949793999999999,0.3333333333333333,0.5,,18.0,,,1,ours_student_row_ctpt,good_count,9.0,7.0,10000.0,64.0,4.0,92931.597765,53.80301340178943,53.80903000000001,107.61806,92931.597765,92931.597765,705941.0,192.0,0.0,192.0,192.0,10000.0,1.0,,,44,paper\main_text_experiments\runs\ratio_downstream_5k\ratio_0p005_seed_44,0.005,25,5000
hatespeech,kmeans_center,ours_sample_package_krr,144,25,9,0.36,1.896628737449646,-1.896628737449646,0.000232954029343,0.0590768158435821,1,online_student,0,1,4,1250,28000,1000,1.1208701133728027,top_quantile,0.2122512000000824,0.54809432,0.3333333333333333,0.5,,18.0,,,1,ours_student_pkg_ctpt,good_count,9.0,7.0,10000.0,64.0,4.0,1786105.677236,2.799386432575201,2.80927,5.61854,1786105.677236,446526.419309,235320.0,10.0,0.0,10.0,10.0,2500.0,4.0,,,44,paper\main_text_experiments\runs\ratio_downstream_5k\ratio_0p005_seed_44,0.005,25,5000
hatespeech,uncertainty_badge,market_random_select,144,25,2,0.08,-0.2339558154344558,0.2339558154344558,4.889249976258725e-05,0.003669845405966,1,baseline_feature,0,0,1,5000,28000,1000,1.1208701133728027,top_quantile,0.2221675000000686,0.5716994200000001,0.3333333333333333,0.5,6.0,,,15.0,0,,good_count,2.0,2.0,,,,,,,,,,,,,,,,,2.0,,44,paper\main_text_experiments\runs\ratio_downstream_5k\ratio_0p005_seed_44,0.005,25,5000
hatespeech,uncertainty_badge,market_cosine_select,144,25,0,0.0,-1.2715193033218384,1.2715193033218384,-2.260446490254253e-05,-0.0300862435251474,1,baseline_feature,0,0,1,5000,28000,1000,1.1208701133728027,top_quantile,0.2151202000000012,0.54991964,0.3333333333333333,0.5,,,,,0,,good_count,0.0,,,,,,,,,,,,,,,,,,25.0,,44,paper\main_text_experiments\runs\ratio_downstream_5k\ratio_0p005_seed_44,0.005,25,5000
hatespeech,uncertainty_badge,market_coreset_select,144,25,0,0.0,-1.0254844427108765,1.0254844427108765,-1.1730194273695815e-05,-0.0198113210499286,1,baseline_feature,0,0,1,5000,28000,1000,1.1208701133728027,top_quantile,0.1944951000000401,0.54236768,0.3333333333333333,0.5,18.0,,,,0,,good_count,0.0,,,,,,,,,,,,,,,,,,7.0,,44,paper\main_text_experiments\runs\ratio_downstream_5k\ratio_0p005_seed_44,0.005,25,5000
hatespeech,uncertainty_badge,market_badge_select,144,25,0,0.0,-1.0705894231796265,1.0705894231796265,-2.7050971766584556e-05,-0.0167179852724075,1,baseline_model_based,1,0,1,5000,28000,1000,1.1208701133728027,top_quantile,0.218245399999887,0.57045948,0.3333333333333333,0.5,6.0,,,,0,,good_count,0.0,,,,,,,,,,,,,,,,,,19.0,,44,paper\main_text_experiments\runs\ratio_downstream_5k\ratio_0p005_seed_44,0.005,25,5000
hatespeech,uncertainty_badge,market_kmeans_center_select,144,25,23,0.92,2.959138870239258,-2.959138870239258,0.0003157830215059,0.0900545716285705,0,baseline_feature,0,0,1,5000,28000,1000,1.1208701133728027,top_quantile,0.2040416999998342,0.55517918,0.3333333333333333,0.5,,6.0,,3.0,0,,good_count,23.0,16.0,,,,,,,,,,,,,,,,,,,44,paper\main_text_experiments\runs\ratio_downstream_5k\ratio_0p005_seed_44,0.005,25,5000
hatespeech,uncertainty_badge,market_typiclust_select,144,25,21,0.84,2.7656707763671875,-2.7656707763671875,0.0002953457878902,0.0864138379693031,0,baseline_feature,0,0,1,5000,28000,1000,1.1208701133728027,top_quantile,0.2152611999999862,0.55873432,0.3333333333333333,0.5,,9.0,,3.0,0,,good_count,21.0,12.0,,,,,,,,,,,,,,,,,1.0,,44,paper\main_text_experiments\runs\ratio_downstream_5k\ratio_0p005_seed_44,0.005,25,5000
hatespeech,uncertainty_badge,ours_kernel_ridge_student,144,25,24,0.96,3.260279893875122,-3.260279893875122,0.00036668300163,0.0885928943753242,0,online_student,0,0,1,5000,28000,1000,1.1208701133728027,top_quantile,0.1548189000000093,0.49478358,0.3333333333333333,0.5,,10.0,,2.0,1,ours_student_row_ctpt,good_count,24.0,13.0,10000.0,64.0,4.0,92931.597765,53.80301340178943,53.80903000000001,107.61806,92931.597765,92931.597765,705941.0,192.0,0.0,192.0,192.0,10000.0,1.0,,,44,paper\main_text_experiments\runs\ratio_downstream_5k\ratio_0p005_seed_44,0.005,25,5000
hatespeech,uncertainty_badge,ours_sample_package_krr,144,25,24,0.96,3.260279893875122,-3.260279893875122,0.00036668300163,0.0885928943753242,0,online_student,0,1,4,1250,28000,1000,1.1208701133728027,top_quantile,0.2157078999998702,0.54959766,0.3333333333333333,0.5,,10.0,,2.0,1,ours_student_pkg_ctpt,good_count,24.0,13.0,10000.0,64.0,4.0,1786105.677236,2.799386432575201,2.80927,5.61854,1786105.677236,446526.419309,235320.0,10.0,0.0,10.0,10.0,2500.0,4.0,,,44,paper\main_text_experiments\runs\ratio_downstream_5k\ratio_0p005_seed_44,0.005,25,5000
hatespeech,cosine,market_random_select,144,25,2,0.08,-0.7559167742729187,0.7559167742729187,-2.192258762079291e-05,-0.0002979153359774,1,baseline_feature,0,0,1,5000,28000,1000,1.1208701133728027,top_quantile,0.2475595999999313,0.57190424,0.3333333333333333,0.5,,1.0,,2.0,0,,good_count,2.0,7.0,,,,,,,,,,,,,,,,,15.0,,44,paper\main_text_experiments\runs\ratio_downstream_5k\ratio_0p005_seed_44,0.005,25,5000
hatespeech,cosine,market_cosine_select,144,25,0,0.0,-0.5536354184150696,0.5536354184150696,6.604194595638546e-07,0.0030549934599548,1,baseline_feature,0,0,1,5000,28000,1000,1.1208701133728027,top_quantile,0.277368000000024,0.54160184,0.3333333333333333,0.5,,,,,0,,good_count,0.0,,,,,,,,,,,,,,,,,,25.0,,44,paper\main_text_experiments\runs\ratio_downstream_5k\ratio_0p005_seed_44,0.005,25,5000
hatespeech,cosine,market_coreset_select,144,25,24,0.96,3.0004971027374268,-3.0004971027374268,0.0007064437959343,-0.0534267537295818,0,baseline_feature,0,0,1,5000,28000,1000,1.1208701133728027,top_quantile,0.262481199999911,0.5599177200000001,0.3333333333333333,0.5,,,24.0,,0,,good_count,24.0,,,,,,,,,,,,,,,,,,1.0,,44,paper\main_text_experiments\runs\ratio_downstream_5k\ratio_0p005_seed_44,0.005,25,5000
hatespeech,cosine,market_badge_select,144,25,24,0.96,3.0004971027374268,-3.0004971027374268,0.0007064437959343,-0.0534267462790012,0,baseline_model_based,1,0,1,5000,28000,1000,1.1208701133728027,top_quantile,0.2208113000001503,0.5704275,0.3333333333333333,0.5,,,24.0,,0,,good_count,24.0,,,,,,,,,,,,,,,,,,1.0,,44,paper\main_text_experiments\runs\ratio_downstream_5k\ratio_0p005_seed_44,0.005,25,5000
hatespeech,cosine,market_kmeans_center_select,144,25,19,0.76,1.5155248641967771,-1.5155248641967771,0.0002121734578395,0.0446312054991722,0,baseline_feature,0,0,1,5000,28000,1000,1.1208701133728027,top_quantile,0.2078463000002557,0.55838784,0.3333333333333333,0.5,,6.0,,1.0,0,,good_count,19.0,18.0,,,,,,,,,,,,,,,,,,,44,paper\main_text_experiments\runs\ratio_downstream_5k\ratio_0p005_seed_44,0.005,25,5000
hatespeech,cosine,market_typiclust_select,144,25,14,0.56,1.3549593687057495,-1.3549593687057495,0.0001427865063305,0.0611878149211406,0,baseline_feature,0,0,1,5000,28000,1000,1.1208701133728027,top_quantile,0.2150133000000096,0.55873364,0.3333333333333333,0.5,,7.0,,,0,,good_count,14.0,9.0,,,,,,,,,,,,,,,,,9.0,,44,paper\main_text_experiments\runs\ratio_downstream_5k\ratio_0p005_seed_44,0.005,25,5000
hatespeech,cosine,ours_kernel_ridge_student,144,25,23,0.92,2.784463882446289,-2.784463882446289,0.0003332376363687,0.0733582749962806,0,online_student,0,0,1,5000,28000,1000,1.1208701133728027,top_quantile,0.1607249999997293,0.49103322,0.3333333333333333,0.5,,10.0,,1.0,1,ours_student_row_ctpt,good_count,23.0,14.0,10000.0,64.0,4.0,92931.597765,53.80301340178943,53.80903000000001,107.61806,92931.597765,92931.597765,705941.0,192.0,0.0,192.0,192.0,10000.0,1.0,,,44,paper\main_text_experiments\runs\ratio_downstream_5k\ratio_0p005_seed_44,0.005,25,5000
hatespeech,cosine,ours_sample_package_krr,144,25,23,0.92,2.784463882446289,-2.784463882446289,0.0003332376363687,0.0733582749962806,0,online_student,0,1,4,1250,28000,1000,1.1208701133728027,top_quantile,0.2247533999998268,0.5516734,0.3333333333333333,0.5,,10.0,,1.0,1,ours_student_pkg_ctpt,good_count,23.0,14.0,10000.0,64.0,4.0,1786105.677236,2.799386432575201,2.80927,5.61854,1786105.677236,446526.419309,235320.0,10.0,0.0,10.0,10.0,2500.0,4.0,,,44,paper\main_text_experiments\runs\ratio_downstream_5k\ratio_0p005_seed_44,0.005,25,5000
hatespeech,all_average,market_random_select,144,25,2,0.08,-1.347558617591858,1.347558617591858,-0.0001298379938816,0.0055291843600571,1,baseline_feature,0,0,1,5000,28000,1000,1.1208701133728027,top_quantile,0.2933536000000458,0.57182292,0.3333333333333333,0.5,4.0,4.0,3.0,2.0,0,,good_count,2.0,6.0,,,,,,,,,,,,,,,,,6.0,,44,paper\main_text_experiments\runs\ratio_downstream_5k\ratio_0p005_seed_44,0.005,25,5000
hatespeech,all_average,market_cosine_select,144,25,0,0.0,-1.5322656631469729,1.5322656631469729,-3.710508462972939e-05,-0.0398641116917133,1,baseline_feature,0,0,1,5000,28000,1000,1.1208701133728027,top_quantile,0.2132907000000159,0.5558423800000001,0.3333333333333333,0.5,,,,,0,,good_count,0.0,,,,,,,,,,,,,,,,,,25.0,,44,paper\main_text_experiments\runs\ratio_downstream_5k\ratio_0p005_seed_44,0.005,25,5000
hatespeech,all_average,market_coreset_select,144,25,0,0.0,-2.2875070571899414,2.2875070571899414,-0.0003947544028051,0.0496928580105304,1,baseline_feature,0,0,1,5000,28000,1000,1.1208701133728027,top_quantile,0.2244020999996792,0.56246782,0.3333333333333333,0.5,,,25.0,,0,,good_count,0.0,,,,,,,,,,,,,,,,,,,,44,paper\main_text_experiments\runs\ratio_downstream_5k\ratio_0p005_seed_44,0.005,25,5000
hatespeech,all_average,market_badge_select,144,25,0,0.0,-2.241672277450561,2.241672277450561,-0.0003894710680469,0.050390500575304,1,baseline_model_based,1,0,1,5000,28000,1000,1.1208701133728027,top_quantile,0.2125141000001349,0.5703410600000001,0.3333333333333333,0.5,,,25.0,,0,,good_count,0.0,,,,,,,,,,,,,,,,,,,,44,paper\main_text_experiments\runs\ratio_downstream_5k\ratio_0p005_seed_44,0.005,25,5000
hatespeech,all_average,market_kmeans_center_select,144,25,2,0.08,-0.8333953022956848,0.8333953022956848,-1.2063979738741182e-05,-0.0084940819069743,1,baseline_feature,0,0,1,5000,28000,1000,1.1208701133728027,top_quantile,0.2105719999999564,0.55677562,0.3333333333333333,0.5,,10.0,,1.0,0,,good_count,2.0,14.0,,,,,,,,,,,,,,,,,,,44,paper\main_text_experiments\runs\ratio_downstream_5k\ratio_0p005_seed_44,0.005,25,5000
hatespeech,all_average,market_typiclust_select,144,25,0,0.0,1.115223407745361,-1.115223407745361,4.1744708141777664e-05,0.0849527344107627,1,baseline_feature,0,0,1,5000,28000,1000,1.1208701133728027,top_quantile,0.2155472999997982,0.56292068,0.3333333333333333,0.5,,10.0,,,0,,good_count,0.0,15.0,,,,,,,,,,,,,,,,,,,44,paper\main_text_experiments\runs\ratio_downstream_5k\ratio_0p005_seed_44,0.005,25,5000
hatespeech,all_average,ours_kernel_ridge_student,144,25,21,0.84,2.254157304763794,-2.254157304763794,0.0002924156142398,0.0577034093439579,0,online_student,0,0,1,5000,28000,1000,1.1208701133728027,top_quantile,0.2216748999999254,0.4972211199999999,0.3333333333333333,0.5,,11.0,,2.0,1,ours_student_row_ctpt,good_count,21.0,12.0,10000.0,64.0,4.0,92931.597765,53.80301340178943,53.80903000000001,107.61806,92931.597765,92931.597765,705941.0,192.0,0.0,192.0,192.0,10000.0,1.0,,,44,paper\main_text_experiments\runs\ratio_downstream_5k\ratio_0p005_seed_44,0.005,25,5000
hatespeech,all_average,ours_sample_package_krr,144,25,21,0.84,2.254157304763794,-2.254157304763794,0.0002924156142398,0.0577034093439579,0,online_student,0,1,4,1250,28000,1000,1.1208701133728027,top_quantile,0.2118387000000439,0.54914928,0.3333333333333333,0.5,,11.0,,2.0,1,ours_student_pkg_ctpt,good_count,21.0,12.0,10000.0,64.0,4.0,1786105.677236,2.799386432575201,2.80927,5.61854,1786105.677236,446526.419309,235320.0,10.0,0.0,10.0,10.0,2500.0,4.0,,,44,paper\main_text_experiments\runs\ratio_downstream_5k\ratio_0p005_seed_44,0.005,25,5000
mscoco,noise,market_random_select,244,25,1,0.04,-0.6733545660972595,0.6733545660972595,-1.7166138377433526e-07,-0.0004766046185977,1,baseline_feature,0,0,1,5000,28000,1000,0.96003395318985,top_quantile,0.3249799000000166,0.8822824374999999,0.3333333333333333,0.5,2.0,,19.0,3.0,0,,good_count,1.0,,,,,,,,,,,,,,,,,,1.0,,44,paper\main_text_experiments\runs\ratio_downstream_5k\ratio_0p005_seed_44,0.005,25,5000
mscoco,noise,market_cosine_select,244,25,25,1.0,3.2756166458129883,-3.2756166458129883,8.201599257517955e-07,0.0067881438881158,0,baseline_feature,0,0,1,5000,28000,1000,0.96003395318985,top_quantile,0.2783926000001884,0.87240621875,0.4232507356049658,0.543375,,,,,0,,good_count,25.0,,,,,,,,,,,,,,,,,,,25.0,44,paper\main_text_experiments\runs\ratio_downstream_5k\ratio_0p005_seed_44,0.005,25,5000
mscoco,noise,market_coreset_select,244,25,0,0.0,0.5075275897979736,-0.5075275897979736,1.335144048653092e-07,0.0016747190384194,1,baseline_feature,0,0,1,5000,28000,1000,0.96003395318985,top_quantile,0.3130303000002641,0.873327625,0.3333333333333333,0.5,,,25.0,,0,,good_count,0.0,,,,,,,,,,,,,,,,,,,,44,paper\main_text_experiments\runs\ratio_downstream_5k\ratio_0p005_seed_44,0.005,25,5000
mscoco,noise,market_badge_select,244,25,0,0.0,0.4340321719646454,-0.4340321719646454,1.3828277189986693e-07,0.0014824504032731,1,baseline_model_based,1,0,1,5000,28000,1000,0.96003395318985,top_quantile,0.2070875999997952,0.8977053125000001,0.3333333333333333,0.5,,,25.0,,0,,good_count,0.0,,,,,,,,,,,,,,,,,,,,44,paper\main_text_experiments\runs\ratio_downstream_5k\ratio_0p005_seed_44,0.005,25,5000
mscoco,noise,market_kmeans_center_select,244,25,25,1.0,3.350729465484619,-3.350729465484619,2.593994167909841e-06,0.0026149412151426,0,baseline_feature,0,0,1,5000,28000,1000,0.96003395318985,top_quantile,0.1965054000002055,0.73429134375,0.3333333333333333,0.5,,7.0,,2.0,0,,good_count,25.0,9.0,,,,,,,,,,,,,,,,,2.0,5.0,44,paper\main_text_experiments\runs\ratio_downstream_5k\ratio_0p005_seed_44,0.005,25,5000
mscoco,noise,market_typiclust_select,244,25,25,1.0,3.022031784057617,-3.022031784057617,2.601146661618259e-06,0.0017898677615448,0,baseline_feature,0,0,1,5000,28000,1000,0.96003395318985,top_quantile,0.2001801000001251,0.87292084375,0.3333333333333333,0.5,,8.0,,,0,,good_count,25.0,11.0,,,,,,,,,,,,,,,,,4.0,2.0,44,paper\main_text_experiments\runs\ratio_downstream_5k\ratio_0p005_seed_44,0.005,25,5000
mscoco,noise,ours_kernel_ridge_student,244,25,25,1.0,3.600543260574341,-3.600543260574341,4.7445297468584613e-07,0.008435670286417,0,online_student,0,0,1,5000,28000,1000,0.96003395318985,top_quantile,0.1934320999998817,0.8818839374999999,0.3333333333333333,0.5,,,,,1,ours_student_row_ctpt,good_count,25.0,,10000.0,64.0,4.0,92931.597765,53.80301340178943,53.80903000000001,107.61806,92931.597765,92931.597765,705941.0,192.0,0.0,192.0,192.0,10000.0,1.0,6.0,19.0,44,paper\main_text_experiments\runs\ratio_downstream_5k\ratio_0p005_seed_44,0.005,25,5000
mscoco,noise,ours_sample_package_krr,244,25,25,1.0,3.600543260574341,-3.600543260574341,4.7445297468584613e-07,0.008435670286417,0,online_student,0,1,4,1250,28000,1000,0.96003395318985,top_quantile,0.1979407000003448,0.88433371875,0.3333333333333333,0.5,,,,,1,ours_student_pkg_ctpt,good_count,25.0,,10000.0,64.0,4.0,1786105.677236,2.799386432575201,2.80927,5.61854,1786105.677236,446526.419309,235320.0,10.0,0.0,10.0,10.0,2500.0,4.0,6.0,19.0,44,paper\main_text_experiments\runs\ratio_downstream_5k\ratio_0p005_seed_44,0.005,25,5000
mscoco,coreset_far_wrong,market_random_select,244,25,1,0.04,-0.4152102768421173,0.4152102768421173,-1.2159347306806012e-07,3.457093771430664e-05,1,baseline_feature,0,0,1,5000,28000,1000,0.96003395318985,top_quantile,0.1934151999998903,0.8844016562500001,0.3333333333333333,0.5,19.0,,2.0,3.0,0,,good_count,1.0,,,,,,,,,,,,,,,,,,1.0,,44,paper\main_text_experiments\runs\ratio_downstream_5k\ratio_0p005_seed_44,0.005,25,5000
mscoco,coreset_far_wrong,market_cosine_select,244,25,25,1.0,3.2756166458129883,-3.2756166458129883,8.201599257517955e-07,0.0067881438881158,0,baseline_feature,0,0,1,5000,28000,1000,0.96003395318985,top_quantile,0.193071400000008,0.87240621875,0.4232507356049658,0.543375,,,,,0,,good_count,25.0,,,,,,,,,,,,,,,,,,,25.0,44,paper\main_text_experiments\runs\ratio_downstream_5k\ratio_0p005_seed_44,0.005,25,5000
mscoco,coreset_far_wrong,market_coreset_select,244,25,0,0.0,-0.7229365706443787,0.7229365706443787,-1.4543533666255828e-07,-0.000662840087898,1,baseline_feature,0,0,1,5000,28000,1000,0.96003395318985,top_quantile,0.230131799999981,0.8824996875,0.3333333333333333,0.5,,,25.0,,0,,good_count,0.0,,,,,,,,,,,,,,,,,,,,44,paper\main_text_experiments\runs\ratio_downstream_5k\ratio_0p005_seed_44,0.005,25,5000
mscoco,coreset_far_wrong,market_badge_select,244,25,0,0.0,-0.8164582252502441,0.8164582252502441,-2.7656554379973386e-07,-0.0005704482318833,1,baseline_model_based,1,0,1,5000,28000,1000,0.96003395318985,top_quantile,0.2019230000000789,0.8867007812500001,0.3333333333333333,0.5,,,25.0,,0,,good_count,0.0,,,,,,,,,,,,,,,,,,,,44,paper\main_text_experiments\runs\ratio_downstream_5k\ratio_0p005_seed_44,0.005,25,5000
mscoco,coreset_far_wrong,market_kmeans_center_select,244,25,25,1.0,3.350729465484619,-3.350729465484619,2.593994167909841e-06,0.0026149412151426,0,baseline_feature,0,0,1,5000,28000,1000,0.96003395318985,top_quantile,0.1931624000003466,0.73429134375,0.3333333333333333,0.5,,7.0,,2.0,0,,good_count,25.0,9.0,,,,,,,,,,,,,,,,,2.0,5.0,44,paper\main_text_experiments\runs\ratio_downstream_5k\ratio_0p005_seed_44,0.005,25,5000
mscoco,coreset_far_wrong,market_typiclust_select,244,25,25,1.0,3.022031784057617,-3.022031784057617,2.601146661618259e-06,0.0017898677615448,0,baseline_feature,0,0,1,5000,28000,1000,0.96003395318985,top_quantile,0.1977706999996371,0.87292084375,0.3333333333333333,0.5,,8.0,,,0,,good_count,25.0,11.0,,,,,,,,,,,,,,,,,4.0,2.0,44,paper\main_text_experiments\runs\ratio_downstream_5k\ratio_0p005_seed_44,0.005,25,5000
mscoco,coreset_far_wrong,ours_kernel_ridge_student,244,25,25,1.0,3.600543260574341,-3.600543260574341,4.7445297468584613e-07,0.008435670286417,0,online_student,0,0,1,5000,28000,1000,0.96003395318985,top_quantile,0.1925335999999333,0.8818839374999999,0.3333333333333333,0.5,,,,,1,ours_student_row_ctpt,good_count,25.0,,10000.0,64.0,4.0,92931.597765,53.80301340178943,53.80903000000001,107.61806,92931.597765,92931.597765,705941.0,192.0,0.0,192.0,192.0,10000.0,1.0,6.0,19.0,44,paper\main_text_experiments\runs\ratio_downstream_5k\ratio_0p005_seed_44,0.005,25,5000
mscoco,coreset_far_wrong,ours_sample_package_krr,244,25,25,1.0,3.600543260574341,-3.600543260574341,4.7445297468584613e-07,0.008435670286417,0,online_student,0,1,4,1250,28000,1000,0.96003395318985,top_quantile,0.1976187999998728,0.88433371875,0.3333333333333333,0.5,,,,,1,ours_student_pkg_ctpt,good_count,25.0,,10000.0,64.0,4.0,1786105.677236,2.799386432575201,2.80927,5.61854,1786105.677236,446526.419309,235320.0,10.0,0.0,10.0,10.0,2500.0,4.0,6.0,19.0,44,paper\main_text_experiments\runs\ratio_downstream_5k\ratio_0p005_seed_44,0.005,25,5000
mscoco,typiclust_dense,market_random_select,244,25,1,0.04,-0.7418081760406494,0.7418081760406494,-2.2649764730431346e-07,-0.0005100579001009,1,baseline_feature,0,0,1,5000,28000,1000,0.96003395318985,top_quantile,0.2591502999998738,0.87074771875,0.3333333333333333,0.5,,2.0,,,0,,good_count,1.0,19.0,,,,,,,,,,,,,,,,,4.0,,44,paper\main_text_experiments\runs\ratio_downstream_5k\ratio_0p005_seed_44,0.005,25,5000
mscoco,typiclust_dense,market_cosine_select,244,25,25,1.0,3.136683940887451,-3.136683940887451,6.842612947366433e-07,0.0067806905135512,0,baseline_feature,0,0,1,5000,28000,1000,0.96003395318985,top_quantile,0.1984588000000258,0.8786588125,0.3333333333333333,0.5,,,,,0,,good_count,25.0,,,,,,,,,,,,,,,,,,,25.0,44,paper\main_text_experiments\runs\ratio_downstream_5k\ratio_0p005_seed_44,0.005,25,5000
mscoco,typiclust_dense,market_coreset_select,244,25,25,1.0,2.5273754596710205,-2.5273754596710205,5.626678216685832e-07,0.0055825333110988,0,baseline_feature,0,0,1,5000,28000,1000,0.96003395318985,top_quantile,0.2349346999999397,0.8775383125,0.3333333333333333,0.5,,,25.0,,0,,good_count,25.0,,,,,,,,,,,,,,,,,,,,44,paper\main_text_experiments\runs\ratio_downstream_5k\ratio_0p005_seed_44,0.005,25,5000
mscoco,typiclust_dense,market_badge_select,244,25,25,1.0,2.5760040283203125,-2.5760040283203125,6.508827254947391e-07,0.0054852836765348,0,baseline_model_based,1,0,1,5000,28000,1000,0.96003395318985,top_quantile,0.1921004000000721,0.87671553125,0.3333333333333333,0.5,,,25.0,,0,,good_count,25.0,,,,,,,,,,,,,,,,,,,,44,paper\main_text_experiments\runs\ratio_downstream_5k\ratio_0p005_seed_44,0.005,25,5000
mscoco,typiclust_dense,market_kmeans_center_select,244,25,0,0.0,-0.4054165184497833,0.4054165184497833,5.483627418811921e-08,-0.0003747992159333,1,baseline_feature,0,0,1,5000,28000,1000,0.96003395318985,top_quantile,0.1515686999996432,0.7437211875,0.3333333333333333,0.5,,10.0,,,0,,good_count,0.0,15.0,,,,,,,,,,,,,,,,,,,44,paper\main_text_experiments\runs\ratio_downstream_5k\ratio_0p005_seed_44,0.005,25,5000
mscoco,typiclust_dense,market_typiclust_select,244,25,0,0.0,-0.5214934349060059,0.5214934349060059,-1.3113022134803032e-07,-0.000203103350941,1,baseline_feature,0,0,1,5000,28000,1000,0.96003395318985,top_quantile,0.1898137999996834,0.86160840625,0.3333333333333333,0.5,,7.0,,,0,,good_count,0.0,18.0,,,,,,,,,,,,,,,,,,,44,paper\main_text_experiments\runs\ratio_downstream_5k\ratio_0p005_seed_44,0.005,25,5000
mscoco,typiclust_dense,ours_kernel_ridge_student,244,25,22,0.88,2.543193817138672,-2.543193817138672,2.217292802697557e-07,0.0064589693211019,0,online_student,0,0,1,5000,28000,1000,0.96003395318985,top_quantile,0.1921328000003086,0.8526155312500001,0.3333333333333333,0.5,,,,,1,ours_student_row_ctpt,good_count,22.0,,10000.0,64.0,4.0,92931.597765,53.80301340178943,53.80903000000001,107.61806,92931.597765,92931.597765,705941.0,192.0,0.0,192.0,192.0,10000.0,1.0,6.0,19.0,44,paper\main_text_experiments\runs\ratio_downstream_5k\ratio_0p005_seed_44,0.005,25,5000
mscoco,typiclust_dense,ours_sample_package_krr,244,25,22,0.88,2.543193817138672,-2.543193817138672,2.217292802697557e-07,0.0064589693211019,0,online_student,0,1,4,1250,28000,1000,0.96003395318985,top_quantile,0.1946286000002146,0.857238875,0.3333333333333333,0.5,,,,,1,ours_student_pkg_ctpt,good_count,22.0,,10000.0,64.0,4.0,1786105.677236,2.799386432575201,2.80927,5.61854,1786105.677236,446526.419309,235320.0,10.0,0.0,10.0,10.0,2500.0,4.0,6.0,19.0,44,paper\main_text_experiments\runs\ratio_downstream_5k\ratio_0p005_seed_44,0.005,25,5000
mscoco,kmeans_center,market_random_select,244,25,1,0.04,-0.605391263961792,0.605391263961792,-2.0265579792067e-07,-0.000233497848967,1,baseline_feature,0,0,1,5000,28000,1000,0.96003395318985,top_quantile,0.2734747999998035,0.8767948125,0.3333333333333333,0.5,3.0,19.0,,,0,,good_count,1.0,2.0,,,,,,,,,,,,,,,,,,1.0,44,paper\main_text_experiments\runs\ratio_downstream_5k\ratio_0p005_seed_44,0.005,25,5000
mscoco,kmeans_center,market_cosine_select,244,25,25,1.0,3.0117104053497314,-3.0117104053497314,8.797645705271862e-07,0.0059933848679065,0,baseline_feature,0,0,1,5000,28000,1000,0.96003395318985,top_quantile,0.1964336000000912,0.86824146875,0.3333333333333333,0.5,,,,,0,,good_count,25.0,,,,,,,,,,,,,,,,,,,25.0,44,paper\main_text_experiments\runs\ratio_downstream_5k\ratio_0p005_seed_44,0.005,25,5000
mscoco,kmeans_center,market_coreset_select,244,25,25,1.0,2.583650827407837,-2.583650827407837,5.865097136847908e-07,0.0056622130796313,0,baseline_feature,0,0,1,5000,28000,1000,0.96003395318985,top_quantile,0.2321596000001591,0.8657028125000001,0.3333333333333333,0.5,,,25.0,,0,,good_count,25.0,,,,,,,,,,,,,,,,,,,,44,paper\main_text_experiments\runs\ratio_downstream_5k\ratio_0p005_seed_44,0.005,25,5000
mscoco,kmeans_center,market_badge_select,244,25,25,1.0,2.598313331604004,-2.598313331604004,5.555152711167466e-07,0.0057743769139051,0,baseline_model_based,1,0,1,5000,28000,1000,0.96003395318985,top_quantile,0.1927919000004294,0.8670851562499999,0.3333333333333333,0.5,,,25.0,,0,,good_count,25.0,,,,,,,,,,,,,,,,,,,,44,paper\main_text_experiments\runs\ratio_downstream_5k\ratio_0p005_seed_44,0.005,25,5000
mscoco,kmeans_center,market_kmeans_center_select,244,25,0,0.0,-0.2943313717842102,0.2943313717842102,5.2452087118126656e-08,-9.604213119018824e-05,1,baseline_feature,0,0,1,5000,28000,1000,0.96003395318985,top_quantile,0.1956186999996134,0.8892067812500001,0.3333333333333333,0.5,,17.0,,,0,,good_count,0.0,8.0,,,,,,,,,,,,,,,,,,,44,paper\main_text_experiments\runs\ratio_downstream_5k\ratio_0p005_seed_44,0.005,25,5000
mscoco,kmeans_center,market_typiclust_select,244,25,0,0.0,-0.6355372667312622,0.6355372667312622,-2.47955313170678e-07,-0.0001962706446647,1,baseline_feature,0,0,1,5000,28000,1000,0.96003395318985,top_quantile,0.1896753999999418,0.86067040625,0.3333333333333333,0.5,,15.0,,,0,,good_count,0.0,10.0,,,,,,,,,,,,,,,,,,,44,paper\main_text_experiments\runs\ratio_downstream_5k\ratio_0p005_seed_44,0.005,25,5000
mscoco,kmeans_center,ours_kernel_ridge_student,244,25,25,1.0,3.625514030456543,-3.625514030456543,4.601478451604635e-07,0.0085321580991148,0,online_student,0,0,1,5000,28000,1000,0.96003395318985,top_quantile,0.1932549000002836,0.8766630624999999,0.3333333333333333,0.5,,,,,1,ours_student_row_ctpt,good_count,25.0,,10000.0,64.0,4.0,92931.597765,53.80301340178943,53.80903000000001,107.61806,92931.597765,92931.597765,705941.0,192.0,0.0,192.0,192.0,10000.0,1.0,3.0,22.0,44,paper\main_text_experiments\runs\ratio_downstream_5k\ratio_0p005_seed_44,0.005,25,5000
mscoco,kmeans_center,ours_sample_package_krr,244,25,25,1.0,3.625514030456543,-3.625514030456543,4.601478451604635e-07,0.0085321580991148,0,online_student,0,1,4,1250,28000,1000,0.96003395318985,top_quantile,0.2519522999996297,0.88509378125,0.3333333333333333,0.5,,,,,1,ours_student_pkg_ctpt,good_count,25.0,,10000.0,64.0,4.0,1786105.677236,2.799386432575201,2.80927,5.61854,1786105.677236,446526.419309,235320.0,10.0,0.0,10.0,10.0,2500.0,4.0,3.0,22.0,44,paper\main_text_experiments\runs\ratio_downstream_5k\ratio_0p005_seed_44,0.005,25,5000
mscoco,uncertainty_badge,market_random_select,244,25,1,0.04,-0.4031325876712799,0.4031325876712799,5.0067900048134106e-08,-0.0003574738220777,1,baseline_feature,0,0,1,5000,28000,1000,0.96003395318985,top_quantile,0.1964700000003176,0.884712875,0.3333333333333333,0.5,2.0,,,19.0,0,,good_count,1.0,,,,,,,,,,,,,,,,,,4.0,,44,paper\main_text_experiments\runs\ratio_downstream_5k\ratio_0p005_seed_44,0.005,25,5000
mscoco,uncertainty_badge,market_cosine_select,244,25,25,1.0,3.2756166458129883,-3.2756166458129883,8.201599257517955e-07,0.0067881438881158,0,baseline_feature,0,0,1,5000,28000,1000,0.96003395318985,top_quantile,0.1925237999998899,0.87240621875,0.4232507356049658,0.543375,,,,,0,,good_count,25.0,,,,,,,,,,,,,,,,,,,25.0,44,paper\main_text_experiments\runs\ratio_downstream_5k\ratio_0p005_seed_44,0.005,25,5000
mscoco,uncertainty_badge,market_coreset_select,244,25,1,0.04,-1.004899978637695,1.004899978637695,-2.0265579792067e-07,-0.0012149596586823,1,baseline_feature,0,0,1,5000,28000,1000,0.96003395318985,top_quantile,0.2469096999998328,0.87639046875,0.3333333333333333,0.5,22.0,,1.0,,0,,good_count,1.0,,,,,,,,,,,,,,,,,,2.0,,44,paper\main_text_experiments\runs\ratio_downstream_5k\ratio_0p005_seed_44,0.005,25,5000
mscoco,uncertainty_badge,market_badge_select,244,25,2,0.08,-0.97670716047287,0.97670716047287,-1.6689300608163652e-08,-0.0016025579534471,1,baseline_model_based,1,0,1,5000,28000,1000,0.96003395318985,top_quantile,0.20950270000003,0.8803250625,0.3333333333333333,0.5,15.0,,1.0,,0,,good_count,2.0,,,,,,,,,,,,,,,,,,8.0,1.0,44,paper\main_text_experiments\runs\ratio_downstream_5k\ratio_0p005_seed_44,0.005,25,5000
mscoco,uncertainty_badge,market_kmeans_center_select,244,25,18,0.72,2.262120723724365,-2.262120723724365,1.642703978177451e-06,0.0022775956895202,0,baseline_feature,0,0,1,5000,28000,1000,0.96003395318985,top_quantile,0.1925602999999682,0.74943040625,0.3333333333333333,0.5,,5.0,,9.0,0,,good_count,18.0,6.0,,,,,,,,,,,,,,,,,1.0,4.0,44,paper\main_text_experiments\runs\ratio_downstream_5k\ratio_0p005_seed_44,0.005,25,5000
mscoco,uncertainty_badge,market_typiclust_select,244,25,21,0.84,2.5072154998779297,-2.5072154998779297,2.1433829715533648e-06,0.0016497079050168,0,baseline_feature,0,0,1,5000,28000,1000,0.96003395318985,top_quantile,0.1979425999998056,0.87233115625,0.3333333333333333,0.5,,7.0,,4.0,0,,good_count,21.0,9.0,,,,,,,,,,,,,,,,,3.0,2.0,44,paper\main_text_experiments\runs\ratio_downstream_5k\ratio_0p005_seed_44,0.005,25,5000
mscoco,uncertainty_badge,ours_kernel_ridge_student,244,25,24,0.96,3.308865547180176,-3.308865547180176,4.673004241340095e-07,0.007736686617136,0,online_student,0,0,1,5000,28000,1000,0.96003395318985,top_quantile,0.2024332000000868,0.86274540625,0.3333333333333333,0.5,,,,,1,ours_student_row_ctpt,good_count,24.0,,10000.0,64.0,4.0,92931.597765,53.80301340178943,53.80903000000001,107.61806,92931.597765,92931.597765,705941.0,192.0,0.0,192.0,192.0,10000.0,1.0,6.0,19.0,44,paper\main_text_experiments\runs\ratio_downstream_5k\ratio_0p005_seed_44,0.005,25,5000
mscoco,uncertainty_badge,ours_sample_package_krr,244,25,24,0.96,3.308865547180176,-3.308865547180176,4.673004241340095e-07,0.007736686617136,0,online_student,0,1,4,1250,28000,1000,0.96003395318985,top_quantile,0.1924836999996841,0.86596578125,0.3333333333333333,0.5,,,,,1,ours_student_pkg_ctpt,good_count,24.0,,10000.0,64.0,4.0,1786105.677236,2.799386432575201,2.80927,5.61854,1786105.677236,446526.419309,235320.0,10.0,0.0,10.0,10.0,2500.0,4.0,6.0,19.0,44,paper\main_text_experiments\runs\ratio_downstream_5k\ratio_0p005_seed_44,0.005,25,5000
mscoco,cosine,market_random_select,244,25,1,0.04,-0.6260359287261963,0.6260359287261963,-1.406669554171458e-07,-0.0004365014610812,1,baseline_feature,0,0,1,5000,28000,1000,0.96003395318985,top_quantile,0.262727199999972,0.88429628125,0.3333333333333333,0.5,,,1.0,3.0,0,,good_count,1.0,2.0,,,,,,,,,,,,,,,,,19.0,,44,paper\main_text_experiments\runs\ratio_downstream_5k\ratio_0p005_seed_44,0.005,25,5000
mscoco,cosine,market_cosine_select,244,25,25,1.0,4.349971294403076,-4.349971294403076,2.1100045159982983e-06,0.0062587559223175,0,baseline_feature,0,0,1,5000,28000,1000,0.96003395318985,top_quantile,0.195932200000243,0.8701533124999999,0.3338886482746291,0.50025,,,,,0,,good_count,25.0,,,,,,,,,,,,,,,,,,,25.0,44,paper\main_text_experiments\runs\ratio_downstream_5k\ratio_0p005_seed_44,0.005,25,5000
mscoco,cosine,market_coreset_select,244,25,25,1.0,2.3860886096954346,-2.3860886096954346,4.196166969450133e-07,0.0055868686176836,0,baseline_feature,0,0,1,5000,28000,1000,0.96003395318985,top_quantile,0.2238647999997738,0.909856375,0.3333333333333333,0.5,,,25.0,,0,,good_count,25.0,,,,,,,,,,,,,,,,,,,,44,paper\main_text_experiments\runs\ratio_downstream_5k\ratio_0p005_seed_44,0.005,25,5000
mscoco,cosine,market_badge_select,244,25,25,1.0,2.3606622219085693,-2.3606622219085693,5.4836272056491e-07,0.0052081174217164,0,baseline_model_based,1,0,1,5000,28000,1000,0.96003395318985,top_quantile,0.2007441999999173,0.87831025,0.394472967260592,0.528875,,,25.0,,0,,good_count,25.0,,,,,,,,,,,,,,,,,,,,44,paper\main_text_experiments\runs\ratio_downstream_5k\ratio_0p005_seed_44,0.005,25,5000
mscoco,cosine,market_kmeans_center_select,244,25,6,0.24,-0.3617506921291351,0.3617506921291351,3.957748333505151e-07,-0.00110510061495,1,baseline_feature,0,0,1,5000,28000,1000,0.96003395318985,top_quantile,0.1960822999999436,0.765034875,0.3333333333333333,0.5,,3.0,,,0,,good_count,6.0,21.0,,,,,,,,,,,,,,,,,1.0,,44,paper\main_text_experiments\runs\ratio_downstream_5k\ratio_0p005_seed_44,0.005,25,5000
mscoco,cosine,market_typiclust_select,244,25,1,0.04,-1.3369249105453491,1.3369249105453491,-3.9100646631595737e-07,-0.0015679205534979,1,baseline_feature,0,0,1,5000,28000,1000,0.96003395318985,top_quantile,0.2535462000000734,0.8711534375,0.3333333333333333,0.5,,1.0,,,0,,good_count,1.0,23.0,,,,,,,,,,,,,,,,,1.0,,44,paper\main_text_experiments\runs\ratio_downstream_5k\ratio_0p005_seed_44,0.005,25,5000
mscoco,cosine,ours_kernel_ridge_student,244,25,18,0.72,2.631493330001831,-2.631493330001831,4.124641463931767e-07,0.0062073189765214,0,online_student,0,0,1,5000,28000,1000,0.96003395318985,top_quantile,0.1996454000000085,0.86168396875,0.3333333333333333,0.5,,,,,1,ours_student_row_ctpt,good_count,18.0,,10000.0,64.0,4.0,92931.597765,53.80301340178943,53.80903000000001,107.61806,92931.597765,92931.597765,705941.0,192.0,0.0,192.0,192.0,10000.0,1.0,14.0,11.0,44,paper\main_text_experiments\runs\ratio_downstream_5k\ratio_0p005_seed_44,0.005,25,5000
mscoco,cosine,ours_sample_package_krr,244,25,18,0.72,2.631493330001831,-2.631493330001831,4.124641463931767e-07,0.0062073189765214,0,online_student,0,1,4,1250,28000,1000,0.96003395318985,top_quantile,0.1989856000000145,0.8876315625,0.3333333333333333,0.5,,,,,1,ours_student_pkg_ctpt,good_count,18.0,,10000.0,64.0,4.0,1786105.677236,2.799386432575201,2.80927,5.61854,1786105.677236,446526.419309,235320.0,10.0,0.0,10.0,10.0,2500.0,4.0,14.0,11.0,44,paper\main_text_experiments\runs\ratio_downstream_5k\ratio_0p005_seed_44,0.005,25,5000
mscoco,all_average,market_random_select,244,25,1,0.04,-0.8305922746658325,0.8305922746658325,3.0994414146334754e-08,-0.0013607448199763,1,baseline_feature,0,0,1,5000,28000,1000,0.96003395318985,top_quantile,0.1990432000002329,0.884554375,0.3333333333333333,0.5,3.0,6.0,6.0,2.0,0,,good_count,1.0,4.0,,,,,,,,,,,,,,,,,4.0,,44,paper\main_text_experiments\runs\ratio_downstream_5k\ratio_0p005_seed_44,0.005,25,5000
mscoco,all_average,market_cosine_select,244,25,25,1.0,3.640990972518921,-3.640990972518921,1.1610984529397683e-06,0.0068481741473078,0,baseline_feature,0,0,1,5000,28000,1000,0.96003395318985,top_quantile,0.1926327999999557,0.8768649374999999,0.3333333333333333,0.5,,,,,0,,good_count,25.0,,,,,,,,,,,,,,,,,,,25.0,44,paper\main_text_experiments\runs\ratio_downstream_5k\ratio_0p005_seed_44,0.005,25,5000
mscoco,all_average,market_coreset_select,244,25,1,0.04,-0.6166262626647949,0.6166262626647949,-1.120567318935173e-07,-0.0004836706793867,1,baseline_feature,0,0,1,5000,28000,1000,0.96003395318985,top_quantile,0.2320490000001882,0.90498446875,0.3333333333333333,0.5,,,25.0,,0,,good_count,1.0,,,,,,,,,,,,,,,,,,,,44,paper\main_text_experiments\runs\ratio_downstream_5k\ratio_0p005_seed_44,0.005,25,5000
mscoco,all_average,market_badge_select,244,25,2,0.08,-0.4526030421257019,0.4526030421257019,-5.2452087118126656e-08,-0.0002271484700031,1,baseline_model_based,1,0,1,5000,28000,1000,0.96003395318985,top_quantile,0.1971254999998564,0.85034909375,0.3333333333333333,0.5,,,25.0,,0,,good_count,2.0,,,,,,,,,,,,,,,,,,,,44,paper\main_text_experiments\runs\ratio_downstream_5k\ratio_0p005_seed_44,0.005,25,5000
mscoco,all_average,market_kmeans_center_select,244,25,0,0.0,-0.926146686077118,0.926146686077118,-4.482269275740691e-07,-0.0004182010598015,1,baseline_feature,0,0,1,5000,28000,1000,0.96003395318985,top_quantile,0.1962524000000485,0.8894678437499999,0.3333333333333333,0.5,,12.0,,,0,,good_count,0.0,13.0,,,,,,,,,,,,,,,,,,,44,paper\main_text_experiments\runs\ratio_downstream_5k\ratio_0p005_seed_44,0.005,25,5000
mscoco,all_average,market_typiclust_select,244,25,0,0.0,-0.8173877000808716,0.8173877000808716,-2.0980834847250665e-07,-0.0007367323269136,1,baseline_feature,0,0,1,5000,28000,1000,0.96003395318985,top_quantile,0.1927611999999499,0.86734490625,0.3333333333333333,0.5,,11.0,,,0,,good_count,0.0,14.0,,,,,,,,,,,,,,,,,,,44,paper\main_text_experiments\runs\ratio_downstream_5k\ratio_0p005_seed_44,0.005,25,5000
mscoco,all_average,ours_kernel_ridge_student,244,25,22,0.88,2.8096132278442383,-2.8096132278442383,5.125999678057269e-07,0.0063989008776843,0,online_student,0,0,1,5000,28000,1000,0.96003395318985,top_quantile,0.1994306000001415,0.8556321875,0.3333333333333333,0.5,,,,,1,ours_student_row_ctpt,good_count,22.0,,10000.0,64.0,4.0,92931.597765,53.80301340178943,53.80903000000001,107.61806,92931.597765,92931.597765,705941.0,192.0,0.0,192.0,192.0,10000.0,1.0,6.0,19.0,44,paper\main_text_experiments\runs\ratio_downstream_5k\ratio_0p005_seed_44,0.005,25,5000
mscoco,all_average,ours_sample_package_krr,244,25,22,0.88,2.8096132278442383,-2.8096132278442383,5.125999678057269e-07,0.0063989008776843,0,online_student,0,1,4,1250,28000,1000,0.96003395318985,top_quantile,0.1949304999998276,0.8705409062499999,0.3333333333333333,0.5,,,,,1,ours_student_pkg_ctpt,good_count,22.0,,10000.0,64.0,4.0,1786105.677236,2.799386432575201,2.80927,5.61854,1786105.677236,446526.419309,235320.0,10.0,0.0,10.0,10.0,2500.0,4.0,6.0,19.0,44,paper\main_text_experiments\runs\ratio_downstream_5k\ratio_0p005_seed_44,0.005,25,5000
hateful_memes,noise,market_random_select,42,50,5,0.1,-0.3369303047657013,0.3369303047657013,-4.214644286548719e-05,0.0044390554539859,1,baseline_feature,0,0,1,5000,28000,1000,0.9174745082855223,top_quantile,0.1728641999998217,0.53564607771261,0.3697478991596639,0.5866666666666667,8.0,3.0,35.0,4.0,0,,good_count,5.0,,,,,,,,,,,,,,,,,,,,42,paper\main_text_experiments\runs\ratio_downstream_5k\ratio_0p01_seed_42,0.01,50,5000
hateful_memes,noise,market_cosine_select,42,50,4,0.08,-1.389867663383484,1.389867663383484,-5.317568866303191e-05,-0.0210154112428426,1,baseline_feature,0,0,1,5000,28000,1000,0.9174745082855223,top_quantile,0.1637297000002036,0.5317810667155425,0.3697478991596639,0.5866666666666667,,,,50.0,0,,good_count,4.0,,,,,,,,,,,,,,,,,,,,42,paper\main_text_experiments\runs\ratio_downstream_5k\ratio_0p01_seed_42,0.01,50,5000
hateful_memes,noise,market_coreset_select,42,50,0,0.0,-0.2591672241687774,0.2591672241687774,-3.1801460863789544e-05,0.0044970517046749,1,baseline_feature,0,0,1,5000,28000,1000,0.9174745082855223,top_quantile,0.2005862000000888,0.5583190524193549,0.3697478991596639,0.5866666666666667,,,50.0,,0,,good_count,0.0,,,,,,,,,,,,,,,,,,,,42,paper\main_text_experiments\runs\ratio_downstream_5k\ratio_0p01_seed_42,0.01,50,5000
hateful_memes,noise,market_badge_select,42,50,0,0.0,-0.3488440811634063,0.3488440811634063,-6.256342021515593e-05,0.0080302385613322,1,baseline_model_based,1,0,1,5000,28000,1000,0.9174745082855223,top_quantile,0.10363899999993,0.5046648185483871,0.2924528301886792,0.4133333333333333,,,50.0,,0,,good_count,0.0,,,,,,,,,,,,,,,,,,,,42,paper\main_text_experiments\runs\ratio_downstream_5k\ratio_0p01_seed_42,0.01,50,5000
hateful_memes,noise,market_kmeans_center_select,42,50,49,0.98,2.948336124420166,-2.948336124420166,0.0002768743142951,0.0294516999274492,0,baseline_feature,0,0,1,5000,28000,1000,0.9174745082855223,top_quantile,0.1585612999997465,0.5427387280058652,0.3697478991596639,0.5866666666666667,,18.0,,3.0,0,,good_count,49.0,29.0,,,,,,,,,,,,,,,,,,,42,paper\main_text_experiments\runs\ratio_downstream_5k\ratio_0p01_seed_42,0.01,50,5000
hateful_memes,noise,market_typiclust_select,42,50,40,0.8,2.0047006607055664,-2.0047006607055664,0.0002135622489731,0.0168532002717256,0,baseline_feature,0,0,1,5000,28000,1000,0.9174745082855223,top_quantile,0.0979276999996727,0.4767224156891495,0.3697478991596639,0.5866666666666667,,13.0,,20.0,0,,good_count,40.0,17.0,,,,,,,,,,,,,,,,,,,42,paper\main_text_experiments\runs\ratio_downstream_5k\ratio_0p01_seed_42,0.01,50,5000
hateful_memes,noise,ours_kernel_ridge_student,42,50,47,0.94,2.725942611694336,-2.725942611694336,0.0002634811389725,0.0261904057115316,0,online_student,0,0,1,5000,28000,1000,0.9174745082855223,top_quantile,0.1589930000000095,0.5260657991202347,0.3697478991596639,0.5866666666666667,,19.0,,9.0,1,ours_student_row_ctpt,good_count,47.0,22.0,10000.0,64.0,4.0,92931.597765,53.80301340178943,53.80903000000001,107.61806,92931.597765,92931.597765,705941.0,192.0,0.0,192.0,192.0,10000.0,1.0,,,42,paper\main_text_experiments\runs\ratio_downstream_5k\ratio_0p01_seed_42,0.01,50,5000
hateful_memes,noise,ours_sample_package_krr,42,50,47,0.94,2.725942611694336,-2.725942611694336,0.0002634811389725,0.0261904057115316,0,online_student,0,1,4,1250,28000,1000,0.9174745082855223,top_quantile,0.116950000000088,0.5206376008064516,0.3697478991596639,0.5866666666666667,,19.0,,9.0,1,ours_student_pkg_ctpt,good_count,47.0,22.0,10000.0,64.0,4.0,1786105.677236,2.799386432575201,2.80927,5.61854,1786105.677236,446526.419309,235320.0,10.0,0.0,10.0,10.0,2500.0,4.0,,,42,paper\main_text_experiments\runs\ratio_downstream_5k\ratio_0p01_seed_42,0.01,50,5000
hateful_memes,coreset_far_wrong,market_random_select,42,50,5,0.1,-0.1699954867362976,0.1699954867362976,1.3005733308091294e-06,0.0005032966146245,1,baseline_feature,0,0,1,5000,28000,1000,0.9174745082855223,top_quantile,0.1606941000000006,0.5485683192815249,0.3697478991596639,0.5866666666666667,35.0,3.0,8.0,4.0,0,,good_count,5.0,,,,,,,,,,,,,,,,,,,,42,paper\main_text_experiments\runs\ratio_downstream_5k\ratio_0p01_seed_42,0.01,50,5000
hateful_memes,coreset_far_wrong,market_cosine_select,42,50,4,0.08,-1.389867663383484,1.389867663383484,-5.317568866303191e-05,-0.0210154112428426,1,baseline_feature,0,0,1,5000,28000,1000,0.9174745082855223,top_quantile,0.1574139999997896,0.5317810667155425,0.3697478991596639,0.5866666666666667,,,,50.0,0,,good_count,4.0,,,,,,,,,,,,,,,,,,,,42,paper\main_text_experiments\runs\ratio_downstream_5k\ratio_0p01_seed_42,0.01,50,5000
hateful_memes,coreset_far_wrong,market_coreset_select,42,50,0,0.0,-0.927825391292572,0.927825391292572,-0.0001642906718188,0.0123210549354553,1,baseline_feature,0,0,1,5000,28000,1000,0.9174745082855223,top_quantile,0.2329660000000331,0.5705977364369501,0.3697478991596639,0.5866666666666667,,,50.0,,0,,good_count,0.0,,,,,,,,,,,,,,,,,,,,42,paper\main_text_experiments\runs\ratio_downstream_5k\ratio_0p01_seed_42,0.01,50,5000
hateful_memes,coreset_far_wrong,market_badge_select,42,50,0,0.0,-0.8992505669593811,0.8992505669593811,-0.0001568794250488,0.0116522768512368,1,baseline_model_based,1,0,1,5000,28000,1000,0.9174745082855223,top_quantile,0.1168944999999439,0.5108870967741935,0.2924528301886792,0.4133333333333333,,,50.0,,0,,good_count,0.0,,,,,,,,,,,,,,,,,,,,42,paper\main_text_experiments\runs\ratio_downstream_5k\ratio_0p01_seed_42,0.01,50,5000
hateful_memes,coreset_far_wrong,market_kmeans_center_select,42,50,49,0.98,2.948336124420166,-2.948336124420166,0.0002768743142951,0.0294516999274492,0,baseline_feature,0,0,1,5000,28000,1000,0.9174745082855223,top_quantile,0.1586904999999205,0.5427387280058652,0.3697478991596639,0.5866666666666667,,18.0,,3.0,0,,good_count,49.0,29.0,,,,,,,,,,,,,,,,,,,42,paper\main_text_experiments\runs\ratio_downstream_5k\ratio_0p01_seed_42,0.01,50,5000
hateful_memes,coreset_far_wrong,market_typiclust_select,42,50,40,0.8,2.0047006607055664,-2.0047006607055664,0.0002135622489731,0.0168532002717256,0,baseline_feature,0,0,1,5000,28000,1000,0.9174745082855223,top_quantile,0.0937334000000191,0.4767224156891495,0.3697478991596639,0.5866666666666667,,13.0,,20.0,0,,good_count,40.0,17.0,,,,,,,,,,,,,,,,,,,42,paper\main_text_experiments\runs\ratio_downstream_5k\ratio_0p01_seed_42,0.01,50,5000
hateful_memes,coreset_far_wrong,ours_kernel_ridge_student,42,50,47,0.94,2.725942611694336,-2.725942611694336,0.0002634811389725,0.0261904057115316,0,online_student,0,0,1,5000,28000,1000,0.9174745082855223,top_quantile,0.1544927999998435,0.5260657991202347,0.3697478991596639,0.5866666666666667,,19.0,,9.0,1,ours_student_row_ctpt,good_count,47.0,22.0,10000.0,64.0,4.0,92931.597765,53.80301340178943,53.80903000000001,107.61806,92931.597765,92931.597765,705941.0,192.0,0.0,192.0,192.0,10000.0,1.0,,,42,paper\main_text_experiments\runs\ratio_downstream_5k\ratio_0p01_seed_42,0.01,50,5000
hateful_memes,coreset_far_wrong,ours_sample_package_krr,42,50,47,0.94,2.725942611694336,-2.725942611694336,0.0002634811389725,0.0261904057115316,0,online_student,0,1,4,1250,28000,1000,0.9174745082855223,top_quantile,0.1133265999997092,0.5206376008064516,0.3697478991596639,0.5866666666666667,,19.0,,9.0,1,ours_student_pkg_ctpt,good_count,47.0,22.0,10000.0,64.0,4.0,1786105.677236,2.799386432575201,2.80927,5.61854,1786105.677236,446526.419309,235320.0,10.0,0.0,10.0,10.0,2500.0,4.0,,,42,paper\main_text_experiments\runs\ratio_downstream_5k\ratio_0p01_seed_42,0.01,50,5000
hateful_memes,typiclust_dense,market_random_select,42,50,5,0.1,-0.2419269979000091,0.2419269979000091,5.54084772375063e-06,-0.0021902667358517,1,baseline_feature,0,0,1,5000,28000,1000,0.9174745082855223,top_quantile,0.1584474000001137,0.545174349340176,0.3697478991596639,0.5866666666666667,,12.0,,,0,,good_count,5.0,36.0,,,,,,,,,,,,,,,,,2.0,,42,paper\main_text_experiments\runs\ratio_downstream_5k\ratio_0p01_seed_42,0.01,50,5000
hateful_memes,typiclust_dense,market_cosine_select,42,50,12,0.24,-0.5942775011062622,0.5942775011062622,2.1057128833490424e-05,-0.0143799921497702,0,baseline_feature,0,0,1,5000,28000,1000,0.9174745082855223,top_quantile,0.1569069000001945,0.5313155241935484,0.3697478991596639,0.5866666666666667,,,,,0,,good_count,12.0,,,,,,,,,,,,,,,,,,38.0,12.0,42,paper\main_text_experiments\runs\ratio_downstream_5k\ratio_0p01_seed_42,0.01,50,5000
hateful_memes,typiclust_dense,market_coreset_select,42,50,43,0.86,2.3272905349731445,-2.3272905349731445,0.0004050040151923,-0.0112996660172939,0,baseline_feature,0,0,1,5000,28000,1000,0.9174745082855223,top_quantile,0.1428018000001429,0.5348636821847508,0.3697478991596639,0.5866666666666667,7.0,,34.0,,0,,good_count,43.0,,,,,,,,,,,,,,,,,,7.0,2.0,42,paper\main_text_experiments\runs\ratio_downstream_5k\ratio_0p01_seed_42,0.01,50,5000
hateful_memes,typiclust_dense,market_badge_select,42,50,35,0.7,1.7173676490783691,-1.7173676490783691,0.0003542506601661,-0.0175633374601602,0,baseline_model_based,1,0,1,5000,28000,1000,0.9174745082855223,top_quantile,0.1256489000002147,0.5073794904692083,0.2924528301886792,0.4133333333333333,,,34.0,,0,,good_count,35.0,,,,,,,,,,,,,,,,,,15.0,1.0,42,paper\main_text_experiments\runs\ratio_downstream_5k\ratio_0p01_seed_42,0.01,50,5000
hateful_memes,typiclust_dense,market_kmeans_center_select,42,50,2,0.04,0.0978211238980293,-0.0978211238980293,9.415150088898372e-06,0.0059627289883792,1,baseline_feature,0,0,1,5000,28000,1000,0.9174745082855223,top_quantile,0.149511000000075,0.5538920454545454,0.3697478991596639,0.5866666666666667,,11.0,,,0,,good_count,2.0,39.0,,,,,,,,,,,,,,,,,,,42,paper\main_text_experiments\runs\ratio_downstream_5k\ratio_0p01_seed_42,0.01,50,5000
hateful_memes,typiclust_dense,market_typiclust_select,42,50,0,0.0,-0.8106051683425903,0.8106051683425903,-4.711031942861155e-05,-0.007011470850557,1,baseline_feature,0,0,1,5000,28000,1000,0.9174745082855223,top_quantile,0.1605960000001687,0.5350132881231672,0.3697478991596639,0.5866666666666667,,12.0,,,0,,good_count,0.0,28.0,,,,,,,,,,,,,,,,,10.0,,42,paper\main_text_experiments\runs\ratio_downstream_5k\ratio_0p01_seed_42,0.01,50,5000
hateful_memes,typiclust_dense,ours_kernel_ridge_student,42,50,19,0.38,1.6713528633117676,-1.6713528633117676,0.00015510081721,0.0193029977381229,0,online_student,0,0,1,5000,28000,1000,0.9174745082855223,top_quantile,0.1514209999995728,0.5322452346041056,0.3697478991596639,0.5866666666666667,,8.0,,6.0,1,ours_student_row_ctpt,good_count,19.0,36.0,10000.0,64.0,4.0,92931.597765,53.80301340178943,53.80903000000001,107.61806,92931.597765,92931.597765,705941.0,192.0,0.0,192.0,192.0,10000.0,1.0,,,42,paper\main_text_experiments\runs\ratio_downstream_5k\ratio_0p01_seed_42,0.01,50,5000
hateful_memes,typiclust_dense,ours_sample_package_krr,42,50,19,0.38,1.6713528633117676,-1.6713528633117676,0.00015510081721,0.0193029977381229,0,online_student,0,1,4,1250,28000,1000,0.9174745082855223,top_quantile,0.0939499000000978,0.5174440982404691,0.3697478991596639,0.5866666666666667,,8.0,,6.0,1,ours_student_pkg_ctpt,good_count,19.0,36.0,10000.0,64.0,4.0,1786105.677236,2.799386432575201,2.80927,5.61854,1786105.677236,446526.419309,235320.0,10.0,0.0,10.0,10.0,2500.0,4.0,,,42,paper\main_text_experiments\runs\ratio_downstream_5k\ratio_0p01_seed_42,0.01,50,5000
hateful_memes,kmeans_center,market_random_select,42,50,5,0.1,-0.0675890445709228,0.0675890445709228,2.297878199897241e-05,-0.0009601532947272,1,baseline_feature,0,0,1,5000,28000,1000,0.9174745082855223,top_quantile,0.1534643999998479,0.5414202254398827,0.3697478991596639,0.5866666666666667,2.0,35.0,,3.0,0,,good_count,5.0,10.0,,,,,,,,,,,,,,,,,,,42,paper\main_text_experiments\runs\ratio_downstream_5k\ratio_0p01_seed_42,0.01,50,5000
hateful_memes,kmeans_center,market_cosine_select,42,50,50,1.0,2.9071569442749023,-2.9071569442749023,0.0003322494158055,0.0177878551185131,0,baseline_feature,0,0,1,5000,28000,1000,0.9174745082855223,top_quantile,0.1144500000000334,0.4624021719208211,0.3697478991596639,0.5866666666666667,,,,26.0,0,,good_count,50.0,,,,,,,,,,,,,,,,,,14.0,10.0,42,paper\main_text_experiments\runs\ratio_downstream_5k\ratio_0p01_seed_42,0.01,50,5000
hateful_memes,kmeans_center,market_coreset_select,42,50,35,0.7,1.693273425102234,-1.693273425102234,0.0003571390989236,-0.0187462251633405,0,baseline_feature,0,0,1,5000,28000,1000,0.9174745082855223,top_quantile,0.1921874000004209,0.5781185850439883,0.3697478991596639,0.5866666666666667,15.0,,33.0,,0,,good_count,35.0,,,,,,,,,,,,,,,,,,,2.0,42,paper\main_text_experiments\runs\ratio_downstream_5k\ratio_0p01_seed_42,0.01,50,5000
hateful_memes,kmeans_center,market_badge_select,42,50,40,0.8,2.1133873462677,-2.1133873462677,0.0004040742060169,-0.0167212896049022,0,baseline_model_based,1,0,1,5000,28000,1000,0.9174745082855223,top_quantile,0.1331299000003127,0.4996645894428152,0.2924528301886792,0.4133333333333333,11.0,,33.0,,0,,good_count,40.0,,,,,,,,,,,,,,,,,,1.0,5.0,42,paper\main_text_experiments\runs\ratio_downstream_5k\ratio_0p01_seed_42,0.01,50,5000
hateful_memes,kmeans_center,market_kmeans_center_select,42,50,2,0.04,-0.1681964844465255,0.1681964844465255,-4.340410214354051e-06,0.0016287581529468,1,baseline_feature,0,0,1,5000,28000,1000,0.9174745082855223,top_quantile,0.1564242000004014,0.5575348240469209,0.3697478991596639,0.5866666666666667,,31.0,,,0,,good_count,2.0,19.0,,,,,,,,,,,,,,,,,,,42,paper\main_text_experiments\runs\ratio_downstream_5k\ratio_0p01_seed_42,0.01,50,5000
hateful_memes,kmeans_center,market_typiclust_select,42,50,0,0.0,-0.2307850271463394,0.2307850271463394,-3.949403890146641e-06,-8.437805081484839e-05,1,baseline_feature,0,0,1,5000,28000,1000,0.9174745082855223,top_quantile,0.2145442999999431,0.5232830828445748,0.3697478991596639,0.5866666666666667,,44.0,,,0,,good_count,0.0,6.0,,,,,,,,,,,,,,,,,,,42,paper\main_text_experiments\runs\ratio_downstream_5k\ratio_0p01_seed_42,0.01,50,5000
hateful_memes,kmeans_center,ours_kernel_ridge_student,42,50,15,0.3,1.3524633646011353,-1.3524633646011353,0.0001329779624938,0.0151845468208193,0,online_student,0,0,1,5000,28000,1000,0.9174745082855223,top_quantile,0.1530757999998968,0.5244964259530791,0.3697478991596639,0.5866666666666667,,37.0,,2.0,1,ours_student_row_ctpt,good_count,15.0,11.0,10000.0,64.0,4.0,92931.597765,53.80301340178943,53.80903000000001,107.61806,92931.597765,92931.597765,705941.0,192.0,0.0,192.0,192.0,10000.0,1.0,,,42,paper\main_text_experiments\runs\ratio_downstream_5k\ratio_0p01_seed_42,0.01,50,5000
hateful_memes,kmeans_center,ours_sample_package_krr,42,50,15,0.3,1.3524633646011353,-1.3524633646011353,0.0001329779624938,0.0151845468208193,0,online_student,0,1,4,1250,28000,1000,0.9174745082855223,top_quantile,0.118058700000347,0.5289839167888564,0.3697478991596639,0.5866666666666667,,37.0,,2.0,1,ours_student_pkg_ctpt,good_count,15.0,11.0,10000.0,64.0,4.0,1786105.677236,2.799386432575201,2.80927,5.61854,1786105.677236,446526.419309,235320.0,10.0,0.0,10.0,10.0,2500.0,4.0,,,42,paper\main_text_experiments\runs\ratio_downstream_5k\ratio_0p01_seed_42,0.01,50,5000
hateful_memes,uncertainty_badge,market_random_select,42,50,5,0.1,-0.2687304019927978,0.2687304019927978,-9.108782251132652e-06,-9.137682354776187e-05,1,baseline_feature,0,0,1,5000,28000,1000,0.9174745082855223,top_quantile,0.1595117000001664,0.5371006689882698,0.3697478991596639,0.5866666666666667,8.0,4.0,,36.0,0,,good_count,5.0,,,,,,,,,,,,,,,,,,2.0,,42,paper\main_text_experiments\runs\ratio_downstream_5k\ratio_0p01_seed_42,0.01,50,5000
hateful_memes,uncertainty_badge,market_cosine_select,42,50,0,0.0,-1.4884371757507324,1.4884371757507324,-0.0001011598142213,-0.0144226942211389,1,baseline_feature,0,0,1,5000,28000,1000,0.9174745082855223,top_quantile,0.1517217999999047,0.5170736345307918,0.3697478991596639,0.5866666666666667,,,,,0,,good_count,0.0,,,,,,,,,,,,,,,,,,50.0,,42,paper\main_text_experiments\runs\ratio_downstream_5k\ratio_0p01_seed_42,0.01,50,5000
hateful_memes,uncertainty_badge,market_coreset_select,42,50,0,0.0,-0.794399619102478,0.794399619102478,-3.0710696591995656e-05,-0.0097223194316029,1,baseline_feature,0,0,1,5000,28000,1000,0.9174745082855223,top_quantile,0.1884132999998655,0.5655445839442815,0.3697478991596639,0.5866666666666667,41.0,,,,0,,good_count,0.0,,,,,,,,,,,,,,,,,,9.0,,42,paper\main_text_experiments\runs\ratio_downstream_5k\ratio_0p01_seed_42,0.01,50,5000
hateful_memes,uncertainty_badge,market_badge_select,42,50,0,0.0,-0.8096054792404175,0.8096054792404175,-2.854466401913669e-05,-0.0105344401672482,1,baseline_model_based,1,0,1,5000,28000,1000,0.9174745082855223,top_quantile,0.0980037999997875,0.4919856579912023,0.2924528301886792,0.4133333333333333,15.0,,,,0,,good_count,0.0,,,,,,,,,,,,,,,,,,35.0,,42,paper\main_text_experiments\runs\ratio_downstream_5k\ratio_0p01_seed_42,0.01,50,5000
hateful_memes,uncertainty_badge,market_kmeans_center_select,42,50,26,0.52,1.599708080291748,-1.599708080291748,0.0001422297937097,0.0198880601674318,0,baseline_feature,0,0,1,5000,28000,1000,0.9174745082855223,top_quantile,0.1545828000002984,0.5445537023460411,0.3697478991596639,0.5866666666666667,,9.0,,25.0,0,,good_count,26.0,16.0,,,,,,,,,,,,,,,,,,,42,paper\main_text_experiments\runs\ratio_downstream_5k\ratio_0p01_seed_42,0.01,50,5000
hateful_memes,uncertainty_badge,market_typiclust_select,42,50,15,0.3,0.7530564069747925,-0.7530564069747925,8.648275979794562e-05,0.0083821332082152,0,baseline_feature,0,0,1,5000,28000,1000,0.9174745082855223,top_quantile,0.1158273000000917,0.4606392045454545,0.3697478991596639,0.5866666666666667,,3.0,,36.0,0,,good_count,15.0,6.0,,,,,,,,,,,,,,,,,5.0,,42,paper\main_text_experiments\runs\ratio_downstream_5k\ratio_0p01_seed_42,0.01,50,5000
hateful_memes,uncertainty_badge,ours_kernel_ridge_student,42,50,28,0.56,1.8952025175094604,-1.8952025175094604,0.0001793110423022,0.0205345470458269,0,online_student,0,0,1,5000,28000,1000,0.9174745082855223,top_quantile,0.1569491999998717,0.5358208852639297,0.3697478991596639,0.5866666666666667,,10.0,,27.0,1,ours_student_row_ctpt,good_count,28.0,13.0,10000.0,64.0,4.0,92931.597765,53.80301340178943,53.80903000000001,107.61806,92931.597765,92931.597765,705941.0,192.0,0.0,192.0,192.0,10000.0,1.0,,,42,paper\main_text_experiments\runs\ratio_downstream_5k\ratio_0p01_seed_42,0.01,50,5000
hateful_memes,uncertainty_badge,ours_sample_package_krr,42,50,28,0.56,1.8952025175094604,-1.8952025175094604,0.0001793110423022,0.0205345470458269,0,online_student,0,1,4,1250,28000,1000,0.9174745082855223,top_quantile,0.1070055000000138,0.5216202346041056,0.3697478991596639,0.5866666666666667,,10.0,,27.0,1,ours_student_pkg_ctpt,good_count,28.0,13.0,10000.0,64.0,4.0,1786105.677236,2.799386432575201,2.80927,5.61854,1786105.677236,446526.419309,235320.0,10.0,0.0,10.0,10.0,2500.0,4.0,,,42,paper\main_text_experiments\runs\ratio_downstream_5k\ratio_0p01_seed_42,0.01,50,5000
hateful_memes,cosine,market_random_select,42,50,5,0.1,-0.4277045428752899,0.4277045428752899,-1.3805627531837672e-05,-0.0033549845684319,1,baseline_feature,0,0,1,5000,28000,1000,0.9174745082855223,top_quantile,0.1544377000000167,0.5432785007331378,0.3697478991596639,0.5866666666666667,1.0,1.0,,2.0,0,,good_count,5.0,11.0,,,,,,,,,,,,,,,,,35.0,,42,paper\main_text_experiments\runs\ratio_downstream_5k\ratio_0p01_seed_42,0.01,50,5000
hateful_memes,cosine,market_cosine_select,42,50,0,0.0,-0.235976830124855,0.235976830124855,-4.238128531142138e-05,0.0071266223676502,1,baseline_feature,0,0,1,5000,28000,1000,0.9174745082855223,top_quantile,0.1498077999999623,0.5235268511730204,0.3697478991596639,0.5866666666666667,,,,,0,,good_count,0.0,,,,,,,,,,,,,,,,,,50.0,,42,paper\main_text_experiments\runs\ratio_downstream_5k\ratio_0p01_seed_42,0.01,50,5000
hateful_memes,cosine,market_coreset_select,42,50,30,0.6,1.8450846672058103,-1.8450846672058103,0.0003410363278817,-0.0116939274594187,0,baseline_feature,0,0,1,5000,28000,1000,0.9174745082855223,top_quantile,0.1852542999999968,0.574377978372434,0.3697478991596639,0.5866666666666667,,,30.0,,0,,good_count,30.0,,,,,,,,,,,,,,,,,,20.0,,42,paper\main_text_experiments\runs\ratio_downstream_5k\ratio_0p01_seed_42,0.01,50,5000
hateful_memes,cosine,market_badge_select,42,50,30,0.6,1.6619824171066284,-1.6619824171066284,0.0003293144691269,-0.0142461881041526,0,baseline_model_based,1,0,1,5000,28000,1000,0.9174745082855223,top_quantile,0.1528644999998505,0.5157771260997067,0.3697478991596639,0.5866666666666667,,,30.0,,0,,good_count,30.0,,,,,,,,,,,,,,,,,,20.0,,42,paper\main_text_experiments\runs\ratio_downstream_5k\ratio_0p01_seed_42,0.01,50,5000
hateful_memes,cosine,market_kmeans_center_select,42,50,13,0.26,-1.0764570236206057,1.0764570236206057,-2.27129457925912e-05,-0.018634682521224,0,baseline_feature,0,0,1,5000,28000,1000,0.9174745082855223,top_quantile,0.1511286999998446,0.5533630406891495,0.3697478991596639,0.5866666666666667,,4.0,,2.0,0,,good_count,13.0,44.0,,,,,,,,,,,,,,,,,,,42,paper\main_text_experiments\runs\ratio_downstream_5k\ratio_0p01_seed_42,0.01,50,5000
hateful_memes,cosine,market_typiclust_select,42,50,6,0.12,-0.687035322189331,0.687035322189331,-2.154111825802829e-05,-0.0086647514253854,1,baseline_feature,0,0,1,5000,28000,1000,0.9174745082855223,top_quantile,0.1502056999997876,0.531805810117302,0.3697478991596639,0.5866666666666667,,3.0,,,0,,good_count,6.0,26.0,,,,,,,,,,,,,,,,,21.0,,42,paper\main_text_experiments\runs\ratio_downstream_5k\ratio_0p01_seed_42,0.01,50,5000
hateful_memes,cosine,ours_kernel_ridge_student,42,50,36,0.72,1.349086880683899,-1.349086880683899,0.0001543903345009,0.0110028181225061,0,online_student,0,0,1,5000,28000,1000,0.9174745082855223,top_quantile,0.1510585000000901,0.5368452162756598,0.3697478991596639,0.5866666666666667,,13.0,,8.0,1,ours_student_row_ctpt,good_count,36.0,29.0,10000.0,64.0,4.0,92931.597765,53.80301340178943,53.80903000000001,107.61806,92931.597765,92931.597765,705941.0,192.0,0.0,192.0,192.0,10000.0,1.0,,,42,paper\main_text_experiments\runs\ratio_downstream_5k\ratio_0p01_seed_42,0.01,50,5000
hateful_memes,cosine,ours_sample_package_krr,42,50,36,0.72,1.349086880683899,-1.349086880683899,0.0001543903345009,0.0110028181225061,0,online_student,0,1,4,1250,28000,1000,0.9174745082855223,top_quantile,0.1111362999999983,0.5262383156158358,0.3697478991596639,0.5866666666666667,,13.0,,8.0,1,ours_student_pkg_ctpt,good_count,36.0,29.0,10000.0,64.0,4.0,1786105.677236,2.799386432575201,2.80927,5.61854,1786105.677236,446526.419309,235320.0,10.0,0.0,10.0,10.0,2500.0,4.0,,,42,paper\main_text_experiments\runs\ratio_downstream_5k\ratio_0p01_seed_42,0.01,50,5000
hateful_memes,all_average,market_random_select,42,50,5,0.1,-1.2447224855422974,1.2447224855422974,-5.298733594827354e-05,-0.0172519236803054,1,baseline_feature,0,0,1,5000,28000,1000,0.9174745082855223,top_quantile,0.2174368000000868,0.5562403775659824,0.3697478991596639,0.5866666666666667,10.0,6.0,7.0,9.0,0,,good_count,5.0,11.0,,,,,,,,,,,,,,,,,7.0,,42,paper\main_text_experiments\runs\ratio_downstream_5k\ratio_0p01_seed_42,0.01,50,5000
hateful_memes,all_average,market_cosine_select,42,50,0,0.0,-1.4994215965270996,1.4994215965270996,-6.578803004231304e-05,-0.0214721485972404,1,baseline_feature,0,0,1,5000,28000,1000,0.9174745082855223,top_quantile,0.1568071000001509,0.4940693731671554,0.3697478991596639,0.5866666666666667,,,,,0,,good_count,0.0,,,,,,,,,,,,,,,,,,50.0,,42,paper\main_text_experiments\runs\ratio_downstream_5k\ratio_0p01_seed_42,0.01,50,5000
hateful_memes,all_average,market_coreset_select,42,50,1,0.02,-0.9050255417823792,0.9050255417823792,-0.0001422607892891,0.0087065026164054,1,baseline_feature,0,0,1,5000,28000,1000,0.9174745082855223,top_quantile,0.1986830000000736,0.5588883797653958,0.3697478991596639,0.5866666666666667,,,50.0,,0,,good_count,1.0,,,,,,,,,,,,,,,,,,,,42,paper\main_text_experiments\runs\ratio_downstream_5k\ratio_0p01_seed_42,0.01,50,5000
hateful_memes,all_average,market_badge_select,42,50,1,0.02,-0.9129501581192015,0.9129501581192015,-0.0001426982926204,0.0085826953873038,1,baseline_model_based,1,0,1,5000,28000,1000,0.9174745082855223,top_quantile,0.0992784999998548,0.5058190524193549,0.2924528301886792,0.4133333333333333,,,50.0,,0,,good_count,1.0,,,,,,,,,,,,,,,,,,,,42,paper\main_text_experiments\runs\ratio_downstream_5k\ratio_0p01_seed_42,0.01,50,5000
hateful_memes,all_average,market_kmeans_center_select,42,50,2,0.04,-0.6056760549545288,0.6056760549545288,-4.1804312786553055e-05,-0.0026613443624228,1,baseline_feature,0,0,1,5000,28000,1000,0.9174745082855223,top_quantile,0.1571425000001909,0.5534010722140762,0.3697478991596639,0.5866666666666667,,22.0,,1.0,0,,good_count,2.0,27.0,,,,,,,,,,,,,,,,,,,42,paper\main_text_experiments\runs\ratio_downstream_5k\ratio_0p01_seed_42,0.01,50,5000
hateful_memes,all_average,market_typiclust_select,42,50,0,0.0,-0.9645867943763732,0.9645867943763732,-6.482720345957205e-05,-0.0076553802937269,1,baseline_feature,0,0,1,5000,28000,1000,0.9174745082855223,top_quantile,0.1537796000002345,0.5318667521994135,0.3697478991596639,0.5866666666666667,,19.0,,,0,,good_count,0.0,19.0,,,,,,,,,,,,,,,,,12.0,,42,paper\main_text_experiments\runs\ratio_downstream_5k\ratio_0p01_seed_42,0.01,50,5000
hateful_memes,all_average,ours_kernel_ridge_student,42,50,21,0.42,-0.3386047482490539,0.3386047482490539,2.40695480897557e-05,-0.0082630887627601,0,online_student,0,0,1,5000,28000,1000,0.9174745082855223,top_quantile,0.1579055999995944,0.5368681268328446,0.3697478991596639,0.5866666666666667,,19.0,,11.0,1,ours_student_row_ctpt,good_count,21.0,20.0,10000.0,64.0,4.0,92931.597765,53.80301340178943,53.80903000000001,107.61806,92931.597765,92931.597765,705941.0,192.0,0.0,192.0,192.0,10000.0,1.0,,,42,paper\main_text_experiments\runs\ratio_downstream_5k\ratio_0p01_seed_42,0.01,50,5000
hateful_memes,all_average,ours_sample_package_krr,42,50,21,0.42,-0.3386047482490539,0.3386047482490539,2.40695480897557e-05,-0.0082630887627601,0,online_student,0,1,4,1250,28000,1000,0.9174745082855223,top_quantile,0.0990093000000342,0.5208027859237536,0.3697478991596639,0.5866666666666667,,19.0,,11.0,1,ours_student_pkg_ctpt,good_count,21.0,20.0,10000.0,64.0,4.0,1786105.677236,2.799386432575201,2.80927,5.61854,1786105.677236,446526.419309,235320.0,10.0,0.0,10.0,10.0,2500.0,4.0,,,42,paper\main_text_experiments\runs\ratio_downstream_5k\ratio_0p01_seed_42,0.01,50,5000
hatespeech,noise,market_random_select,142,50,3,0.06,-1.0547605752944946,1.0547605752944946,-9.07468784134835e-05,0.018438933417201,1,baseline_feature,0,0,1,5000,28000,1000,1.0360314846038818,top_quantile,0.3042318000002524,0.5539548000000001,0.3333333333333333,0.5,2.0,1.0,36.0,10.0,0,,good_count,3.0,1.0,,,,,,,,,,,,,,,,,,,42,paper\main_text_experiments\runs\ratio_downstream_5k\ratio_0p01_seed_42,0.01,50,5000
hatespeech,noise,market_cosine_select,142,50,0,0.0,-0.3880519866943359,0.3880519866943359,-1.4034510058991144e-05,0.0143953803926706,1,baseline_feature,0,0,1,5000,28000,1000,1.0360314846038818,top_quantile,0.1695224000000053,0.55813074,0.3333333333333333,0.5,,,,50.0,0,,good_count,0.0,,,,,,,,,,,,,,,,,,,,42,paper\main_text_experiments\runs\ratio_downstream_5k\ratio_0p01_seed_42,0.01,50,5000
hatespeech,noise,market_coreset_select,142,50,0,0.0,-1.2117443084716797,1.2117443084716797,-0.0001243329024873,0.0280474238097667,1,baseline_feature,0,0,1,5000,28000,1000,1.0360314846038818,top_quantile,0.2289576999996825,0.53206788,0.3333333333333333,0.5,,,50.0,,0,,good_count,0.0,,,,,,,,,,,,,,,,,,,,42,paper\main_text_experiments\runs\ratio_downstream_5k\ratio_0p01_seed_42,0.01,50,5000
hatespeech,noise,market_badge_select,142,50,0,0.0,-0.9468429088592528,0.9468429088592528,-9.164094808511436e-05,0.0252072811126709,1,baseline_model_based,1,0,1,5000,28000,1000,1.0360314846038818,top_quantile,0.124511099999836,0.4821872199999999,0.3333333333333333,0.5,,,50.0,,0,,good_count,0.0,,,,,,,,,,,,,,,,,,,,42,paper\main_text_experiments\runs\ratio_downstream_5k\ratio_0p01_seed_42,0.01,50,5000
hatespeech,noise,market_kmeans_center_select,142,50,50,1.0,3.1795661449432373,-3.1795661449432373,0.0002351558214286,0.0827076807618141,0,baseline_feature,0,0,1,5000,28000,1000,1.0360314846038818,top_quantile,0.1252523000002838,0.51228704,0.3333333333333333,0.5,,19.0,,3.0,0,,good_count,50.0,28.0,,,,,,,,,,,,,,,,,,,42,paper\main_text_experiments\runs\ratio_downstream_5k\ratio_0p01_seed_42,0.01,50,5000
hatespeech,noise,market_typiclust_select,142,50,50,1.0,3.114071846008301,-3.114071846008301,0.0002295744488947,0.0820150449872016,0,baseline_feature,0,0,1,5000,28000,1000,1.0360314846038818,top_quantile,0.1721489000001383,0.5523722400000001,0.3333333333333333,0.5,,23.0,,1.0,0,,good_count,50.0,26.0,,,,,,,,,,,,,,,,,,,42,paper\main_text_experiments\runs\ratio_downstream_5k\ratio_0p01_seed_42,0.01,50,5000
hatespeech,noise,ours_kernel_ridge_student,142,50,50,1.0,3.289541006088257,-3.289541006088257,0.0002496755041647,0.0810002610087394,0,online_student,0,0,1,5000,28000,1000,1.0360314846038818,top_quantile,0.1296249000001808,0.53042696,0.3333333333333333,0.5,,21.0,,3.0,1,ours_student_row_ctpt,good_count,50.0,26.0,10000.0,64.0,4.0,92931.597765,53.80301340178943,53.80903000000001,107.61806,92931.597765,92931.597765,705941.0,192.0,0.0,192.0,192.0,10000.0,1.0,,,42,paper\main_text_experiments\runs\ratio_downstream_5k\ratio_0p01_seed_42,0.01,50,5000
hatespeech,noise,ours_sample_package_krr,142,50,50,1.0,3.289541006088257,-3.289541006088257,0.0002496755041647,0.0810002610087394,0,online_student,0,1,4,1250,28000,1000,1.0360314846038818,top_quantile,0.1719586000003801,0.55379882,0.3333333333333333,0.5,,21.0,,3.0,1,ours_student_pkg_ctpt,good_count,50.0,26.0,10000.0,64.0,4.0,1786105.677236,2.799386432575201,2.80927,5.61854,1786105.677236,446526.419309,235320.0,10.0,0.0,10.0,10.0,2500.0,4.0,,,42,paper\main_text_experiments\runs\ratio_downstream_5k\ratio_0p01_seed_42,0.01,50,5000
hatespeech,coreset_far_wrong,market_random_select,142,50,3,0.06,-0.1907246261835098,0.1907246261835098,-2.40194804064231e-05,0.0314276739954948,1,baseline_feature,0,0,1,5000,28000,1000,1.0360314846038818,top_quantile,0.169713799999954,0.54424868,0.3333333333333333,0.5,36.0,1.0,2.0,10.0,0,,good_count,3.0,1.0,,,,,,,,,,,,,,,,,,,42,paper\main_text_experiments\runs\ratio_downstream_5k\ratio_0p01_seed_42,0.01,50,5000
hatespeech,coreset_far_wrong,market_cosine_select,142,50,0,0.0,-0.3880519866943359,0.3880519866943359,-1.4034510058991144e-05,0.0143953803926706,1,baseline_feature,0,0,1,5000,28000,1000,1.0360314846038818,top_quantile,0.1686466000001019,0.55813074,0.3333333333333333,0.5,,,,50.0,0,,good_count,0.0,,,,,,,,,,,,,,,,,,,,42,paper\main_text_experiments\runs\ratio_downstream_5k\ratio_0p01_seed_42,0.01,50,5000
hatespeech,coreset_far_wrong,market_coreset_select,142,50,0,0.0,-1.818724989891052,1.818724989891052,-0.0001905560493469,0.0297118350863456,1,baseline_feature,0,0,1,5000,28000,1000,1.0360314846038818,top_quantile,0.1734204000003956,0.53260334,0.3333333333333333,0.5,,,50.0,,0,,good_count,0.0,,,,,,,,,,,,,,,,,,,,42,paper\main_text_experiments\runs\ratio_downstream_5k\ratio_0p01_seed_42,0.01,50,5000
hatespeech,coreset_far_wrong,market_badge_select,142,50,0,0.0,-1.7729147672653198,1.7729147672653198,-0.0001898682094179,0.0319897457957267,1,baseline_model_based,1,0,1,5000,28000,1000,1.0360314846038818,top_quantile,0.1321577999997316,0.48315814,0.3333333333333333,0.5,,,50.0,,0,,good_count,0.0,,,,,,,,,,,,,,,,,,,,42,paper\main_text_experiments\runs\ratio_downstream_5k\ratio_0p01_seed_42,0.01,50,5000
hatespeech,coreset_far_wrong,market_kmeans_center_select,142,50,50,1.0,3.1795661449432373,-3.1795661449432373,0.0002351558214286,0.0827076807618141,0,baseline_feature,0,0,1,5000,28000,1000,1.0360314846038818,top_quantile,0.1317263000000821,0.51228704,0.3333333333333333,0.5,,19.0,,3.0,0,,good_count,50.0,28.0,,,,,,,,,,,,,,,,,,,42,paper\main_text_experiments\runs\ratio_downstream_5k\ratio_0p01_seed_42,0.01,50,5000
hatespeech,coreset_far_wrong,market_typiclust_select,142,50,50,1.0,3.114071846008301,-3.114071846008301,0.0002295744488947,0.0820150449872016,0,baseline_feature,0,0,1,5000,28000,1000,1.0360314846038818,top_quantile,0.2096136999998634,0.5523722400000001,0.3333333333333333,0.5,,23.0,,1.0,0,,good_count,50.0,26.0,,,,,,,,,,,,,,,,,,,42,paper\main_text_experiments\runs\ratio_downstream_5k\ratio_0p01_seed_42,0.01,50,5000
hatespeech,coreset_far_wrong,ours_kernel_ridge_student,142,50,50,1.0,3.289541006088257,-3.289541006088257,0.0002496755041647,0.0810002610087394,0,online_student,0,0,1,5000,28000,1000,1.0360314846038818,top_quantile,0.146608500000184,0.53042696,0.3333333333333333,0.5,,21.0,,3.0,1,ours_student_row_ctpt,good_count,50.0,26.0,10000.0,64.0,4.0,92931.597765,53.80301340178943,53.80903000000001,107.61806,92931.597765,92931.597765,705941.0,192.0,0.0,192.0,192.0,10000.0,1.0,,,42,paper\main_text_experiments\runs\ratio_downstream_5k\ratio_0p01_seed_42,0.01,50,5000
hatespeech,coreset_far_wrong,ours_sample_package_krr,142,50,50,1.0,3.289541006088257,-3.289541006088257,0.0002496755041647,0.0810002610087394,0,online_student,0,1,4,1250,28000,1000,1.0360314846038818,top_quantile,0.1985491000000365,0.55379882,0.3333333333333333,0.5,,21.0,,3.0,1,ours_student_pkg_ctpt,good_count,50.0,26.0,10000.0,64.0,4.0,1786105.677236,2.799386432575201,2.80927,5.61854,1786105.677236,446526.419309,235320.0,10.0,0.0,10.0,10.0,2500.0,4.0,,,42,paper\main_text_experiments\runs\ratio_downstream_5k\ratio_0p01_seed_42,0.01,50,5000
hatespeech,typiclust_dense,market_random_select,142,50,3,0.06,0.0363589599728584,-0.0363589599728584,1.295447327720467e-05,0.0240025892853736,1,baseline_feature,0,0,1,5000,28000,1000,1.0360314846038818,top_quantile,0.2773554000000331,0.5445686,0.3333333333333333,0.5,,3.0,1.0,1.0,0,,good_count,3.0,36.0,,,,,,,,,,,,,,,,,9.0,,42,paper\main_text_experiments\runs\ratio_downstream_5k\ratio_0p01_seed_42,0.01,50,5000
hatespeech,typiclust_dense,market_cosine_select,142,50,0,0.0,-1.2756727933883667,1.2756727933883667,-2.4547576686018147e-05,-0.0313109084963798,1,baseline_feature,0,0,1,5000,28000,1000,1.0360314846038818,top_quantile,0.2163857000000462,0.56131142,0.3333333333333333,0.5,,,,,0,,good_count,0.0,,,,,,,,,,,,,,,,,,50.0,,42,paper\main_text_experiments\runs\ratio_downstream_5k\ratio_0p01_seed_42,0.01,50,5000
hatespeech,typiclust_dense,market_coreset_select,142,50,50,1.0,3.3389127254486084,-3.3389127254486084,0.0005039882380515,-0.0579461827874183,0,baseline_feature,0,0,1,5000,28000,1000,1.0360314846038818,top_quantile,0.1923169000001507,0.5269589400000001,0.3333333333333333,0.5,,,50.0,,0,,good_count,50.0,,,,,,,,,,,,,,,,,,,,42,paper\main_text_experiments\runs\ratio_downstream_5k\ratio_0p01_seed_42,0.01,50,5000
hatespeech,typiclust_dense,market_badge_select,142,50,50,1.0,3.48398494720459,-3.48398494720459,0.0005190539523027,-0.057919006794691,0,baseline_model_based,1,0,1,5000,28000,1000,1.0360314846038818,top_quantile,0.2101117000001977,0.5628362,0.3333333333333333,0.5,,,50.0,,0,,good_count,50.0,,,,,,,,,,,,,,,,,,,,42,paper\main_text_experiments\runs\ratio_downstream_5k\ratio_0p01_seed_42,0.01,50,5000
hatespeech,typiclust_dense,market_kmeans_center_select,142,50,12,0.24,1.4728397130966189,-1.4728397130966189,0.0001157021542894,0.050162773579359,0,baseline_feature,0,0,1,5000,28000,1000,1.0360314846038818,top_quantile,0.1579434000000219,0.51049964,0.3333333333333333,0.5,,8.0,,,0,,good_count,12.0,42.0,,,,,,,,,,,,,,,,,,,42,paper\main_text_experiments\runs\ratio_downstream_5k\ratio_0p01_seed_42,0.01,50,5000
hatespeech,typiclust_dense,market_typiclust_select,142,50,1,0.02,1.1660853624343872,-1.1660853624343872,3.7163496017456055e-05,0.0761372745037078,1,baseline_feature,0,0,1,5000,28000,1000,1.0360314846038818,top_quantile,0.2125522000001183,0.5566278,0.3333333333333333,0.5,,14.0,,,0,,good_count,1.0,30.0,,,,,,,,,,,,,,,,,6.0,,42,paper\main_text_experiments\runs\ratio_downstream_5k\ratio_0p01_seed_42,0.01,50,5000
hatespeech,typiclust_dense,ours_kernel_ridge_student,142,50,27,0.54,2.3673431873321533,-2.3673431873321533,0.0001863467623479,0.0627372041344642,0,online_student,0,0,1,5000,28000,1000,1.0360314846038818,top_quantile,0.1552702999997564,0.5284892000000001,0.3333333333333333,0.5,,13.0,,2.0,1,ours_student_row_ctpt,good_count,27.0,35.0,10000.0,64.0,4.0,92931.597765,53.80301340178943,53.80903000000001,107.61806,92931.597765,92931.597765,705941.0,192.0,0.0,192.0,192.0,10000.0,1.0,,,42,paper\main_text_experiments\runs\ratio_downstream_5k\ratio_0p01_seed_42,0.01,50,5000
hatespeech,typiclust_dense,ours_sample_package_krr,142,50,27,0.54,2.3673431873321533,-2.3673431873321533,0.0001863467623479,0.0627372041344642,0,online_student,0,1,4,1250,28000,1000,1.0360314846038818,top_quantile,0.1757053999999698,0.5240226399999999,0.3333333333333333,0.5,,13.0,,2.0,1,ours_student_pkg_ctpt,good_count,27.0,35.0,10000.0,64.0,4.0,1786105.677236,2.799386432575201,2.80927,5.61854,1786105.677236,446526.419309,235320.0,10.0,0.0,10.0,10.0,2500.0,4.0,,,42,paper\main_text_experiments\runs\ratio_downstream_5k\ratio_0p01_seed_42,0.01,50,5000
hatespeech,kmeans_center,market_random_select,142,50,3,0.06,0.2797696590423584,-0.2797696590423584,3.705024573719129e-05,0.0247074551880359,1,baseline_feature,0,0,1,5000,28000,1000,1.0360314846038818,top_quantile,0.2152455000000372,0.54955066,0.3333333333333333,0.5,9.0,36.0,1.0,2.0,0,,good_count,3.0,2.0,,,,,,,,,,,,,,,,,,,42,paper\main_text_experiments\runs\ratio_downstream_5k\ratio_0p01_seed_42,0.01,50,5000
hatespeech,kmeans_center,market_cosine_select,142,50,16,0.32,0.8517078161239624,-0.8517078161239624,7.594227645313367e-05,0.0362480618059635,0,baseline_feature,0,0,1,5000,28000,1000,1.0360314846038818,top_quantile,0.2265929999998661,0.56267642,0.3333333333333333,0.5,,36.0,,14.0,0,,good_count,16.0,,,,,,,,,,,,,,,,,,,,42,paper\main_text_experiments\runs\ratio_downstream_5k\ratio_0p01_seed_42,0.01,50,5000
hatespeech,kmeans_center,market_coreset_select,142,50,50,1.0,3.367562055587769,-3.367562055587769,0.0005067372112534,-0.0578146688640117,0,baseline_feature,0,0,1,5000,28000,1000,1.0360314846038818,top_quantile,0.1950237000000925,0.52794612,0.3333333333333333,0.5,,,50.0,,0,,good_count,50.0,,,,,,,,,,,,,,,,,,,,42,paper\main_text_experiments\runs\ratio_downstream_5k\ratio_0p01_seed_42,0.01,50,5000
hatespeech,kmeans_center,market_badge_select,142,50,50,1.0,3.5112228393554688,-3.5112228393554688,0.0005219638114795,-0.0579592324793338,0,baseline_model_based,1,0,1,5000,28000,1000,1.0360314846038818,top_quantile,0.1580244000001585,0.49281386,0.3333333333333333,0.5,,,50.0,,0,,good_count,50.0,,,,,,,,,,,,,,,,,,,,42,paper\main_text_experiments\runs\ratio_downstream_5k\ratio_0p01_seed_42,0.01,50,5000
hatespeech,kmeans_center,market_kmeans_center_select,142,50,13,0.26,1.2091666460037231,-1.2091666460037231,0.0001015532034216,0.0427339598536491,0,baseline_feature,0,0,1,5000,28000,1000,1.0360314846038818,top_quantile,0.1536434999998164,0.5084791000000001,0.3333333333333333,0.5,,36.0,,,0,,good_count,13.0,14.0,,,,,,,,,,,,,,,,,,,42,paper\main_text_experiments\runs\ratio_downstream_5k\ratio_0p01_seed_42,0.01,50,5000
hatespeech,kmeans_center,market_typiclust_select,142,50,7,0.14,1.946504831314087,-1.946504831314087,0.000110430715722,0.0806212201714515,1,baseline_feature,0,0,1,5000,28000,1000,1.0360314846038818,top_quantile,0.2102141000000301,0.55447594,0.3333333333333333,0.5,,47.0,,,0,,good_count,7.0,3.0,,,,,,,,,,,,,,,,,,,42,paper\main_text_experiments\runs\ratio_downstream_5k\ratio_0p01_seed_42,0.01,50,5000
hatespeech,kmeans_center,ours_kernel_ridge_student,142,50,29,0.58,2.4135050773620605,-2.4135050773620605,0.0001913416344905,0.0626337751746177,0,online_student,0,0,1,5000,28000,1000,1.0360314846038818,top_quantile,0.1754617999999936,0.54389812,0.3333333333333333,0.5,,31.0,,2.0,1,ours_student_row_ctpt,good_count,29.0,17.0,10000.0,64.0,4.0,92931.597765,53.80301340178943,53.80903000000001,107.61806,92931.597765,92931.597765,705941.0,192.0,0.0,192.0,192.0,10000.0,1.0,,,42,paper\main_text_experiments\runs\ratio_downstream_5k\ratio_0p01_seed_42,0.01,50,5000
hatespeech,kmeans_center,ours_sample_package_krr,142,50,29,0.58,2.4135050773620605,-2.4135050773620605,0.0001913416344905,0.0626337751746177,0,online_student,0,1,4,1250,28000,1000,1.0360314846038818,top_quantile,0.2356417999999394,0.52575436,0.3333333333333333,0.5,,31.0,,2.0,1,ours_student_pkg_ctpt,good_count,29.0,17.0,10000.0,64.0,4.0,1786105.677236,2.799386432575201,2.80927,5.61854,1786105.677236,446526.419309,235320.0,10.0,0.0,10.0,10.0,2500.0,4.0,,,42,paper\main_text_experiments\runs\ratio_downstream_5k\ratio_0p01_seed_42,0.01,50,5000
hatespeech,uncertainty_badge,market_random_select,142,50,3,0.06,-0.2701863050460815,0.2701863050460815,7.0679188866051845e-06,0.0094755664467811,1,baseline_feature,0,0,1,5000,28000,1000,1.0360314846038818,top_quantile,0.3031322000001637,0.54242974,0.3333333333333333,0.5,2.0,1.0,,36.0,0,,good_count,3.0,2.0,,,,,,,,,,,,,,,,,9.0,,42,paper\main_text_experiments\runs\ratio_downstream_5k\ratio_0p01_seed_42,0.01,50,5000
hatespeech,uncertainty_badge,market_cosine_select,142,50,0,0.0,-1.0200663805007937,1.0200663805007937,6.697177923342679e-06,-0.0338840521872043,1,baseline_feature,0,0,1,5000,28000,1000,1.0360314846038818,top_quantile,0.2088347000003523,0.55947638,0.3333333333333333,0.5,,,,,0,,good_count,0.0,,,,,,,,,,,,,,,,,,50.0,,42,paper\main_text_experiments\runs\ratio_downstream_5k\ratio_0p01_seed_42,0.01,50,5000
hatespeech,uncertainty_badge,market_coreset_select,142,50,0,0.0,-0.7867738604545593,0.7867738604545593,-6.701946404064074e-06,-0.0128583991900086,1,baseline_feature,0,0,1,5000,28000,1000,1.0360314846038818,top_quantile,0.2409761999997499,0.55521948,0.3333333333333333,0.5,42.0,,,,0,,good_count,0.0,,,,,,,,,,,,,,,,,,8.0,,42,paper\main_text_experiments\runs\ratio_downstream_5k\ratio_0p01_seed_42,0.01,50,5000
hatespeech,uncertainty_badge,market_badge_select,142,50,0,0.0,-0.7138774394989014,0.7138774394989014,-2.480268449289724e-05,0.0014704084023833,1,baseline_model_based,1,0,1,5000,28000,1000,1.0360314846038818,top_quantile,0.2128711000000294,0.5601795199999999,0.3333333333333333,0.5,23.0,,,,0,,good_count,0.0,,,,,,,,,,,,,,,,,,27.0,,42,paper\main_text_experiments\runs\ratio_downstream_5k\ratio_0p01_seed_42,0.01,50,5000
hatespeech,uncertainty_badge,market_kmeans_center_select,142,50,48,0.96,3.139293909072876,-3.139293909072876,0.0002308940893271,0.0827444940805435,0,baseline_feature,0,0,1,5000,28000,1000,1.0360314846038818,top_quantile,0.1585405000000719,0.51229592,0.3333333333333333,0.5,,19.0,,5.0,0,,good_count,48.0,26.0,,,,,,,,,,,,,,,,,,,42,paper\main_text_experiments\runs\ratio_downstream_5k\ratio_0p01_seed_42,0.01,50,5000
hatespeech,uncertainty_badge,market_typiclust_select,142,50,46,0.92,2.856194257736206,-2.856194257736206,0.0002073800569633,0.0794093832373619,0,baseline_feature,0,0,1,5000,28000,1000,1.0360314846038818,top_quantile,0.2142721000000165,0.55245692,0.3333333333333333,0.5,,21.0,,2.0,0,,good_count,46.0,24.0,,,,,,,,,,,,,,,,,3.0,,42,paper\main_text_experiments\runs\ratio_downstream_5k\ratio_0p01_seed_42,0.01,50,5000
hatespeech,uncertainty_badge,ours_kernel_ridge_student,142,50,45,0.9,3.1035192012786865,-3.1035192012786865,0.0002363777166465,0.0776081830263137,0,online_student,0,0,1,5000,28000,1000,1.0360314846038818,top_quantile,0.1596503999999186,0.5300512399999999,0.3333333333333333,0.5,,20.0,,8.0,1,ours_student_row_ctpt,good_count,45.0,22.0,10000.0,64.0,4.0,92931.597765,53.80301340178943,53.80903000000001,107.61806,92931.597765,92931.597765,705941.0,192.0,0.0,192.0,192.0,10000.0,1.0,,,42,paper\main_text_experiments\runs\ratio_downstream_5k\ratio_0p01_seed_42,0.01,50,5000
hatespeech,uncertainty_badge,ours_sample_package_krr,142,50,45,0.9,3.1035192012786865,-3.1035192012786865,0.0002363777166465,0.0776081830263137,0,online_student,0,1,4,1250,28000,1000,1.0360314846038818,top_quantile,0.2109725000000253,0.55419406,0.3333333333333333,0.5,,20.0,,8.0,1,ours_student_pkg_ctpt,good_count,45.0,22.0,10000.0,64.0,4.0,1786105.677236,2.799386432575201,2.80927,5.61854,1786105.677236,446526.419309,235320.0,10.0,0.0,10.0,10.0,2500.0,4.0,,,42,paper\main_text_experiments\runs\ratio_downstream_5k\ratio_0p01_seed_42,0.01,50,5000
hatespeech,cosine,market_random_select,142,50,3,0.06,-0.5840197801589966,0.5840197801589966,-1.1435747182986232e-05,0.0015609151450917,1,baseline_feature,0,0,1,5000,28000,1000,1.0360314846038818,top_quantile,0.2113263000001097,0.54750744,0.3333333333333333,0.5,,1.0,1.0,9.0,0,,good_count,3.0,3.0,,,,,,,,,,,,,,,,,36.0,,42,paper\main_text_experiments\runs\ratio_downstream_5k\ratio_0p01_seed_42,0.01,50,5000
hatespeech,cosine,market_cosine_select,142,50,0,0.0,-0.4169197380542755,0.4169197380542755,-8.94904133019736e-06,0.0098823681473732,1,baseline_feature,0,0,1,5000,28000,1000,1.0360314846038818,top_quantile,0.2175647999997636,0.56337368,0.3333333333333333,0.5,,,,,0,,good_count,0.0,,,,,,,,,,,,,,,,,,50.0,,42,paper\main_text_experiments\runs\ratio_downstream_5k\ratio_0p01_seed_42,0.01,50,5000
hatespeech,cosine,market_coreset_select,142,50,50,1.0,3.489504337310791,-3.489504337310791,0.0005215132259763,-0.0589697547256946,0,baseline_feature,0,0,1,5000,28000,1000,1.0360314846038818,top_quantile,0.2020736999998007,0.52965886,0.3333333333333333,0.5,,,50.0,,0,,good_count,50.0,,,,,,,,,,,,,,,,,,,,42,paper\main_text_experiments\runs\ratio_downstream_5k\ratio_0p01_seed_42,0.01,50,5000
hatespeech,cosine,market_badge_select,142,50,50,1.0,3.551440954208374,-3.551440954208374,0.0005278754397295,-0.0589191764593124,0,baseline_model_based,1,0,1,5000,28000,1000,1.0360314846038818,top_quantile,0.1623857999998108,0.49201316,0.3333333333333333,0.5,,,50.0,,0,,good_count,50.0,,,,,,,,,,,,,,,,,,,,42,paper\main_text_experiments\runs\ratio_downstream_5k\ratio_0p01_seed_42,0.01,50,5000
hatespeech,cosine,market_kmeans_center_select,142,50,42,0.84,2.082030296325684,-2.082030296325684,0.0001731038064463,0.0535459741950035,0,baseline_feature,0,0,1,5000,28000,1000,1.0360314846038818,top_quantile,0.1533064000000195,0.5117310399999999,0.3333333333333333,0.5,,17.0,,3.0,0,,good_count,42.0,30.0,,,,,,,,,,,,,,,,,,,42,paper\main_text_experiments\runs\ratio_downstream_5k\ratio_0p01_seed_42,0.01,50,5000
hatespeech,cosine,market_typiclust_select,142,50,20,0.4,1.148667573928833,-1.148667573928833,5.833387331222184e-05,0.0633198991417884,0,baseline_feature,0,0,1,5000,28000,1000,1.0360314846038818,top_quantile,0.2900205999999343,0.5546208,0.3333333333333333,0.5,,10.0,,,0,,good_count,20.0,11.0,,,,,,,,,,,,,,,,,29.0,,42,paper\main_text_experiments\runs\ratio_downstream_5k\ratio_0p01_seed_42,0.01,50,5000
hatespeech,cosine,ours_kernel_ridge_student,142,50,46,0.92,2.778054714202881,-2.778054714202881,0.0002221643953816,0.0666253268718719,0,online_student,0,0,1,5000,28000,1000,1.0360314846038818,top_quantile,0.1683156999997663,0.54304972,0.3333333333333333,0.5,,19.0,,3.0,1,ours_student_row_ctpt,good_count,46.0,28.0,10000.0,64.0,4.0,92931.597765,53.80301340178943,53.80903000000001,107.61806,92931.597765,92931.597765,705941.0,192.0,0.0,192.0,192.0,10000.0,1.0,,,42,paper\main_text_experiments\runs\ratio_downstream_5k\ratio_0p01_seed_42,0.01,50,5000
hatespeech,cosine,ours_sample_package_krr,142,50,46,0.92,2.778054714202881,-2.778054714202881,0.0002221643953816,0.0666253268718719,0,online_student,0,1,4,1250,28000,1000,1.0360314846038818,top_quantile,0.1736946999999418,0.5218994,0.3333333333333333,0.5,,19.0,,3.0,1,ours_student_pkg_ctpt,good_count,46.0,28.0,10000.0,64.0,4.0,1786105.677236,2.799386432575201,2.80927,5.61854,1786105.677236,446526.419309,235320.0,10.0,0.0,10.0,10.0,2500.0,4.0,,,42,paper\main_text_experiments\runs\ratio_downstream_5k\ratio_0p01_seed_42,0.01,50,5000
hatespeech,all_average,market_random_select,142,50,3,0.06,-1.0136643648147583,1.0136643648147583,-4.588007868733257e-05,-0.0041929585859179,1,baseline_feature,0,0,1,5000,28000,1000,1.0360314846038818,top_quantile,0.2781410999996296,0.55300364,0.3333333333333333,0.5,12.0,9.0,6.0,5.0,0,,good_count,3.0,8.0,,,,,,,,,,,,,,,,,10.0,,42,paper\main_text_experiments\runs\ratio_downstream_5k\ratio_0p01_seed_42,0.01,50,5000
hatespeech,all_average,market_cosine_select,142,50,0,0.0,-1.17151939868927,1.17151939868927,-1.160979263659101e-05,-0.0324744433164596,1,baseline_feature,0,0,1,5000,28000,1000,1.0360314846038818,top_quantile,0.2113185999996858,0.55955434,0.3333333333333333,0.5,,,,,0,,good_count,0.0,,,,,,,,,,,,,,,,,,50.0,,42,paper\main_text_experiments\runs\ratio_downstream_5k\ratio_0p01_seed_42,0.01,50,5000
hatespeech,all_average,market_coreset_select,142,50,7,0.14,-1.303077220916748,1.303077220916748,-0.0001319527655141,0.0269903130829334,1,baseline_feature,0,0,1,5000,28000,1000,1.0360314846038818,top_quantile,0.2048448000000462,0.54431216,0.3333333333333333,0.5,,,50.0,,0,,good_count,7.0,,,,,,,,,,,,,,,,,,,,42,paper\main_text_experiments\runs\ratio_downstream_5k\ratio_0p01_seed_42,0.01,50,5000
hatespeech,all_average,market_badge_select,142,50,3,0.06,-1.5900241136550903,1.5900241136550903,-0.0001636528904782,0.0279965847730636,1,baseline_model_based,1,0,1,5000,28000,1000,1.0360314846038818,top_quantile,0.1645003999997243,0.48164388,0.3333333333333333,0.5,,,50.0,,0,,good_count,3.0,,,,,,,,,,,,,,,,,,,,42,paper\main_text_experiments\runs\ratio_downstream_5k\ratio_0p01_seed_42,0.01,50,5000
hatespeech,all_average,market_kmeans_center_select,142,50,19,0.38,-0.9862787127494812,0.9862787127494812,4.303455170884263e-06,-0.0305862259119749,0,baseline_feature,0,0,1,5000,28000,1000,1.0360314846038818,top_quantile,0.1579099999999016,0.51115634,0.3333333333333333,0.5,,22.0,,2.0,0,,good_count,19.0,26.0,,,,,,,,,,,,,,,,,,,42,paper\main_text_experiments\runs\ratio_downstream_5k\ratio_0p01_seed_42,0.01,50,5000
hatespeech,all_average,market_typiclust_select,142,50,2,0.04,0.8695919513702393,-0.8695919513702393,1.4562607248080894e-05,0.0715148225426673,1,baseline_feature,0,0,1,5000,28000,1000,1.0360314846038818,top_quantile,0.211310499999854,0.5570118600000001,0.3333333333333333,0.5,,21.0,,,0,,good_count,2.0,22.0,,,,,,,,,,,,,,,,,7.0,,42,paper\main_text_experiments\runs\ratio_downstream_5k\ratio_0p01_seed_42,0.01,50,5000
hatespeech,all_average,ours_kernel_ridge_student,142,50,38,0.76,1.7330505847930908,-1.7330505847930908,0.0001655137602938,0.0375035293400287,0,online_student,0,0,1,5000,28000,1000,1.0360314846038818,top_quantile,0.1560371000000486,0.530478,0.3333333333333333,0.5,,21.0,,6.0,1,ours_student_row_ctpt,good_count,38.0,23.0,10000.0,64.0,4.0,92931.597765,53.80301340178943,53.80903000000001,107.61806,92931.597765,92931.597765,705941.0,192.0,0.0,192.0,192.0,10000.0,1.0,,,42,paper\main_text_experiments\runs\ratio_downstream_5k\ratio_0p01_seed_42,0.01,50,5000
hatespeech,all_average,ours_sample_package_krr,142,50,38,0.76,1.7330505847930908,-1.7330505847930908,0.0001655137602938,0.0375035293400287,0,online_student,0,1,4,1250,28000,1000,1.0360314846038818,top_quantile,0.2136697999999341,0.5555155599999999,0.3333333333333333,0.5,,21.0,,6.0,1,ours_student_pkg_ctpt,good_count,38.0,23.0,10000.0,64.0,4.0,1786105.677236,2.799386432575201,2.80927,5.61854,1786105.677236,446526.419309,235320.0,10.0,0.0,10.0,10.0,2500.0,4.0,,,42,paper\main_text_experiments\runs\ratio_downstream_5k\ratio_0p01_seed_42,0.01,50,5000
mscoco,noise,market_random_select,242,50,8,0.16,-0.2079458236694336,0.2079458236694336,-3.933906711495183e-08,0.0007946374826133,1,baseline_feature,0,0,1,5000,28000,1000,1.1260383129119873,top_quantile,0.3147923999999875,0.87943484375,0.3333333333333333,0.5,6.0,3.0,34.0,3.0,0,,good_count,8.0,4.0,,,,,,,,,,,,,,,,,,,42,paper\main_text_experiments\runs\ratio_downstream_5k\ratio_0p01_seed_42,0.01,50,5000
mscoco,noise,market_cosine_select,242,50,8,0.16,-0.655195951461792,0.655195951461792,1.3304948879522271e-05,-0.0016446288209408,1,baseline_feature,0,0,1,5000,28000,1000,1.1260383129119873,top_quantile,0.1869963000003736,0.7371003125,0.3333333333333333,0.5,,,,50.0,0,,good_count,8.0,,,,,,,,,,,,,,,,,,,,42,paper\main_text_experiments\runs\ratio_downstream_5k\ratio_0p01_seed_42,0.01,50,5000
mscoco,noise,market_coreset_select,242,50,0,0.0,-0.5496186017990112,0.5496186017990112,-3.675103289424442e-05,0.0012501958990469,1,baseline_feature,0,0,1,5000,28000,1000,1.1260383129119873,top_quantile,0.2513648999997713,0.886233625,0.3333333333333333,0.5,,,50.0,,0,,good_count,0.0,,,,,,,,,,,,,,,,,,,,42,paper\main_text_experiments\runs\ratio_downstream_5k\ratio_0p01_seed_42,0.01,50,5000
mscoco,noise,market_badge_select,242,50,0,0.0,-0.5131290555000305,0.5131290555000305,-2.2933483705855903e-05,0.0007122465176507,1,baseline_model_based,1,0,1,5000,28000,1000,1.1260383129119873,top_quantile,0.2022443000000748,0.87719984375,0.3333333333333333,0.5,,,50.0,,0,,good_count,0.0,,,,,,,,,,,,,,,,,,,,42,paper\main_text_experiments\runs\ratio_downstream_5k\ratio_0p01_seed_42,0.01,50,5000
mscoco,noise,market_kmeans_center_select,242,50,50,1.0,4.1393232345581055,-4.1393232345581055,0.0002767527184914,0.0044071455486118,0,baseline_feature,0,0,1,5000,28000,1000,1.1260383129119873,top_quantile,0.1981759000000238,0.8194555937499999,0.3333333333333333,0.5,,14.0,,,0,,good_count,50.0,36.0,,,,,,,,,,,,,,,,,,,42,paper\main_text_experiments\runs\ratio_downstream_5k\ratio_0p01_seed_42,0.01,50,5000
mscoco,noise,market_typiclust_select,242,50,50,1.0,4.916419982910156,-4.916419982910156,0.0003416061517782,0.0042927418835461,0,baseline_feature,0,0,1,5000,28000,1000,1.1260383129119873,top_quantile,0.1991728000002695,0.8245454375,0.3333333333333333,0.5,,21.0,,,0,,good_count,50.0,29.0,,,,,,,,,,,,,,,,,,,42,paper\main_text_experiments\runs\ratio_downstream_5k\ratio_0p01_seed_42,0.01,50,5000
mscoco,noise,ours_kernel_ridge_student,242,50,50,1.0,4.974941730499268,-4.974941730499268,0.0003106665681116,0.0060552335344254,0,online_student,0,0,1,5000,28000,1000,1.1260383129119873,top_quantile,0.2007104999997864,0.8199791875,0.3333333333333333,0.5,,24.0,,6.0,1,ours_student_row_ctpt,good_count,50.0,20.0,10000.0,64.0,4.0,92931.597765,53.80301340178943,53.80903000000001,107.61806,92931.597765,92931.597765,705941.0,192.0,0.0,192.0,192.0,10000.0,1.0,,,42,paper\main_text_experiments\runs\ratio_downstream_5k\ratio_0p01_seed_42,0.01,50,5000
mscoco,noise,ours_sample_package_krr,242,50,50,1.0,4.974941730499268,-4.974941730499268,0.0003106665681116,0.0060552335344254,0,online_student,0,1,4,1250,28000,1000,1.1260383129119873,top_quantile,0.1931353999998464,0.81399175,0.3333333333333333,0.5,,24.0,,6.0,1,ours_student_pkg_ctpt,good_count,50.0,20.0,10000.0,64.0,4.0,1786105.677236,2.799386432575201,2.80927,5.61854,1786105.677236,446526.419309,235320.0,10.0,0.0,10.0,10.0,2500.0,4.0,,,42,paper\main_text_experiments\runs\ratio_downstream_5k\ratio_0p01_seed_42,0.01,50,5000
mscoco,coreset_far_wrong,market_random_select,242,50,8,0.16,0.2904495894908905,-0.2904495894908905,3.514409036142752e-05,0.0010382074397057,1,baseline_feature,0,0,1,5000,28000,1000,1.1260383129119873,top_quantile,0.2039912999998705,0.88107515625,0.3333333333333333,0.5,34.0,3.0,6.0,3.0,0,,good_count,8.0,4.0,,,,,,,,,,,,,,,,,,,42,paper\main_text_experiments\runs\ratio_downstream_5k\ratio_0p01_seed_42,0.01,50,5000
mscoco,coreset_far_wrong,market_cosine_select,242,50,8,0.16,-0.655195951461792,0.655195951461792,1.3304948879522271e-05,-0.0016446288209408,1,baseline_feature,0,0,1,5000,28000,1000,1.1260383129119873,top_quantile,0.145210500000303,0.7371003125,0.3333333333333333,0.5,,,,50.0,0,,good_count,8.0,,,,,,,,,,,,,,,,,,,,42,paper\main_text_experiments\runs\ratio_downstream_5k\ratio_0p01_seed_42,0.01,50,5000
mscoco,coreset_far_wrong,market_coreset_select,242,50,0,0.0,-1.3533074855804443,1.3533074855804443,-7.923960947664455e-05,0.0001530809677205,1,baseline_feature,0,0,1,5000,28000,1000,1.1260383129119873,top_quantile,0.2739230000001953,0.8799341249999999,0.3333333333333333,0.5,,,50.0,,0,,good_count,0.0,,,,,,,,,,,,,,,,,,,,42,paper\main_text_experiments\runs\ratio_downstream_5k\ratio_0p01_seed_42,0.01,50,5000
mscoco,coreset_far_wrong,market_badge_select,242,50,0,0.0,-1.3847084045410156,1.3847084045410156,-7.453799480572343e-05,-0.0002043035055976,1,baseline_model_based,1,0,1,5000,28000,1000,1.1260383129119873,top_quantile,0.2885793999998896,0.8696456874999999,0.3333333333333333,0.5,,,50.0,,0,,good_count,0.0,,,,,,,,,,,,,,,,,,,,42,paper\main_text_experiments\runs\ratio_downstream_5k\ratio_0p01_seed_42,0.01,50,5000
mscoco,coreset_far_wrong,market_kmeans_center_select,242,50,50,1.0,4.1393232345581055,-4.1393232345581055,0.0002767527184914,0.0044071455486118,0,baseline_feature,0,0,1,5000,28000,1000,1.1260383129119873,top_quantile,0.2019234999997934,0.8194555937499999,0.3333333333333333,0.5,,14.0,,,0,,good_count,50.0,36.0,,,,,,,,,,,,,,,,,,,42,paper\main_text_experiments\runs\ratio_downstream_5k\ratio_0p01_seed_42,0.01,50,5000
mscoco,coreset_far_wrong,market_typiclust_select,242,50,50,1.0,4.916419982910156,-4.916419982910156,0.0003416061517782,0.0042927418835461,0,baseline_feature,0,0,1,5000,28000,1000,1.1260383129119873,top_quantile,0.2040746999996372,0.8245454375,0.3333333333333333,0.5,,21.0,,,0,,good_count,50.0,29.0,,,,,,,,,,,,,,,,,,,42,paper\main_text_experiments\runs\ratio_downstream_5k\ratio_0p01_seed_42,0.01,50,5000
mscoco,coreset_far_wrong,ours_kernel_ridge_student,242,50,50,1.0,4.974941730499268,-4.974941730499268,0.0003106665681116,0.0060552335344254,0,online_student,0,0,1,5000,28000,1000,1.1260383129119873,top_quantile,0.2068394999996599,0.8199791875,0.3333333333333333,0.5,,24.0,,6.0,1,ours_student_row_ctpt,good_count,50.0,20.0,10000.0,64.0,4.0,92931.597765,53.80301340178943,53.80903000000001,107.61806,92931.597765,92931.597765,705941.0,192.0,0.0,192.0,192.0,10000.0,1.0,,,42,paper\main_text_experiments\runs\ratio_downstream_5k\ratio_0p01_seed_42,0.01,50,5000
mscoco,coreset_far_wrong,ours_sample_package_krr,242,50,50,1.0,4.974941730499268,-4.974941730499268,0.0003106665681116,0.0060552335344254,0,online_student,0,1,4,1250,28000,1000,1.1260383129119873,top_quantile,0.210010400000101,0.81399175,0.3333333333333333,0.5,,24.0,,6.0,1,ours_student_pkg_ctpt,good_count,50.0,20.0,10000.0,64.0,4.0,1786105.677236,2.799386432575201,2.80927,5.61854,1786105.677236,446526.419309,235320.0,10.0,0.0,10.0,10.0,2500.0,4.0,,,42,paper\main_text_experiments\runs\ratio_downstream_5k\ratio_0p01_seed_42,0.01,50,5000
mscoco,typiclust_dense,market_random_select,242,50,8,0.16,0.3323735296726227,-0.3323735296726227,5.502462227013893e-05,0.0002221284084953,1,baseline_feature,0,0,1,5000,28000,1000,1.1260383129119873,top_quantile,0.2037375999998403,0.84463321875,0.3333333333333333,0.5,,10.0,,2.0,0,,good_count,8.0,35.0,,,,,,,,,,,,,,,,,2.0,1.0,42,paper\main_text_experiments\runs\ratio_downstream_5k\ratio_0p01_seed_42,0.01,50,5000
mscoco,typiclust_dense,market_cosine_select,242,50,28,0.56,1.1599386930465698,-1.1599386930465698,-3.578066753107123e-05,0.0080042481422424,0,baseline_feature,0,0,1,5000,28000,1000,1.1260383129119873,top_quantile,0.1985402000000249,0.8338165937500001,0.3333333333333333,0.5,,,,,0,,good_count,28.0,,,,,,,,,,,,,,,,,,23.0,27.0,42,paper\main_text_experiments\runs\ratio_downstream_5k\ratio_0p01_seed_42,0.01,50,5000
mscoco,typiclust_dense,market_coreset_select,242,50,26,0.52,0.7404811978340149,-0.7404811978340149,6.601810309803113e-05,0.0013024025829508,0,baseline_feature,0,0,1,5000,28000,1000,1.1260383129119873,top_quantile,0.2515538000002379,0.88360190625,0.3333333333333333,0.5,14.0,,7.0,,0,,good_count,26.0,,,,,,,,,,,,,,,,,,25.0,4.0,42,paper\main_text_experiments\runs\ratio_downstream_5k\ratio_0p01_seed_42,0.01,50,5000
mscoco,typiclust_dense,market_badge_select,242,50,20,0.4,0.3195911049842834,-0.3195911049842834,2.18117238546256e-05,0.0018133040284737,0,baseline_model_based,1,0,1,5000,28000,1000,1.1260383129119873,top_quantile,0.217494699999861,0.876174,0.3333333333333333,0.5,1.0,,7.0,,0,,good_count,20.0,,,,,,,,,,,,,,,,,,33.0,9.0,42,paper\main_text_experiments\runs\ratio_downstream_5k\ratio_0p01_seed_42,0.01,50,5000
mscoco,typiclust_dense,market_kmeans_center_select,242,50,6,0.12,2.212038993835449,-2.212038993835449,0.0001478540943935,0.0031115266028791,1,baseline_feature,0,0,1,5000,28000,1000,1.1260383129119873,top_quantile,0.2109725000000253,0.7808993437499999,0.3333333333333333,0.5,,8.0,,,0,,good_count,6.0,42.0,,,,,,,,,,,,,,,,,,,42,paper\main_text_experiments\runs\ratio_downstream_5k\ratio_0p01_seed_42,0.01,50,5000
mscoco,typiclust_dense,market_typiclust_select,242,50,19,0.38,3.0336132049560547,-3.0336132049560547,0.0001987433497561,0.003864477854222,0,baseline_feature,0,0,1,5000,28000,1000,1.1260383129119873,top_quantile,0.2044814000000769,0.81957853125,0.3333333333333333,0.5,,12.0,,,0,,good_count,19.0,38.0,,,,,,,,,,,,,,,,,,,42,paper\main_text_experiments\runs\ratio_downstream_5k\ratio_0p01_seed_42,0.01,50,5000
mscoco,typiclust_dense,ours_kernel_ridge_student,242,50,41,0.82,4.713738441467285,-4.713738441467285,0.0002781510411296,0.0066235084086656,0,online_student,0,0,1,5000,28000,1000,1.1260383129119873,top_quantile,0.216873399999713,0.81936375,0.3333333333333333,0.5,,16.0,,8.0,1,ours_student_row_ctpt,good_count,41.0,24.0,10000.0,64.0,4.0,92931.597765,53.80301340178943,53.80903000000001,107.61806,92931.597765,92931.597765,705941.0,192.0,0.0,192.0,192.0,10000.0,1.0,1.0,1.0,42,paper\main_text_experiments\runs\ratio_downstream_5k\ratio_0p01_seed_42,0.01,50,5000
mscoco,typiclust_dense,ours_sample_package_krr,242,50,41,0.82,4.713738441467285,-4.713738441467285,0.0002781510411296,0.0066235084086656,0,online_student,0,1,4,1250,28000,1000,1.1260383129119873,top_quantile,0.2023841999998694,0.818511375,0.3333333333333333,0.5,,16.0,,8.0,1,ours_student_pkg_ctpt,good_count,41.0,24.0,10000.0,64.0,4.0,1786105.677236,2.799386432575201,2.80927,5.61854,1786105.677236,446526.419309,235320.0,10.0,0.0,10.0,10.0,2500.0,4.0,1.0,1.0,42,paper\main_text_experiments\runs\ratio_downstream_5k\ratio_0p01_seed_42,0.01,50,5000
mscoco,kmeans_center,market_random_select,242,50,8,0.16,0.373412013053894,-0.373412013053894,5.395412517827936e-05,0.0004383385239634,1,baseline_feature,0,0,1,5000,28000,1000,1.1260383129119873,top_quantile,0.1950437999998939,0.8327623749999999,0.3333333333333333,0.5,2.0,38.0,,1.0,0,,good_count,8.0,9.0,,,,,,,,,,,,,,,,,,,42,paper\main_text_experiments\runs\ratio_downstream_5k\ratio_0p01_seed_42,0.01,50,5000
mscoco,kmeans_center,market_cosine_select,242,50,50,1.0,3.1067731380462646,-3.1067731380462646,5.290627450449392e-05,0.0113657061010599,0,baseline_feature,0,0,1,5000,28000,1000,1.1260383129119873,top_quantile,0.1946232000000236,0.8130019374999999,0.3333333333333333,0.5,,,,,0,,good_count,50.0,,,,,,,,,,,,,,,,,,21.0,29.0,42,paper\main_text_experiments\runs\ratio_downstream_5k\ratio_0p01_seed_42,0.01,50,5000
mscoco,kmeans_center,market_coreset_select,242,50,10,0.2,-0.5095295906066895,0.5095295906066895,-8.61763965076534e-06,1.8797576558426957e-05,0,baseline_feature,0,0,1,5000,28000,1000,1.1260383129119873,top_quantile,0.3103713000000425,0.8843325625,0.3333333333333333,0.5,41.0,,6.0,,0,,good_count,10.0,,,,,,,,,,,,,,,,,,,3.0,42,paper\main_text_experiments\runs\ratio_downstream_5k\ratio_0p01_seed_42,0.01,50,5000
mscoco,kmeans_center,market_badge_select,242,50,17,0.34,0.0960172936320304,-0.0960172936320304,2.24947939386766e-06,0.0018908947240561,0,baseline_model_based,1,0,1,5000,28000,1000,1.1260383129119873,top_quantile,0.2010715999999774,0.87696046875,0.3333333333333333,0.5,34.0,,6.0,,0,,good_count,17.0,,,,,,,,,,,,,,,,,,3.0,7.0,42,paper\main_text_experiments\runs\ratio_downstream_5k\ratio_0p01_seed_42,0.01,50,5000
mscoco,kmeans_center,market_kmeans_center_select,242,50,6,0.12,2.0422229766845703,-2.0422229766845703,0.0001354312844341,0.0030500376597046,1,baseline_feature,0,0,1,5000,28000,1000,1.1260383129119873,top_quantile,0.1978317000002789,0.7784338437499999,0.3333333333333333,0.5,,41.0,,,0,,good_count,6.0,9.0,,,,,,,,,,,,,,,,,,,42,paper\main_text_experiments\runs\ratio_downstream_5k\ratio_0p01_seed_42,0.01,50,5000
mscoco,kmeans_center,market_typiclust_select,242,50,21,0.42,3.136242628097534,-3.136242628097534,0.0002044653956545,0.0039899260737001,0,baseline_feature,0,0,1,5000,28000,1000,1.1260383129119873,top_quantile,0.2039102999997339,0.84000809375,0.3333333333333333,0.5,,35.0,,,0,,good_count,21.0,14.0,,,,,,,,,,,,,,,,,1.0,,42,paper\main_text_experiments\runs\ratio_downstream_5k\ratio_0p01_seed_42,0.01,50,5000
mscoco,kmeans_center,ours_kernel_ridge_student,242,50,41,0.82,4.715546131134033,-4.715546131134033,0.0002779817441478,0.0066390680149197,0,online_student,0,0,1,5000,28000,1000,1.1260383129119873,top_quantile,0.1961268999998537,0.8239730937499999,0.3333333333333333,0.5,,26.0,,7.0,1,ours_student_row_ctpt,good_count,41.0,15.0,10000.0,64.0,4.0,92931.597765,53.80301340178943,53.80903000000001,107.61806,92931.597765,92931.597765,705941.0,192.0,0.0,192.0,192.0,10000.0,1.0,1.0,1.0,42,paper\main_text_experiments\runs\ratio_downstream_5k\ratio_0p01_seed_42,0.01,50,5000
mscoco,kmeans_center,ours_sample_package_krr,242,50,41,0.82,4.715546131134033,-4.715546131134033,0.0002779817441478,0.0066390680149197,0,online_student,0,1,4,1250,28000,1000,1.1260383129119873,top_quantile,0.2061085999998795,0.817623375,0.3333333333333333,0.5,,26.0,,7.0,1,ours_student_pkg_ctpt,good_count,41.0,15.0,10000.0,64.0,4.0,1786105.677236,2.799386432575201,2.80927,5.61854,1786105.677236,446526.419309,235320.0,10.0,0.0,10.0,10.0,2500.0,4.0,1.0,1.0,42,paper\main_text_experiments\runs\ratio_downstream_5k\ratio_0p01_seed_42,0.01,50,5000
mscoco,uncertainty_badge,market_random_select,242,50,8,0.16,0.556006133556366,-0.556006133556366,5.650282037095167e-05,0.0010388415539637,1,baseline_feature,0,0,1,5000,28000,1000,1.1260383129119873,top_quantile,0.2010584999998173,0.8484236249999999,0.3333333333333333,0.5,6.0,2.0,,36.0,0,,good_count,8.0,4.0,,,,,,,,,,,,,,,,,2.0,,42,paper\main_text_experiments\runs\ratio_downstream_5k\ratio_0p01_seed_42,0.01,50,5000
mscoco,uncertainty_badge,market_cosine_select,242,50,0,0.0,-1.7227226495742798,1.7227226495742798,-3.1106472306419164e-05,-0.0036964435130357,1,baseline_feature,0,0,1,5000,28000,1000,1.1260383129119873,top_quantile,0.1988257000002704,0.81307471875,0.3333333333333333,0.5,,,,,0,,good_count,0.0,,,,,,,,,,,,,,,,,,50.0,,42,paper\main_text_experiments\runs\ratio_downstream_5k\ratio_0p01_seed_42,0.01,50,5000
mscoco,uncertainty_badge,market_coreset_select,242,50,0,0.0,-1.09353768825531,1.09353768825531,-1.8974542399519123e-05,-0.0017928252927958,1,baseline_feature,0,0,1,5000,28000,1000,1.1260383129119873,top_quantile,0.2287978999997904,0.88040565625,0.3333333333333333,0.5,47.0,,,,0,,good_count,0.0,,,,,,,,,,,,,,,,,,3.0,,42,paper\main_text_experiments\runs\ratio_downstream_5k\ratio_0p01_seed_42,0.01,50,5000
mscoco,uncertainty_badge,market_badge_select,242,50,0,0.0,-1.1108269691467283,1.1108269691467283,6.984472292970168e-06,-0.0031450223177671,1,baseline_model_based,1,0,1,5000,28000,1000,1.1260383129119873,top_quantile,0.1970842999999149,0.88267625,0.3333333333333333,0.5,20.0,,,,0,,good_count,0.0,,,,,,,,,,,,,,,,,,30.0,,42,paper\main_text_experiments\runs\ratio_downstream_5k\ratio_0p01_seed_42,0.01,50,5000
mscoco,uncertainty_badge,market_kmeans_center_select,242,50,50,1.0,4.1393232345581055,-4.1393232345581055,0.0002767527184914,0.0044071455486118,0,baseline_feature,0,0,1,5000,28000,1000,1.1260383129119873,top_quantile,0.1984747000001334,0.8194555937499999,0.3333333333333333,0.5,,14.0,,,0,,good_count,50.0,36.0,,,,,,,,,,,,,,,,,,,42,paper\main_text_experiments\runs\ratio_downstream_5k\ratio_0p01_seed_42,0.01,50,5000
mscoco,uncertainty_badge,market_typiclust_select,242,50,50,1.0,4.916419982910156,-4.916419982910156,0.0003416061517782,0.0042927418835461,0,baseline_feature,0,0,1,5000,28000,1000,1.1260383129119873,top_quantile,0.1974662000002354,0.8245454375,0.3333333333333333,0.5,,21.0,,,0,,good_count,50.0,29.0,,,,,,,,,,,,,,,,,,,42,paper\main_text_experiments\runs\ratio_downstream_5k\ratio_0p01_seed_42,0.01,50,5000
mscoco,uncertainty_badge,ours_kernel_ridge_student,242,50,46,0.92,4.830690383911133,-4.830690383911133,0.0002946090826299,0.0062751593068242,0,online_student,0,0,1,5000,28000,1000,1.1260383129119873,top_quantile,0.1972580999999991,0.8118595,0.3333333333333333,0.5,,21.0,,10.0,1,ours_student_row_ctpt,good_count,46.0,19.0,10000.0,64.0,4.0,92931.597765,53.80301340178943,53.80903000000001,107.61806,92931.597765,92931.597765,705941.0,192.0,0.0,192.0,192.0,10000.0,1.0,,,42,paper\main_text_experiments\runs\ratio_downstream_5k\ratio_0p01_seed_42,0.01,50,5000
mscoco,uncertainty_badge,ours_sample_package_krr,242,50,46,0.92,4.830690383911133,-4.830690383911133,0.0002946090826299,0.0062751593068242,0,online_student,0,1,4,1250,28000,1000,1.1260383129119873,top_quantile,0.2019600000003265,0.8140066562499999,0.3333333333333333,0.5,,21.0,,10.0,1,ours_student_pkg_ctpt,good_count,46.0,19.0,10000.0,64.0,4.0,1786105.677236,2.799386432575201,2.80927,5.61854,1786105.677236,446526.419309,235320.0,10.0,0.0,10.0,10.0,2500.0,4.0,,,42,paper\main_text_experiments\runs\ratio_downstream_5k\ratio_0p01_seed_42,0.01,50,5000
mscoco,cosine,market_random_select,242,50,8,0.16,0.1693528890609741,-0.1693528890609741,1.591563159308862e-05,0.0015070340596139,1,baseline_feature,0,0,1,5000,28000,1000,1.1260383129119873,top_quantile,0.2611818999998831,0.84064015625,0.3333333333333333,0.5,,6.0,,3.0,0,,good_count,8.0,7.0,,,,,,,,,,,,,,,,,34.0,,42,paper\main_text_experiments\runs\ratio_downstream_5k\ratio_0p01_seed_42,0.01,50,5000
mscoco,cosine,market_cosine_select,242,50,0,0.0,0.8363646864891052,-0.8363646864891052,-1.9984245227533396e-05,0.0059358342550694,1,baseline_feature,0,0,1,5000,28000,1000,1.1260383129119873,top_quantile,0.1973721000003934,0.8007110937499999,0.3333333333333333,0.5,,,,,0,,good_count,0.0,,,,,,,,,,,,,,,,,,50.0,,42,paper\main_text_experiments\runs\ratio_downstream_5k\ratio_0p01_seed_42,0.01,50,5000
mscoco,cosine,market_coreset_select,242,50,12,0.24,0.439391553401947,-0.439391553401947,4.7585963329765946e-05,0.0010156991193071,0,baseline_feature,0,0,1,5000,28000,1000,1.1260383129119873,top_quantile,0.2476787000000513,0.8792693125,0.3333333333333333,0.5,7.0,,5.0,,0,,good_count,12.0,,,,,,,,,,,,,,,,,,38.0,,42,paper\main_text_experiments\runs\ratio_downstream_5k\ratio_0p01_seed_42,0.01,50,5000
mscoco,cosine,market_badge_select,242,50,5,0.1,-0.4557964205741882,0.4557964205741882,1.7305612345808186e-05,-0.0010490448912605,1,baseline_model_based,1,0,1,5000,28000,1000,1.1260383129119873,top_quantile,0.208437799999956,0.8799473437499998,0.3333333333333333,0.5,,,5.0,,0,,good_count,5.0,,,,,,,,,,,,,,,,,,45.0,,42,paper\main_text_experiments\runs\ratio_downstream_5k\ratio_0p01_seed_42,0.01,50,5000
mscoco,cosine,market_kmeans_center_select,242,50,42,0.84,3.488743543624878,-3.488743543624878,0.0002246451331302,0.0043947850354015,0,baseline_feature,0,0,1,5000,28000,1000,1.1260383129119873,top_quantile,0.1980985000000146,0.81752578125,0.3333333333333333,0.5,,16.0,,,0,,good_count,42.0,28.0,,,,,,,,,,,,,,,,,6.0,,42,paper\main_text_experiments\runs\ratio_downstream_5k\ratio_0p01_seed_42,0.01,50,5000
mscoco,cosine,market_typiclust_select,242,50,46,0.92,4.687562942504883,-4.687562942504883,0.0003150093543808,0.0046970965340733,0,baseline_feature,0,0,1,5000,28000,1000,1.1260383129119873,top_quantile,0.2073036000001593,0.8252165312500002,0.3333333333333333,0.5,,21.0,,,0,,good_count,46.0,25.0,,,,,,,,,,,,,,,,,4.0,,42,paper\main_text_experiments\runs\ratio_downstream_5k\ratio_0p01_seed_42,0.01,50,5000
mscoco,cosine,ours_kernel_ridge_student,242,50,49,0.98,4.921731472015381,-4.921731472015381,0.0003004240861628,0.0063499007374048,0,online_student,0,0,1,5000,28000,1000,1.1260383129119873,top_quantile,0.1973005999998349,0.8091721250000001,0.3333333333333333,0.5,,23.0,,6.0,1,ours_student_row_ctpt,good_count,49.0,20.0,10000.0,64.0,4.0,92931.597765,53.80301340178943,53.80903000000001,107.61806,92931.597765,92931.597765,705941.0,192.0,0.0,192.0,192.0,10000.0,1.0,1.0,,42,paper\main_text_experiments\runs\ratio_downstream_5k\ratio_0p01_seed_42,0.01,50,5000
mscoco,cosine,ours_sample_package_krr,242,50,49,0.98,4.921731472015381,-4.921731472015381,0.0003004240861628,0.0063499007374048,0,online_student,0,1,4,1250,28000,1000,1.1260383129119873,top_quantile,0.1940048999999817,0.8180023750000001,0.3333333333333333,0.5,,23.0,,6.0,1,ours_student_pkg_ctpt,good_count,49.0,20.0,10000.0,64.0,4.0,1786105.677236,2.799386432575201,2.80927,5.61854,1786105.677236,446526.419309,235320.0,10.0,0.0,10.0,10.0,2500.0,4.0,1.0,,42,paper\main_text_experiments\runs\ratio_downstream_5k\ratio_0p01_seed_42,0.01,50,5000
mscoco,all_average,market_random_select,242,50,8,0.16,-0.5299422740936279,0.5299422740936279,-2.443790378947597e-07,-0.0004763921024277,1,baseline_feature,0,0,1,5000,28000,1000,1.1260383129119873,top_quantile,0.2062564000002567,0.8413257500000001,0.3333333333333333,0.5,6.0,13.0,9.0,3.0,0,,good_count,8.0,12.0,,,,,,,,,,,,,,,,,7.0,,42,paper\main_text_experiments\runs\ratio_downstream_5k\ratio_0p01_seed_42,0.01,50,5000
mscoco,all_average,market_cosine_select,242,50,0,0.0,-0.8834190368652344,0.8834190368652344,-0.0001078808272723,0.0034386974293738,1,baseline_feature,0,0,1,5000,28000,1000,1.1260383129119873,top_quantile,0.1407423000000562,0.6015877187500001,0.3333333333333333,0.5,,,,,0,,good_count,0.0,,,,,,,,,,,,,,,,,,50.0,,42,paper\main_text_experiments\runs\ratio_downstream_5k\ratio_0p01_seed_42,0.01,50,5000
mscoco,all_average,market_coreset_select,242,50,0,0.0,-1.4030505418777466,1.4030505418777466,-0.0001121389868785,0.0015816963277757,1,baseline_feature,0,0,1,5000,28000,1000,1.1260383129119873,top_quantile,0.2588322999999946,0.8707804375000001,0.3333333333333333,0.5,,,50.0,,0,,good_count,0.0,,,,,,,,,,,,,,,,,,,,42,paper\main_text_experiments\runs\ratio_downstream_5k\ratio_0p01_seed_42,0.01,50,5000
mscoco,all_average,market_badge_select,242,50,0,0.0,-1.3793377876281738,1.3793377876281738,-9.92774948826991e-05,0.0010401783511042,1,baseline_model_based,1,0,1,5000,28000,1000,1.1260383129119873,top_quantile,0.1974049999998897,0.8747756874999999,0.3333333333333333,0.5,,,50.0,,0,,good_count,0.0,,,,,,,,,,,,,,,,,,,,42,paper\main_text_experiments\runs\ratio_downstream_5k\ratio_0p01_seed_42,0.01,50,5000
mscoco,all_average,market_kmeans_center_select,242,50,9,0.18,0.5659949779510498,-0.5659949779510498,6.0893296904396266e-05,0.0008615218685008,1,baseline_feature,0,0,1,5000,28000,1000,1.1260383129119873,top_quantile,0.2043659999999363,0.85353715625,0.3333333333333333,0.5,,21.0,,,0,,good_count,9.0,28.0,,,,,,,,,,,,,,,,,1.0,,42,paper\main_text_experiments\runs\ratio_downstream_5k\ratio_0p01_seed_42,0.01,50,5000
mscoco,all_average,market_typiclust_select,242,50,20,0.4,2.224296808242798,-2.224296808242798,0.0001609516184544,0.0025127597618848,0,baseline_feature,0,0,1,5000,28000,1000,1.1260383129119873,top_quantile,0.1960779000000911,0.8502815625,0.3333333333333333,0.5,,21.0,,,0,,good_count,20.0,28.0,,,,,,,,,,,,,,,,,1.0,,42,paper\main_text_experiments\runs\ratio_downstream_5k\ratio_0p01_seed_42,0.01,50,5000
mscoco,all_average,ours_kernel_ridge_student,242,50,50,1.0,5.069585800170898,-5.069585800170898,0.0003097486624028,0.0064771859906613,0,online_student,0,0,1,5000,28000,1000,1.1260383129119873,top_quantile,0.2015464999999494,0.81558484375,0.3333333333333333,0.5,,22.0,,10.0,1,ours_student_row_ctpt,good_count,50.0,18.0,10000.0,64.0,4.0,92931.597765,53.80301340178943,53.80903000000001,107.61806,92931.597765,92931.597765,705941.0,192.0,0.0,192.0,192.0,10000.0,1.0,,,42,paper\main_text_experiments\runs\ratio_downstream_5k\ratio_0p01_seed_42,0.01,50,5000
mscoco,all_average,ours_sample_package_krr,242,50,50,1.0,5.069585800170898,-5.069585800170898,0.0003097486624028,0.0064771859906613,0,online_student,0,1,4,1250,28000,1000,1.1260383129119873,top_quantile,0.2573217999997723,0.819171375,0.3333333333333333,0.5,,22.0,,10.0,1,ours_student_pkg_ctpt,good_count,50.0,18.0,10000.0,64.0,4.0,1786105.677236,2.799386432575201,2.80927,5.61854,1786105.677236,446526.419309,235320.0,10.0,0.0,10.0,10.0,2500.0,4.0,,,42,paper\main_text_experiments\runs\ratio_downstream_5k\ratio_0p01_seed_42,0.01,50,5000
hateful_memes,noise,market_random_select,43,50,7,0.14,-0.470880776643753,0.470880776643753,-6.0750244301743805e-05,0.0092355562373995,1,baseline_feature,0,0,1,5000,28000,1000,1.0231167078018188,top_quantile,0.1030538999998498,0.5135415139296187,0.3697478991596639,0.5866666666666667,5.0,4.0,32.0,6.0,0,,good_count,7.0,3.0,,,,,,,,,,,,,,,,,,,43,paper\main_text_experiments\runs\ratio_downstream_5k\ratio_0p01_seed_43,0.01,50,5000
hateful_memes,noise,market_cosine_select,43,50,3,0.06,-1.1947804689407349,1.1947804689407349,-5.05268581036944e-05,-0.0197921488434076,1,baseline_feature,0,0,1,5000,28000,1000,1.0231167078018188,top_quantile,0.1015248999997311,0.5327472049120235,0.3697478991596639,0.5866666666666667,,,,50.0,0,,good_count,3.0,,,,,,,,,,,,,,,,,,,,43,paper\main_text_experiments\runs\ratio_downstream_5k\ratio_0p01_seed_43,0.01,50,5000
hateful_memes,noise,market_coreset_select,43,50,0,0.0,-0.6824005246162415,0.6824005246162415,-9.095310815609992e-05,0.009869304485619,1,baseline_feature,0,0,1,5000,28000,1000,1.0231167078018188,top_quantile,0.2084799999997812,0.5065812866568915,0.3697478991596639,0.5866666666666667,,,50.0,,0,,good_count,0.0,,,,,,,,,,,,,,,,,,,,43,paper\main_text_experiments\runs\ratio_downstream_5k\ratio_0p01_seed_43,0.01,50,5000
hateful_memes,noise,market_badge_select,43,50,0,0.0,-0.7208418250083923,0.7208418250083923,-9.619235788704827e-05,0.0099158808588981,1,baseline_model_based,1,0,1,5000,28000,1000,1.0231167078018188,top_quantile,0.1641994000001432,0.5589186217008798,0.3697478991596639,0.5866666666666667,,,50.0,,0,,good_count,0.0,,,,,,,,,,,,,,,,,,,,43,paper\main_text_experiments\runs\ratio_downstream_5k\ratio_0p01_seed_43,0.01,50,5000
hateful_memes,noise,market_kmeans_center_select,43,50,42,0.84,2.1123242378234863,-2.1123242378234863,0.0001921415387187,0.0333447121083736,0,baseline_feature,0,0,1,5000,28000,1000,1.0231167078018188,top_quantile,0.1348423999997976,0.4727336876832845,0.3697478991596639,0.5866666666666667,,19.0,1.0,9.0,0,,good_count,42.0,21.0,,,,,,,,,,,,,,,,,,,43,paper\main_text_experiments\runs\ratio_downstream_5k\ratio_0p01_seed_43,0.01,50,5000
hateful_memes,noise,market_typiclust_select,43,50,38,0.76,1.700299859046936,-1.700299859046936,0.0001714622922008,0.0241004899144172,0,baseline_feature,0,0,1,5000,28000,1000,1.0231167078018188,top_quantile,0.0948484999998982,0.5256557001466275,0.3697478991596639,0.5866666666666667,,18.0,,14.0,0,,good_count,38.0,18.0,,,,,,,,,,,,,,,,,,,43,paper\main_text_experiments\runs\ratio_downstream_5k\ratio_0p01_seed_43,0.01,50,5000
hateful_memes,noise,ours_kernel_ridge_student,43,50,49,0.98,3.094080209732056,-3.094080209732056,0.0002821958041749,0.044171318411827,0,online_student,0,0,1,5000,28000,1000,1.0231167078018188,top_quantile,0.0989205000000765,0.5340180535190615,0.3697478991596639,0.5866666666666667,,19.0,,5.0,1,ours_student_row_ctpt,good_count,49.0,26.0,10000.0,64.0,4.0,92931.597765,53.80301340178943,53.80903000000001,107.61806,92931.597765,92931.597765,705941.0,192.0,0.0,192.0,192.0,10000.0,1.0,,,43,paper\main_text_experiments\runs\ratio_downstream_5k\ratio_0p01_seed_43,0.01,50,5000
hateful_memes,noise,ours_sample_package_krr,43,50,49,0.98,3.094080209732056,-3.094080209732056,0.0002821958041749,0.044171318411827,0,online_student,0,1,4,1250,28000,1000,1.0231167078018188,top_quantile,0.1617299000004095,0.5755381689882698,0.3697478991596639,0.5866666666666667,,19.0,,5.0,1,ours_student_pkg_ctpt,good_count,49.0,26.0,10000.0,64.0,4.0,1786105.677236,2.799386432575201,2.80927,5.61854,1786105.677236,446526.419309,235320.0,10.0,0.0,10.0,10.0,2500.0,4.0,,,43,paper\main_text_experiments\runs\ratio_downstream_5k\ratio_0p01_seed_43,0.01,50,5000
hateful_memes,coreset_far_wrong,market_random_select,43,50,7,0.14,-0.2378988116979599,0.2378988116979599,-1.3443231182463933e-05,0.0046816123649477,1,baseline_feature,0,0,1,5000,28000,1000,1.0231167078018188,top_quantile,0.1140786000000844,0.5283424211876833,0.3697478991596639,0.5866666666666667,32.0,4.0,5.0,6.0,0,,good_count,7.0,3.0,,,,,,,,,,,,,,,,,,,43,paper\main_text_experiments\runs\ratio_downstream_5k\ratio_0p01_seed_43,0.01,50,5000
hateful_memes,coreset_far_wrong,market_cosine_select,43,50,3,0.06,-1.1947804689407349,1.1947804689407349,-5.05268581036944e-05,-0.0197921488434076,1,baseline_feature,0,0,1,5000,28000,1000,1.0231167078018188,top_quantile,0.0965891000000738,0.5327472049120235,0.3697478991596639,0.5866666666666667,,,,50.0,0,,good_count,3.0,,,,,,,,,,,,,,,,,,,,43,paper\main_text_experiments\runs\ratio_downstream_5k\ratio_0p01_seed_43,0.01,50,5000
hateful_memes,coreset_far_wrong,market_coreset_select,43,50,0,0.0,-1.6356077194213867,1.6356077194213867,-0.000254318700172,0.020211337134242,1,baseline_feature,0,0,1,5000,28000,1000,1.0231167078018188,top_quantile,0.13766140000007,0.4814793346774194,0.3697478991596639,0.5866666666666667,,,50.0,,0,,good_count,0.0,,,,,,,,,,,,,,,,,,,,43,paper\main_text_experiments\runs\ratio_downstream_5k\ratio_0p01_seed_43,0.01,50,5000
hateful_memes,coreset_far_wrong,market_badge_select,43,50,0,0.0,-1.6392022371292114,1.6392022371292114,-0.0002501404378563,0.0189335979521274,1,baseline_model_based,1,0,1,5000,28000,1000,1.0231167078018188,top_quantile,0.2105295000001206,0.5565771627565983,0.3697478991596639,0.5866666666666667,,,50.0,,0,,good_count,0.0,,,,,,,,,,,,,,,,,,,,43,paper\main_text_experiments\runs\ratio_downstream_5k\ratio_0p01_seed_43,0.01,50,5000
hateful_memes,coreset_far_wrong,market_kmeans_center_select,43,50,42,0.84,2.1123242378234863,-2.1123242378234863,0.0001921415387187,0.0333447121083736,0,baseline_feature,0,0,1,5000,28000,1000,1.0231167078018188,top_quantile,0.1352923999993436,0.4727336876832845,0.3697478991596639,0.5866666666666667,,19.0,1.0,9.0,0,,good_count,42.0,21.0,,,,,,,,,,,,,,,,,,,43,paper\main_text_experiments\runs\ratio_downstream_5k\ratio_0p01_seed_43,0.01,50,5000
hateful_memes,coreset_far_wrong,market_typiclust_select,43,50,38,0.76,1.700299859046936,-1.700299859046936,0.0001714622922008,0.0241004899144172,0,baseline_feature,0,0,1,5000,28000,1000,1.0231167078018188,top_quantile,0.0976547000000209,0.5256557001466275,0.3697478991596639,0.5866666666666667,,18.0,,14.0,0,,good_count,38.0,18.0,,,,,,,,,,,,,,,,,,,43,paper\main_text_experiments\runs\ratio_downstream_5k\ratio_0p01_seed_43,0.01,50,5000
hateful_memes,coreset_far_wrong,ours_kernel_ridge_student,43,50,49,0.98,3.094080209732056,-3.094080209732056,0.0002821958041749,0.044171318411827,0,online_student,0,0,1,5000,28000,1000,1.0231167078018188,top_quantile,0.0949236000005839,0.5340180535190615,0.3697478991596639,0.5866666666666667,,19.0,,5.0,1,ours_student_row_ctpt,good_count,49.0,26.0,10000.0,64.0,4.0,92931.597765,53.80301340178943,53.80903000000001,107.61806,92931.597765,92931.597765,705941.0,192.0,0.0,192.0,192.0,10000.0,1.0,,,43,paper\main_text_experiments\runs\ratio_downstream_5k\ratio_0p01_seed_43,0.01,50,5000
hateful_memes,coreset_far_wrong,ours_sample_package_krr,43,50,49,0.98,3.094080209732056,-3.094080209732056,0.0002821958041749,0.044171318411827,0,online_student,0,1,4,1250,28000,1000,1.0231167078018188,top_quantile,0.1509833999998591,0.5755381689882698,0.3697478991596639,0.5866666666666667,,19.0,,5.0,1,ours_student_pkg_ctpt,good_count,49.0,26.0,10000.0,64.0,4.0,1786105.677236,2.799386432575201,2.80927,5.61854,1786105.677236,446526.419309,235320.0,10.0,0.0,10.0,10.0,2500.0,4.0,,,43,paper\main_text_experiments\runs\ratio_downstream_5k\ratio_0p01_seed_43,0.01,50,5000
hateful_memes,typiclust_dense,market_random_select,43,50,7,0.14,-0.2656872272491455,0.2656872272491455,1.6788244465715252e-05,-0.0046278159134089,1,baseline_feature,0,0,1,5000,28000,1000,1.0231167078018188,top_quantile,0.1179588000004514,0.5330189241202347,0.3697478991596639,0.5866666666666667,,8.0,1.0,1.0,0,,good_count,7.0,34.0,,,,,,,,,,,,,,,,,6.0,,43,paper\main_text_experiments\runs\ratio_downstream_5k\ratio_0p01_seed_43,0.01,50,5000
hateful_memes,typiclust_dense,market_cosine_select,43,50,2,0.04,-1.0889776945114136,1.0889776945114136,-3.260374069213867e-05,-0.0208824295550584,1,baseline_feature,0,0,1,5000,28000,1000,1.0231167078018188,top_quantile,0.0962416000002122,0.5385401392961877,0.3697478991596639,0.5866666666666667,,,,,0,,good_count,2.0,,,,,,,,,,,,,,,,,,48.0,2.0,43,paper\main_text_experiments\runs\ratio_downstream_5k\ratio_0p01_seed_43,0.01,50,5000
hateful_memes,typiclust_dense,market_coreset_select,43,50,32,0.64,1.2480974197387695,-1.2480974197387695,0.00028705119621,-0.024024361744523,0,baseline_feature,0,0,1,5000,28000,1000,1.0231167078018188,top_quantile,0.2440649000000121,0.5051388379765396,0.3697478991596639,0.5866666666666667,1.0,,31.0,,0,,good_count,32.0,,,,,,,,,,,,,,,,,,18.0,,43,paper\main_text_experiments\runs\ratio_downstream_5k\ratio_0p01_seed_43,0.01,50,5000
hateful_memes,typiclust_dense,market_badge_select,43,50,31,0.62,1.2115144729614258,-1.2115144729614258,0.0002882718981709,-0.0256846696138381,0,baseline_model_based,1,0,1,5000,28000,1000,1.0231167078018188,top_quantile,0.1187791000002107,0.5340395894428153,0.3697478991596639,0.5866666666666667,,,31.0,,0,,good_count,31.0,,,,,,,,,,,,,,,,,,19.0,,43,paper\main_text_experiments\runs\ratio_downstream_5k\ratio_0p01_seed_43,0.01,50,5000
hateful_memes,typiclust_dense,market_kmeans_center_select,43,50,0,0.0,-0.8831726312637329,0.8831726312637329,-1.9356011762283742e-05,-0.0170665215700864,1,baseline_feature,0,0,1,5000,28000,1000,1.0231167078018188,top_quantile,0.1496653999993213,0.490727181085044,0.3697478991596639,0.5866666666666667,,17.0,,,0,,good_count,0.0,33.0,,,,,,,,,,,,,,,,,,,43,paper\main_text_experiments\runs\ratio_downstream_5k\ratio_0p01_seed_43,0.01,50,5000
hateful_memes,typiclust_dense,market_typiclust_select,43,50,0,0.0,-0.9230153560638428,0.9230153560638428,-1.2967586371814832e-05,-0.0202641896903514,1,baseline_feature,0,0,1,5000,28000,1000,1.0231167078018188,top_quantile,0.154262000000017,0.5419144061583577,0.3697478991596639,0.5866666666666667,,18.0,,,0,,good_count,0.0,24.0,,,,,,,,,,,,,,,,,8.0,,43,paper\main_text_experiments\runs\ratio_downstream_5k\ratio_0p01_seed_43,0.01,50,5000
hateful_memes,typiclust_dense,ours_kernel_ridge_student,43,50,24,0.48,2.464914321899414,-2.464914321899414,0.000206943746889,0.0420502983033657,0,online_student,0,0,1,5000,28000,1000,1.0231167078018188,top_quantile,0.0953857000004063,0.5264500091642229,0.3697478991596639,0.5866666666666667,,10.0,,4.0,1,ours_student_row_ctpt,good_count,24.0,36.0,10000.0,64.0,4.0,92931.597765,53.80301340178943,53.80903000000001,107.61806,92931.597765,92931.597765,705941.0,192.0,0.0,192.0,192.0,10000.0,1.0,,,43,paper\main_text_experiments\runs\ratio_downstream_5k\ratio_0p01_seed_43,0.01,50,5000
hateful_memes,typiclust_dense,ours_sample_package_krr,43,50,24,0.48,2.464914321899414,-2.464914321899414,0.000206943746889,0.0420502983033657,0,online_student,0,1,4,1250,28000,1000,1.0231167078018188,top_quantile,0.1549066999996284,0.5748517686950148,0.3697478991596639,0.5866666666666667,,10.0,,4.0,1,ours_student_pkg_ctpt,good_count,24.0,36.0,10000.0,64.0,4.0,1786105.677236,2.799386432575201,2.80927,5.61854,1786105.677236,446526.419309,235320.0,10.0,0.0,10.0,10.0,2500.0,4.0,,,43,paper\main_text_experiments\runs\ratio_downstream_5k\ratio_0p01_seed_43,0.01,50,5000
hateful_memes,kmeans_center,market_random_select,43,50,7,0.14,-0.2536409795284271,0.2536409795284271,2.500772461644374e-05,-0.0064489371143281,1,baseline_feature,0,0,1,5000,28000,1000,1.0231167078018188,top_quantile,0.1153348999996524,0.5314206836510265,0.3697478991596639,0.5866666666666667,6.0,37.0,,,0,,good_count,7.0,7.0,,,,,,,,,,,,,,,,,,,43,paper\main_text_experiments\runs\ratio_downstream_5k\ratio_0p01_seed_43,0.01,50,5000
hateful_memes,kmeans_center,market_cosine_select,43,50,49,0.98,2.8136589527130127,-2.8136589527130127,0.0002606833004392,0.0399226695299148,0,baseline_feature,0,0,1,5000,28000,1000,1.0231167078018188,top_quantile,0.1485537999997177,0.5607361162023461,0.3697478991596639,0.5866666666666667,,1.0,,44.0,0,,good_count,49.0,,,,,,,,,,,,,,,,,,3.0,2.0,43,paper\main_text_experiments\runs\ratio_downstream_5k\ratio_0p01_seed_43,0.01,50,5000
hateful_memes,kmeans_center,market_coreset_select,43,50,32,0.64,1.2767621278762815,-1.2767621278762815,0.0002849376178346,-0.0224056299775838,0,baseline_feature,0,0,1,5000,28000,1000,1.0231167078018188,top_quantile,0.1862981000003856,0.4957911015395894,0.3697478991596639,0.5866666666666667,18.0,,31.0,,0,,good_count,32.0,,,,,,,,,,,,,,,,,,1.0,,43,paper\main_text_experiments\runs\ratio_downstream_5k\ratio_0p01_seed_43,0.01,50,5000
hateful_memes,kmeans_center,market_badge_select,43,50,33,0.66,1.3593683242797852,-1.3593683242797852,0.0002904975553974,-0.0209406111389398,0,baseline_model_based,1,0,1,5000,28000,1000,1.0231167078018188,top_quantile,0.1245604999994611,0.5445108596041056,0.3697478991596639,0.5866666666666667,17.0,,31.0,,0,,good_count,33.0,,,,,,,,,,,,,,,,,,1.0,1.0,43,paper\main_text_experiments\runs\ratio_downstream_5k\ratio_0p01_seed_43,0.01,50,5000
hateful_memes,kmeans_center,market_kmeans_center_select,43,50,0,0.0,-0.877391517162323,0.877391517162323,-1.8036365872831084e-05,-0.0172195620834827,1,baseline_feature,0,0,1,5000,28000,1000,1.0231167078018188,top_quantile,0.1264905999996699,0.5126821389296188,0.3697478991596639,0.5866666666666667,,31.0,,,0,,good_count,0.0,19.0,,,,,,,,,,,,,,,,,,,43,paper\main_text_experiments\runs\ratio_downstream_5k\ratio_0p01_seed_43,0.01,50,5000
hateful_memes,kmeans_center,market_typiclust_select,43,50,0,0.0,-0.5247834324836731,0.5247834324836731,-6.006956027704291e-06,-0.0077517870813608,1,baseline_feature,0,0,1,5000,28000,1000,1.0231167078018188,top_quantile,0.0992794000003414,0.5190153042521994,0.3697478991596639,0.5866666666666667,,34.0,,,0,,good_count,0.0,16.0,,,,,,,,,,,,,,,,,,,43,paper\main_text_experiments\runs\ratio_downstream_5k\ratio_0p01_seed_43,0.01,50,5000
hateful_memes,kmeans_center,ours_kernel_ridge_student,43,50,22,0.44,2.377616167068481,-2.377616167068481,0.0001960670924745,0.0418755523860454,0,online_student,0,0,1,5000,28000,1000,1.0231167078018188,top_quantile,0.0894011000000318,0.5265368401759531,0.3697478991596639,0.5866666666666667,,37.0,,3.0,1,ours_student_row_ctpt,good_count,22.0,10.0,10000.0,64.0,4.0,92931.597765,53.80301340178943,53.80903000000001,107.61806,92931.597765,92931.597765,705941.0,192.0,0.0,192.0,192.0,10000.0,1.0,,,43,paper\main_text_experiments\runs\ratio_downstream_5k\ratio_0p01_seed_43,0.01,50,5000
hateful_memes,kmeans_center,ours_sample_package_krr,43,50,22,0.44,2.377616167068481,-2.377616167068481,0.0001960670924745,0.0418755523860454,0,online_student,0,1,4,1250,28000,1000,1.0231167078018188,top_quantile,0.1559164999998756,0.5735786290322581,0.3697478991596639,0.5866666666666667,,37.0,,3.0,1,ours_student_pkg_ctpt,good_count,22.0,10.0,10000.0,64.0,4.0,1786105.677236,2.799386432575201,2.80927,5.61854,1786105.677236,446526.419309,235320.0,10.0,0.0,10.0,10.0,2500.0,4.0,,,43,paper\main_text_experiments\runs\ratio_downstream_5k\ratio_0p01_seed_43,0.01,50,5000
hateful_memes,uncertainty_badge,market_random_select,43,50,7,0.14,-0.1688961088657379,0.1688961088657379,5.794763637823053e-06,0.0018972968682646,1,baseline_feature,0,0,1,5000,28000,1000,1.0231167078018188,top_quantile,0.1596131000005698,0.5152822580645161,0.3697478991596639,0.5866666666666667,5.0,4.0,,32.0,0,,good_count,7.0,3.0,,,,,,,,,,,,,,,,,6.0,,43,paper\main_text_experiments\runs\ratio_downstream_5k\ratio_0p01_seed_43,0.01,50,5000
hateful_memes,uncertainty_badge,market_cosine_select,43,50,0,0.0,-0.9775375127792358,0.9775375127792358,-5.371332008508034e-05,-0.0110483933240175,1,baseline_feature,0,0,1,5000,28000,1000,1.0231167078018188,top_quantile,0.0908197999997355,0.539188737170088,0.3697478991596639,0.5866666666666667,,,,,0,,good_count,0.0,,,,,,,,,,,,,,,,,,50.0,,43,paper\main_text_experiments\runs\ratio_downstream_5k\ratio_0p01_seed_43,0.01,50,5000
hateful_memes,uncertainty_badge,market_coreset_select,43,50,0,0.0,-0.9294981956481934,0.9294981956481934,-4.509568316279911e-05,-0.0116751799359917,1,baseline_feature,0,0,1,5000,28000,1000,1.0231167078018188,top_quantile,0.2330999000005249,0.5046613819648094,0.3697478991596639,0.5866666666666667,43.0,,,,0,,good_count,0.0,,,,,,,,,,,,,,,,,,7.0,,43,paper\main_text_experiments\runs\ratio_downstream_5k\ratio_0p01_seed_43,0.01,50,5000
hateful_memes,uncertainty_badge,market_badge_select,43,50,0,0.0,-0.9102982878684998,0.9102982878684998,-3.980517431045882e-05,-0.0124327652156353,1,baseline_model_based,1,0,1,5000,28000,1000,1.0231167078018188,top_quantile,0.1334716999999727,0.5481540964076247,0.3697478991596639,0.5866666666666667,17.0,,,,0,,good_count,0.0,,,,,,,,,,,,,,,,,,33.0,,43,paper\main_text_experiments\runs\ratio_downstream_5k\ratio_0p01_seed_43,0.01,50,5000
hateful_memes,uncertainty_badge,market_kmeans_center_select,43,50,24,0.48,1.4115253686904907,-1.4115253686904907,0.0001205420485348,0.0276259686797857,0,baseline_feature,0,0,1,5000,28000,1000,1.0231167078018188,top_quantile,0.148790100000042,0.5560229563782991,0.3697478991596639,0.5866666666666667,,11.0,,26.0,0,,good_count,24.0,13.0,,,,,,,,,,,,,,,,,,,43,paper\main_text_experiments\runs\ratio_downstream_5k\ratio_0p01_seed_43,0.01,50,5000
hateful_memes,uncertainty_badge,market_typiclust_select,43,50,5,0.1,-0.164445012807846,0.164445012807846,2.222180410171859e-05,-0.0024530868977308,1,baseline_feature,0,0,1,5000,28000,1000,1.0231167078018188,top_quantile,0.1487316000002465,0.5378569464809384,0.3697478991596639,0.5866666666666667,,2.0,,30.0,0,,good_count,5.0,2.0,,,,,,,,,,,,,,,,,16.0,,43,paper\main_text_experiments\runs\ratio_downstream_5k\ratio_0p01_seed_43,0.01,50,5000
hateful_memes,uncertainty_badge,ours_kernel_ridge_student,43,50,37,0.74,2.5045740604400635,-2.5045740604400635,0.0002268230891786,0.0380270332098007,0,online_student,0,0,1,5000,28000,1000,1.0231167078018188,top_quantile,0.1085935999999492,0.5435305168621701,0.3697478991596639,0.5866666666666667,,15.0,,17.0,1,ours_student_row_ctpt,good_count,37.0,18.0,10000.0,64.0,4.0,92931.597765,53.80301340178943,53.80903000000001,107.61806,92931.597765,92931.597765,705941.0,192.0,0.0,192.0,192.0,10000.0,1.0,,,43,paper\main_text_experiments\runs\ratio_downstream_5k\ratio_0p01_seed_43,0.01,50,5000
hateful_memes,uncertainty_badge,ours_sample_package_krr,43,50,37,0.74,2.5045740604400635,-2.5045740604400635,0.0002268230891786,0.0380270332098007,0,online_student,0,1,4,1250,28000,1000,1.0231167078018188,top_quantile,0.149079900000288,0.5753372434017596,0.3697478991596639,0.5866666666666667,,15.0,,17.0,1,ours_student_pkg_ctpt,good_count,37.0,18.0,10000.0,64.0,4.0,1786105.677236,2.799386432575201,2.80927,5.61854,1786105.677236,446526.419309,235320.0,10.0,0.0,10.0,10.0,2500.0,4.0,,,43,paper\main_text_experiments\runs\ratio_downstream_5k\ratio_0p01_seed_43,0.01,50,5000
hateful_memes,cosine,market_random_select,43,50,7,0.14,-0.3680173456668854,0.3680173456668854,2.708434976739227e-06,-0.0044673015363514,1,baseline_feature,0,0,1,5000,28000,1000,1.0231167078018188,top_quantile,0.1121116000003894,0.5377845491202345,0.3697478991596639,0.5866666666666667,,2.0,1.0,9.0,0,,good_count,7.0,6.0,,,,,,,,,,,,,,,,,32.0,,43,paper\main_text_experiments\runs\ratio_downstream_5k\ratio_0p01_seed_43,0.01,50,5000
hateful_memes,cosine,market_cosine_select,43,50,0,0.0,-0.1476597934961319,0.1476597934961319,-3.075837958022021e-05,0.0127056231722235,1,baseline_feature,0,0,1,5000,28000,1000,1.0231167078018188,top_quantile,0.1495709999999235,0.5710089809384163,0.3697478991596639,0.5866666666666667,,,,,0,,good_count,0.0,,,,,,,,,,,,,,,,,,50.0,,43,paper\main_text_experiments\runs\ratio_downstream_5k\ratio_0p01_seed_43,0.01,50,5000
hateful_memes,cosine,market_coreset_select,43,50,21,0.42,1.0385963916778564,-1.0385963916778564,0.0001955163461389,-0.0064729694277048,0,baseline_feature,0,0,1,5000,28000,1000,1.0231167078018188,top_quantile,0.1895097999995414,0.5020248350439883,0.3697478991596639,0.5866666666666667,,,21.0,,0,,good_count,21.0,,,,,,,,,,,,,,,,,,29.0,,43,paper\main_text_experiments\runs\ratio_downstream_5k\ratio_0p01_seed_43,0.01,50,5000
hateful_memes,cosine,market_badge_select,43,50,21,0.42,0.7871482372283936,-0.7871482372283936,0.0001933646271936,-0.0149895595386624,0,baseline_model_based,1,0,1,5000,28000,1000,1.0231167078018188,top_quantile,0.1153533999995488,0.5332610887096774,0.3697478991596639,0.5866666666666667,,,21.0,,0,,good_count,21.0,,,,,,,,,,,,,,,,,,29.0,,43,paper\main_text_experiments\runs\ratio_downstream_5k\ratio_0p01_seed_43,0.01,50,5000
hateful_memes,cosine,market_kmeans_center_select,43,50,12,0.24,-1.0542259216308594,1.0542259216308594,-1.6635656720609404e-05,-0.0240092687308788,0,baseline_feature,0,0,1,5000,28000,1000,1.0231167078018188,top_quantile,0.1100652999994054,0.5380219024926686,0.2924528301886792,0.4133333333333333,,5.0,,,0,,good_count,12.0,44.0,,,,,,,,,,,,,,,,,1.0,,43,paper\main_text_experiments\runs\ratio_downstream_5k\ratio_0p01_seed_43,0.01,50,5000
hateful_memes,cosine,market_typiclust_select,43,50,2,0.04,-0.8479324579238892,0.8479324579238892,-1.2601613889273722e-05,-0.0176451727747917,1,baseline_feature,0,0,1,5000,28000,1000,1.0231167078018188,top_quantile,0.1450626000005286,0.5391252749266863,0.3697478991596639,0.5866666666666667,,1.0,,,0,,good_count,2.0,19.0,,,,,,,,,,,,,,,,,30.0,,43,paper\main_text_experiments\runs\ratio_downstream_5k\ratio_0p01_seed_43,0.01,50,5000
hateful_memes,cosine,ours_kernel_ridge_student,43,50,45,0.9,2.6258761882781982,-2.6258761882781982,0.0002485311124473,0.036458633840084,0,online_student,0,0,1,5000,28000,1000,1.0231167078018188,top_quantile,0.0903502999999545,0.5208733504398827,0.3697478991596639,0.5866666666666667,,22.0,,6.0,1,ours_student_row_ctpt,good_count,45.0,22.0,10000.0,64.0,4.0,92931.597765,53.80301340178943,53.80903000000001,107.61806,92931.597765,92931.597765,705941.0,192.0,0.0,192.0,192.0,10000.0,1.0,,,43,paper\main_text_experiments\runs\ratio_downstream_5k\ratio_0p01_seed_43,0.01,50,5000
hateful_memes,cosine,ours_sample_package_krr,43,50,45,0.9,2.6258761882781982,-2.6258761882781982,0.0002485311124473,0.036458633840084,0,online_student,0,1,4,1250,28000,1000,1.0231167078018188,top_quantile,0.1482113000001845,0.5777364369501466,0.3697478991596639,0.5866666666666667,,22.0,,6.0,1,ours_student_pkg_ctpt,good_count,45.0,22.0,10000.0,64.0,4.0,1786105.677236,2.799386432575201,2.80927,5.61854,1786105.677236,446526.419309,235320.0,10.0,0.0,10.0,10.0,2500.0,4.0,,,43,paper\main_text_experiments\runs\ratio_downstream_5k\ratio_0p01_seed_43,0.01,50,5000
hateful_memes,all_average,market_random_select,43,50,7,0.14,-1.000016450881958,1.000016450881958,-7.835626456653699e-05,-0.0050945258699357,1,baseline_feature,0,0,1,5000,28000,1000,1.0231167078018188,top_quantile,0.1120727999996233,0.5270580553519061,0.3697478991596639,0.5866666666666667,4.0,5.0,13.0,11.0,0,,good_count,7.0,7.0,,,,,,,,,,,,,,,,,10.0,,43,paper\main_text_experiments\runs\ratio_downstream_5k\ratio_0p01_seed_43,0.01,50,5000
hateful_memes,all_average,market_cosine_select,43,50,0,0.0,-1.116299390792847,1.116299390792847,-4.518747300608084e-05,-0.0184159725904464,1,baseline_feature,0,0,1,5000,28000,1000,1.0231167078018188,top_quantile,0.0927345000000059,0.5333589167888563,0.3697478991596639,0.5866666666666667,,,,,0,,good_count,0.0,,,,,,,,,,,,,,,,,,50.0,,43,paper\main_text_experiments\runs\ratio_downstream_5k\ratio_0p01_seed_43,0.01,50,5000
hateful_memes,all_average,market_coreset_select,43,50,0,0.0,-1.7638264894485474,1.7638264894485474,-0.0002926135202869,0.0260846801102161,1,baseline_feature,0,0,1,5000,28000,1000,1.0231167078018188,top_quantile,0.1343210999993971,0.4730858229472141,0.3697478991596639,0.5866666666666667,,,50.0,,0,,good_count,0.0,,,,,,,,,,,,,,,,,,,,43,paper\main_text_experiments\runs\ratio_downstream_5k\ratio_0p01_seed_43,0.01,50,5000
hateful_memes,all_average,market_badge_select,43,50,0,0.0,-1.7124541997909546,1.7124541997909546,-0.0002771008003037,0.0236849188804626,1,baseline_model_based,1,0,1,5000,28000,1000,1.0231167078018188,top_quantile,0.1152019999999538,0.5275581928152493,0.3697478991596639,0.5866666666666667,,,50.0,,0,,good_count,0.0,,,,,,,,,,,,,,,,,,,,43,paper\main_text_experiments\runs\ratio_downstream_5k\ratio_0p01_seed_43,0.01,50,5000
hateful_memes,all_average,market_kmeans_center_select,43,50,0,0.0,-1.269578456878662,1.269578456878662,-4.780769450007938e-05,-0.0232481677085161,1,baseline_feature,0,0,1,5000,28000,1000,1.0231167078018188,top_quantile,0.1771873999996387,0.5344677877565982,0.2924528301886792,0.4133333333333333,,23.0,1.0,2.0,0,,good_count,0.0,24.0,,,,,,,,,,,,,,,,,,,43,paper\main_text_experiments\runs\ratio_downstream_5k\ratio_0p01_seed_43,0.01,50,5000
hateful_memes,all_average,market_typiclust_select,43,50,0,0.0,-0.9310967922210692,0.9310967922210692,-1.4247893886931706e-05,-0.020205270498991,1,baseline_feature,0,0,1,5000,28000,1000,1.0231167078018188,top_quantile,0.1580800000001545,0.5411045179618768,0.3697478991596639,0.5866666666666667,,21.0,,,0,,good_count,0.0,21.0,,,,,,,,,,,,,,,,,8.0,,43,paper\main_text_experiments\runs\ratio_downstream_5k\ratio_0p01_seed_43,0.01,50,5000
hateful_memes,all_average,ours_kernel_ridge_student,43,50,39,0.78,1.95159912109375,-1.95159912109375,0.0002028989838436,0.0245687123388052,0,online_student,0,0,1,5000,28000,1000,1.0231167078018188,top_quantile,0.0969279999999344,0.5356149193548387,0.3697478991596639,0.5866666666666667,,21.0,,9.0,1,ours_student_row_ctpt,good_count,39.0,20.0,10000.0,64.0,4.0,92931.597765,53.80301340178943,53.80903000000001,107.61806,92931.597765,92931.597765,705941.0,192.0,0.0,192.0,192.0,10000.0,1.0,,,43,paper\main_text_experiments\runs\ratio_downstream_5k\ratio_0p01_seed_43,0.01,50,5000
hateful_memes,all_average,ours_sample_package_krr,43,50,39,0.78,1.95159912109375,-1.95159912109375,0.0002028989838436,0.0245687123388052,0,online_student,0,1,4,1250,28000,1000,1.0231167078018188,top_quantile,0.1571151000007375,0.5739131231671554,0.3697478991596639,0.5866666666666667,,21.0,,9.0,1,ours_student_pkg_ctpt,good_count,39.0,20.0,10000.0,64.0,4.0,1786105.677236,2.799386432575201,2.80927,5.61854,1786105.677236,446526.419309,235320.0,10.0,0.0,10.0,10.0,2500.0,4.0,,,43,paper\main_text_experiments\runs\ratio_downstream_5k\ratio_0p01_seed_43,0.01,50,5000
hatespeech,noise,market_random_select,143,50,5,0.1,-0.6973670125007629,0.6973670125007629,-0.0002129030181095,0.0279624313116073,1,baseline_feature,0,0,1,5000,28000,1000,0.924261748790741,top_quantile,0.3393960000003062,0.56853182,0.3333333333333333,0.5,5.0,2.0,37.0,4.0,0,,good_count,5.0,2.0,,,,,,,,,,,,,,,,,,,43,paper\main_text_experiments\runs\ratio_downstream_5k\ratio_0p01_seed_43,0.01,50,5000
hatespeech,noise,market_cosine_select,143,50,0,0.0,-0.6945831179618835,0.6945831179618835,-9.202003275277092e-05,0.0085758455097675,1,baseline_feature,0,0,1,5000,28000,1000,0.924261748790741,top_quantile,0.2751261000003069,0.56110262,0.3333333333333333,0.5,,,,50.0,0,,good_count,0.0,,,,,,,,,,,,,,,,,,,,43,paper\main_text_experiments\runs\ratio_downstream_5k\ratio_0p01_seed_43,0.01,50,5000
hatespeech,noise,market_coreset_select,143,50,0,0.0,-0.7662500143051147,0.7662500143051147,-0.0002139377611456,0.0239331107586622,1,baseline_feature,0,0,1,5000,28000,1000,0.924261748790741,top_quantile,0.2030811000004178,0.5138242,0.3333333333333333,0.5,,,50.0,,0,,good_count,0.0,,,,,,,,,,,,,,,,,,,,43,paper\main_text_experiments\runs\ratio_downstream_5k\ratio_0p01_seed_43,0.01,50,5000
hatespeech,noise,market_badge_select,143,50,0,0.0,-0.8401415944099426,0.8401415944099426,-0.0002338039921596,0.0226451568305492,1,baseline_model_based,1,0,1,5000,28000,1000,0.924261748790741,top_quantile,0.230470200000127,0.57310384,0.3333333333333333,0.5,,,50.0,,0,,good_count,0.0,,,,,,,,,,,,,,,,,,,,43,paper\main_text_experiments\runs\ratio_downstream_5k\ratio_0p01_seed_43,0.01,50,5000
hatespeech,noise,market_kmeans_center_select,143,50,50,1.0,3.243716239929199,-3.243716239929199,0.0009050357621163,0.0872164517641067,0,baseline_feature,0,0,1,5000,28000,1000,0.924261748790741,top_quantile,0.1841297999999369,0.54383274,0.3333333333333333,0.5,,21.0,,,0,,good_count,50.0,29.0,,,,,,,,,,,,,,,,,,,43,paper\main_text_experiments\runs\ratio_downstream_5k\ratio_0p01_seed_43,0.01,50,5000
hatespeech,noise,market_typiclust_select,143,50,50,1.0,3.3542251586914062,-3.3542251586914062,0.0009547150111757,0.085912249982357,0,baseline_feature,0,0,1,5000,28000,1000,0.924261748790741,top_quantile,0.2225680999999895,0.51100144,0.3333333333333333,0.5,,22.0,,2.0,0,,good_count,50.0,26.0,,,,,,,,,,,,,,,,,,,43,paper\main_text_experiments\runs\ratio_downstream_5k\ratio_0p01_seed_43,0.01,50,5000
hatespeech,noise,ours_kernel_ridge_student,143,50,50,1.0,3.478996992111206,-3.478996992111206,0.000999221811071,0.0863137692213058,0,online_student,0,0,1,5000,28000,1000,0.924261748790741,top_quantile,0.1822401999997964,0.5252747,0.3333333333333333,0.5,,20.0,,7.0,1,ours_student_row_ctpt,good_count,50.0,23.0,10000.0,64.0,4.0,92931.597765,53.80301340178943,53.80903000000001,107.61806,92931.597765,92931.597765,705941.0,192.0,0.0,192.0,192.0,10000.0,1.0,,,43,paper\main_text_experiments\runs\ratio_downstream_5k\ratio_0p01_seed_43,0.01,50,5000
hatespeech,noise,ours_sample_package_krr,143,50,50,1.0,3.478996992111206,-3.478996992111206,0.000999221811071,0.0863137692213058,0,online_student,0,1,4,1250,28000,1000,0.924261748790741,top_quantile,0.2218487000000095,0.5665706,0.3333333333333333,0.5,,20.0,,7.0,1,ours_student_pkg_ctpt,good_count,50.0,23.0,10000.0,64.0,4.0,1786105.677236,2.799386432575201,2.80927,5.61854,1786105.677236,446526.419309,235320.0,10.0,0.0,10.0,10.0,2500.0,4.0,,,43,paper\main_text_experiments\runs\ratio_downstream_5k\ratio_0p01_seed_43,0.01,50,5000
hatespeech,coreset_far_wrong,market_random_select,143,50,5,0.1,-0.369293063879013,0.369293063879013,-0.0001274144597118,0.0341202840209007,1,baseline_feature,0,0,1,5000,28000,1000,0.924261748790741,top_quantile,0.2225897999996959,0.56670364,0.3333333333333333,0.5,37.0,2.0,5.0,4.0,0,,good_count,5.0,2.0,,,,,,,,,,,,,,,,,,,43,paper\main_text_experiments\runs\ratio_downstream_5k\ratio_0p01_seed_43,0.01,50,5000
hatespeech,coreset_far_wrong,market_cosine_select,143,50,0,0.0,-0.6945831179618835,0.6945831179618835,-9.202003275277092e-05,0.0085758455097675,1,baseline_feature,0,0,1,5000,28000,1000,0.924261748790741,top_quantile,0.2224622000003364,0.56110262,0.3333333333333333,0.5,,,,50.0,0,,good_count,0.0,,,,,,,,,,,,,,,,,,,,43,paper\main_text_experiments\runs\ratio_downstream_5k\ratio_0p01_seed_43,0.01,50,5000
hatespeech,coreset_far_wrong,market_coreset_select,143,50,0,0.0,-1.4145487546920776,1.4145487546920776,-0.0005065059522166,0.0317663587629795,1,baseline_feature,0,0,1,5000,28000,1000,0.924261748790741,top_quantile,0.2568728999995073,0.5636045000000001,0.3333333333333333,0.5,,,50.0,,0,,good_count,0.0,,,,,,,,,,,,,,,,,,,,43,paper\main_text_experiments\runs\ratio_downstream_5k\ratio_0p01_seed_43,0.01,50,5000
hatespeech,coreset_far_wrong,market_badge_select,143,50,0,0.0,-1.4959111213684082,1.4959111213684082,-0.0005015671486034,0.0260103400796651,1,baseline_model_based,1,0,1,5000,28000,1000,0.924261748790741,top_quantile,0.1572556999999506,0.5138322200000001,0.3333333333333333,0.5,,,50.0,,0,,good_count,0.0,,,,,,,,,,,,,,,,,,,,43,paper\main_text_experiments\runs\ratio_downstream_5k\ratio_0p01_seed_43,0.01,50,5000
hatespeech,coreset_far_wrong,market_kmeans_center_select,143,50,50,1.0,3.243716239929199,-3.243716239929199,0.0009050357621163,0.0872164517641067,0,baseline_feature,0,0,1,5000,28000,1000,0.924261748790741,top_quantile,0.1819215999994412,0.54383274,0.3333333333333333,0.5,,21.0,,,0,,good_count,50.0,29.0,,,,,,,,,,,,,,,,,,,43,paper\main_text_experiments\runs\ratio_downstream_5k\ratio_0p01_seed_43,0.01,50,5000
hatespeech,coreset_far_wrong,market_typiclust_select,143,50,50,1.0,3.3542251586914062,-3.3542251586914062,0.0009547150111757,0.085912249982357,0,baseline_feature,0,0,1,5000,28000,1000,0.924261748790741,top_quantile,0.1621986999998625,0.51100144,0.3333333333333333,0.5,,22.0,,2.0,0,,good_count,50.0,26.0,,,,,,,,,,,,,,,,,,,43,paper\main_text_experiments\runs\ratio_downstream_5k\ratio_0p01_seed_43,0.01,50,5000
hatespeech,coreset_far_wrong,ours_kernel_ridge_student,143,50,50,1.0,3.478996992111206,-3.478996992111206,0.000999221811071,0.0863137692213058,0,online_student,0,0,1,5000,28000,1000,0.924261748790741,top_quantile,0.1782163999996555,0.5252747,0.3333333333333333,0.5,,20.0,,7.0,1,ours_student_row_ctpt,good_count,50.0,23.0,10000.0,64.0,4.0,92931.597765,53.80301340178943,53.80903000000001,107.61806,92931.597765,92931.597765,705941.0,192.0,0.0,192.0,192.0,10000.0,1.0,,,43,paper\main_text_experiments\runs\ratio_downstream_5k\ratio_0p01_seed_43,0.01,50,5000
hatespeech,coreset_far_wrong,ours_sample_package_krr,143,50,50,1.0,3.478996992111206,-3.478996992111206,0.000999221811071,0.0863137692213058,0,online_student,0,1,4,1250,28000,1000,0.924261748790741,top_quantile,0.2149936999994679,0.5665706,0.3333333333333333,0.5,,20.0,,7.0,1,ours_student_pkg_ctpt,good_count,50.0,23.0,10000.0,64.0,4.0,1786105.677236,2.799386432575201,2.80927,5.61854,1786105.677236,446526.419309,235320.0,10.0,0.0,10.0,10.0,2500.0,4.0,,,43,paper\main_text_experiments\runs\ratio_downstream_5k\ratio_0p01_seed_43,0.01,50,5000
hatespeech,typiclust_dense,market_random_select,143,50,5,0.1,-0.3247754573822021,0.3247754573822021,6.370663322741166e-05,0.005913364700973,1,baseline_feature,0,0,1,5000,28000,1000,0.924261748790741,top_quantile,0.2216067999997903,0.56781268,0.3333333333333333,0.5,,9.0,,1.0,0,,good_count,5.0,37.0,,,,,,,,,,,,,,,,,3.0,,43,paper\main_text_experiments\runs\ratio_downstream_5k\ratio_0p01_seed_43,0.01,50,5000
hatespeech,typiclust_dense,market_cosine_select,143,50,4,0.08,-1.3322938680648804,1.3322938680648804,1.0300875146640465e-05,-0.0468301586806774,1,baseline_feature,0,0,1,5000,28000,1000,0.924261748790741,top_quantile,0.2129066000006787,0.56394762,0.3333333333333333,0.5,,,,,0,,good_count,4.0,,,,,,,,,,,,,,,,,,48.0,2.0,43,paper\main_text_experiments\runs\ratio_downstream_5k\ratio_0p01_seed_43,0.01,50,5000
hatespeech,typiclust_dense,market_coreset_select,143,50,12,0.24,-0.6660551428794861,0.6660551428794861,0.00021572948026,-0.0394731499254703,0,baseline_feature,0,0,1,5000,28000,1000,0.924261748790741,top_quantile,0.2586102999994182,0.569459,0.3333333333333333,0.5,3.0,,9.0,,0,,good_count,12.0,,,,,,,,,,,,,,,,,,38.0,,43,paper\main_text_experiments\runs\ratio_downstream_5k\ratio_0p01_seed_43,0.01,50,5000
hatespeech,typiclust_dense,market_badge_select,143,50,9,0.18,-0.582991898059845,0.582991898059845,5.318522380548529e-05,-0.0081164268776774,1,baseline_model_based,1,0,1,5000,28000,1000,0.924261748790741,top_quantile,0.2373425000005227,0.51616532,0.3333333333333333,0.5,,,9.0,,0,,good_count,9.0,,,,,,,,,,,,,,,,,,41.0,,43,paper\main_text_experiments\runs\ratio_downstream_5k\ratio_0p01_seed_43,0.01,50,5000
hatespeech,typiclust_dense,market_kmeans_center_select,143,50,8,0.16,0.7873552441596985,-0.7873552441596985,0.0002624118351377,0.0415241867303848,1,baseline_feature,0,0,1,5000,28000,1000,0.924261748790741,top_quantile,0.2142127000006439,0.56381266,0.3333333333333333,0.5,,11.0,,,0,,good_count,8.0,39.0,,,,,,,,,,,,,,,,,,,43,paper\main_text_experiments\runs\ratio_downstream_5k\ratio_0p01_seed_43,0.01,50,5000
hatespeech,typiclust_dense,market_typiclust_select,143,50,5,0.1,1.6605333089828491,-1.6605333089828491,0.0003389108169358,0.0823470056056976,1,baseline_feature,0,0,1,5000,28000,1000,0.924261748790741,top_quantile,0.1658714999994117,0.50816882,0.3333333333333333,0.5,,9.0,,,0,,good_count,5.0,36.0,,,,,,,,,,,,,,,,,5.0,,43,paper\main_text_experiments\runs\ratio_downstream_5k\ratio_0p01_seed_43,0.01,50,5000
hatespeech,typiclust_dense,ours_kernel_ridge_student,143,50,22,0.44,2.096186399459839,-2.096186399459839,0.0005933630745857,0.0677245631814003,0,online_student,0,0,1,5000,28000,1000,0.924261748790741,top_quantile,0.1585034999998242,0.51371544,0.3333333333333333,0.5,,16.0,,3.0,1,ours_student_row_ctpt,good_count,22.0,31.0,10000.0,64.0,4.0,92931.597765,53.80301340178943,53.80903000000001,107.61806,92931.597765,92931.597765,705941.0,192.0,0.0,192.0,192.0,10000.0,1.0,,,43,paper\main_text_experiments\runs\ratio_downstream_5k\ratio_0p01_seed_43,0.01,50,5000
hatespeech,typiclust_dense,ours_sample_package_krr,143,50,22,0.44,2.096186399459839,-2.096186399459839,0.0005933630745857,0.0677245631814003,0,online_student,0,1,4,1250,28000,1000,0.924261748790741,top_quantile,0.1814844999998968,0.53448012,0.3333333333333333,0.5,,16.0,,3.0,1,ours_student_pkg_ctpt,good_count,22.0,31.0,10000.0,64.0,4.0,1786105.677236,2.799386432575201,2.80927,5.61854,1786105.677236,446526.419309,235320.0,10.0,0.0,10.0,10.0,2500.0,4.0,,,43,paper\main_text_experiments\runs\ratio_downstream_5k\ratio_0p01_seed_43,0.01,50,5000
hatespeech,kmeans_center,market_random_select,143,50,5,0.1,0.1149417385458946,-0.1149417385458946,8.930206240620464e-05,0.0285625047981739,1,baseline_feature,0,0,1,5000,28000,1000,0.924261748790741,top_quantile,0.2844833999997718,0.5663659,0.3333333333333333,0.5,3.0,37.0,,2.0,0,,good_count,5.0,8.0,,,,,,,,,,,,,,,,,,,43,paper\main_text_experiments\runs\ratio_downstream_5k\ratio_0p01_seed_43,0.01,50,5000
hatespeech,kmeans_center,market_cosine_select,143,50,30,0.6,1.736281156539917,-1.736281156539917,0.0005271423142403,0.0565102770924568,0,baseline_feature,0,0,1,5000,28000,1000,0.924261748790741,top_quantile,0.2079702999999426,0.5558348000000001,0.3333333333333333,0.5,,22.0,,21.0,0,,good_count,30.0,1.0,,,,,,,,,,,,,,,,,4.0,2.0,43,paper\main_text_experiments\runs\ratio_downstream_5k\ratio_0p01_seed_43,0.01,50,5000
hatespeech,kmeans_center,market_coreset_select,143,50,8,0.16,-0.8220441937446594,0.8220441937446594,7.709622150287032e-05,-0.0265490356832742,1,baseline_feature,0,0,1,5000,28000,1000,0.924261748790741,top_quantile,0.2745454999994763,0.56457714,0.3333333333333333,0.5,42.0,,8.0,,0,,good_count,8.0,,,,,,,,,,,,,,,,,,,,43,paper\main_text_experiments\runs\ratio_downstream_5k\ratio_0p01_seed_43,0.01,50,5000
hatespeech,kmeans_center,market_badge_select,143,50,8,0.16,-0.8220441937446594,0.8220441937446594,7.709622150287032e-05,-0.0265490356832742,1,baseline_model_based,1,0,1,5000,28000,1000,0.924261748790741,top_quantile,0.2204354000004968,0.5304821399999999,0.3333333333333333,0.5,42.0,,8.0,,0,,good_count,8.0,,,,,,,,,,,,,,,,,,,,43,paper\main_text_experiments\runs\ratio_downstream_5k\ratio_0p01_seed_43,0.01,50,5000
hatespeech,kmeans_center,market_kmeans_center_select,143,50,8,0.16,0.4808047115802765,-0.4808047115802765,0.0001940631918841,0.0339047946035862,1,baseline_feature,0,0,1,5000,28000,1000,0.924261748790741,top_quantile,0.2157123999995747,0.5670872,0.3333333333333333,0.5,,34.0,,,0,,good_count,8.0,16.0,,,,,,,,,,,,,,,,,,,43,paper\main_text_experiments\runs\ratio_downstream_5k\ratio_0p01_seed_43,0.01,50,5000
hatespeech,kmeans_center,market_typiclust_select,143,50,9,0.18,2.0906529426574707,-2.0906529426574707,0.0004837822925765,0.0851151719689369,1,baseline_feature,0,0,1,5000,28000,1000,0.924261748790741,top_quantile,0.1590347000001202,0.5113726599999999,0.3333333333333333,0.5,,42.0,,,0,,good_count,9.0,8.0,,,,,,,,,,,,,,,,,,,43,paper\main_text_experiments\runs\ratio_downstream_5k\ratio_0p01_seed_43,0.01,50,5000
hatespeech,kmeans_center,ours_kernel_ridge_student,143,50,23,0.46,2.071084499359131,-2.071084499359131,0.0005841279053129,0.0676892697811126,0,online_student,0,0,1,5000,28000,1000,0.924261748790741,top_quantile,0.1616575999996712,0.5139999,0.3333333333333333,0.5,,30.0,,3.0,1,ours_student_row_ctpt,good_count,23.0,17.0,10000.0,64.0,4.0,92931.597765,53.80301340178943,53.80903000000001,107.61806,92931.597765,92931.597765,705941.0,192.0,0.0,192.0,192.0,10000.0,1.0,,,43,paper\main_text_experiments\runs\ratio_downstream_5k\ratio_0p01_seed_43,0.01,50,5000
hatespeech,kmeans_center,ours_sample_package_krr,143,50,23,0.46,2.071084499359131,-2.071084499359131,0.0005841279053129,0.0676892697811126,0,online_student,0,1,4,1250,28000,1000,0.924261748790741,top_quantile,0.1611033999997744,0.4971154799999999,0.3333333333333333,0.5,,30.0,,3.0,1,ours_student_pkg_ctpt,good_count,23.0,17.0,10000.0,64.0,4.0,1786105.677236,2.799386432575201,2.80927,5.61854,1786105.677236,446526.419309,235320.0,10.0,0.0,10.0,10.0,2500.0,4.0,,,43,paper\main_text_experiments\runs\ratio_downstream_5k\ratio_0p01_seed_43,0.01,50,5000
hatespeech,uncertainty_badge,market_random_select,143,50,5,0.1,-0.0069962311536073,0.0069962311536073,0.0001181530969915,0.0164659339934587,1,baseline_feature,0,0,1,5000,28000,1000,0.924261748790741,top_quantile,0.2933438000000024,0.56539924,0.3333333333333333,0.5,5.0,,,40.0,0,,good_count,5.0,2.0,,,,,,,,,,,,,,,,,3.0,,43,paper\main_text_experiments\runs\ratio_downstream_5k\ratio_0p01_seed_43,0.01,50,5000
hatespeech,uncertainty_badge,market_cosine_select,143,50,0,0.0,-1.4843848943710327,1.4843848943710327,-6.164431397337466e-05,-0.0444572120904922,1,baseline_feature,0,0,1,5000,28000,1000,0.924261748790741,top_quantile,0.2623824000002059,0.5570617,0.3333333333333333,0.5,,,,,0,,good_count,0.0,,,,,,,,,,,,,,,,,,50.0,,43,paper\main_text_experiments\runs\ratio_downstream_5k\ratio_0p01_seed_43,0.01,50,5000
hatespeech,uncertainty_badge,market_coreset_select,143,50,0,0.0,-1.0259143114089966,1.0259143114089966,-0.000173119304236,0.0015094568952918,1,baseline_feature,0,0,1,5000,28000,1000,0.924261748790741,top_quantile,0.2585712000000058,0.5620847600000001,0.3333333333333333,0.5,41.0,,,,0,,good_count,0.0,,,,,,,,,,,,,,,,,,9.0,,43,paper\main_text_experiments\runs\ratio_downstream_5k\ratio_0p01_seed_43,0.01,50,5000
hatespeech,uncertainty_badge,market_badge_select,143,50,0,0.0,-1.13863205909729,1.13863205909729,-0.0001427185488864,-0.010276080109179,1,baseline_model_based,1,0,1,5000,28000,1000,0.924261748790741,top_quantile,0.2275555000005624,0.56814946,0.3333333333333333,0.5,20.0,,,,0,,good_count,0.0,,,,,,,,,,,,,,,,,,30.0,,43,paper\main_text_experiments\runs\ratio_downstream_5k\ratio_0p01_seed_43,0.01,50,5000
hatespeech,uncertainty_badge,market_kmeans_center_select,143,50,43,0.86,2.728156089782715,-2.728156089782715,0.0007576429634355,0.0796506628394126,0,baseline_feature,0,0,1,5000,28000,1000,0.924261748790741,top_quantile,0.2242166999994879,0.55695202,0.3333333333333333,0.5,,17.0,,7.0,0,,good_count,43.0,26.0,,,,,,,,,,,,,,,,,,,43,paper\main_text_experiments\runs\ratio_downstream_5k\ratio_0p01_seed_43,0.01,50,5000
hatespeech,uncertainty_badge,market_typiclust_select,143,50,40,0.8,2.8852169513702397,-2.8852169513702397,0.0008014762424863,0.0821283906698226,0,baseline_feature,0,0,1,5000,28000,1000,0.924261748790741,top_quantile,0.1649057999993601,0.50898164,0.3333333333333333,0.5,,18.0,,9.0,0,,good_count,40.0,21.0,,,,,,,,,,,,,,,,,2.0,,43,paper\main_text_experiments\runs\ratio_downstream_5k\ratio_0p01_seed_43,0.01,50,5000
hatespeech,uncertainty_badge,ours_kernel_ridge_student,143,50,34,0.68,2.3340115547180176,-2.3340115547180176,0.0006846642354503,0.067443624138832,0,online_student,0,0,1,5000,28000,1000,0.924261748790741,top_quantile,0.1615838999996413,0.51502332,0.3333333333333333,0.5,,15.0,,20.0,1,ours_student_row_ctpt,good_count,34.0,15.0,10000.0,64.0,4.0,92931.597765,53.80301340178943,53.80903000000001,107.61806,92931.597765,92931.597765,705941.0,192.0,0.0,192.0,192.0,10000.0,1.0,,,43,paper\main_text_experiments\runs\ratio_downstream_5k\ratio_0p01_seed_43,0.01,50,5000
hatespeech,uncertainty_badge,ours_sample_package_krr,143,50,34,0.68,2.3340115547180176,-2.3340115547180176,0.0006846642354503,0.067443624138832,0,online_student,0,1,4,1250,28000,1000,0.924261748790741,top_quantile,0.1952736000002914,0.55545188,0.3333333333333333,0.5,,15.0,,20.0,1,ours_student_pkg_ctpt,good_count,34.0,15.0,10000.0,64.0,4.0,1786105.677236,2.799386432575201,2.80927,5.61854,1786105.677236,446526.419309,235320.0,10.0,0.0,10.0,10.0,2500.0,4.0,,,43,paper\main_text_experiments\runs\ratio_downstream_5k\ratio_0p01_seed_43,0.01,50,5000
hatespeech,cosine,market_random_select,143,50,5,0.1,-0.4086464345455169,0.4086464345455169,-1.0639429092407228e-05,0.0128310462459921,1,baseline_feature,0,0,1,5000,28000,1000,0.924261748790741,top_quantile,0.2911776000000827,0.56311784,0.3333333333333333,0.5,,3.0,,4.0,0,,good_count,5.0,6.0,,,,,,,,,,,,,,,,,37.0,,43,paper\main_text_experiments\runs\ratio_downstream_5k\ratio_0p01_seed_43,0.01,50,5000
hatespeech,cosine,market_cosine_select,143,50,0,0.0,-0.2730390429496765,0.2730390429496765,6.212234438862652e-05,0.0093217249959707,1,baseline_feature,0,0,1,5000,28000,1000,0.924261748790741,top_quantile,0.2171126000002914,0.56021394,0.3333333333333333,0.5,,,,,0,,good_count,0.0,,,,,,,,,,,,,,,,,,50.0,,43,paper\main_text_experiments\runs\ratio_downstream_5k\ratio_0p01_seed_43,0.01,50,5000
hatespeech,cosine,market_coreset_select,143,50,7,0.14,-0.1440699249505996,0.1440699249505996,0.0001789295638445,-0.0017176144756376,1,baseline_feature,0,0,1,5000,28000,1000,0.924261748790741,top_quantile,0.212326199999552,0.5112704,0.3333333333333333,0.5,,,7.0,,0,,good_count,7.0,,,,,,,,,,,,,,,,,,43.0,,43,paper\main_text_experiments\runs\ratio_downstream_5k\ratio_0p01_seed_43,0.01,50,5000
hatespeech,cosine,market_badge_select,143,50,7,0.14,-0.331648051738739,0.331648051738739,0.0001612389023648,-0.0102839162573218,1,baseline_model_based,1,0,1,5000,28000,1000,0.924261748790741,top_quantile,0.220442599999842,0.56963104,0.3333333333333333,0.5,,,7.0,,0,,good_count,7.0,,,,,,,,,,,,,,,,,,43.0,,43,paper\main_text_experiments\runs\ratio_downstream_5k\ratio_0p01_seed_43,0.01,50,5000
hatespeech,cosine,market_kmeans_center_select,143,50,26,0.52,0.0475829318165779,-0.0475829318165779,0.0001771771931089,0.0102423941716551,0,baseline_feature,0,0,1,5000,28000,1000,0.924261748790741,top_quantile,0.2169211999998879,0.5700624000000001,0.3333333333333333,0.5,,10.0,,1.0,0,,good_count,26.0,38.0,,,,,,,,,,,,,,,,,1.0,,43,paper\main_text_experiments\runs\ratio_downstream_5k\ratio_0p01_seed_43,0.01,50,5000
hatespeech,cosine,market_typiclust_select,143,50,12,0.24,0.0010843991767615,-0.0010843991767615,-1.3219118045526557e-05,0.0382113717496395,0,baseline_feature,0,0,1,5000,28000,1000,0.924261748790741,top_quantile,0.2209640000000945,0.57010334,0.3333333333333333,0.5,,5.0,,,0,,good_count,12.0,16.0,,,,,,,,,,,,,,,,,29.0,,43,paper\main_text_experiments\runs\ratio_downstream_5k\ratio_0p01_seed_43,0.01,50,5000
hatespeech,cosine,ours_kernel_ridge_student,143,50,39,0.78,1.870063066482544,-1.870063066482544,0.0006243908428587,0.0489283166825771,0,online_student,0,0,1,5000,28000,1000,0.924261748790741,top_quantile,0.1582684000004519,0.51818348,0.3333333333333333,0.5,,16.0,,9.0,1,ours_student_row_ctpt,good_count,39.0,25.0,10000.0,64.0,4.0,92931.597765,53.80301340178943,53.80903000000001,107.61806,92931.597765,92931.597765,705941.0,192.0,0.0,192.0,192.0,10000.0,1.0,,,43,paper\main_text_experiments\runs\ratio_downstream_5k\ratio_0p01_seed_43,0.01,50,5000
hatespeech,cosine,ours_sample_package_krr,143,50,39,0.78,1.870063066482544,-1.870063066482544,0.0006243908428587,0.0489283166825771,0,online_student,0,1,4,1250,28000,1000,0.924261748790741,top_quantile,0.2374367000002166,0.5310248399999999,0.3333333333333333,0.5,,16.0,,9.0,1,ours_student_pkg_ctpt,good_count,39.0,25.0,10000.0,64.0,4.0,1786105.677236,2.799386432575201,2.80927,5.61854,1786105.677236,446526.419309,235320.0,10.0,0.0,10.0,10.0,2500.0,4.0,,,43,paper\main_text_experiments\runs\ratio_downstream_5k\ratio_0p01_seed_43,0.01,50,5000
hatespeech,all_average,market_random_select,143,50,5,0.1,-1.0864739418029783,1.0864739418029783,-0.0002398979704594,0.0086231436580419,1,baseline_feature,0,0,1,5000,28000,1000,0.924261748790741,top_quantile,0.3181293000006917,0.56568092,0.3333333333333333,0.5,9.0,7.0,12.0,9.0,0,,good_count,5.0,6.0,,,,,,,,,,,,,,,,,7.0,,43,paper\main_text_experiments\runs\ratio_downstream_5k\ratio_0p01_seed_43,0.01,50,5000
hatespeech,all_average,market_cosine_select,143,50,0,0.0,-1.5906192064285278,1.5906192064285278,-6.197809852892533e-05,-0.0508755631744861,1,baseline_feature,0,0,1,5000,28000,1000,0.924261748790741,top_quantile,0.1994667999997545,0.55581198,0.3333333333333333,0.5,,,,,0,,good_count,0.0,,,,,,,,,,,,,,,,,,50.0,,43,paper\main_text_experiments\runs\ratio_downstream_5k\ratio_0p01_seed_43,0.01,50,5000
hatespeech,all_average,market_coreset_select,143,50,0,0.0,-1.6407452821731567,1.6407452821731567,-0.0006599581101909,0.0428104400634765,1,baseline_feature,0,0,1,5000,28000,1000,0.924261748790741,top_quantile,0.2557660000002215,0.56210466,0.3333333333333333,0.5,,,50.0,,0,,good_count,0.0,,,,,,,,,,,,,,,,,,,,43,paper\main_text_experiments\runs\ratio_downstream_5k\ratio_0p01_seed_43,0.01,50,5000
hatespeech,all_average,market_badge_select,143,50,0,0.0,-1.646282196044922,1.646282196044922,-0.0006625914829783,0.0428991131484508,1,baseline_model_based,1,0,1,5000,28000,1000,0.924261748790741,top_quantile,0.1812271999997392,0.51476534,0.3333333333333333,0.5,,,50.0,,0,,good_count,0.0,,,,,,,,,,,,,,,,,,,,43,paper\main_text_experiments\runs\ratio_downstream_5k\ratio_0p01_seed_43,0.01,50,5000
hatespeech,all_average,market_kmeans_center_select,143,50,2,0.04,-1.1013240814208984,1.1013240814208984,-0.0001873469300335,-0.0007831954862922,1,baseline_feature,0,0,1,5000,28000,1000,0.924261748790741,top_quantile,0.209584299999733,0.56500206,0.3333333333333333,0.5,,23.0,,2.0,0,,good_count,2.0,25.0,,,,,,,,,,,,,,,,,,,43,paper\main_text_experiments\runs\ratio_downstream_5k\ratio_0p01_seed_43,0.01,50,5000
hatespeech,all_average,market_typiclust_select,143,50,2,0.04,0.3051515817642212,-0.3051515817642212,3.079652742599137e-05,0.0496160015463829,1,baseline_feature,0,0,1,5000,28000,1000,0.924261748790741,top_quantile,0.2138064999999187,0.5462969,0.3333333333333333,0.5,,19.0,,,0,,good_count,2.0,21.0,,,,,,,,,,,,,,,,,10.0,,43,paper\main_text_experiments\runs\ratio_downstream_5k\ratio_0p01_seed_43,0.01,50,5000
hatespeech,all_average,ours_kernel_ridge_student,143,50,22,0.44,0.5387341976165771,-0.5387341976165771,0.0002609336515888,0.0266160126775503,0,online_student,0,0,1,5000,28000,1000,0.924261748790741,top_quantile,0.1586661000001186,0.5220531,0.3333333333333333,0.5,,19.0,,10.0,1,ours_student_row_ctpt,good_count,22.0,21.0,10000.0,64.0,4.0,92931.597765,53.80301340178943,53.80903000000001,107.61806,92931.597765,92931.597765,705941.0,192.0,0.0,192.0,192.0,10000.0,1.0,,,43,paper\main_text_experiments\runs\ratio_downstream_5k\ratio_0p01_seed_43,0.01,50,5000
hatespeech,all_average,ours_sample_package_krr,143,50,22,0.44,0.5387341976165771,-0.5387341976165771,0.0002609336515888,0.0266160126775503,0,online_student,0,1,4,1250,28000,1000,0.924261748790741,top_quantile,0.211944399999993,0.5686016,0.3333333333333333,0.5,,19.0,,10.0,1,ours_student_pkg_ctpt,good_count,22.0,21.0,10000.0,64.0,4.0,1786105.677236,2.799386432575201,2.80927,5.61854,1786105.677236,446526.419309,235320.0,10.0,0.0,10.0,10.0,2500.0,4.0,,,43,paper\main_text_experiments\runs\ratio_downstream_5k\ratio_0p01_seed_43,0.01,50,5000
mscoco,noise,market_random_select,243,50,6,0.12,-0.860612154006958,0.860612154006958,-2.4935006877058186e-05,8.947588503360748e-05,1,baseline_feature,0,0,1,5000,28000,1000,1.1473939418792725,top_quantile,0.2685953000000154,0.7886698437499999,0.3333333333333333,0.5,5.0,2.0,37.0,2.0,0,,good_count,6.0,4.0,,,,,,,,,,,,,,,,,,,43,paper\main_text_experiments\runs\ratio_downstream_5k\ratio_0p01_seed_43,0.01,50,5000
mscoco,noise,market_cosine_select,243,50,0,0.0,-1.1073553562164309,1.1073553562164309,-7.203817403933499e-06,-0.0026655732654035,1,baseline_feature,0,0,1,5000,28000,1000,1.1473939418792725,top_quantile,0.166488400000162,0.8808359062500001,0.3333333333333333,0.5,,,,50.0,0,,good_count,0.0,,,,,,,,,,,,,,,,,,,,43,paper\main_text_experiments\runs\ratio_downstream_5k\ratio_0p01_seed_43,0.01,50,5000
mscoco,noise,market_coreset_select,243,50,0,0.0,-0.3166707754135132,0.3166707754135132,-1.8515587726142257e-05,0.001321580260992,1,baseline_feature,0,0,1,5000,28000,1000,1.1473939418792725,top_quantile,0.2005512999994607,0.8595536875,0.3333333333333333,0.5,,,50.0,,0,,good_count,0.0,,,,,,,,,,,,,,,,,,,,43,paper\main_text_experiments\runs\ratio_downstream_5k\ratio_0p01_seed_43,0.01,50,5000
mscoco,noise,market_badge_select,243,50,0,0.0,-0.2950917184352875,0.2950917184352875,-1.900792085507419e-05,0.0014499303651973,1,baseline_model_based,1,0,1,5000,28000,1000,1.1473939418792725,top_quantile,0.1607232999995176,0.8425285937500001,0.3333333333333333,0.5,,,50.0,,0,,good_count,0.0,,,,,,,,,,,,,,,,,,,,43,paper\main_text_experiments\runs\ratio_downstream_5k\ratio_0p01_seed_43,0.01,50,5000
mscoco,noise,market_kmeans_center_select,243,50,50,1.0,4.437169075012207,-4.437169075012207,0.0001091623271349,0.0044751693494617,0,baseline_feature,0,0,1,5000,28000,1000,1.1473939418792725,top_quantile,0.1595422000000326,0.8133458437500001,0.3333333333333333,0.5,,19.0,,,0,,good_count,50.0,31.0,,,,,,,,,,,,,,,,,,,43,paper\main_text_experiments\runs\ratio_downstream_5k\ratio_0p01_seed_43,0.01,50,5000
mscoco,noise,market_typiclust_select,243,50,50,1.0,4.458719253540039,-4.458719253540039,0.0001130282907979,0.0041397563181817,0,baseline_feature,0,0,1,5000,28000,1000,1.1473939418792725,top_quantile,0.1592930000006163,0.80784471875,0.3333333333333333,0.5,,21.0,,,0,,good_count,50.0,29.0,,,,,,,,,,,,,,,,,,,43,paper\main_text_experiments\runs\ratio_downstream_5k\ratio_0p01_seed_43,0.01,50,5000
mscoco,noise,ours_kernel_ridge_student,243,50,50,1.0,4.9348626136779785,-4.9348626136779785,0.0001158487793873,0.0055160410702228,0,online_student,0,0,1,5000,28000,1000,1.1473939418792725,top_quantile,0.1614159999999174,0.8640647187499999,0.3333333333333333,0.5,,19.0,,2.0,1,ours_student_row_ctpt,good_count,50.0,29.0,10000.0,64.0,4.0,92931.597765,53.80301340178943,53.80903000000001,107.61806,92931.597765,92931.597765,705941.0,192.0,0.0,192.0,192.0,10000.0,1.0,,,43,paper\main_text_experiments\runs\ratio_downstream_5k\ratio_0p01_seed_43,0.01,50,5000
mscoco,noise,ours_sample_package_krr,243,50,50,1.0,4.9348626136779785,-4.9348626136779785,0.0001158487793873,0.0055160410702228,0,online_student,0,1,4,1250,28000,1000,1.1473939418792725,top_quantile,0.1580186000001049,0.89750121875,0.3333333333333333,0.5,,19.0,,2.0,1,ours_student_pkg_ctpt,good_count,50.0,29.0,10000.0,64.0,4.0,1786105.677236,2.799386432575201,2.80927,5.61854,1786105.677236,446526.419309,235320.0,10.0,0.0,10.0,10.0,2500.0,4.0,,,43,paper\main_text_experiments\runs\ratio_downstream_5k\ratio_0p01_seed_43,0.01,50,5000
mscoco,coreset_far_wrong,market_random_select,243,50,6,0.12,-0.1527224332094192,0.1527224332094192,-9.930133728630608e-07,3.4634675103006884e-05,1,baseline_feature,0,0,1,5000,28000,1000,1.1473939418792725,top_quantile,0.1778218999997989,0.8732878125,0.3333333333333333,0.5,37.0,2.0,5.0,2.0,0,,good_count,6.0,4.0,,,,,,,,,,,,,,,,,,,43,paper\main_text_experiments\runs\ratio_downstream_5k\ratio_0p01_seed_43,0.01,50,5000
mscoco,coreset_far_wrong,market_cosine_select,243,50,0,0.0,-1.1073553562164309,1.1073553562164309,-7.203817403933499e-06,-0.0026655732654035,1,baseline_feature,0,0,1,5000,28000,1000,1.1473939418792725,top_quantile,0.1814401000001453,0.8808359062500001,0.3333333333333333,0.5,,,,50.0,0,,good_count,0.0,,,,,,,,,,,,,,,,,,,,43,paper\main_text_experiments\runs\ratio_downstream_5k\ratio_0p01_seed_43,0.01,50,5000
mscoco,coreset_far_wrong,market_coreset_select,243,50,0,0.0,-2.7110683917999268,2.7110683917999268,-7.408380770357326e-05,-0.001196636352688,1,baseline_feature,0,0,1,5000,28000,1000,1.1473939418792725,top_quantile,0.2362849999999525,0.8952731875,0.3333333333333333,0.5,,,50.0,,0,,good_count,0.0,,,,,,,,,,,,,,,,,,,,43,paper\main_text_experiments\runs\ratio_downstream_5k\ratio_0p01_seed_43,0.01,50,5000
mscoco,coreset_far_wrong,market_badge_select,243,50,0,0.0,-2.458691120147705,2.458691120147705,-6.811499770265073e-05,-0.0009430958307348,1,baseline_model_based,1,0,1,5000,28000,1000,1.1473939418792725,top_quantile,0.1954127000008156,0.84481065625,0.3333333333333333,0.5,,,50.0,,0,,good_count,0.0,,,,,,,,,,,,,,,,,,,,43,paper\main_text_experiments\runs\ratio_downstream_5k\ratio_0p01_seed_43,0.01,50,5000
mscoco,coreset_far_wrong,market_kmeans_center_select,243,50,50,1.0,4.437169075012207,-4.437169075012207,0.0001091623271349,0.0044751693494617,0,baseline_feature,0,0,1,5000,28000,1000,1.1473939418792725,top_quantile,0.1999555000002146,0.8133458437500001,0.3333333333333333,0.5,,19.0,,,0,,good_count,50.0,31.0,,,,,,,,,,,,,,,,,,,43,paper\main_text_experiments\runs\ratio_downstream_5k\ratio_0p01_seed_43,0.01,50,5000
mscoco,coreset_far_wrong,market_typiclust_select,243,50,50,1.0,4.458719253540039,-4.458719253540039,0.0001130282907979,0.0041397563181817,0,baseline_feature,0,0,1,5000,28000,1000,1.1473939418792725,top_quantile,0.1972939999996015,0.80784471875,0.3333333333333333,0.5,,21.0,,,0,,good_count,50.0,29.0,,,,,,,,,,,,,,,,,,,43,paper\main_text_experiments\runs\ratio_downstream_5k\ratio_0p01_seed_43,0.01,50,5000
mscoco,coreset_far_wrong,ours_kernel_ridge_student,243,50,50,1.0,4.9348626136779785,-4.9348626136779785,0.0001158487793873,0.0055160410702228,0,online_student,0,0,1,5000,28000,1000,1.1473939418792725,top_quantile,0.2665516999995816,0.8640647187499999,0.3333333333333333,0.5,,19.0,,2.0,1,ours_student_row_ctpt,good_count,50.0,29.0,10000.0,64.0,4.0,92931.597765,53.80301340178943,53.80903000000001,107.61806,92931.597765,92931.597765,705941.0,192.0,0.0,192.0,192.0,10000.0,1.0,,,43,paper\main_text_experiments\runs\ratio_downstream_5k\ratio_0p01_seed_43,0.01,50,5000
mscoco,coreset_far_wrong,ours_sample_package_krr,243,50,50,1.0,4.9348626136779785,-4.9348626136779785,0.0001158487793873,0.0055160410702228,0,online_student,0,1,4,1250,28000,1000,1.1473939418792725,top_quantile,0.1976942999999664,0.89750121875,0.3333333333333333,0.5,,19.0,,2.0,1,ours_student_pkg_ctpt,good_count,50.0,29.0,10000.0,64.0,4.0,1786105.677236,2.799386432575201,2.80927,5.61854,1786105.677236,446526.419309,235320.0,10.0,0.0,10.0,10.0,2500.0,4.0,,,43,paper\main_text_experiments\runs\ratio_downstream_5k\ratio_0p01_seed_43,0.01,50,5000
mscoco,typiclust_dense,market_random_select,243,50,6,0.12,0.2239202708005905,-0.2239202708005905,1.9809007426374592e-05,-0.0008523705764673,1,baseline_feature,0,0,1,5000,28000,1000,1.1473939418792725,top_quantile,0.2233327000003555,0.85458046875,0.3333333333333333,0.5,,8.0,,2.0,0,,good_count,6.0,38.0,,,,,,,,,,,,,,,,,2.0,,43,paper\main_text_experiments\runs\ratio_downstream_5k\ratio_0p01_seed_43,0.01,50,5000
mscoco,typiclust_dense,market_cosine_select,243,50,4,0.08,-0.7441912293434143,0.7441912293434143,2.046823510681861e-06,-0.0023711284156888,1,baseline_feature,0,0,1,5000,28000,1000,1.1473939418792725,top_quantile,0.2116601000006994,0.8905603125,0.3333333333333333,0.5,,,,,0,,good_count,4.0,,,,,,,,,,,,,,,,,,46.0,4.0,43,paper\main_text_experiments\runs\ratio_downstream_5k\ratio_0p01_seed_43,0.01,50,5000
mscoco,typiclust_dense,market_coreset_select,243,50,20,0.4,0.185098797082901,-0.185098797082901,6.3478946685791016e-06,0.0004430240369401,0,baseline_feature,0,0,1,5000,28000,1000,1.1473939418792725,top_quantile,0.2455379000002722,0.8906195625,0.3333333333333333,0.5,,,19.0,,0,,good_count,20.0,,,,,,,,,,,,,,,,,,30.0,1.0,43,paper\main_text_experiments\runs\ratio_downstream_5k\ratio_0p01_seed_43,0.01,50,5000
mscoco,typiclust_dense,market_badge_select,243,50,19,0.38,0.1414178907871246,-0.1414178907871246,1.242637608811492e-05,-0.0003574265865609,0,baseline_model_based,1,0,1,5000,28000,1000,1.1473939418792725,top_quantile,0.1991818999995303,0.8263485,0.3333333333333333,0.5,,,19.0,,0,,good_count,19.0,,,,,,,,,,,,,,,,,,31.0,,43,paper\main_text_experiments\runs\ratio_downstream_5k\ratio_0p01_seed_43,0.01,50,5000
mscoco,typiclust_dense,market_kmeans_center_select,243,50,0,0.0,-0.9386343955993652,0.9386343955993652,4.489421826292528e-06,-0.0033155572600662,1,baseline_feature,0,0,1,5000,28000,1000,1.1473939418792725,top_quantile,0.1982920999998896,0.8000780000000001,0.3333333333333333,0.5,,17.0,,,0,,good_count,0.0,33.0,,,,,,,,,,,,,,,,,,,43,paper\main_text_experiments\runs\ratio_downstream_5k\ratio_0p01_seed_43,0.01,50,5000
mscoco,typiclust_dense,market_typiclust_select,243,50,1,0.02,-0.5179106593132019,0.5179106593132019,1.2018680536129978e-05,-0.0026353334542363,1,baseline_feature,0,0,1,5000,28000,1000,1.1473939418792725,top_quantile,0.2014171999999234,0.8513102187500001,0.3333333333333333,0.5,,17.0,,,0,,good_count,1.0,33.0,,,,,,,,,,,,,,,,,,,43,paper\main_text_experiments\runs\ratio_downstream_5k\ratio_0p01_seed_43,0.01,50,5000
mscoco,typiclust_dense,ours_kernel_ridge_student,243,50,43,0.86,4.78821325302124,-4.78821325302124,0.0001097154599847,0.0056522362865507,0,online_student,0,0,1,5000,28000,1000,1.1473939418792725,top_quantile,0.2051827000004777,0.8656250624999999,0.3333333333333333,0.5,,19.0,,4.0,1,ours_student_row_ctpt,good_count,43.0,27.0,10000.0,64.0,4.0,92931.597765,53.80301340178943,53.80903000000001,107.61806,92931.597765,92931.597765,705941.0,192.0,0.0,192.0,192.0,10000.0,1.0,,,43,paper\main_text_experiments\runs\ratio_downstream_5k\ratio_0p01_seed_43,0.01,50,5000
mscoco,typiclust_dense,ours_sample_package_krr,243,50,43,0.86,4.78821325302124,-4.78821325302124,0.0001097154599847,0.0056522362865507,0,online_student,0,1,4,1250,28000,1000,1.1473939418792725,top_quantile,0.1977712999996583,0.8975871874999999,0.3333333333333333,0.5,,19.0,,4.0,1,ours_student_pkg_ctpt,good_count,43.0,27.0,10000.0,64.0,4.0,1786105.677236,2.799386432575201,2.80927,5.61854,1786105.677236,446526.419309,235320.0,10.0,0.0,10.0,10.0,2500.0,4.0,,,43,paper\main_text_experiments\runs\ratio_downstream_5k\ratio_0p01_seed_43,0.01,50,5000
mscoco,kmeans_center,market_random_select,243,50,6,0.12,-0.297800600528717,0.297800600528717,1.103162776416866e-05,-0.001755389617756,1,baseline_feature,0,0,1,5000,28000,1000,1.1473939418792725,top_quantile,0.1984592999997403,0.8749073437499999,0.3333333333333333,0.5,2.0,38.0,1.0,3.0,0,,good_count,6.0,6.0,,,,,,,,,,,,,,,,,,,43,paper\main_text_experiments\runs\ratio_downstream_5k\ratio_0p01_seed_43,0.01,50,5000
mscoco,kmeans_center,market_cosine_select,243,50,50,1.0,3.743242502212525,-3.743242502212525,7.201075641205534e-05,0.0059844814240932,0,baseline_feature,0,0,1,5000,28000,1000,1.1473939418792725,top_quantile,0.204828500000076,0.88910425,0.3333333333333333,0.5,,,,43.0,0,,good_count,50.0,,,,,,,,,,,,,,,,,,2.0,5.0,43,paper\main_text_experiments\runs\ratio_downstream_5k\ratio_0p01_seed_43,0.01,50,5000
mscoco,kmeans_center,market_coreset_select,243,50,14,0.28,-0.021528735756874,0.021528735756874,-3.0231476557673886e-06,0.0007125022821128,0,baseline_feature,0,0,1,5000,28000,1000,1.1473939418792725,top_quantile,0.2344644999993761,0.863595125,0.3333333333333333,0.5,36.0,,14.0,,0,,good_count,14.0,,,,,,,,,,,,,,,,,,,,43,paper\main_text_experiments\runs\ratio_downstream_5k\ratio_0p01_seed_43,0.01,50,5000
mscoco,kmeans_center,market_badge_select,243,50,14,0.28,-0.0223215576261281,0.0223215576261281,-3.160238293276052e-06,0.0007242956198751,0,baseline_model_based,1,0,1,5000,28000,1000,1.1473939418792725,top_quantile,0.2018202999997811,0.8638126562500001,0.7247696291203678,0.737125,36.0,,14.0,,0,,good_count,14.0,,,,,,,,,,,,,,,,,,,,43,paper\main_text_experiments\runs\ratio_downstream_5k\ratio_0p01_seed_43,0.01,50,5000
mscoco,kmeans_center,market_kmeans_center_select,243,50,0,0.0,-1.1332165002822876,1.1332165002822876,1.3315677733771736e-06,-0.0036646667867898,1,baseline_feature,0,0,1,5000,28000,1000,1.1473939418792725,top_quantile,0.2583955999998579,0.8209606875000001,0.3333333333333333,0.5,,21.0,,,0,,good_count,0.0,29.0,,,,,,,,,,,,,,,,,,,43,paper\main_text_experiments\runs\ratio_downstream_5k\ratio_0p01_seed_43,0.01,50,5000
mscoco,kmeans_center,market_typiclust_select,243,50,1,0.02,-0.733775794506073,0.733775794506073,7.884502338129096e-06,-0.0029555051587522,1,baseline_feature,0,0,1,5000,28000,1000,1.1473939418792725,top_quantile,0.2060043999999834,0.84975240625,0.3333333333333333,0.5,,24.0,,,0,,good_count,1.0,26.0,,,,,,,,,,,,,,,,,,,43,paper\main_text_experiments\runs\ratio_downstream_5k\ratio_0p01_seed_43,0.01,50,5000
mscoco,kmeans_center,ours_kernel_ridge_student,243,50,44,0.88,4.804982662200928,-4.804982662200928,0.0001106989366235,0.0056066471152007,0,online_student,0,0,1,5000,28000,1000,1.1473939418792725,top_quantile,0.2013098999996145,0.86700465625,0.3333333333333333,0.5,,25.0,,4.0,1,ours_student_row_ctpt,good_count,44.0,21.0,10000.0,64.0,4.0,92931.597765,53.80301340178943,53.80903000000001,107.61806,92931.597765,92931.597765,705941.0,192.0,0.0,192.0,192.0,10000.0,1.0,,,43,paper\main_text_experiments\runs\ratio_downstream_5k\ratio_0p01_seed_43,0.01,50,5000
mscoco,kmeans_center,ours_sample_package_krr,243,50,44,0.88,4.804982662200928,-4.804982662200928,0.0001106989366235,0.0056066471152007,0,online_student,0,1,4,1250,28000,1000,1.1473939418792725,top_quantile,0.1981915000005756,0.89768778125,0.3333333333333333,0.5,,25.0,,4.0,1,ours_student_pkg_ctpt,good_count,44.0,21.0,10000.0,64.0,4.0,1786105.677236,2.799386432575201,2.80927,5.61854,1786105.677236,446526.419309,235320.0,10.0,0.0,10.0,10.0,2500.0,4.0,,,43,paper\main_text_experiments\runs\ratio_downstream_5k\ratio_0p01_seed_43,0.01,50,5000
mscoco,uncertainty_badge,market_random_select,243,50,6,0.12,0.3743672966957092,-0.3743672966957092,1.4623403330915608e-05,0.0002289792028022,1,baseline_feature,0,0,1,5000,28000,1000,1.1473939418792725,top_quantile,0.2879131999998208,0.84997959375,0.3333333333333333,0.5,5.0,2.0,,38.0,0,,good_count,6.0,3.0,,,,,,,,,,,,,,,,,2.0,,43,paper\main_text_experiments\runs\ratio_downstream_5k\ratio_0p01_seed_43,0.01,50,5000
mscoco,uncertainty_badge,market_cosine_select,243,50,0,0.0,-1.4793102741241455,1.4793102741241455,-2.312660285497259e-07,-0.0047168852761387,1,baseline_feature,0,0,1,5000,28000,1000,1.1473939418792725,top_quantile,0.1957939999992959,0.90763215625,0.3333333333333333,0.5,,,,,0,,good_count,0.0,,,,,,,,,,,,,,,,,,50.0,,43,paper\main_text_experiments\runs\ratio_downstream_5k\ratio_0p01_seed_43,0.01,50,5000
mscoco,uncertainty_badge,market_coreset_select,243,50,0,0.0,-0.7387038469314575,0.7387038469314575,-1.092195543606067e-05,-0.0009721149690449,1,baseline_feature,0,0,1,5000,28000,1000,1.1473939418792725,top_quantile,0.2385392999995019,0.8815343749999999,0.3333333333333333,0.5,48.0,,,,0,,good_count,0.0,,,,,,,,,,,,,,,,,,2.0,,43,paper\main_text_experiments\runs\ratio_downstream_5k\ratio_0p01_seed_43,0.01,50,5000
mscoco,uncertainty_badge,market_badge_select,243,50,0,0.0,-0.7458735704421997,0.7458735704421997,-5.662441253662109e-06,-0.001556895324029,1,baseline_model_based,1,0,1,5000,28000,1000,1.1473939418792725,top_quantile,0.200105099999746,0.84647803125,0.3333333333333333,0.5,32.0,,,,0,,good_count,0.0,,,,,,,,,,,,,,,,,,18.0,,43,paper\main_text_experiments\runs\ratio_downstream_5k\ratio_0p01_seed_43,0.01,50,5000
mscoco,uncertainty_badge,market_kmeans_center_select,243,50,50,1.0,4.437169075012207,-4.437169075012207,0.0001091623271349,0.0044751693494617,0,baseline_feature,0,0,1,5000,28000,1000,1.1473939418792725,top_quantile,0.2069290999997974,0.8133458437500001,0.3333333333333333,0.5,,19.0,,,0,,good_count,50.0,31.0,,,,,,,,,,,,,,,,,,,43,paper\main_text_experiments\runs\ratio_downstream_5k\ratio_0p01_seed_43,0.01,50,5000
mscoco,uncertainty_badge,market_typiclust_select,243,50,50,1.0,4.458719253540039,-4.458719253540039,0.0001130282907979,0.0041397563181817,0,baseline_feature,0,0,1,5000,28000,1000,1.1473939418792725,top_quantile,0.2005505000006451,0.80784471875,0.3333333333333333,0.5,,21.0,,,0,,good_count,50.0,29.0,,,,,,,,,,,,,,,,,,,43,paper\main_text_experiments\runs\ratio_downstream_5k\ratio_0p01_seed_43,0.01,50,5000
mscoco,uncertainty_badge,ours_kernel_ridge_student,243,50,47,0.94,4.840295791625977,-4.840295791625977,0.000111912486318,0.0056018698960542,0,online_student,0,0,1,5000,28000,1000,1.1473939418792725,top_quantile,0.1978019999996831,0.8654621874999999,0.3333333333333333,0.5,,18.0,,5.0,1,ours_student_row_ctpt,good_count,47.0,27.0,10000.0,64.0,4.0,92931.597765,53.80301340178943,53.80903000000001,107.61806,92931.597765,92931.597765,705941.0,192.0,0.0,192.0,192.0,10000.0,1.0,,,43,paper\main_text_experiments\runs\ratio_downstream_5k\ratio_0p01_seed_43,0.01,50,5000
mscoco,uncertainty_badge,ours_sample_package_krr,243,50,47,0.94,4.840295791625977,-4.840295791625977,0.000111912486318,0.0056018698960542,0,online_student,0,1,4,1250,28000,1000,1.1473939418792725,top_quantile,0.2024882000005163,0.8976633125,0.3333333333333333,0.5,,18.0,,5.0,1,ours_student_pkg_ctpt,good_count,47.0,27.0,10000.0,64.0,4.0,1786105.677236,2.799386432575201,2.80927,5.61854,1786105.677236,446526.419309,235320.0,10.0,0.0,10.0,10.0,2500.0,4.0,,,43,paper\main_text_experiments\runs\ratio_downstream_5k\ratio_0p01_seed_43,0.01,50,5000
mscoco,cosine,market_random_select,243,50,6,0.12,0.0498456917703151,-0.0498456917703151,6.777047929062974e-06,-7.881378405727446e-05,1,baseline_feature,0,0,1,5000,28000,1000,1.1473939418792725,top_quantile,0.1972271000004184,0.87589384375,0.3333333333333333,0.5,,3.0,,4.0,0,,good_count,6.0,6.0,,,,,,,,,,,,,,,,,37.0,,43,paper\main_text_experiments\runs\ratio_downstream_5k\ratio_0p01_seed_43,0.01,50,5000
mscoco,cosine,market_cosine_select,243,50,0,0.0,-0.6839900016784668,0.6839900016784668,9.059905892172536e-07,-0.002037811325863,1,baseline_feature,0,0,1,5000,28000,1000,1.1473939418792725,top_quantile,0.1928457000003618,0.89183709375,0.3333333333333333,0.5,,,,,0,,good_count,0.0,,,,,,,,,,,,,,,,,,50.0,,43,paper\main_text_experiments\runs\ratio_downstream_5k\ratio_0p01_seed_43,0.01,50,5000
mscoco,cosine,market_coreset_select,243,50,8,0.16,0.2046477645635604,-0.2046477645635604,3.075599579460686e-07,0.0011544553562998,1,baseline_feature,0,0,1,5000,28000,1000,1.1473939418792725,top_quantile,0.2931992000003447,0.8950131562500001,0.3333333333333333,0.5,,,8.0,,0,,good_count,8.0,,,,,,,,,,,,,,,,,,42.0,,43,paper\main_text_experiments\runs\ratio_downstream_5k\ratio_0p01_seed_43,0.01,50,5000
mscoco,cosine,market_badge_select,243,50,8,0.16,0.157649427652359,-0.157649427652359,5.046129444963299e-06,0.0004848730168305,1,baseline_model_based,1,0,1,5000,28000,1000,1.1473939418792725,top_quantile,0.2014343000000735,0.84774390625,0.3333333333333333,0.5,,,8.0,,0,,good_count,8.0,,,,,,,,,,,,,,,,,,42.0,,43,paper\main_text_experiments\runs\ratio_downstream_5k\ratio_0p01_seed_43,0.01,50,5000
mscoco,cosine,market_kmeans_center_select,243,50,32,0.64,2.3611936569213867,-2.3611936569213867,7.1102382207755e-05,0.0012153792195022,0,baseline_feature,0,0,1,5000,28000,1000,1.1473939418792725,top_quantile,0.1935231999996176,0.81912090625,0.7409564684001038,0.743375,,11.0,,,0,,good_count,32.0,39.0,,,,,,,,,,,,,,,,,,,43,paper\main_text_experiments\runs\ratio_downstream_5k\ratio_0p01_seed_43,0.01,50,5000
mscoco,cosine,market_typiclust_select,243,50,35,0.7,2.618734121322632,-2.618734121322632,7.515191828133538e-05,0.0016912814462557,0,baseline_feature,0,0,1,5000,28000,1000,1.1473939418792725,top_quantile,0.1973070999993069,0.81567646875,0.3333333333333333,0.5,,16.0,,,0,,good_count,35.0,34.0,,,,,,,,,,,,,,,,,,,43,paper\main_text_experiments\runs\ratio_downstream_5k\ratio_0p01_seed_43,0.01,50,5000
mscoco,cosine,ours_kernel_ridge_student,243,50,50,1.0,4.820803642272949,-4.820803642272949,0.0001115941995522,0.0055671050213277,0,online_student,0,0,1,5000,28000,1000,1.1473939418792725,top_quantile,0.1933311000002504,0.8649185,0.3333333333333333,0.5,,23.0,,2.0,1,ours_student_row_ctpt,good_count,50.0,25.0,10000.0,64.0,4.0,92931.597765,53.80301340178943,53.80903000000001,107.61806,92931.597765,92931.597765,705941.0,192.0,0.0,192.0,192.0,10000.0,1.0,,,43,paper\main_text_experiments\runs\ratio_downstream_5k\ratio_0p01_seed_43,0.01,50,5000
mscoco,cosine,ours_sample_package_krr,243,50,50,1.0,4.820803642272949,-4.820803642272949,0.0001115941995522,0.0055671050213277,0,online_student,0,1,4,1250,28000,1000,1.1473939418792725,top_quantile,0.1976142000003165,0.8976367187500001,0.3333333333333333,0.5,,23.0,,2.0,1,ours_student_pkg_ctpt,good_count,50.0,25.0,10000.0,64.0,4.0,1786105.677236,2.799386432575201,2.80927,5.61854,1786105.677236,446526.419309,235320.0,10.0,0.0,10.0,10.0,2500.0,4.0,,,43,paper\main_text_experiments\runs\ratio_downstream_5k\ratio_0p01_seed_43,0.01,50,5000
mscoco,all_average,market_random_select,243,50,6,0.12,-0.7866390347480774,0.7866390347480774,-6.3157081058307085e-06,-0.0016309183556586,1,baseline_feature,0,0,1,5000,28000,1000,1.1473939418792725,top_quantile,0.19535470000028,0.881366125,0.3333333333333333,0.5,10.0,11.0,10.0,4.0,0,,good_count,6.0,8.0,,,,,,,,,,,,,,,,,7.0,,43,paper\main_text_experiments\runs\ratio_downstream_5k\ratio_0p01_seed_43,0.01,50,5000
mscoco,all_average,market_cosine_select,243,50,0,0.0,-0.8640469908714294,0.8640469908714294,2.658367066032952e-06,-0.0028581612277776,1,baseline_feature,0,0,1,5000,28000,1000,1.1473939418792725,top_quantile,0.191521300000204,0.8915329375000001,0.3333333333333333,0.5,,,,,0,,good_count,0.0,,,,,,,,,,,,,,,,,,50.0,,43,paper\main_text_experiments\runs\ratio_downstream_5k\ratio_0p01_seed_43,0.01,50,5000
mscoco,all_average,market_coreset_select,243,50,0,0.0,-2.99556040763855,2.99556040763855,-8.349060954060405e-05,-0.0011974897934123,1,baseline_feature,0,0,1,5000,28000,1000,1.1473939418792725,top_quantile,0.2414898999995784,0.8888678437499999,0.3333333333333333,0.5,,,50.0,,0,,good_count,0.0,,,,,,,,,,,,,,,,,,,,43,paper\main_text_experiments\runs\ratio_downstream_5k\ratio_0p01_seed_43,0.01,50,5000
mscoco,all_average,market_badge_select,243,50,0,0.0,-3.007866621017456,3.007866621017456,-8.78632054082118e-05,-0.0007756315171718,1,baseline_model_based,1,0,1,5000,28000,1000,1.1473939418792725,top_quantile,0.1985308000002987,0.8324325625,0.3333333333333333,0.5,,,50.0,,0,,good_count,0.0,,,,,,,,,,,,,,,,,,,,43,paper\main_text_experiments\runs\ratio_downstream_5k\ratio_0p01_seed_43,0.01,50,5000
mscoco,all_average,market_kmeans_center_select,243,50,0,0.0,-1.320049285888672,1.320049285888672,-1.924037860590033e-06,-0.0039760922081768,1,baseline_feature,0,0,1,5000,28000,1000,1.1473939418792725,top_quantile,0.1960282999998526,0.7957421562500001,0.3333333333333333,0.5,,19.0,,,0,,good_count,0.0,31.0,,,,,,,,,,,,,,,,,,,43,paper\main_text_experiments\runs\ratio_downstream_5k\ratio_0p01_seed_43,0.01,50,5000
mscoco,all_average,market_typiclust_select,243,50,1,0.02,-1.089510440826416,1.089510440826416,1.9419194359215908e-06,-0.0035757245495915,1,baseline_feature,0,0,1,5000,28000,1000,1.1473939418792725,top_quantile,0.197708099999545,0.8630923125,0.3333333333333333,0.5,,20.0,,,0,,good_count,1.0,30.0,,,,,,,,,,,,,,,,,,,43,paper\main_text_experiments\runs\ratio_downstream_5k\ratio_0p01_seed_43,0.01,50,5000
mscoco,all_average,ours_kernel_ridge_student,243,50,50,1.0,5.010478496551514,-5.010478496551514,0.0001169896131614,0.0056608919985592,0,online_student,0,0,1,5000,28000,1000,1.1473939418792725,top_quantile,0.213348400000541,0.86394884375,0.3333333333333333,0.5,,21.0,,4.0,1,ours_student_row_ctpt,good_count,50.0,25.0,10000.0,64.0,4.0,92931.597765,53.80301340178943,53.80903000000001,107.61806,92931.597765,92931.597765,705941.0,192.0,0.0,192.0,192.0,10000.0,1.0,,,43,paper\main_text_experiments\runs\ratio_downstream_5k\ratio_0p01_seed_43,0.01,50,5000
mscoco,all_average,ours_sample_package_krr,243,50,50,1.0,5.010478496551514,-5.010478496551514,0.0001169896131614,0.0056608919985592,0,online_student,0,1,4,1250,28000,1000,1.1473939418792725,top_quantile,0.2043127999995704,0.8974931875000001,0.3333333333333333,0.5,,21.0,,4.0,1,ours_student_pkg_ctpt,good_count,50.0,25.0,10000.0,64.0,4.0,1786105.677236,2.799386432575201,2.80927,5.61854,1786105.677236,446526.419309,235320.0,10.0,0.0,10.0,10.0,2500.0,4.0,,,43,paper\main_text_experiments\runs\ratio_downstream_5k\ratio_0p01_seed_43,0.01,50,5000
hateful_memes,noise,market_random_select,44,50,6,0.12,-0.199421614408493,0.199421614408493,-3.313183697173372e-05,0.0037062054034322,1,baseline_feature,0,0,1,5000,28000,1000,1.0172555446624756,top_quantile,0.1691976000001886,0.5466903409090909,0.3697478991596639,0.5866666666666667,5.0,3.0,37.0,3.0,0,,good_count,6.0,2.0,,,,,,,,,,,,,,,,,,,44,paper\main_text_experiments\runs\ratio_downstream_5k\ratio_0p01_seed_44,0.01,50,5000
hateful_memes,noise,market_cosine_select,44,50,1,0.02,-1.7969878911972046,1.7969878911972046,-0.0001825523359002,-0.0210558995604515,1,baseline_feature,0,0,1,5000,28000,1000,1.0172555446624756,top_quantile,0.0995224999996935,0.5098710135630499,0.3697478991596639,0.5866666666666667,,,,50.0,0,,good_count,1.0,,,,,,,,,,,,,,,,,,,,44,paper\main_text_experiments\runs\ratio_downstream_5k\ratio_0p01_seed_44,0.01,50,5000
hateful_memes,noise,market_coreset_select,44,50,0,0.0,-0.2418243736028671,0.2418243736028671,-3.3061503927456215e-05,0.0025801954325288,1,baseline_feature,0,0,1,5000,28000,1000,1.0172555446624756,top_quantile,0.1354499999997642,0.4951851173020528,0.3697478991596639,0.5866666666666667,,,50.0,,0,,good_count,0.0,,,,,,,,,,,,,,,,,,,,44,paper\main_text_experiments\runs\ratio_downstream_5k\ratio_0p01_seed_44,0.01,50,5000
hateful_memes,noise,market_badge_select,44,50,0,0.0,-0.254233717918396,0.254233717918396,-3.181815191055648e-05,0.0021086521446704,1,baseline_model_based,1,0,1,5000,28000,1000,1.0172555446624756,top_quantile,0.1005202000005738,0.5278367851906158,0.2924528301886792,0.4133333333333333,,,50.0,,0,,good_count,0.0,,,,,,,,,,,,,,,,,,,,44,paper\main_text_experiments\runs\ratio_downstream_5k\ratio_0p01_seed_44,0.01,50,5000
hateful_memes,noise,market_kmeans_center_select,44,50,47,0.94,2.636513948440552,-2.636513948440552,0.0003995072911493,0.0282217767089605,0,baseline_feature,0,0,1,5000,28000,1000,1.0172555446624756,top_quantile,0.1587815000002592,0.5455170912756597,0.3697478991596639,0.5866666666666667,,19.0,,5.0,0,,good_count,47.0,26.0,,,,,,,,,,,,,,,,,,,44,paper\main_text_experiments\runs\ratio_downstream_5k\ratio_0p01_seed_44,0.01,50,5000
hateful_memes,noise,market_typiclust_select,44,50,43,0.86,2.24143123626709,-2.24143123626709,0.0003616535686887,0.0222027450799942,0,baseline_feature,0,0,1,5000,28000,1000,1.0172555446624756,top_quantile,0.1583510999998907,0.5200268053519062,0.3697478991596639,0.5866666666666667,,19.0,,8.0,0,,good_count,43.0,23.0,,,,,,,,,,,,,,,,,,,44,paper\main_text_experiments\runs\ratio_downstream_5k\ratio_0p01_seed_44,0.01,50,5000
hateful_memes,noise,ours_kernel_ridge_student,44,50,48,0.96,2.9585330486297607,-2.9585330486297607,0.0004677092947531,0.0287900138646364,0,online_student,0,0,1,5000,28000,1000,1.0172555446624756,top_quantile,0.1576185000003533,0.5252059659090909,0.3697478991596639,0.5866666666666667,,19.0,,7.0,1,ours_student_row_ctpt,good_count,48.0,24.0,10000.0,64.0,4.0,92931.597765,53.80301340178943,53.80903000000001,107.61806,92931.597765,92931.597765,705941.0,192.0,0.0,192.0,192.0,10000.0,1.0,,,44,paper\main_text_experiments\runs\ratio_downstream_5k\ratio_0p01_seed_44,0.01,50,5000
hateful_memes,noise,ours_sample_package_krr,44,50,48,0.96,2.9585330486297607,-2.9585330486297607,0.0004677092947531,0.0287900138646364,0,online_student,0,1,4,1250,28000,1000,1.0172555446624756,top_quantile,0.1511335000004692,0.5237946755865103,0.3697478991596639,0.5866666666666667,,19.0,,7.0,1,ours_student_pkg_ctpt,good_count,48.0,24.0,10000.0,64.0,4.0,1786105.677236,2.799386432575201,2.80927,5.61854,1786105.677236,446526.419309,235320.0,10.0,0.0,10.0,10.0,2500.0,4.0,,,44,paper\main_text_experiments\runs\ratio_downstream_5k\ratio_0p01_seed_44,0.01,50,5000
hateful_memes,coreset_far_wrong,market_random_select,44,50,6,0.12,-0.1169718652963638,0.1169718652963638,-2.384185791015625e-05,0.0048008458688855,1,baseline_feature,0,0,1,5000,28000,1000,1.0172555446624756,top_quantile,0.1523547000006146,0.5503283082844574,0.3697478991596639,0.5866666666666667,37.0,3.0,5.0,3.0,0,,good_count,6.0,2.0,,,,,,,,,,,,,,,,,,,44,paper\main_text_experiments\runs\ratio_downstream_5k\ratio_0p01_seed_44,0.01,50,5000
hateful_memes,coreset_far_wrong,market_cosine_select,44,50,1,0.02,-1.7969878911972046,1.7969878911972046,-0.0001825523359002,-0.0210558995604515,1,baseline_feature,0,0,1,5000,28000,1000,1.0172555446624756,top_quantile,0.0916410999998333,0.5098710135630499,0.3697478991596639,0.5866666666666667,,,,50.0,0,,good_count,1.0,,,,,,,,,,,,,,,,,,,,44,paper\main_text_experiments\runs\ratio_downstream_5k\ratio_0p01_seed_44,0.01,50,5000
hateful_memes,coreset_far_wrong,market_coreset_select,44,50,0,0.0,-1.0556405782699585,1.0556405782699585,-0.0002856707433238,0.0104640293866395,1,baseline_feature,0,0,1,5000,28000,1000,1.0172555446624756,top_quantile,0.1334870000000592,0.4783307368035191,0.3697478991596639,0.5866666666666667,,,50.0,,0,,good_count,0.0,,,,,,,,,,,,,,,,,,,,44,paper\main_text_experiments\runs\ratio_downstream_5k\ratio_0p01_seed_44,0.01,50,5000
hateful_memes,coreset_far_wrong,market_badge_select,44,50,0,0.0,-1.0915158987045288,1.0915158987045288,-0.0003213596355635,0.0136631755158305,1,baseline_model_based,1,0,1,5000,28000,1000,1.0172555446624756,top_quantile,0.1549101000000519,0.5160559475806452,0.2924528301886792,0.4133333333333333,,,50.0,,0,,good_count,0.0,,,,,,,,,,,,,,,,,,,,44,paper\main_text_experiments\runs\ratio_downstream_5k\ratio_0p01_seed_44,0.01,50,5000
hateful_memes,coreset_far_wrong,market_kmeans_center_select,44,50,47,0.94,2.636513948440552,-2.636513948440552,0.0003995072911493,0.0282217767089605,0,baseline_feature,0,0,1,5000,28000,1000,1.0172555446624756,top_quantile,0.1556084000003466,0.5455170912756597,0.3697478991596639,0.5866666666666667,,19.0,,5.0,0,,good_count,47.0,26.0,,,,,,,,,,,,,,,,,,,44,paper\main_text_experiments\runs\ratio_downstream_5k\ratio_0p01_seed_44,0.01,50,5000
hateful_memes,coreset_far_wrong,market_typiclust_select,44,50,43,0.86,2.24143123626709,-2.24143123626709,0.0003616535686887,0.0222027450799942,0,baseline_feature,0,0,1,5000,28000,1000,1.0172555446624756,top_quantile,0.1495305000007647,0.5200268053519062,0.3697478991596639,0.5866666666666667,,19.0,,8.0,0,,good_count,43.0,23.0,,,,,,,,,,,,,,,,,,,44,paper\main_text_experiments\runs\ratio_downstream_5k\ratio_0p01_seed_44,0.01,50,5000
hateful_memes,coreset_far_wrong,ours_kernel_ridge_student,44,50,48,0.96,2.9585330486297607,-2.9585330486297607,0.0004677092947531,0.0287900138646364,0,online_student,0,0,1,5000,28000,1000,1.0172555446624756,top_quantile,0.1581114000000525,0.5252059659090909,0.3697478991596639,0.5866666666666667,,19.0,,7.0,1,ours_student_row_ctpt,good_count,48.0,24.0,10000.0,64.0,4.0,92931.597765,53.80301340178943,53.80903000000001,107.61806,92931.597765,92931.597765,705941.0,192.0,0.0,192.0,192.0,10000.0,1.0,,,44,paper\main_text_experiments\runs\ratio_downstream_5k\ratio_0p01_seed_44,0.01,50,5000
hateful_memes,coreset_far_wrong,ours_sample_package_krr,44,50,48,0.96,2.9585330486297607,-2.9585330486297607,0.0004677092947531,0.0287900138646364,0,online_student,0,1,4,1250,28000,1000,1.0172555446624756,top_quantile,0.1490985000000364,0.5237946755865103,0.3697478991596639,0.5866666666666667,,19.0,,7.0,1,ours_student_pkg_ctpt,good_count,48.0,24.0,10000.0,64.0,4.0,1786105.677236,2.799386432575201,2.80927,5.61854,1786105.677236,446526.419309,235320.0,10.0,0.0,10.0,10.0,2500.0,4.0,,,44,paper\main_text_experiments\runs\ratio_downstream_5k\ratio_0p01_seed_44,0.01,50,5000
hateful_memes,typiclust_dense,market_random_select,44,50,6,0.12,0.3229495882987976,-0.3229495882987976,6.769776518922299e-05,0.0057668532244861,1,baseline_feature,0,0,1,5000,28000,1000,1.0172555446624756,top_quantile,0.1472072000005937,0.5461860795454545,0.3697478991596639,0.5866666666666667,1.0,6.0,,2.0,0,,good_count,6.0,39.0,,,,,,,,,,,,,,,,,2.0,,44,paper\main_text_experiments\runs\ratio_downstream_5k\ratio_0p01_seed_44,0.01,50,5000
hateful_memes,typiclust_dense,market_cosine_select,44,50,9,0.18,-0.7678838968276978,0.7678838968276978,-2.614021286717616e-05,-0.0120918788015842,1,baseline_feature,0,0,1,5000,28000,1000,1.0172555446624756,top_quantile,0.0935007999996742,0.5080975073313784,0.3697478991596639,0.5866666666666667,,,,,0,,good_count,9.0,,,,,,,,,,,,,,,,,,41.0,9.0,44,paper\main_text_experiments\runs\ratio_downstream_5k\ratio_0p01_seed_44,0.01,50,5000
hateful_memes,typiclust_dense,market_coreset_select,44,50,50,1.0,2.841914176940918,-2.841914176940918,0.0008505964069627,-0.0187528748065233,0,baseline_feature,0,0,1,5000,28000,1000,1.0172555446624756,top_quantile,0.1937165999997887,0.5312183834310851,0.3697478991596639,0.5866666666666667,,,50.0,,0,,good_count,50.0,,,,,,,,,,,,,,,,,,,,44,paper\main_text_experiments\runs\ratio_downstream_5k\ratio_0p01_seed_44,0.01,50,5000
hateful_memes,typiclust_dense,market_badge_select,44,50,50,1.0,2.841914176940918,-2.841914176940918,0.0008505964069627,-0.0187528748065233,0,baseline_model_based,1,0,1,5000,28000,1000,1.0172555446624756,top_quantile,0.1541968000001361,0.5307762096774193,0.3697478991596639,0.5866666666666667,,,50.0,,0,,good_count,50.0,,,,,,,,,,,,,,,,,,,,44,paper\main_text_experiments\runs\ratio_downstream_5k\ratio_0p01_seed_44,0.01,50,5000
hateful_memes,typiclust_dense,market_kmeans_center_select,44,50,1,0.02,-0.4629339575767517,0.4629339575767517,-3.364086069268524e-06,-0.0066978610120713,1,baseline_feature,0,0,1,5000,28000,1000,1.0172555446624756,top_quantile,0.150189599999976,0.5612804710410557,0.3697478991596639,0.5866666666666667,,11.0,,,0,,good_count,1.0,39.0,,,,,,,,,,,,,,,,,,,44,paper\main_text_experiments\runs\ratio_downstream_5k\ratio_0p01_seed_44,0.01,50,5000
hateful_memes,typiclust_dense,market_typiclust_select,44,50,0,0.0,-0.702067494392395,0.702067494392395,-5.681037873728201e-05,-0.0067947572097182,1,baseline_feature,0,0,1,5000,28000,1000,1.0172555446624756,top_quantile,0.152689200000168,0.517908495234604,0.3697478991596639,0.5866666666666667,,19.0,,,0,,good_count,0.0,26.0,,,,,,,,,,,,,,,,,5.0,,44,paper\main_text_experiments\runs\ratio_downstream_5k\ratio_0p01_seed_44,0.01,50,5000
hateful_memes,typiclust_dense,ours_kernel_ridge_student,44,50,18,0.36,1.7085556983947754,-1.7085556983947754,0.0002462625561747,0.0215563457459211,0,online_student,0,0,1,5000,28000,1000,1.0172555446624756,top_quantile,0.1593627000002015,0.5183311950146627,0.3697478991596639,0.5866666666666667,,11.0,,3.0,1,ours_student_row_ctpt,good_count,18.0,36.0,10000.0,64.0,4.0,92931.597765,53.80301340178943,53.80903000000001,107.61806,92931.597765,92931.597765,705941.0,192.0,0.0,192.0,192.0,10000.0,1.0,,,44,paper\main_text_experiments\runs\ratio_downstream_5k\ratio_0p01_seed_44,0.01,50,5000
hateful_memes,typiclust_dense,ours_sample_package_krr,44,50,18,0.36,1.7085556983947754,-1.7085556983947754,0.0002462625561747,0.0215563457459211,0,online_student,0,1,4,1250,28000,1000,1.0172555446624756,top_quantile,0.1531123000004299,0.529393099340176,0.3697478991596639,0.5866666666666667,,11.0,,3.0,1,ours_student_pkg_ctpt,good_count,18.0,36.0,10000.0,64.0,4.0,1786105.677236,2.799386432575201,2.80927,5.61854,1786105.677236,446526.419309,235320.0,10.0,0.0,10.0,10.0,2500.0,4.0,,,44,paper\main_text_experiments\runs\ratio_downstream_5k\ratio_0p01_seed_44,0.01,50,5000
hateful_memes,kmeans_center,market_random_select,44,50,6,0.12,0.4807026386260986,-0.4807026386260986,0.0001046252218657,0.0056368578225374,1,baseline_feature,0,0,1,5000,28000,1000,1.0172555446624756,top_quantile,0.1494008999998186,0.5474839626099707,0.3697478991596639,0.5866666666666667,2.0,39.0,,2.0,0,,good_count,6.0,6.0,,,,,,,,,,,,,,,,,,1.0,44,paper\main_text_experiments\runs\ratio_downstream_5k\ratio_0p01_seed_44,0.01,50,5000
hateful_memes,kmeans_center,market_cosine_select,44,50,50,1.0,2.932924509048462,-2.932924509048462,0.0005023574922233,0.0240908712148666,0,baseline_feature,0,0,1,5000,28000,1000,1.0172555446624756,top_quantile,0.150488100000075,0.5330704728739002,0.3697478991596639,0.5866666666666667,,,,30.0,0,,good_count,50.0,,,,,,,,,,,,,,,,,,12.0,8.0,44,paper\main_text_experiments\runs\ratio_downstream_5k\ratio_0p01_seed_44,0.01,50,5000
hateful_memes,kmeans_center,market_coreset_select,44,50,49,0.98,2.772015333175659,-2.772015333175659,0.0008372903103008,-0.0190501995384693,0,baseline_feature,0,0,1,5000,28000,1000,1.0172555446624756,top_quantile,0.135222199999589,0.4869015762463343,0.3697478991596639,0.5866666666666667,1.0,,49.0,,0,,good_count,49.0,,,,,,,,,,,,,,,,,,,,44,paper\main_text_experiments\runs\ratio_downstream_5k\ratio_0p01_seed_44,0.01,50,5000
hateful_memes,kmeans_center,market_badge_select,44,50,49,0.98,2.772015333175659,-2.772015333175659,0.0008372903103008,-0.0190501995384693,0,baseline_model_based,1,0,1,5000,28000,1000,1.0172555446624756,top_quantile,0.1519080000007306,0.5299205003665689,0.3697478991596639,0.5866666666666667,1.0,,49.0,,0,,good_count,49.0,,,,,,,,,,,,,,,,,,,,44,paper\main_text_experiments\runs\ratio_downstream_5k\ratio_0p01_seed_44,0.01,50,5000
hateful_memes,kmeans_center,market_kmeans_center_select,44,50,1,0.02,-0.874503493309021,0.874503493309021,-4.7470330173382536e-05,-0.0124253500252962,1,baseline_feature,0,0,1,5000,28000,1000,1.0172555446624756,top_quantile,0.1528420000004189,0.5677004673753666,0.3697478991596639,0.5866666666666667,,30.0,,,0,,good_count,1.0,20.0,,,,,,,,,,,,,,,,,,,44,paper\main_text_experiments\runs\ratio_downstream_5k\ratio_0p01_seed_44,0.01,50,5000
hateful_memes,kmeans_center,market_typiclust_select,44,50,0,0.0,-0.4879792034626007,0.4879792034626007,-2.451777436363045e-05,-0.0049013257957994,1,baseline_feature,0,0,1,5000,28000,1000,1.0172555446624756,top_quantile,0.0920004999998127,0.5159079453812316,0.2924528301886792,0.4133333333333333,,38.0,,,0,,good_count,0.0,12.0,,,,,,,,,,,,,,,,,,,44,paper\main_text_experiments\runs\ratio_downstream_5k\ratio_0p01_seed_44,0.01,50,5000
hateful_memes,kmeans_center,ours_kernel_ridge_student,44,50,18,0.36,1.5879194736480713,-1.5879194736480713,0.0002313506556674,0.0201079417020082,0,online_student,0,0,1,5000,28000,1000,1.0172555446624756,top_quantile,0.2147130000003017,0.524673982771261,0.3697478991596639,0.5866666666666667,,38.0,,2.0,1,ours_student_row_ctpt,good_count,18.0,10.0,10000.0,64.0,4.0,92931.597765,53.80301340178943,53.80903000000001,107.61806,92931.597765,92931.597765,705941.0,192.0,0.0,192.0,192.0,10000.0,1.0,,,44,paper\main_text_experiments\runs\ratio_downstream_5k\ratio_0p01_seed_44,0.01,50,5000
hateful_memes,kmeans_center,ours_sample_package_krr,44,50,18,0.36,1.5879194736480713,-1.5879194736480713,0.0002313506556674,0.0201079417020082,0,online_student,0,1,4,1250,28000,1000,1.0172555446624756,top_quantile,0.1545108999998774,0.5260852730938417,0.3697478991596639,0.5866666666666667,,38.0,,2.0,1,ours_student_pkg_ctpt,good_count,18.0,10.0,10000.0,64.0,4.0,1786105.677236,2.799386432575201,2.80927,5.61854,1786105.677236,446526.419309,235320.0,10.0,0.0,10.0,10.0,2500.0,4.0,,,44,paper\main_text_experiments\runs\ratio_downstream_5k\ratio_0p01_seed_44,0.01,50,5000
hateful_memes,uncertainty_badge,market_random_select,44,50,6,0.12,0.4540439546108246,-0.4540439546108246,8.440017700195312e-05,0.0072830049321055,1,baseline_feature,0,0,1,5000,28000,1000,1.0172555446624756,top_quantile,0.2034345999991273,0.544562866568915,0.3697478991596639,0.5866666666666667,5.0,3.0,,38.0,0,,good_count,6.0,2.0,,,,,,,,,,,,,,,,,2.0,,44,paper\main_text_experiments\runs\ratio_downstream_5k\ratio_0p01_seed_44,0.01,50,5000
hateful_memes,uncertainty_badge,market_cosine_select,44,50,0,0.0,-1.6097548007965088,1.6097548007965088,-0.0001929938734974,-0.0149072892963886,1,baseline_feature,0,0,1,5000,28000,1000,1.0172555446624756,top_quantile,0.1031363000001874,0.5035802327712611,0.3697478991596639,0.5866666666666667,,,,,0,,good_count,0.0,,,,,,,,,,,,,,,,,,50.0,,44,paper\main_text_experiments\runs\ratio_downstream_5k\ratio_0p01_seed_44,0.01,50,5000
hateful_memes,uncertainty_badge,market_coreset_select,44,50,0,0.0,-0.7584742903709412,0.7584742903709412,-6.364583896356635e-06,-0.0141405584290623,1,baseline_feature,0,0,1,5000,28000,1000,1.0172555446624756,top_quantile,0.1298647000003256,0.4882159549120234,0.3697478991596639,0.5866666666666667,38.0,,,,0,,good_count,0.0,,,,,,,,,,,,,,,,,,12.0,,44,paper\main_text_experiments\runs\ratio_downstream_5k\ratio_0p01_seed_44,0.01,50,5000
hateful_memes,uncertainty_badge,market_badge_select,44,50,0,0.0,-0.8426257371902466,0.8426257371902466,-3.2303334592143074e-05,-0.0133464708924293,1,baseline_model_based,1,0,1,5000,28000,1000,1.0172555446624756,top_quantile,0.1557493999998769,0.5240909090909092,0.3697478991596639,0.5866666666666667,18.0,,,,0,,good_count,0.0,,,,,,,,,,,,,,,,,,32.0,,44,paper\main_text_experiments\runs\ratio_downstream_5k\ratio_0p01_seed_44,0.01,50,5000
hateful_memes,uncertainty_badge,market_kmeans_center_select,44,50,27,0.54,1.5639642477035522,-1.5639642477035522,0.0002320992934983,0.0193894747644662,0,baseline_feature,0,0,1,5000,28000,1000,1.0172555446624756,top_quantile,0.1503787999999986,0.5510706103372434,0.3697478991596639,0.5866666666666667,,11.0,,24.0,0,,good_count,27.0,15.0,,,,,,,,,,,,,,,,,,,44,paper\main_text_experiments\runs\ratio_downstream_5k\ratio_0p01_seed_44,0.01,50,5000
hateful_memes,uncertainty_badge,market_typiclust_select,44,50,1,0.02,-0.1769192069768905,0.1769192069768905,3.0171870548656443e-06,0.0001010756168398,1,baseline_feature,0,0,1,5000,28000,1000,1.0172555446624756,top_quantile,0.0930937000002813,0.5199170637829912,0.2924528301886792,0.4133333333333333,,,,42.0,0,,good_count,1.0,1.0,,,,,,,,,,,,,,,,,7.0,,44,paper\main_text_experiments\runs\ratio_downstream_5k\ratio_0p01_seed_44,0.01,50,5000
hateful_memes,uncertainty_badge,ours_kernel_ridge_student,44,50,33,0.66,2.296561479568481,-2.296561479568481,0.0003439104475546,0.0257168058305978,0,online_student,0,0,1,5000,28000,1000,1.0172555446624756,top_quantile,0.1499858999995922,0.5288093383431085,0.3697478991596639,0.5866666666666667,,13.0,,19.0,1,ours_student_row_ctpt,good_count,33.0,18.0,10000.0,64.0,4.0,92931.597765,53.80301340178943,53.80903000000001,107.61806,92931.597765,92931.597765,705941.0,192.0,0.0,192.0,192.0,10000.0,1.0,,,44,paper\main_text_experiments\runs\ratio_downstream_5k\ratio_0p01_seed_44,0.01,50,5000
hateful_memes,uncertainty_badge,ours_sample_package_krr,44,50,33,0.66,2.296561479568481,-2.296561479568481,0.0003439104475546,0.0257168058305978,0,online_student,0,1,4,1250,28000,1000,1.0172555446624756,top_quantile,0.1549032000002626,0.5407606304985337,0.3697478991596639,0.5866666666666667,,13.0,,19.0,1,ours_student_pkg_ctpt,good_count,33.0,18.0,10000.0,64.0,4.0,1786105.677236,2.799386432575201,2.80927,5.61854,1786105.677236,446526.419309,235320.0,10.0,0.0,10.0,10.0,2500.0,4.0,,,44,paper\main_text_experiments\runs\ratio_downstream_5k\ratio_0p01_seed_44,0.01,50,5000
hateful_memes,cosine,market_random_select,44,50,6,0.12,-0.1292131543159485,0.1292131543159485,2.4616718292236328e-05,-0.0011498444946482,1,baseline_feature,0,0,1,5000,28000,1000,1.0172555446624756,top_quantile,0.1558300000006056,0.553336693548387,0.3697478991596639,0.5866666666666667,1.0,2.0,1.0,4.0,0,,good_count,6.0,5.0,,,,,,,,,,,,,,,,,37.0,,44,paper\main_text_experiments\runs\ratio_downstream_5k\ratio_0p01_seed_44,0.01,50,5000
hateful_memes,cosine,market_cosine_select,44,50,0,0.0,-0.2934778034687042,0.2934778034687042,-4.0415525290882215e-05,0.0020725794602185,1,baseline_feature,0,0,1,5000,28000,1000,1.0172555446624756,top_quantile,0.0955712000004496,0.5043278042521994,0.3697478991596639,0.5866666666666667,,,,,0,,good_count,0.0,,,,,,,,,,,,,,,,,,50.0,,44,paper\main_text_experiments\runs\ratio_downstream_5k\ratio_0p01_seed_44,0.01,50,5000
hateful_memes,cosine,market_coreset_select,44,50,40,0.8,2.283825635910034,-2.283825635910034,0.0007140755769796,-0.0176099352538585,0,baseline_feature,0,0,1,5000,28000,1000,1.0172555446624756,top_quantile,0.2626178999998956,0.5245287298387097,0.3697478991596639,0.5866666666666667,,,40.0,,0,,good_count,40.0,,,,,,,,,,,,,,,,,,10.0,,44,paper\main_text_experiments\runs\ratio_downstream_5k\ratio_0p01_seed_44,0.01,50,5000
hateful_memes,cosine,market_badge_select,44,50,40,0.8,2.285970687866211,-2.285970687866211,0.0007025766535662,-0.0162178929895162,0,baseline_model_based,1,0,1,5000,28000,1000,1.0172555446624756,top_quantile,0.1517413999999917,0.5263524101906157,0.3697478991596639,0.5866666666666667,,,40.0,,0,,good_count,40.0,,,,,,,,,,,,,,,,,,10.0,,44,paper\main_text_experiments\runs\ratio_downstream_5k\ratio_0p01_seed_44,0.01,50,5000
hateful_memes,cosine,market_kmeans_center_select,44,50,18,0.36,-0.5426971912384033,0.5426971912384033,3.86726860597264e-05,-0.0136827686801552,0,baseline_feature,0,0,1,5000,28000,1000,1.0172555446624756,top_quantile,0.1535827999996399,0.5654275109970675,0.3697478991596639,0.5866666666666667,,8.0,,,0,,good_count,18.0,42.0,,,,,,,,,,,,,,,,,,,44,paper\main_text_experiments\runs\ratio_downstream_5k\ratio_0p01_seed_44,0.01,50,5000
hateful_memes,cosine,market_typiclust_select,44,50,2,0.04,-0.8236244916915894,0.8236244916915894,-5.3124429541639984e-05,-0.0104273883625864,1,baseline_feature,0,0,1,5000,28000,1000,1.0172555446624756,top_quantile,0.1540670999993381,0.5240398185483871,0.3697478991596639,0.5866666666666667,,1.0,,1.0,0,,good_count,2.0,21.0,,,,,,,,,,,,,,,,,27.0,,44,paper\main_text_experiments\runs\ratio_downstream_5k\ratio_0p01_seed_44,0.01,50,5000
hateful_memes,cosine,ours_kernel_ridge_student,44,50,43,0.86,2.307638168334961,-2.307638168334961,0.000382618891308,0.02151320874691,0,online_student,0,0,1,5000,28000,1000,1.0172555446624756,top_quantile,0.153135900000052,0.5144664131231672,0.3697478991596639,0.5866666666666667,,18.0,,4.0,1,ours_student_row_ctpt,good_count,43.0,28.0,10000.0,64.0,4.0,92931.597765,53.80301340178943,53.80903000000001,107.61806,92931.597765,92931.597765,705941.0,192.0,0.0,192.0,192.0,10000.0,1.0,,,44,paper\main_text_experiments\runs\ratio_downstream_5k\ratio_0p01_seed_44,0.01,50,5000
hateful_memes,cosine,ours_sample_package_krr,44,50,43,0.86,2.307638168334961,-2.307638168334961,0.000382618891308,0.02151320874691,0,online_student,0,1,4,1250,28000,1000,1.0172555446624756,top_quantile,0.1467137999998158,0.5307489461143695,0.3697478991596639,0.5866666666666667,,18.0,,4.0,1,ours_student_pkg_ctpt,good_count,43.0,28.0,10000.0,64.0,4.0,1786105.677236,2.799386432575201,2.80927,5.61854,1786105.677236,446526.419309,235320.0,10.0,0.0,10.0,10.0,2500.0,4.0,,,44,paper\main_text_experiments\runs\ratio_downstream_5k\ratio_0p01_seed_44,0.01,50,5000
hateful_memes,all_average,market_random_select,44,50,6,0.12,-1.6231276988983154,1.6231276988983154,-0.0001697599946055,-0.0179582182317972,1,baseline_feature,0,0,1,5000,28000,1000,1.0172555446624756,top_quantile,0.1534822000003259,0.5572633339442816,0.3697478991596639,0.5866666666666667,2.0,11.0,7.0,9.0,0,,good_count,6.0,15.0,,,,,,,,,,,,,,,,,6.0,,44,paper\main_text_experiments\runs\ratio_downstream_5k\ratio_0p01_seed_44,0.01,50,5000
hateful_memes,all_average,market_cosine_select,44,50,0,0.0,-1.4752647876739502,1.4752647876739502,-0.0001544642436783,-0.0158366337418556,1,baseline_feature,0,0,1,5000,28000,1000,1.0172555446624756,top_quantile,0.101900999999998,0.5053837518328446,0.3697478991596639,0.5866666666666667,,,,,0,,good_count,0.0,,,,,,,,,,,,,,,,,,50.0,,44,paper\main_text_experiments\runs\ratio_downstream_5k\ratio_0p01_seed_44,0.01,50,5000
hateful_memes,all_average,market_coreset_select,44,50,0,0.0,-1.1713844537734983,1.1713844537734983,-0.0003289711603429,0.0124416444450616,1,baseline_feature,0,0,1,5000,28000,1000,1.0172555446624756,top_quantile,0.1966542000000117,0.4793440707478006,0.3697478991596639,0.5866666666666667,,,50.0,,0,,good_count,0.0,,,,,,,,,,,,,,,,,,,,44,paper\main_text_experiments\runs\ratio_downstream_5k\ratio_0p01_seed_44,0.01,50,5000
hateful_memes,all_average,market_badge_select,44,50,0,0.0,-1.2593107223510742,1.2593107223510742,-0.0003642010560724,0.0142152952030301,1,baseline_model_based,1,0,1,5000,28000,1000,1.0172555446624756,top_quantile,0.0963284999997995,0.5269373167155424,0.2924528301886792,0.4133333333333333,,,50.0,,0,,good_count,0.0,,,,,,,,,,,,,,,,,,,,44,paper\main_text_experiments\runs\ratio_downstream_5k\ratio_0p01_seed_44,0.01,50,5000
hateful_memes,all_average,market_kmeans_center_select,44,50,0,0.0,-1.6748385429382324,1.6748385429382324,-0.0001434099685866,-0.0223817396908998,1,baseline_feature,0,0,1,5000,28000,1000,1.0172555446624756,top_quantile,0.1526250999995682,0.5715503574046921,0.3697478991596639,0.5866666666666667,,23.0,,1.0,0,,good_count,0.0,26.0,,,,,,,,,,,,,,,,,,,44,paper\main_text_experiments\runs\ratio_downstream_5k\ratio_0p01_seed_44,0.01,50,5000
hateful_memes,all_average,market_typiclust_select,44,50,0,0.0,-0.7410632967948914,0.7410632967948914,-5.09226338181179e-05,-0.0085065877065062,1,baseline_feature,0,0,1,5000,28000,1000,1.0172555446624756,top_quantile,0.1480896000002758,0.5131630315249267,0.3697478991596639,0.5866666666666667,,21.0,,3.0,0,,good_count,0.0,23.0,,,,,,,,,,,,,,,,,3.0,,44,paper\main_text_experiments\runs\ratio_downstream_5k\ratio_0p01_seed_44,0.01,50,5000
hateful_memes,all_average,ours_kernel_ridge_student,44,50,28,0.56,0.5306413173675537,-0.5306413173675537,0.0001402318448526,0.0028180109802633,0,online_student,0,0,1,5000,28000,1000,1.0172555446624756,top_quantile,0.1570916000000579,0.5188437041788856,0.3697478991596639,0.5866666666666667,,22.0,,7.0,1,ours_student_row_ctpt,good_count,28.0,21.0,10000.0,64.0,4.0,92931.597765,53.80301340178943,53.80903000000001,107.61806,92931.597765,92931.597765,705941.0,192.0,0.0,192.0,192.0,10000.0,1.0,,,44,paper\main_text_experiments\runs\ratio_downstream_5k\ratio_0p01_seed_44,0.01,50,5000
hateful_memes,all_average,ours_sample_package_krr,44,50,28,0.56,0.5306413173675537,-0.5306413173675537,0.0001402318448526,0.0028180109802633,0,online_student,0,1,4,1250,28000,1000,1.0172555446624756,top_quantile,0.1544102999996539,0.5018571297653959,0.3697478991596639,0.5866666666666667,,22.0,,7.0,1,ours_student_pkg_ctpt,good_count,28.0,21.0,10000.0,64.0,4.0,1786105.677236,2.799386432575201,2.80927,5.61854,1786105.677236,446526.419309,235320.0,10.0,0.0,10.0,10.0,2500.0,4.0,,,44,paper\main_text_experiments\runs\ratio_downstream_5k\ratio_0p01_seed_44,0.01,50,5000
hatespeech,noise,market_random_select,144,50,3,0.06,-1.0337803363800049,1.0337803363800049,-6.734133057761937e-05,0.0004731153021566,1,baseline_feature,0,0,1,5000,28000,1000,1.1208701133728027,top_quantile,0.3366754999997283,0.54177264,0.3333333333333333,0.5,7.0,2.0,33.0,8.0,0,,good_count,3.0,,,,,,,,,,,,,,,,,,,,44,paper\main_text_experiments\runs\ratio_downstream_5k\ratio_0p01_seed_44,0.01,50,5000
hatespeech,noise,market_cosine_select,144,50,0,0.0,-1.2147082090377808,1.2147082090377808,-4.765272024087608e-05,-0.0174217857420444,1,baseline_feature,0,0,1,5000,28000,1000,1.1208701133728027,top_quantile,0.2273310000000492,0.55713212,0.3333333333333333,0.5,,,,50.0,0,,good_count,0.0,,,,,,,,,,,,,,,,,,,,44,paper\main_text_experiments\runs\ratio_downstream_5k\ratio_0p01_seed_44,0.01,50,5000
hatespeech,noise,market_coreset_select,144,50,0,0.0,-1.1082921028137207,1.1082921028137207,-0.0001477479963796,0.0261591356247663,1,baseline_feature,0,0,1,5000,28000,1000,1.1208701133728027,top_quantile,0.2579838999999992,0.5398595799999999,0.3333333333333333,0.5,,,50.0,,0,,good_count,0.0,,,,,,,,,,,,,,,,,,,,44,paper\main_text_experiments\runs\ratio_downstream_5k\ratio_0p01_seed_44,0.01,50,5000
hatespeech,noise,market_badge_select,144,50,0,0.0,-1.1353697776794434,1.1353697776794434,-0.0001552450703456,0.0273811463266611,1,baseline_model_based,1,0,1,5000,28000,1000,1.1208701133728027,top_quantile,0.2144823999997243,0.558962,0.3333333333333333,0.5,,,50.0,,0,,good_count,0.0,,,,,,,,,,,,,,,,,,,,44,paper\main_text_experiments\runs\ratio_downstream_5k\ratio_0p01_seed_44,0.01,50,5000
hatespeech,noise,market_kmeans_center_select,144,50,50,1.0,3.1459054946899414,-3.1459054946899414,0.0003467834030743,0.0893600210547447,0,baseline_feature,0,0,1,5000,28000,1000,1.1208701133728027,top_quantile,0.2183190000005197,0.50058746,0.3333333333333333,0.5,,19.0,,2.0,0,,good_count,50.0,29.0,,,,,,,,,,,,,,,,,,,44,paper\main_text_experiments\runs\ratio_downstream_5k\ratio_0p01_seed_44,0.01,50,5000
hatespeech,noise,market_typiclust_select,144,50,50,1.0,3.144732713699341,-3.144732713699341,0.0003474378609098,0.089047260582447,0,baseline_feature,0,0,1,5000,28000,1000,1.1208701133728027,top_quantile,0.2114080000001195,0.54740312,0.3333333333333333,0.5,,20.0,,2.0,0,,good_count,50.0,28.0,,,,,,,,,,,,,,,,,,,44,paper\main_text_experiments\runs\ratio_downstream_5k\ratio_0p01_seed_44,0.01,50,5000
hatespeech,noise,ours_kernel_ridge_student,144,50,50,1.0,3.1804850101470947,-3.1804850101470947,0.0003549492394085,0.0883253589272499,0,online_student,0,0,1,5000,28000,1000,1.1208701133728027,top_quantile,0.1985570999995616,0.54293472,0.3333333333333333,0.5,,20.0,,4.0,1,ours_student_row_ctpt,good_count,50.0,26.0,10000.0,64.0,4.0,92931.597765,53.80301340178943,53.80903000000001,107.61806,92931.597765,92931.597765,705941.0,192.0,0.0,192.0,192.0,10000.0,1.0,,,44,paper\main_text_experiments\runs\ratio_downstream_5k\ratio_0p01_seed_44,0.01,50,5000
hatespeech,noise,ours_sample_package_krr,144,50,50,1.0,3.1804850101470947,-3.1804850101470947,0.0003549492394085,0.0883253589272499,0,online_student,0,1,4,1250,28000,1000,1.1208701133728027,top_quantile,0.1744665999995049,0.55685544,0.3333333333333333,0.5,,20.0,,4.0,1,ours_student_pkg_ctpt,good_count,50.0,26.0,10000.0,64.0,4.0,1786105.677236,2.799386432575201,2.80927,5.61854,1786105.677236,446526.419309,235320.0,10.0,0.0,10.0,10.0,2500.0,4.0,,,44,paper\main_text_experiments\runs\ratio_downstream_5k\ratio_0p01_seed_44,0.01,50,5000
hatespeech,coreset_far_wrong,market_random_select,144,50,3,0.06,-0.6446208953857422,0.6446208953857422,-6.021261287969537e-05,0.0204863380640745,1,baseline_feature,0,0,1,5000,28000,1000,1.1208701133728027,top_quantile,0.3217259000002741,0.5392341599999999,0.3333333333333333,0.5,33.0,2.0,7.0,8.0,0,,good_count,3.0,,,,,,,,,,,,,,,,,,,,44,paper\main_text_experiments\runs\ratio_downstream_5k\ratio_0p01_seed_44,0.01,50,5000
hatespeech,coreset_far_wrong,market_cosine_select,144,50,0,0.0,-1.2147082090377808,1.2147082090377808,-4.765272024087608e-05,-0.0174217857420444,1,baseline_feature,0,0,1,5000,28000,1000,1.1208701133728027,top_quantile,0.2149520000002667,0.55713212,0.3333333333333333,0.5,,,,50.0,0,,good_count,0.0,,,,,,,,,,,,,,,,,,,,44,paper\main_text_experiments\runs\ratio_downstream_5k\ratio_0p01_seed_44,0.01,50,5000
hatespeech,coreset_far_wrong,market_coreset_select,144,50,0,0.0,-1.9511717557907104,1.9511717557907104,-0.0003048694052267,0.0357230454683303,1,baseline_feature,0,0,1,5000,28000,1000,1.1208701133728027,top_quantile,0.245666899999378,0.5515285,0.3333333333333333,0.5,,,50.0,,0,,good_count,0.0,,,,,,,,,,,,,,,,,,,,44,paper\main_text_experiments\runs\ratio_downstream_5k\ratio_0p01_seed_44,0.01,50,5000
hatespeech,coreset_far_wrong,market_badge_select,144,50,0,0.0,-1.8415656089782717,1.8415656089782717,-0.0002830517187248,0.0339617952704429,1,baseline_model_based,1,0,1,5000,28000,1000,1.1208701133728027,top_quantile,0.1975275999993755,0.54680414,0.3333333333333333,0.5,,,50.0,,0,,good_count,0.0,,,,,,,,,,,,,,,,,,,,44,paper\main_text_experiments\runs\ratio_downstream_5k\ratio_0p01_seed_44,0.01,50,5000
hatespeech,coreset_far_wrong,market_kmeans_center_select,144,50,50,1.0,3.1459054946899414,-3.1459054946899414,0.0003467834030743,0.0893600210547447,0,baseline_feature,0,0,1,5000,28000,1000,1.1208701133728027,top_quantile,0.157185600000048,0.50058746,0.3333333333333333,0.5,,19.0,,2.0,0,,good_count,50.0,29.0,,,,,,,,,,,,,,,,,,,44,paper\main_text_experiments\runs\ratio_downstream_5k\ratio_0p01_seed_44,0.01,50,5000
hatespeech,coreset_far_wrong,market_typiclust_select,144,50,50,1.0,3.144732713699341,-3.144732713699341,0.0003474378609098,0.089047260582447,0,baseline_feature,0,0,1,5000,28000,1000,1.1208701133728027,top_quantile,0.2085270999996282,0.54740312,0.3333333333333333,0.5,,20.0,,2.0,0,,good_count,50.0,28.0,,,,,,,,,,,,,,,,,,,44,paper\main_text_experiments\runs\ratio_downstream_5k\ratio_0p01_seed_44,0.01,50,5000
hatespeech,coreset_far_wrong,ours_kernel_ridge_student,144,50,50,1.0,3.1804850101470947,-3.1804850101470947,0.0003549492394085,0.0883253589272499,0,online_student,0,0,1,5000,28000,1000,1.1208701133728027,top_quantile,0.1931506000000808,0.54293472,0.3333333333333333,0.5,,20.0,,4.0,1,ours_student_row_ctpt,good_count,50.0,26.0,10000.0,64.0,4.0,92931.597765,53.80301340178943,53.80903000000001,107.61806,92931.597765,92931.597765,705941.0,192.0,0.0,192.0,192.0,10000.0,1.0,,,44,paper\main_text_experiments\runs\ratio_downstream_5k\ratio_0p01_seed_44,0.01,50,5000
hatespeech,coreset_far_wrong,ours_sample_package_krr,144,50,50,1.0,3.1804850101470947,-3.1804850101470947,0.0003549492394085,0.0883253589272499,0,online_student,0,1,4,1250,28000,1000,1.1208701133728027,top_quantile,0.1777462000000014,0.55685544,0.3333333333333333,0.5,,20.0,,4.0,1,ours_student_pkg_ctpt,good_count,50.0,26.0,10000.0,64.0,4.0,1786105.677236,2.799386432575201,2.80927,5.61854,1786105.677236,446526.419309,235320.0,10.0,0.0,10.0,10.0,2500.0,4.0,,,44,paper\main_text_experiments\runs\ratio_downstream_5k\ratio_0p01_seed_44,0.01,50,5000
hatespeech,typiclust_dense,market_random_select,144,50,3,0.06,0.1342183053493499,-0.1342183053493499,2.405405030003749e-05,0.0343983508646488,1,baseline_feature,0,0,1,5000,28000,1000,1.1208701133728027,top_quantile,0.2175342999998974,0.53461264,0.3333333333333333,0.5,,9.0,,,0,,good_count,3.0,34.0,,,,,,,,,,,,,,,,,7.0,,44,paper\main_text_experiments\runs\ratio_downstream_5k\ratio_0p01_seed_44,0.01,50,5000
hatespeech,typiclust_dense,market_cosine_select,144,50,4,0.08,-1.3267314434051514,1.3267314434051514,-5.328654992808879e-07,-0.0415459014475345,1,baseline_feature,0,0,1,5000,28000,1000,1.1208701133728027,top_quantile,0.2135643000001437,0.55913548,0.3333333333333333,0.5,,,,,0,,good_count,4.0,,,,,,,,,,,,,,,,,,47.0,3.0,44,paper\main_text_experiments\runs\ratio_downstream_5k\ratio_0p01_seed_44,0.01,50,5000
hatespeech,typiclust_dense,market_coreset_select,144,50,32,0.64,1.4545468091964722,-1.4545468091964722,0.0004060268402099,-0.0313158296048641,0,baseline_feature,0,0,1,5000,28000,1000,1.1208701133728027,top_quantile,0.2366689000000406,0.48484612,0.3333333333333333,0.5,3.0,,28.0,,0,,good_count,32.0,,,,,,,,,,,,,,,,,,19.0,,44,paper\main_text_experiments\runs\ratio_downstream_5k\ratio_0p01_seed_44,0.01,50,5000
hatespeech,typiclust_dense,market_badge_select,144,50,29,0.58,1.2040717601776123,-1.2040717601776123,0.0003663849784061,-0.0311062950640916,0,baseline_model_based,1,0,1,5000,28000,1000,1.1208701133728027,top_quantile,0.1934505999997782,0.5412918,0.3333333333333333,0.5,,,28.0,,0,,good_count,29.0,,,,,,,,,,,,,,,,,,21.0,1.0,44,paper\main_text_experiments\runs\ratio_downstream_5k\ratio_0p01_seed_44,0.01,50,5000
hatespeech,typiclust_dense,market_kmeans_center_select,144,50,6,0.12,1.278658390045166,-1.278658390045166,0.0001548516738694,0.0522362180054187,1,baseline_feature,0,0,1,5000,28000,1000,1.1208701133728027,top_quantile,0.1630505000002813,0.50121642,0.3333333333333333,0.5,,7.0,,1.0,0,,good_count,6.0,42.0,,,,,,,,,,,,,,,,,,,44,paper\main_text_experiments\runs\ratio_downstream_5k\ratio_0p01_seed_44,0.01,50,5000
hatespeech,typiclust_dense,market_typiclust_select,144,50,0,0.0,1.3250263929367063,-1.3250263929367063,7.373690459644422e-05,0.0852300524711608,1,baseline_feature,0,0,1,5000,28000,1000,1.1208701133728027,top_quantile,0.2113208000000668,0.55302354,0.3333333333333333,0.5,,21.0,,,0,,good_count,0.0,29.0,,,,,,,,,,,,,,,,,,,44,paper\main_text_experiments\runs\ratio_downstream_5k\ratio_0p01_seed_44,0.01,50,5000
hatespeech,typiclust_dense,ours_kernel_ridge_student,144,50,19,0.38,2.337317705154419,-2.337317705154419,0.0002633369003888,0.0734083354473114,0,online_student,0,0,1,5000,28000,1000,1.1208701133728027,top_quantile,0.1732662000003983,0.51979402,0.3333333333333333,0.5,,9.0,,2.0,1,ours_student_row_ctpt,good_count,19.0,39.0,10000.0,64.0,4.0,92931.597765,53.80301340178943,53.80903000000001,107.61806,92931.597765,92931.597765,705941.0,192.0,0.0,192.0,192.0,10000.0,1.0,,,44,paper\main_text_experiments\runs\ratio_downstream_5k\ratio_0p01_seed_44,0.01,50,5000
hatespeech,typiclust_dense,ours_sample_package_krr,144,50,19,0.38,2.337317705154419,-2.337317705154419,0.0002633369003888,0.0734083354473114,0,online_student,0,1,4,1250,28000,1000,1.1208701133728027,top_quantile,0.1748377000003529,0.55938004,0.3333333333333333,0.5,,9.0,,2.0,1,ours_student_pkg_ctpt,good_count,19.0,39.0,10000.0,64.0,4.0,1786105.677236,2.799386432575201,2.80927,5.61854,1786105.677236,446526.419309,235320.0,10.0,0.0,10.0,10.0,2500.0,4.0,,,44,paper\main_text_experiments\runs\ratio_downstream_5k\ratio_0p01_seed_44,0.01,50,5000
hatespeech,kmeans_center,market_random_select,144,50,3,0.06,-0.0632059946656227,0.0632059946656227,9.796619451662991e-06,0.0282192900776863,1,baseline_feature,0,0,1,5000,28000,1000,1.1208701133728027,top_quantile,0.2621381999997538,0.5124629199999999,0.3333333333333333,0.5,7.0,35.0,,1.0,0,,good_count,3.0,7.0,,,,,,,,,,,,,,,,,,,44,paper\main_text_experiments\runs\ratio_downstream_5k\ratio_0p01_seed_44,0.01,50,5000
hatespeech,kmeans_center,market_cosine_select,144,50,37,0.74,2.050575256347656,-2.050575256347656,0.0002675390278454,0.0551312528550624,0,baseline_feature,0,0,1,5000,28000,1000,1.1208701133728027,top_quantile,0.2159033999996609,0.56354852,0.3333333333333333,0.5,,13.0,,28.0,0,,good_count,37.0,2.0,,,,,,,,,,,,,,,,,4.0,3.0,44,paper\main_text_experiments\runs\ratio_downstream_5k\ratio_0p01_seed_44,0.01,50,5000
hatespeech,kmeans_center,market_coreset_select,144,50,27,0.54,0.9171484112739564,-0.9171484112739564,0.0003552544221747,-0.0436679683625698,0,baseline_feature,0,0,1,5000,28000,1000,1.1208701133728027,top_quantile,0.2031615000005331,0.48640528,0.3333333333333333,0.5,23.0,,26.0,,0,,good_count,27.0,,,,,,,,,,,,,,,,,,,1.0,44,paper\main_text_experiments\runs\ratio_downstream_5k\ratio_0p01_seed_44,0.01,50,5000
hatespeech,kmeans_center,market_badge_select,144,50,27,0.54,0.9171485304832458,-0.9171485304832458,0.0003552544221747,-0.0436679683625698,0,baseline_model_based,1,0,1,5000,28000,1000,1.1208701133728027,top_quantile,0.1985396000000037,0.54330172,0.3333333333333333,0.5,23.0,,26.0,,0,,good_count,27.0,,,,,,,,,,,,,,,,,,,1.0,44,paper\main_text_experiments\runs\ratio_downstream_5k\ratio_0p01_seed_44,0.01,50,5000
hatespeech,kmeans_center,market_kmeans_center_select,144,50,5,0.1,1.1143805980682373,-1.1143805980682373,0.0001397013693349,0.0483219735324382,1,baseline_feature,0,0,1,5000,28000,1000,1.1208701133728027,top_quantile,0.1547329000004538,0.5014394799999999,0.3333333333333333,0.5,,38.0,,1.0,0,,good_count,5.0,11.0,,,,,,,,,,,,,,,,,,,44,paper\main_text_experiments\runs\ratio_downstream_5k\ratio_0p01_seed_44,0.01,50,5000
hatespeech,kmeans_center,market_typiclust_select,144,50,2,0.04,1.5066677331924438,-1.5066677331924438,0.0001010155683616,0.0856267362833023,1,baseline_feature,0,0,1,5000,28000,1000,1.1208701133728027,top_quantile,0.214609399999972,0.5517539,0.3333333333333333,0.5,,38.0,,,0,,good_count,2.0,12.0,,,,,,,,,,,,,,,,,,,44,paper\main_text_experiments\runs\ratio_downstream_5k\ratio_0p01_seed_44,0.01,50,5000
hatespeech,kmeans_center,ours_kernel_ridge_student,144,50,19,0.38,2.3661179542541504,-2.3661179542541504,0.0002680897596292,0.0733115226030349,0,online_student,0,0,1,5000,28000,1000,1.1208701133728027,top_quantile,0.1805574999998498,0.52143842,0.3333333333333333,0.5,,36.0,,2.0,1,ours_student_row_ctpt,good_count,19.0,12.0,10000.0,64.0,4.0,92931.597765,53.80301340178943,53.80903000000001,107.61806,92931.597765,92931.597765,705941.0,192.0,0.0,192.0,192.0,10000.0,1.0,,,44,paper\main_text_experiments\runs\ratio_downstream_5k\ratio_0p01_seed_44,0.01,50,5000
hatespeech,kmeans_center,ours_sample_package_krr,144,50,19,0.38,2.3661179542541504,-2.3661179542541504,0.0002680897596292,0.0733115226030349,0,online_student,0,1,4,1250,28000,1000,1.1208701133728027,top_quantile,0.1694103999998333,0.5579932400000001,0.3333333333333333,0.5,,36.0,,2.0,1,ours_student_pkg_ctpt,good_count,19.0,12.0,10000.0,64.0,4.0,1786105.677236,2.799386432575201,2.80927,5.61854,1786105.677236,446526.419309,235320.0,10.0,0.0,10.0,10.0,2500.0,4.0,,,44,paper\main_text_experiments\runs\ratio_downstream_5k\ratio_0p01_seed_44,0.01,50,5000
hatespeech,uncertainty_badge,market_random_select,144,50,3,0.06,-0.1502916365861892,0.1502916365861892,3.5328863305039704e-05,0.0136100649833679,1,baseline_feature,0,0,1,5000,28000,1000,1.1208701133728027,top_quantile,0.353035699999964,0.54093894,0.3333333333333333,0.5,7.0,1.0,,33.0,0,,good_count,3.0,2.0,,,,,,,,,,,,,,,,,7.0,,44,paper\main_text_experiments\runs\ratio_downstream_5k\ratio_0p01_seed_44,0.01,50,5000
hatespeech,uncertainty_badge,market_cosine_select,144,50,0,0.0,-1.2955905199050903,1.2955905199050903,-1.572132168803364e-05,-0.0340593084692955,1,baseline_feature,0,0,1,5000,28000,1000,1.1208701133728027,top_quantile,0.207476300000053,0.56085704,0.3333333333333333,0.5,,,,,0,,good_count,0.0,,,,,,,,,,,,,,,,,,50.0,,44,paper\main_text_experiments\runs\ratio_downstream_5k\ratio_0p01_seed_44,0.01,50,5000
hatespeech,uncertainty_badge,market_coreset_select,144,50,0,0.0,-0.998046100139618,0.998046100139618,-3.7789344787597656e-05,-0.0084808357059955,1,baseline_feature,0,0,1,5000,28000,1000,1.1208701133728027,top_quantile,0.198301999999785,0.48246276,0.3333333333333333,0.5,39.0,,,,0,,good_count,0.0,,,,,,,,,,,,,,,,,,11.0,,44,paper\main_text_experiments\runs\ratio_downstream_5k\ratio_0p01_seed_44,0.01,50,5000
hatespeech,uncertainty_badge,market_badge_select,144,50,0,0.0,-1.0437103509902954,1.0437103509902954,-1.984000118682161e-05,-0.0178447198122739,1,baseline_model_based,1,0,1,5000,28000,1000,1.1208701133728027,top_quantile,0.1949665000001914,0.54389554,0.3333333333333333,0.5,17.0,,,,0,,good_count,0.0,,,,,,,,,,,,,,,,,,33.0,,44,paper\main_text_experiments\runs\ratio_downstream_5k\ratio_0p01_seed_44,0.01,50,5000
hatespeech,uncertainty_badge,market_kmeans_center_select,144,50,44,0.88,3.0202796459198,-3.0202796459198,0.0003269541193731,0.0894452780485153,0,baseline_feature,0,0,1,5000,28000,1000,1.1208701133728027,top_quantile,0.1596465000002354,0.50059846,0.3333333333333333,0.5,,18.0,,8.0,0,,good_count,44.0,24.0,,,,,,,,,,,,,,,,,,,44,paper\main_text_experiments\runs\ratio_downstream_5k\ratio_0p01_seed_44,0.01,50,5000
hatespeech,uncertainty_badge,market_typiclust_select,144,50,29,0.58,2.513218879699707,-2.513218879699707,0.0002561569272074,0.08633903414011,0,baseline_feature,0,0,1,5000,28000,1000,1.1208701133728027,top_quantile,0.2131430000008549,0.5473721,0.3333333333333333,0.5,,14.0,,20.0,0,,good_count,29.0,15.0,,,,,,,,,,,,,,,,,1.0,,44,paper\main_text_experiments\runs\ratio_downstream_5k\ratio_0p01_seed_44,0.01,50,5000
hatespeech,uncertainty_badge,ours_kernel_ridge_student,144,50,41,0.82,3.071957588195801,-3.071957588195801,0.000338484038366,0.0881506279110908,0,online_student,0,0,1,5000,28000,1000,1.1208701133728027,top_quantile,0.1957426999997551,0.54358402,0.3333333333333333,0.5,,18.0,,11.0,1,ours_student_row_ctpt,good_count,41.0,21.0,10000.0,64.0,4.0,92931.597765,53.80301340178943,53.80903000000001,107.61806,92931.597765,92931.597765,705941.0,192.0,0.0,192.0,192.0,10000.0,1.0,,,44,paper\main_text_experiments\runs\ratio_downstream_5k\ratio_0p01_seed_44,0.01,50,5000
hatespeech,uncertainty_badge,ours_sample_package_krr,144,50,41,0.82,3.071957588195801,-3.071957588195801,0.000338484038366,0.0881506279110908,0,online_student,0,1,4,1250,28000,1000,1.1208701133728027,top_quantile,0.1773044000001391,0.55697334,0.3333333333333333,0.5,,18.0,,11.0,1,ours_student_pkg_ctpt,good_count,41.0,21.0,10000.0,64.0,4.0,1786105.677236,2.799386432575201,2.80927,5.61854,1786105.677236,446526.419309,235320.0,10.0,0.0,10.0,10.0,2500.0,4.0,,,44,paper\main_text_experiments\runs\ratio_downstream_5k\ratio_0p01_seed_44,0.01,50,5000
hatespeech,cosine,market_random_select,144,50,3,0.06,-0.718920886516571,0.718920886516571,-2.0935534848831597e-05,0.0014891418395563,1,baseline_feature,0,0,1,5000,28000,1000,1.1208701133728027,top_quantile,0.3065661000000546,0.53939916,0.3333333333333333,0.5,,2.0,,7.0,0,,good_count,3.0,8.0,,,,,,,,,,,,,,,,,33.0,,44,paper\main_text_experiments\runs\ratio_downstream_5k\ratio_0p01_seed_44,0.01,50,5000
hatespeech,cosine,market_cosine_select,144,50,0,0.0,-0.5408658385276794,0.5408658385276794,1.0086298061651178e-05,0.0002789732825476,1,baseline_feature,0,0,1,5000,28000,1000,1.1208701133728027,top_quantile,0.2260388000004241,0.56087778,0.3333333333333333,0.5,,,,,0,,good_count,0.0,,,,,,,,,,,,,,,,,,50.0,,44,paper\main_text_experiments\runs\ratio_downstream_5k\ratio_0p01_seed_44,0.01,50,5000
hatespeech,cosine,market_coreset_select,144,50,24,0.48,1.2269943952560425,-1.2269943952560425,0.0003532361879479,-0.0248602721840143,0,baseline_feature,0,0,1,5000,28000,1000,1.1208701133728027,top_quantile,0.1957370000000082,0.48381786,0.3333333333333333,0.5,,,24.0,,0,,good_count,24.0,,,,,,,,,,,,,,,,,,26.0,,44,paper\main_text_experiments\runs\ratio_downstream_5k\ratio_0p01_seed_44,0.01,50,5000
hatespeech,cosine,market_badge_select,144,50,24,0.48,1.2509914636611938,-1.2509914636611938,0.0003410875797271,-0.0189251489937305,0,baseline_model_based,1,0,1,5000,28000,1000,1.1208701133728027,top_quantile,0.1658505000004879,0.51682944,0.3333333333333333,0.5,,,24.0,,0,,good_count,24.0,,,,,,,,,,,,,,,,,,26.0,,44,paper\main_text_experiments\runs\ratio_downstream_5k\ratio_0p01_seed_44,0.01,50,5000
hatespeech,cosine,market_kmeans_center_select,144,50,38,0.76,1.6064218282699585,-1.6064218282699585,0.000218049288378,0.0477332696318626,0,baseline_feature,0,0,1,5000,28000,1000,1.1208701133728027,top_quantile,0.1641339000007065,0.5015797399999999,0.3333333333333333,0.5,,18.0,,2.0,0,,good_count,38.0,29.0,,,,,,,,,,,,,,,,,1.0,,44,paper\main_text_experiments\runs\ratio_downstream_5k\ratio_0p01_seed_44,0.01,50,5000
hatespeech,cosine,market_typiclust_select,144,50,16,0.32,0.4809984266757965,-0.4809984266757965,4.2282343201804906e-05,0.0477971285581588,0,baseline_feature,0,0,1,5000,28000,1000,1.1208701133728027,top_quantile,0.235504100000071,0.5570534199999999,0.3333333333333333,0.5,,8.0,,,0,,good_count,16.0,12.0,,,,,,,,,,,,,,,,,30.0,,44,paper\main_text_experiments\runs\ratio_downstream_5k\ratio_0p01_seed_44,0.01,50,5000
hatespeech,cosine,ours_kernel_ridge_student,144,50,43,0.86,2.2393558025360107,-2.2393558025360107,0.0002781307557597,0.0621755942702293,0,online_student,0,0,1,5000,28000,1000,1.1208701133728027,top_quantile,0.2009186999994199,0.53924446,0.3333333333333333,0.5,,17.0,,4.0,1,ours_student_row_ctpt,good_count,43.0,29.0,10000.0,64.0,4.0,92931.597765,53.80301340178943,53.80903000000001,107.61806,92931.597765,92931.597765,705941.0,192.0,0.0,192.0,192.0,10000.0,1.0,,,44,paper\main_text_experiments\runs\ratio_downstream_5k\ratio_0p01_seed_44,0.01,50,5000
hatespeech,cosine,ours_sample_package_krr,144,50,43,0.86,2.2393558025360107,-2.2393558025360107,0.0002781307557597,0.0621755942702293,0,online_student,0,1,4,1250,28000,1000,1.1208701133728027,top_quantile,0.2597697000001062,0.56967966,0.3333333333333333,0.5,,17.0,,4.0,1,ours_student_pkg_ctpt,good_count,43.0,29.0,10000.0,64.0,4.0,1786105.677236,2.799386432575201,2.80927,5.61854,1786105.677236,446526.419309,235320.0,10.0,0.0,10.0,10.0,2500.0,4.0,,,44,paper\main_text_experiments\runs\ratio_downstream_5k\ratio_0p01_seed_44,0.01,50,5000
hatespeech,all_average,market_random_select,144,50,3,0.06,-1.4415316581726074,1.4415316581726074,-0.0001300537551287,0.0001341564930044,1,baseline_feature,0,0,1,5000,28000,1000,1.1208701133728027,top_quantile,0.2217410999992353,0.53842788,0.3333333333333333,0.5,9.0,7.0,7.0,3.0,0,,good_count,3.0,12.0,,,,,,,,,,,,,,,,,12.0,,44,paper\main_text_experiments\runs\ratio_downstream_5k\ratio_0p01_seed_44,0.01,50,5000
hatespeech,all_average,market_cosine_select,144,50,0,0.0,-1.5292637348175049,1.5292637348175049,-3.3540723961777985e-05,-0.0410202927887439,1,baseline_feature,0,0,1,5000,28000,1000,1.1208701133728027,top_quantile,0.1780168999994202,0.53853156,0.3333333333333333,0.5,,,,,0,,good_count,0.0,,,,,,,,,,,,,,,,,,50.0,,44,paper\main_text_experiments\runs\ratio_downstream_5k\ratio_0p01_seed_44,0.01,50,5000
hatespeech,all_average,market_coreset_select,144,50,0,0.0,-2.331146478652954,2.331146478652954,-0.0004060673818457,0.0513748936355114,1,baseline_feature,0,0,1,5000,28000,1000,1.1208701133728027,top_quantile,0.2024946999999883,0.49246806,0.3333333333333333,0.5,,,50.0,,0,,good_count,0.0,,,,,,,,,,,,,,,,,,,,44,paper\main_text_experiments\runs\ratio_downstream_5k\ratio_0p01_seed_44,0.01,50,5000
hatespeech,all_average,market_badge_select,144,50,1,0.02,-2.0410776138305664,2.0410776138305664,-0.0003535437572281,0.0486617311835289,1,baseline_model_based,1,0,1,5000,28000,1000,1.1208701133728027,top_quantile,0.1820730999997977,0.53660746,0.3333333333333333,0.5,,,50.0,,0,,good_count,1.0,,,,,,,,,,,,,,,,,,,,44,paper\main_text_experiments\runs\ratio_downstream_5k\ratio_0p01_seed_44,0.01,50,5000
hatespeech,all_average,market_kmeans_center_select,144,50,4,0.08,-0.6822857856750488,0.6822857856750488,-1.801013968361076e-05,0.0025313014630228,1,baseline_feature,0,0,1,5000,28000,1000,1.1208701133728027,top_quantile,0.1713562999993882,0.50289712,0.3333333333333333,0.5,,20.0,,2.0,0,,good_count,4.0,27.0,,,,,,,,,,,,,,,,,1.0,,44,paper\main_text_experiments\runs\ratio_downstream_5k\ratio_0p01_seed_44,0.01,50,5000
hatespeech,all_average,market_typiclust_select,144,50,0,0.0,1.066144585609436,-1.066144585609436,3.7311314372345805e-05,0.0837486535310745,1,baseline_feature,0,0,1,5000,28000,1000,1.1208701133728027,top_quantile,0.2230734999993728,0.5525912399999999,0.3333333333333333,0.5,,24.0,,,0,,good_count,0.0,24.0,,,,,,,,,,,,,,,,,2.0,,44,paper\main_text_experiments\runs\ratio_downstream_5k\ratio_0p01_seed_44,0.01,50,5000
hatespeech,all_average,ours_kernel_ridge_student,144,50,30,0.6,0.5768009424209595,-0.5768009424209595,0.000137513881782,0.0178153570741415,0,online_student,0,0,1,5000,28000,1000,1.1208701133728027,top_quantile,0.1660221000001911,0.48742196,0.3333333333333333,0.5,,18.0,,8.0,1,ours_student_row_ctpt,good_count,30.0,24.0,10000.0,64.0,4.0,92931.597765,53.80301340178943,53.80903000000001,107.61806,92931.597765,92931.597765,705941.0,192.0,0.0,192.0,192.0,10000.0,1.0,,,44,paper\main_text_experiments\runs\ratio_downstream_5k\ratio_0p01_seed_44,0.01,50,5000
hatespeech,all_average,ours_sample_package_krr,144,50,30,0.6,0.5768009424209595,-0.5768009424209595,0.000137513881782,0.0178153570741415,0,online_student,0,1,4,1250,28000,1000,1.1208701133728027,top_quantile,0.1976056000003154,0.56913548,0.3333333333333333,0.5,,18.0,,8.0,1,ours_student_pkg_ctpt,good_count,30.0,24.0,10000.0,64.0,4.0,1786105.677236,2.799386432575201,2.80927,5.61854,1786105.677236,446526.419309,235320.0,10.0,0.0,10.0,10.0,2500.0,4.0,,,44,paper\main_text_experiments\runs\ratio_downstream_5k\ratio_0p01_seed_44,0.01,50,5000
mscoco,noise,market_random_select,244,50,3,0.06,-0.3336327373981476,0.3336327373981476,-1.50203703697116e-07,0.0003052660904359,1,baseline_feature,0,0,1,5000,28000,1000,0.96003395318985,top_quantile,0.3188122999999905,0.89508059375,0.3333333333333333,0.5,5.0,,37.0,5.0,0,,good_count,3.0,,,,,,,,,,,,,,,,,,2.0,1.0,44,paper\main_text_experiments\runs\ratio_downstream_5k\ratio_0p01_seed_44,0.01,50,5000
mscoco,noise,market_cosine_select,244,50,50,1.0,3.3128647804260254,-3.3128647804260254,1.0037422271125251e-06,0.0064286487177014,0,baseline_feature,0,0,1,5000,28000,1000,0.96003395318985,top_quantile,0.2219232999996165,0.7868832499999999,0.3333333333333333,0.5,,,,,0,,good_count,50.0,,,,,,,,,,,,,,,,,,,50.0,44,paper\main_text_experiments\runs\ratio_downstream_5k\ratio_0p01_seed_44,0.01,50,5000
mscoco,noise,market_coreset_select,244,50,0,0.0,0.2749358415603637,-0.2749358415603637,3.457069297496673e-08,0.0013463895302265,1,baseline_feature,0,0,1,5000,28000,1000,0.96003395318985,top_quantile,0.2432817999997496,0.83076734375,0.3333333333333333,0.5,,,50.0,,0,,good_count,0.0,,,,,,,,,,,,,,,,,,,,44,paper\main_text_experiments\runs\ratio_downstream_5k\ratio_0p01_seed_44,0.01,50,5000
mscoco,noise,market_badge_select,244,50,0,0.0,0.2168596684932708,-0.2168596684932708,-4.2915345943583816e-08,0.0013940732460469,1,baseline_model_based,1,0,1,5000,28000,1000,0.96003395318985,top_quantile,0.2114285999996354,0.7711456875,0.3333333333333333,0.5,,,50.0,,0,,good_count,0.0,,,,,,,,,,,,,,,,,,,,44,paper\main_text_experiments\runs\ratio_downstream_5k\ratio_0p01_seed_44,0.01,50,5000
mscoco,noise,market_kmeans_center_select,244,50,46,0.92,2.930003881454468,-2.930003881454468,2.1839141481905244e-06,0.0025887885130941,0,baseline_feature,0,0,1,5000,28000,1000,0.96003395318985,top_quantile,0.2017163000000437,0.7955795625000001,0.3333333333333333,0.5,,11.0,,7.0,0,,good_count,46.0,14.0,,,,,,,,,,,,,,,,,6.0,12.0,44,paper\main_text_experiments\runs\ratio_downstream_5k\ratio_0p01_seed_44,0.01,50,5000
mscoco,noise,market_typiclust_select,244,50,50,1.0,3.2576727867126465,-3.2576727867126465,2.5331974029541016e-06,0.0025356891565024,0,baseline_feature,0,0,1,5000,28000,1000,0.96003395318985,top_quantile,0.1950317999999242,0.87701028125,0.3333333333333333,0.5,,13.0,,2.0,0,,good_count,50.0,15.0,,,,,,,,,,,,,,,,,12.0,8.0,44,paper\main_text_experiments\runs\ratio_downstream_5k\ratio_0p01_seed_44,0.01,50,5000
mscoco,noise,ours_kernel_ridge_student,244,50,50,1.0,3.6344072818756095,-3.6344072818756095,6.747245606675278e-07,0.0080268625169992,0,online_student,0,0,1,5000,28000,1000,0.96003395318985,top_quantile,0.2011741999995138,0.8496385625,0.3333333333333333,0.5,,,,,1,ours_student_row_ctpt,good_count,50.0,,10000.0,64.0,4.0,92931.597765,53.80301340178943,53.80903000000001,107.61806,92931.597765,92931.597765,705941.0,192.0,0.0,192.0,192.0,10000.0,1.0,14.0,36.0,44,paper\main_text_experiments\runs\ratio_downstream_5k\ratio_0p01_seed_44,0.01,50,5000
mscoco,noise,ours_sample_package_krr,244,50,50,1.0,3.6344072818756095,-3.6344072818756095,6.747245606675278e-07,0.0080268625169992,0,online_student,0,1,4,1250,28000,1000,0.96003395318985,top_quantile,0.1383002000002307,0.6563850625,0.3333333333333333,0.5,,,,,1,ours_student_pkg_ctpt,good_count,50.0,,10000.0,64.0,4.0,1786105.677236,2.799386432575201,2.80927,5.61854,1786105.677236,446526.419309,235320.0,10.0,0.0,10.0,10.0,2500.0,4.0,14.0,36.0,44,paper\main_text_experiments\runs\ratio_downstream_5k\ratio_0p01_seed_44,0.01,50,5000
mscoco,coreset_far_wrong,market_random_select,244,50,3,0.06,-0.3844886124134063,0.3844886124134063,-2.646446262133395e-07,0.0004614738281816,1,baseline_feature,0,0,1,5000,28000,1000,0.96003395318985,top_quantile,0.2041234999996959,0.89327178125,0.3333333333333333,0.5,37.0,,5.0,5.0,0,,good_count,3.0,,,,,,,,,,,,,,,,,,2.0,1.0,44,paper\main_text_experiments\runs\ratio_downstream_5k\ratio_0p01_seed_44,0.01,50,5000
mscoco,coreset_far_wrong,market_cosine_select,244,50,50,1.0,3.3128647804260254,-3.3128647804260254,1.0037422271125251e-06,0.0064286487177014,0,baseline_feature,0,0,1,5000,28000,1000,0.96003395318985,top_quantile,0.1983479000000443,0.7868832499999999,0.3333333333333333,0.5,,,,,0,,good_count,50.0,,,,,,,,,,,,,,,,,,,50.0,44,paper\main_text_experiments\runs\ratio_downstream_5k\ratio_0p01_seed_44,0.01,50,5000
mscoco,coreset_far_wrong,market_coreset_select,244,50,0,0.0,-0.8278350234031677,0.8278350234031677,-2.39610670860202e-07,-0.000689183245413,1,baseline_feature,0,0,1,5000,28000,1000,0.96003395318985,top_quantile,0.2358924000000115,0.88259440625,0.3341661254267685,0.500375,,,50.0,,0,,good_count,0.0,,,,,,,,,,,,,,,,,,,,44,paper\main_text_experiments\runs\ratio_downstream_5k\ratio_0p01_seed_44,0.01,50,5000
mscoco,coreset_far_wrong,market_badge_select,244,50,0,0.0,-0.8198252320289612,0.8198252320289612,-1.525878872143949e-07,-0.000883292465005,1,baseline_model_based,1,0,1,5000,28000,1000,0.96003395318985,top_quantile,0.2628813999999693,0.8731379999999999,0.3333333333333333,0.5,,,50.0,,0,,good_count,0.0,,,,,,,,,,,,,,,,,,,,44,paper\main_text_experiments\runs\ratio_downstream_5k\ratio_0p01_seed_44,0.01,50,5000
mscoco,coreset_far_wrong,market_kmeans_center_select,244,50,46,0.92,2.930003881454468,-2.930003881454468,2.1839141481905244e-06,0.0025887885130941,0,baseline_feature,0,0,1,5000,28000,1000,0.96003395318985,top_quantile,0.2029569000005722,0.7955795625000001,0.3333333333333333,0.5,,11.0,,7.0,0,,good_count,46.0,14.0,,,,,,,,,,,,,,,,,6.0,12.0,44,paper\main_text_experiments\runs\ratio_downstream_5k\ratio_0p01_seed_44,0.01,50,5000
mscoco,coreset_far_wrong,market_typiclust_select,244,50,50,1.0,3.2576727867126465,-3.2576727867126465,2.5331974029541016e-06,0.0025356891565024,0,baseline_feature,0,0,1,5000,28000,1000,0.96003395318985,top_quantile,0.1971504000002824,0.87701028125,0.3333333333333333,0.5,,13.0,,2.0,0,,good_count,50.0,15.0,,,,,,,,,,,,,,,,,12.0,8.0,44,paper\main_text_experiments\runs\ratio_downstream_5k\ratio_0p01_seed_44,0.01,50,5000
mscoco,coreset_far_wrong,ours_kernel_ridge_student,244,50,50,1.0,3.6344072818756095,-3.6344072818756095,6.747245606675278e-07,0.0080268625169992,0,online_student,0,0,1,5000,28000,1000,0.96003395318985,top_quantile,0.2015303999996831,0.8496385625,0.3333333333333333,0.5,,,,,1,ours_student_row_ctpt,good_count,50.0,,10000.0,64.0,4.0,92931.597765,53.80301340178943,53.80903000000001,107.61806,92931.597765,92931.597765,705941.0,192.0,0.0,192.0,192.0,10000.0,1.0,14.0,36.0,44,paper\main_text_experiments\runs\ratio_downstream_5k\ratio_0p01_seed_44,0.01,50,5000
mscoco,coreset_far_wrong,ours_sample_package_krr,244,50,50,1.0,3.6344072818756095,-3.6344072818756095,6.747245606675278e-07,0.0080268625169992,0,online_student,0,1,4,1250,28000,1000,0.96003395318985,top_quantile,0.1459009000000151,0.6563850625,0.3333333333333333,0.5,,,,,1,ours_student_pkg_ctpt,good_count,50.0,,10000.0,64.0,4.0,1786105.677236,2.799386432575201,2.80927,5.61854,1786105.677236,446526.419309,235320.0,10.0,0.0,10.0,10.0,2500.0,4.0,14.0,36.0,44,paper\main_text_experiments\runs\ratio_downstream_5k\ratio_0p01_seed_44,0.01,50,5000
mscoco,typiclust_dense,market_random_select,244,50,3,0.06,-0.4230691790580749,0.4230691790580749,1.1920929132713809e-08,-0.0003127369564026,1,baseline_feature,0,0,1,5000,28000,1000,0.96003395318985,top_quantile,0.2644725999998627,0.891576875,0.3333333333333333,0.5,,5.0,,,0,,good_count,3.0,37.0,,,,,,,,,,,,,,,,,7.0,1.0,44,paper\main_text_experiments\runs\ratio_downstream_5k\ratio_0p01_seed_44,0.01,50,5000
mscoco,typiclust_dense,market_cosine_select,244,50,50,1.0,3.2182891368865967,-3.2182891368865967,8.010864007701457e-07,0.0066941664554178,0,baseline_feature,0,0,1,5000,28000,1000,0.96003395318985,top_quantile,0.2026146000007429,0.8175728437500001,0.3333333333333333,0.5,,,,,0,,good_count,50.0,,,,,,,,,,,,,,,,,,,50.0,44,paper\main_text_experiments\runs\ratio_downstream_5k\ratio_0p01_seed_44,0.01,50,5000
mscoco,typiclust_dense,market_coreset_select,244,50,50,1.0,2.5563244819641118,-2.5563244819641118,7.796287491146359e-07,0.005120649933815,0,baseline_feature,0,0,1,5000,28000,1000,0.96003395318985,top_quantile,0.2272437999999965,0.8761871250000001,0.3333333333333333,0.5,,,50.0,,0,,good_count,50.0,,,,,,,,,,,,,,,,,,,,44,paper\main_text_experiments\runs\ratio_downstream_5k\ratio_0p01_seed_44,0.01,50,5000
mscoco,typiclust_dense,market_badge_select,244,50,50,1.0,2.570523262023926,-2.570523262023926,7.808208692949847e-07,0.0051526040770113,0,baseline_model_based,1,0,1,5000,28000,1000,0.96003395318985,top_quantile,0.2092386000003898,0.795411875,0.3333333333333333,0.5,,,50.0,,0,,good_count,50.0,,,,,,,,,,,,,,,,,,,,44,paper\main_text_experiments\runs\ratio_downstream_5k\ratio_0p01_seed_44,0.01,50,5000
mscoco,typiclust_dense,market_kmeans_center_select,244,50,0,0.0,-0.6992661952972412,0.6992661952972412,-2.3722648734292306e-07,-0.0003791890339925,1,baseline_feature,0,0,1,5000,28000,1000,0.96003395318985,top_quantile,0.2067448999996486,0.80126865625,0.3333333333333333,0.5,,16.0,,,0,,good_count,0.0,34.0,,,,,,,,,,,,,,,,,,,44,paper\main_text_experiments\runs\ratio_downstream_5k\ratio_0p01_seed_44,0.01,50,5000
mscoco,typiclust_dense,market_typiclust_select,244,50,0,0.0,-0.469120979309082,0.469120979309082,-5.0067900048134106e-08,-0.0002735850284807,1,baseline_feature,0,0,1,5000,28000,1000,0.96003395318985,top_quantile,0.1575691999996706,0.7711357812499999,0.3333333333333333,0.5,,14.0,,,0,,good_count,0.0,36.0,,,,,,,,,,,,,,,,,,,44,paper\main_text_experiments\runs\ratio_downstream_5k\ratio_0p01_seed_44,0.01,50,5000
mscoco,typiclust_dense,ours_kernel_ridge_student,244,50,47,0.94,3.0703742504119877,-3.0703742504119877,4.0531159584134e-07,0.007303075864911,0,online_student,0,0,1,5000,28000,1000,0.96003395318985,top_quantile,0.2039666999999099,0.8592594062499999,0.3333333333333333,0.5,,,,,1,ours_student_row_ctpt,good_count,47.0,,10000.0,64.0,4.0,92931.597765,53.80301340178943,53.80903000000001,107.61806,92931.597765,92931.597765,705941.0,192.0,0.0,192.0,192.0,10000.0,1.0,12.0,38.0,44,paper\main_text_experiments\runs\ratio_downstream_5k\ratio_0p01_seed_44,0.01,50,5000
mscoco,typiclust_dense,ours_sample_package_krr,244,50,47,0.94,3.0703742504119877,-3.0703742504119877,4.0531159584134e-07,0.007303075864911,0,online_student,0,1,4,1250,28000,1000,0.96003395318985,top_quantile,0.196993200000179,0.74614003125,0.3333333333333333,0.5,,,,,1,ours_student_pkg_ctpt,good_count,47.0,,10000.0,64.0,4.0,1786105.677236,2.799386432575201,2.80927,5.61854,1786105.677236,446526.419309,235320.0,10.0,0.0,10.0,10.0,2500.0,4.0,12.0,38.0,44,paper\main_text_experiments\runs\ratio_downstream_5k\ratio_0p01_seed_44,0.01,50,5000
mscoco,kmeans_center,market_random_select,244,50,3,0.06,-0.5013607740402222,0.5013607740402222,-8.82148754044465e-08,-0.0002590729855,1,baseline_feature,0,0,1,5000,28000,1000,0.96003395318985,top_quantile,0.303558200000225,0.8949427499999999,0.3333333333333333,0.5,6.0,37.0,1.0,,0,,good_count,3.0,5.0,,,,,,,,,,,,,,,,,,1.0,44,paper\main_text_experiments\runs\ratio_downstream_5k\ratio_0p01_seed_44,0.01,50,5000
mscoco,kmeans_center,market_cosine_select,244,50,50,1.0,3.150059700012207,-3.150059700012207,9.298324812334612e-07,0.0062102633528411,0,baseline_feature,0,0,1,5000,28000,1000,0.96003395318985,top_quantile,0.2016440000006696,0.881401375,0.3333333333333333,0.5,,,,,0,,good_count,50.0,,,,,,,,,,,,,,,,,,,50.0,44,paper\main_text_experiments\runs\ratio_downstream_5k\ratio_0p01_seed_44,0.01,50,5000
mscoco,kmeans_center,market_coreset_select,244,50,50,1.0,2.6390836238861084,-2.6390836238861084,8.642673492431641e-07,0.0051160329021513,0,baseline_feature,0,0,1,5000,28000,1000,0.96003395318985,top_quantile,0.2994046000003436,0.8801729374999999,0.3333333333333333,0.5,,,50.0,,0,,good_count,50.0,,,,,,,,,,,,,,,,,,,,44,paper\main_text_experiments\runs\ratio_downstream_5k\ratio_0p01_seed_44,0.01,50,5000
mscoco,kmeans_center,market_badge_select,244,50,50,1.0,2.61382269859314,-2.61382269859314,7.534027304245683e-07,0.0053263334557414,0,baseline_model_based,1,0,1,5000,28000,1000,0.96003395318985,top_quantile,0.148306600000069,0.5959372187499999,0.3333333333333333,0.5,,,50.0,,0,,good_count,50.0,,,,,,,,,,,,,,,,,,,,44,paper\main_text_experiments\runs\ratio_downstream_5k\ratio_0p01_seed_44,0.01,50,5000
mscoco,kmeans_center,market_kmeans_center_select,244,50,0,0.0,-0.6363164782524109,0.6363164782524109,-2.0742416495522773e-07,-0.0002977568365167,1,baseline_feature,0,0,1,5000,28000,1000,0.96003395318985,top_quantile,0.201799899999969,0.7632163750000001,0.3333333333333333,0.5,,31.0,,,0,,good_count,0.0,19.0,,,,,,,,,,,,,,,,,,,44,paper\main_text_experiments\runs\ratio_downstream_5k\ratio_0p01_seed_44,0.01,50,5000
mscoco,kmeans_center,market_typiclust_select,244,50,0,0.0,-0.4655178189277649,0.4655178189277649,-4.887580828949467e-08,-0.0002676617295946,1,baseline_feature,0,0,1,5000,28000,1000,0.96003395318985,top_quantile,0.1787641000000803,0.8224925,0.3333333333333333,0.5,,30.0,,,0,,good_count,0.0,20.0,,,,,,,,,,,,,,,,,,,44,paper\main_text_experiments\runs\ratio_downstream_5k\ratio_0p01_seed_44,0.01,50,5000
mscoco,kmeans_center,ours_kernel_ridge_student,244,50,50,1.0,3.481435537338257,-3.481435537338257,4.565715698845452e-07,0.0081869913265109,0,online_student,0,0,1,5000,28000,1000,0.96003395318985,top_quantile,0.1973215999996682,0.8432451875,0.3333333333333333,0.5,,,,,1,ours_student_row_ctpt,good_count,50.0,,10000.0,64.0,4.0,92931.597765,53.80301340178943,53.80903000000001,107.61806,92931.597765,92931.597765,705941.0,192.0,0.0,192.0,192.0,10000.0,1.0,9.0,41.0,44,paper\main_text_experiments\runs\ratio_downstream_5k\ratio_0p01_seed_44,0.01,50,5000
mscoco,kmeans_center,ours_sample_package_krr,244,50,50,1.0,3.481435537338257,-3.481435537338257,4.565715698845452e-07,0.0081869913265109,0,online_student,0,1,4,1250,28000,1000,0.96003395318985,top_quantile,0.1368019999999887,0.6472974687499998,0.3333333333333333,0.5,,,,,1,ours_student_pkg_ctpt,good_count,50.0,,10000.0,64.0,4.0,1786105.677236,2.799386432575201,2.80927,5.61854,1786105.677236,446526.419309,235320.0,10.0,0.0,10.0,10.0,2500.0,4.0,9.0,41.0,44,paper\main_text_experiments\runs\ratio_downstream_5k\ratio_0p01_seed_44,0.01,50,5000
mscoco,uncertainty_badge,market_random_select,244,50,3,0.06,-0.2309911847114563,0.2309911847114563,5.36441788767661e-08,5.6635391956660897e-05,1,baseline_feature,0,0,1,5000,28000,1000,0.96003395318985,top_quantile,0.2600548999998864,0.8940729375,0.3333333333333333,0.5,5.0,,,37.0,0,,good_count,3.0,,,,,,,,,,,,,,,,,,7.0,1.0,44,paper\main_text_experiments\runs\ratio_downstream_5k\ratio_0p01_seed_44,0.01,50,5000
mscoco,uncertainty_badge,market_cosine_select,244,50,50,1.0,3.3128647804260254,-3.3128647804260254,1.0037422271125251e-06,0.0064286487177014,0,baseline_feature,0,0,1,5000,28000,1000,0.96003395318985,top_quantile,0.1970769999998083,0.7868832499999999,0.3333333333333333,0.5,,,,,0,,good_count,50.0,,,,,,,,,,,,,,,,,,,50.0,44,paper\main_text_experiments\runs\ratio_downstream_5k\ratio_0p01_seed_44,0.01,50,5000
mscoco,uncertainty_badge,market_coreset_select,244,50,1,0.02,-1.0155242681503296,1.0155242681503296,-1.3232231310666978e-07,-0.0014138466212898,1,baseline_feature,0,0,1,5000,28000,1000,0.96003395318985,top_quantile,0.2257427999993524,0.8460304062499999,0.3333333333333333,0.5,46.0,,1.0,,0,,good_count,1.0,,,,,,,,,,,,,,,,,,3.0,,44,paper\main_text_experiments\runs\ratio_downstream_5k\ratio_0p01_seed_44,0.01,50,5000
mscoco,uncertainty_badge,market_badge_select,244,50,2,0.04,-1.1279698610305786,1.1279698610305786,-1.9311904964069981e-07,-0.0015407304745167,1,baseline_model_based,1,0,1,5000,28000,1000,0.96003395318985,top_quantile,0.1984612999995079,0.8854798749999999,0.3333333333333333,0.5,31.0,,1.0,,0,,good_count,2.0,,,,,,,,,,,,,,,,,,17.0,1.0,44,paper\main_text_experiments\runs\ratio_downstream_5k\ratio_0p01_seed_44,0.01,50,5000
mscoco,uncertainty_badge,market_kmeans_center_select,244,50,30,0.6,1.8852674961090088,-1.8852674961090088,1.3303756531968247e-06,0.0021190785337239,0,baseline_feature,0,0,1,5000,28000,1000,0.96003395318985,top_quantile,0.1963322000001426,0.7743459375,0.3333333333333333,0.5,,8.0,,21.0,0,,good_count,30.0,11.0,,,,,,,,,,,,,,,,,3.0,7.0,44,paper\main_text_experiments\runs\ratio_downstream_5k\ratio_0p01_seed_44,0.01,50,5000
mscoco,uncertainty_badge,market_typiclust_select,244,50,40,0.8,2.530282974243164,-2.530282974243164,1.989603106267168e-06,0.0020841644145548,0,baseline_feature,0,0,1,5000,28000,1000,0.96003395318985,top_quantile,0.1758218999993914,0.8151790625,0.3333333333333333,0.5,,12.0,,11.0,0,,good_count,40.0,14.0,,,,,,,,,,,,,,,,,7.0,6.0,44,paper\main_text_experiments\runs\ratio_downstream_5k\ratio_0p01_seed_44,0.01,50,5000
mscoco,uncertainty_badge,ours_kernel_ridge_student,244,50,49,0.98,3.4590628147125244,-3.4590628147125244,6.294250738392293e-07,0.0077073844149708,0,online_student,0,0,1,5000,28000,1000,0.96003395318985,top_quantile,0.1964074999996228,0.8600918437499999,0.3333333333333333,0.5,,,,,1,ours_student_row_ctpt,good_count,49.0,,10000.0,64.0,4.0,92931.597765,53.80301340178943,53.80903000000001,107.61806,92931.597765,92931.597765,705941.0,192.0,0.0,192.0,192.0,10000.0,1.0,14.0,36.0,44,paper\main_text_experiments\runs\ratio_downstream_5k\ratio_0p01_seed_44,0.01,50,5000
mscoco,uncertainty_badge,ours_sample_package_krr,244,50,49,0.98,3.4590628147125244,-3.4590628147125244,6.294250738392293e-07,0.0077073844149708,0,online_student,0,1,4,1250,28000,1000,0.96003395318985,top_quantile,0.1567417000005662,0.7126244374999999,0.3333333333333333,0.5,,,,,1,ours_student_pkg_ctpt,good_count,49.0,,10000.0,64.0,4.0,1786105.677236,2.799386432575201,2.80927,5.61854,1786105.677236,446526.419309,235320.0,10.0,0.0,10.0,10.0,2500.0,4.0,14.0,36.0,44,paper\main_text_experiments\runs\ratio_downstream_5k\ratio_0p01_seed_44,0.01,50,5000
mscoco,cosine,market_random_select,244,50,3,0.06,-0.3240501284599304,0.3240501284599304,-2.7418137094059606e-08,2.716351264098193e-05,1,baseline_feature,0,0,1,5000,28000,1000,0.96003395318985,top_quantile,0.2711829999998372,0.8931125625,0.3333333333333333,0.5,,,2.0,5.0,0,,good_count,3.0,5.0,,,,,,,,,,,,,,,,,37.0,1.0,44,paper\main_text_experiments\runs\ratio_downstream_5k\ratio_0p01_seed_44,0.01,50,5000
mscoco,cosine,market_cosine_select,244,50,50,1.0,4.2632341384887695,-4.2632341384887695,2.033710416071699e-06,0.0062331007793545,0,baseline_feature,0,0,1,5000,28000,1000,0.96003395318985,top_quantile,0.2794512999998915,0.8563483125,0.3333333333333333,0.5,,,,,0,,good_count,50.0,,,,,,,,,,,,,,,,,,,50.0,44,paper\main_text_experiments\runs\ratio_downstream_5k\ratio_0p01_seed_44,0.01,50,5000
mscoco,cosine,market_coreset_select,244,50,50,1.0,2.3944005966186523,-2.3944005966186523,6.592273962269246e-07,0.0050186431035399,0,baseline_feature,0,0,1,5000,28000,1000,0.96003395318985,top_quantile,0.2457006999993609,0.8881912500000001,0.3333333333333333,0.5,,,50.0,,0,,good_count,50.0,,,,,,,,,,,,,,,,,,,,44,paper\main_text_experiments\runs\ratio_downstream_5k\ratio_0p01_seed_44,0.01,50,5000
mscoco,cosine,market_badge_select,244,50,50,1.0,2.392288446426392,-2.392288446426392,6.091594855206495e-07,0.0051364544779062,0,baseline_model_based,1,0,1,5000,28000,1000,0.96003395318985,top_quantile,0.1968125000003056,0.8809307187500001,0.3333333333333333,0.5,,,50.0,,0,,good_count,50.0,,,,,,,,,,,,,,,,,,,,44,paper\main_text_experiments\runs\ratio_downstream_5k\ratio_0p01_seed_44,0.01,50,5000
mscoco,cosine,market_kmeans_center_select,244,50,10,0.2,-0.2750300168991089,0.2750300168991089,4.100799628758978e-07,-0.0009271994931623,0,baseline_feature,0,0,1,5000,28000,1000,0.96003395318985,top_quantile,0.2133181999997759,0.75309415625,0.3333333333333333,0.5,,5.0,,,0,,good_count,10.0,39.0,,,,,,,,,,,,,,,,,5.0,1.0,44,paper\main_text_experiments\runs\ratio_downstream_5k\ratio_0p01_seed_44,0.01,50,5000
mscoco,cosine,market_typiclust_select,244,50,7,0.14,-0.8267442584037781,0.8267442584037781,2.1457672971791908e-08,-0.0013278630794957,1,baseline_feature,0,0,1,5000,28000,1000,0.96003395318985,top_quantile,0.204889099999491,0.8680930937499999,0.3333333333333333,0.5,,3.0,,,0,,good_count,7.0,45.0,,,,,,,,,,,,,,,,,2.0,,44,paper\main_text_experiments\runs\ratio_downstream_5k\ratio_0p01_seed_44,0.01,50,5000
mscoco,cosine,ours_kernel_ridge_student,244,50,39,0.78,3.208198308944702,-3.208198308944702,7.128715537874086e-07,0.0068860906176269,0,online_student,0,0,1,5000,28000,1000,0.96003395318985,top_quantile,0.2001608000000487,0.8110225312499999,0.3333333333333333,0.5,,,,,1,ours_student_row_ctpt,good_count,39.0,,10000.0,64.0,4.0,92931.597765,53.80301340178943,53.80903000000001,107.61806,92931.597765,92931.597765,705941.0,192.0,0.0,192.0,192.0,10000.0,1.0,26.0,24.0,44,paper\main_text_experiments\runs\ratio_downstream_5k\ratio_0p01_seed_44,0.01,50,5000
mscoco,cosine,ours_sample_package_krr,244,50,39,0.78,3.208198308944702,-3.208198308944702,7.128715537874086e-07,0.0068860906176269,0,online_student,0,1,4,1250,28000,1000,0.96003395318985,top_quantile,0.1922274999997171,0.74342134375,0.3333333333333333,0.5,,,,,1,ours_student_pkg_ctpt,good_count,39.0,,10000.0,64.0,4.0,1786105.677236,2.799386432575201,2.80927,5.61854,1786105.677236,446526.419309,235320.0,10.0,0.0,10.0,10.0,2500.0,4.0,26.0,24.0,44,paper\main_text_experiments\runs\ratio_downstream_5k\ratio_0p01_seed_44,0.01,50,5000
mscoco,all_average,market_random_select,244,50,3,0.06,-0.8708604574203491,0.8708604574203491,-1.0967254837623841e-07,-0.0011140981223434,1,baseline_feature,0,0,1,5000,28000,1000,0.96003395318985,top_quantile,0.193358999999873,0.89988765625,0.3333333333333333,0.5,5.0,11.0,12.0,8.0,0,,good_count,3.0,5.0,,,,,,,,,,,,,,,,,9.0,,44,paper\main_text_experiments\runs\ratio_downstream_5k\ratio_0p01_seed_44,0.01,50,5000
mscoco,all_average,market_cosine_select,244,50,50,1.0,3.770587205886841,-3.770587205886841,1.3160705520931517e-06,0.0067858342081308,0,baseline_feature,0,0,1,5000,28000,1000,0.96003395318985,top_quantile,0.2011124999999083,0.86198315625,0.3333333333333333,0.5,,,,,0,,good_count,50.0,,,,,,,,,,,,,,,,,,,50.0,44,paper\main_text_experiments\runs\ratio_downstream_5k\ratio_0p01_seed_44,0.01,50,5000
mscoco,all_average,market_coreset_select,244,50,3,0.06,-0.7155178785324097,0.7155178785324097,-3.337860050578456e-07,-0.0001818988093873,1,baseline_feature,0,0,1,5000,28000,1000,0.96003395318985,top_quantile,0.2388037000000622,0.8637926874999999,0.3333333333333333,0.5,,,50.0,,0,,good_count,3.0,,,,,,,,,,,,,,,,,,,,44,paper\main_text_experiments\runs\ratio_downstream_5k\ratio_0p01_seed_44,0.01,50,5000
mscoco,all_average,market_badge_select,244,50,2,0.04,-0.7333114743232727,0.7333114743232727,-2.157688072657038e-07,-0.0005155414110049,1,baseline_model_based,1,0,1,5000,28000,1000,0.96003395318985,top_quantile,0.1665462000000843,0.7256380312499999,0.3333333333333333,0.5,,,50.0,,0,,good_count,2.0,,,,,,,,,,,,,,,,,,,,44,paper\main_text_experiments\runs\ratio_downstream_5k\ratio_0p01_seed_44,0.01,50,5000
mscoco,all_average,market_kmeans_center_select,244,50,0,0.0,-1.0535247325897217,1.0535247325897217,-5.29289252426679e-07,-0.0005319837364368,1,baseline_feature,0,0,1,5000,28000,1000,0.96003395318985,top_quantile,0.1934161999997741,0.76793534375,0.3333333333333333,0.5,,24.0,,,0,,good_count,0.0,26.0,,,,,,,,,,,,,,,,,,,44,paper\main_text_experiments\runs\ratio_downstream_5k\ratio_0p01_seed_44,0.01,50,5000
mscoco,all_average,market_typiclust_select,244,50,0,0.0,-0.7830856442451477,0.7830856442451477,-1.621246354943651e-07,-0.0007696066168136,1,baseline_feature,0,0,1,5000,28000,1000,0.96003395318985,top_quantile,0.1933152000001428,0.867285,0.3333333333333333,0.5,,22.0,,,0,,good_count,0.0,28.0,,,,,,,,,,,,,,,,,,,44,paper\main_text_experiments\runs\ratio_downstream_5k\ratio_0p01_seed_44,0.01,50,5000
mscoco,all_average,ours_kernel_ridge_student,244,50,47,0.94,3.341769933700561,-3.341769933700561,8.773803870099073e-07,0.0068100895732641,0,online_student,0,0,1,5000,28000,1000,0.96003395318985,top_quantile,0.2066251999995074,0.812438625,0.3333333333333333,0.5,,,1.0,,1,ours_student_row_ctpt,good_count,47.0,,10000.0,64.0,4.0,92931.597765,53.80301340178943,53.80903000000001,107.61806,92931.597765,92931.597765,705941.0,192.0,0.0,192.0,192.0,10000.0,1.0,11.0,38.0,44,paper\main_text_experiments\runs\ratio_downstream_5k\ratio_0p01_seed_44,0.01,50,5000
mscoco,all_average,ours_sample_package_krr,244,50,47,0.94,3.341769933700561,-3.341769933700561,8.773803870099073e-07,0.0068100895732641,0,online_student,0,1,4,1250,28000,1000,0.96003395318985,top_quantile,0.1354640999998082,0.6425524374999999,0.3333333333333333,0.5,,,1.0,,1,ours_student_pkg_ctpt,good_count,47.0,,10000.0,64.0,4.0,1786105.677236,2.799386432575201,2.80927,5.61854,1786105.677236,446526.419309,235320.0,10.0,0.0,10.0,10.0,2500.0,4.0,11.0,38.0,44,paper\main_text_experiments\runs\ratio_downstream_5k\ratio_0p01_seed_44,0.01,50,5000
hateful_memes,noise,market_random_select,42,100,8,0.08,-0.3753671944141388,0.3753671944141388,-4.339933366281912e-05,0.0036723995581269,1,baseline_feature,0,0,1,5000,28000,1000,0.9174745082855223,top_quantile,0.0953331999999136,0.4512566440615836,0.2924528301886792,0.4133333333333333,14.0,3.0,74.0,7.0,0,,good_count,8.0,2.0,,,,,,,,,,,,,,,,,,,42,paper\main_text_experiments\runs\ratio_downstream_5k\ratio_0p02_seed_42,0.02,100,5000
hateful_memes,noise,market_cosine_select,42,100,11,0.11,-1.448227047920227,1.448227047920227,-5.73956967855338e-05,-0.0217363592237234,0,baseline_feature,0,0,1,5000,28000,1000,0.9174745082855223,top_quantile,0.0926247999996121,0.4545779875366569,0.2924528301886792,0.4133333333333333,,,,100.0,0,,good_count,11.0,,,,,,,,,,,,,,,,,,,,42,paper\main_text_experiments\runs\ratio_downstream_5k\ratio_0p02_seed_42,0.02,100,5000
hateful_memes,noise,market_coreset_select,42,100,0,0.0,-0.2464495599269867,0.2464495599269867,-4.099428770132363e-05,0.0065873283892869,1,baseline_feature,0,0,1,5000,28000,1000,0.9174745082855223,top_quantile,0.2169505000001663,0.5222165964076246,0.3697478991596639,0.5866666666666667,,,100.0,,0,,good_count,0.0,,,,,,,,,,,,,,,,,,,,42,paper\main_text_experiments\runs\ratio_downstream_5k\ratio_0p02_seed_42,0.02,100,5000
hateful_memes,noise,market_badge_select,42,100,0,0.0,-0.2549691498279571,0.2549691498279571,-4.638910468202084e-05,0.0073956190608441,1,baseline_model_based,1,0,1,5000,28000,1000,0.9174745082855223,top_quantile,0.1720942000001741,0.5175749175219941,0.3697478991596639,0.5866666666666667,,,100.0,,0,,good_count,0.0,,,,,,,,,,,,,,,,,,,,42,paper\main_text_experiments\runs\ratio_downstream_5k\ratio_0p02_seed_42,0.02,100,5000
hateful_memes,noise,market_kmeans_center_select,42,100,95,0.95,2.7457692623138428,-2.7457692623138428,0.0002607059432193,0.0272399429231882,0,baseline_feature,0,0,1,5000,28000,1000,0.9174745082855223,top_quantile,0.1597254000007524,0.513745417888563,0.3697478991596639,0.5866666666666667,,35.0,,11.0,0,,good_count,95.0,54.0,,,,,,,,,,,,,,,,,,,42,paper\main_text_experiments\runs\ratio_downstream_5k\ratio_0p02_seed_42,0.02,100,5000
hateful_memes,noise,market_typiclust_select,42,100,82,0.82,2.1537253856658936,-2.1537253856658936,0.0002256733132526,0.0184390060603618,0,baseline_feature,0,0,1,5000,28000,1000,0.9174745082855223,top_quantile,0.1608092999995278,0.5032530700146628,0.3697478991596639,0.5866666666666667,,29.0,,31.0,0,,good_count,82.0,40.0,,,,,,,,,,,,,,,,,,,42,paper\main_text_experiments\runs\ratio_downstream_5k\ratio_0p02_seed_42,0.02,100,5000
hateful_memes,noise,ours_kernel_ridge_student,42,100,90,0.9,2.5690646171569824,-2.5690646171569824,0.0002526348689571,0.0241572316735982,0,online_student,0,0,1,5000,28000,1000,0.9174745082855223,top_quantile,0.1314761999992697,0.5131485978739002,0.3697478991596639,0.5866666666666667,,34.0,,21.0,1,ours_student_row_ctpt,good_count,90.0,45.0,10000.0,64.0,4.0,92931.597765,53.80301340178943,53.80903000000001,107.61806,92931.597765,92931.597765,705941.0,192.0,0.0,192.0,192.0,10000.0,1.0,,,42,paper\main_text_experiments\runs\ratio_downstream_5k\ratio_0p02_seed_42,0.02,100,5000
hateful_memes,noise,ours_sample_package_krr,42,100,90,0.9,2.5690646171569824,-2.5690646171569824,0.0002526348689571,0.0241572316735982,0,online_student,0,1,4,1250,28000,1000,0.9174745082855223,top_quantile,0.1538785999991887,0.528626741202346,0.3697478991596639,0.5866666666666667,,34.0,,21.0,1,ours_student_pkg_ctpt,good_count,90.0,45.0,10000.0,64.0,4.0,1786105.677236,2.799386432575201,2.80927,5.61854,1786105.677236,446526.419309,235320.0,10.0,0.0,10.0,10.0,2500.0,4.0,,,42,paper\main_text_experiments\runs\ratio_downstream_5k\ratio_0p02_seed_42,0.02,100,5000
hateful_memes,coreset_far_wrong,market_random_select,42,100,8,0.08,-0.2719591557979584,0.2719591557979584,-7.528066703343939e-07,-0.0017732819542288,1,baseline_feature,0,0,1,5000,28000,1000,0.9174745082855223,top_quantile,0.099562600000354,0.462013150659824,0.2924528301886792,0.4133333333333333,74.0,3.0,14.0,7.0,0,,good_count,8.0,2.0,,,,,,,,,,,,,,,,,,,42,paper\main_text_experiments\runs\ratio_downstream_5k\ratio_0p02_seed_42,0.02,100,5000
hateful_memes,coreset_far_wrong,market_cosine_select,42,100,11,0.11,-1.448227047920227,1.448227047920227,-5.73956967855338e-05,-0.0217363592237234,0,baseline_feature,0,0,1,5000,28000,1000,0.9174745082855223,top_quantile,0.0983533999997234,0.4545779875366569,0.2924528301886792,0.4133333333333333,,,,100.0,0,,good_count,11.0,,,,,,,,,,,,,,,,,,,,42,paper\main_text_experiments\runs\ratio_downstream_5k\ratio_0p02_seed_42,0.02,100,5000
hateful_memes,coreset_far_wrong,market_coreset_select,42,100,0,0.0,-1.0366350412368774,1.0366350412368774,-0.0001703286106931,0.0106269838288426,1,baseline_feature,0,0,1,5000,28000,1000,0.9174745082855223,top_quantile,0.3287688999998863,0.4995055901759531,0.3697478991596639,0.5866666666666667,,,100.0,,0,,good_count,0.0,,,,,,,,,,,,,,,,,,,,42,paper\main_text_experiments\runs\ratio_downstream_5k\ratio_0p02_seed_42,0.02,100,5000
hateful_memes,coreset_far_wrong,market_badge_select,42,100,0,0.0,-0.918192744255066,0.918192744255066,-0.0001514095056336,0.0101107573136687,1,baseline_model_based,1,0,1,5000,28000,1000,0.9174745082855223,top_quantile,0.1546671000005517,0.5105005956744868,0.3697478991596639,0.5866666666666667,,,100.0,,0,,good_count,0.0,,,,,,,,,,,,,,,,,,,,42,paper\main_text_experiments\runs\ratio_downstream_5k\ratio_0p02_seed_42,0.02,100,5000
hateful_memes,coreset_far_wrong,market_kmeans_center_select,42,100,95,0.95,2.7457692623138428,-2.7457692623138428,0.0002607059432193,0.0272399429231882,0,baseline_feature,0,0,1,5000,28000,1000,0.9174745082855223,top_quantile,0.1539485000002969,0.513745417888563,0.3697478991596639,0.5866666666666667,,35.0,,11.0,0,,good_count,95.0,54.0,,,,,,,,,,,,,,,,,,,42,paper\main_text_experiments\runs\ratio_downstream_5k\ratio_0p02_seed_42,0.02,100,5000
hateful_memes,coreset_far_wrong,market_typiclust_select,42,100,82,0.82,2.1537253856658936,-2.1537253856658936,0.0002256733132526,0.0184390060603618,0,baseline_feature,0,0,1,5000,28000,1000,0.9174745082855223,top_quantile,0.1594820999998774,0.5032530700146628,0.3697478991596639,0.5866666666666667,,29.0,,31.0,0,,good_count,82.0,40.0,,,,,,,,,,,,,,,,,,,42,paper\main_text_experiments\runs\ratio_downstream_5k\ratio_0p02_seed_42,0.02,100,5000
hateful_memes,coreset_far_wrong,ours_kernel_ridge_student,42,100,88,0.88,2.497047185897827,-2.497047185897827,0.0002462834236212,0.0234862118959426,0,online_student,0,0,1,5000,28000,1000,0.9174745082855223,top_quantile,0.135815999999977,0.4876761821847507,0.3697478991596639,0.5866666666666667,2.0,34.0,,20.0,1,ours_student_row_ctpt,good_count,88.0,44.0,10000.0,64.0,4.0,92931.597765,53.80301340178943,53.80903000000001,107.61806,92931.597765,92931.597765,705941.0,192.0,0.0,192.0,192.0,10000.0,1.0,,,42,paper\main_text_experiments\runs\ratio_downstream_5k\ratio_0p02_seed_42,0.02,100,5000
hateful_memes,coreset_far_wrong,ours_sample_package_krr,42,100,88,0.88,2.497047185897827,-2.497047185897827,0.0002462834236212,0.0234862118959426,0,online_student,0,1,4,1250,28000,1000,0.9174745082855223,top_quantile,0.1528145000002041,0.5311798936950147,0.3697478991596639,0.5866666666666667,2.0,34.0,,20.0,1,ours_student_pkg_ctpt,good_count,88.0,44.0,10000.0,64.0,4.0,1786105.677236,2.799386432575201,2.80927,5.61854,1786105.677236,446526.419309,235320.0,10.0,0.0,10.0,10.0,2500.0,4.0,,,42,paper\main_text_experiments\runs\ratio_downstream_5k\ratio_0p02_seed_42,0.02,100,5000
hateful_memes,typiclust_dense,market_random_select,42,100,8,0.08,-0.082101471722126,0.082101471722126,1.0703206498874351e-05,0.0010066363029181,1,baseline_feature,0,0,1,5000,28000,1000,0.9174745082855223,top_quantile,0.1351852000007056,0.4542036290322579,0.2924528301886792,0.4133333333333333,,19.0,,2.0,0,,good_count,8.0,75.0,,,,,,,,,,,,,,,,,4.0,,42,paper\main_text_experiments\runs\ratio_downstream_5k\ratio_0p02_seed_42,0.02,100,5000
hateful_memes,typiclust_dense,market_cosine_select,42,100,13,0.13,-1.0502835512161257,1.0502835512161257,-3.0772091122344136e-05,-0.0164088942110538,0,baseline_feature,0,0,1,5000,28000,1000,0.9174745082855223,top_quantile,0.1892109999998865,0.4689532166422288,0.3697478991596639,0.5866666666666667,,,,,0,,good_count,13.0,,,,,,,,,,,,,,,,,,88.0,12.0,42,paper\main_text_experiments\runs\ratio_downstream_5k\ratio_0p02_seed_42,0.02,100,5000
hateful_memes,typiclust_dense,market_coreset_select,42,100,58,0.58,1.0316414833068848,-1.0316414833068848,0.000219755762373,-0.0098027056083083,0,baseline_feature,0,0,1,5000,28000,1000,0.9174745082855223,top_quantile,0.1954180000002452,0.5306142320381232,0.3697478991596639,0.5866666666666667,19.0,,34.0,,0,,good_count,58.0,,,,,,,,,,,,,,,,,,43.0,4.0,42,paper\main_text_experiments\runs\ratio_downstream_5k\ratio_0p02_seed_42,0.02,100,5000
hateful_memes,typiclust_dense,market_badge_select,42,100,45,0.45,0.5209696888923645,-0.5209696888923645,0.0001704770256765,-0.0137501647695899,0,baseline_model_based,1,0,1,5000,28000,1000,0.9174745082855223,top_quantile,0.1641134000001329,0.5195995234604106,0.3697478991596639,0.5866666666666667,1.0,,34.0,,0,,good_count,45.0,,,,,,,,,,,,,,,,,,56.0,9.0,42,paper\main_text_experiments\runs\ratio_downstream_5k\ratio_0p02_seed_42,0.02,100,5000
hateful_memes,typiclust_dense,market_kmeans_center_select,42,100,2,0.02,-0.4512375295162201,0.4512375295162201,-1.136243372457102e-05,-0.0044380677863955,1,baseline_feature,0,0,1,5000,28000,1000,0.9174745082855223,top_quantile,0.1640663999996832,0.5393951612903226,0.3697478991596639,0.5866666666666667,,28.0,,,0,,good_count,2.0,72.0,,,,,,,,,,,,,,,,,,,42,paper\main_text_experiments\runs\ratio_downstream_5k\ratio_0p02_seed_42,0.02,100,5000
hateful_memes,typiclust_dense,market_typiclust_select,42,100,2,0.02,-0.3690391182899475,0.3690391182899475,-8.130669812089764e-06,-0.0029041536618024,1,baseline_feature,0,0,1,5000,28000,1000,0.9174745082855223,top_quantile,0.1589624999996886,0.4990150751466276,0.3697478991596639,0.5866666666666667,,28.0,,,0,,good_count,2.0,62.0,,,,,,,,,,,,,,,,,10.0,,42,paper\main_text_experiments\runs\ratio_downstream_5k\ratio_0p02_seed_42,0.02,100,5000
hateful_memes,typiclust_dense,ours_kernel_ridge_student,42,100,23,0.23,0.892191469669342,-0.892191469669342,9.547293302603066e-05,0.0103056672960519,0,online_student,0,0,1,5000,28000,1000,0.9174745082855223,top_quantile,0.1687102999994749,0.5181220216275659,0.3697478991596639,0.5866666666666667,,15.0,,7.0,1,ours_student_row_ctpt,good_count,23.0,78.0,10000.0,64.0,4.0,92931.597765,53.80301340178943,53.80903000000001,107.61806,92931.597765,92931.597765,705941.0,192.0,0.0,192.0,192.0,10000.0,1.0,,,42,paper\main_text_experiments\runs\ratio_downstream_5k\ratio_0p02_seed_42,0.02,100,5000
hateful_memes,typiclust_dense,ours_sample_package_krr,42,100,23,0.23,0.892191469669342,-0.892191469669342,9.547293302603066e-05,0.0103056672960519,0,online_student,0,1,4,1250,28000,1000,0.9174745082855223,top_quantile,0.1685484999998152,0.5422094941348974,0.3697478991596639,0.5866666666666667,,15.0,,7.0,1,ours_student_pkg_ctpt,good_count,23.0,78.0,10000.0,64.0,4.0,1786105.677236,2.799386432575201,2.80927,5.61854,1786105.677236,446526.419309,235320.0,10.0,0.0,10.0,10.0,2500.0,4.0,,,42,paper\main_text_experiments\runs\ratio_downstream_5k\ratio_0p02_seed_42,0.02,100,5000
hateful_memes,kmeans_center,market_random_select,42,100,8,0.08,-0.1862818002700805,0.1862818002700805,6.320476586552104e-06,-0.0008826713892631,1,baseline_feature,0,0,1,5000,28000,1000,0.9174745082855223,top_quantile,0.1283953000001929,0.4616438324780059,0.2924528301886792,0.4133333333333333,4.0,74.0,,4.0,0,,good_count,8.0,18.0,,,,,,,,,,,,,,,,,,,42,paper\main_text_experiments\runs\ratio_downstream_5k\ratio_0p02_seed_42,0.02,100,5000
hateful_memes,kmeans_center,market_cosine_select,42,100,96,0.96,2.818103313446045,-2.818103313446045,0.0002990817883983,0.0217972341924905,0,baseline_feature,0,0,1,5000,28000,1000,0.9174745082855223,top_quantile,0.1524130000007062,0.5009232954545454,0.3697478991596639,0.5866666666666667,,4.0,,72.0,0,,good_count,96.0,,,,,,,,,,,,,,,,,,14.0,10.0,42,paper\main_text_experiments\runs\ratio_downstream_5k\ratio_0p02_seed_42,0.02,100,5000
hateful_memes,kmeans_center,market_coreset_select,42,100,40,0.4,0.3087871074676513,-0.3087871074676513,0.0001669532066443,-0.0186308566480875,0,baseline_feature,0,0,1,5000,28000,1000,0.9174745082855223,top_quantile,0.1995170000000143,0.5524800678152493,0.3697478991596639,0.5866666666666667,65.0,,33.0,,0,,good_count,40.0,,,,,,,,,,,,,,,,,,,2.0,42,paper\main_text_experiments\runs\ratio_downstream_5k\ratio_0p02_seed_42,0.02,100,5000
hateful_memes,kmeans_center,market_badge_select,42,100,57,0.57,1.0516140460968018,-1.0516140460968018,0.0002469003084115,-0.014469027519226,0,baseline_model_based,1,0,1,5000,28000,1000,0.9174745082855223,top_quantile,0.1671194000000468,0.5238572214076246,0.3697478991596639,0.5866666666666667,49.0,,33.0,,0,,good_count,57.0,,,,,,,,,,,,,,,,,,9.0,9.0,42,paper\main_text_experiments\runs\ratio_downstream_5k\ratio_0p02_seed_42,0.02,100,5000
hateful_memes,kmeans_center,market_kmeans_center_select,42,100,2,0.02,-0.5122369527816772,0.5122369527816772,-1.953303763002623e-05,-0.0044729099608957,1,baseline_feature,0,0,1,5000,28000,1000,0.9174745082855223,top_quantile,0.2269211999991967,0.5397734145894428,0.3697478991596639,0.5866666666666667,,63.0,,,0,,good_count,2.0,37.0,,,,,,,,,,,,,,,,,,,42,paper\main_text_experiments\runs\ratio_downstream_5k\ratio_0p02_seed_42,0.02,100,5000
hateful_memes,kmeans_center,market_typiclust_select,42,100,7,0.07,0.0272428672760725,-0.0272428672760725,2.084910920530092e-05,0.0019293979275971,1,baseline_feature,0,0,1,5000,28000,1000,0.9174745082855223,top_quantile,0.1657820000000356,0.5099069831378299,0.3697478991596639,0.5866666666666667,,83.0,,2.0,0,,good_count,7.0,15.0,,,,,,,,,,,,,,,,,,,42,paper\main_text_experiments\runs\ratio_downstream_5k\ratio_0p02_seed_42,0.02,100,5000
hateful_memes,kmeans_center,ours_kernel_ridge_student,42,100,22,0.22,0.5705478191375732,-0.5705478191375732,7.30502579244785e-05,0.0061724311672151,0,online_student,0,0,1,5000,28000,1000,0.9174745082855223,top_quantile,0.1304343000001608,0.4805871975806451,0.2924528301886792,0.4133333333333333,,72.0,,4.0,1,ours_student_row_ctpt,good_count,22.0,24.0,10000.0,64.0,4.0,92931.597765,53.80301340178943,53.80903000000001,107.61806,92931.597765,92931.597765,705941.0,192.0,0.0,192.0,192.0,10000.0,1.0,,,42,paper\main_text_experiments\runs\ratio_downstream_5k\ratio_0p02_seed_42,0.02,100,5000
hateful_memes,kmeans_center,ours_sample_package_krr,42,100,22,0.22,0.5705478191375732,-0.5705478191375732,7.30502579244785e-05,0.0061724311672151,0,online_student,0,1,4,1250,28000,1000,0.9174745082855223,top_quantile,0.1655338999999003,0.5451530425219941,0.3697478991596639,0.5866666666666667,,72.0,,4.0,1,ours_student_pkg_ctpt,good_count,22.0,24.0,10000.0,64.0,4.0,1786105.677236,2.799386432575201,2.80927,5.61854,1786105.677236,446526.419309,235320.0,10.0,0.0,10.0,10.0,2500.0,4.0,,,42,paper\main_text_experiments\runs\ratio_downstream_5k\ratio_0p02_seed_42,0.02,100,5000
hateful_memes,uncertainty_badge,market_random_select,42,100,8,0.08,-0.1521458476781845,0.1521458476781845,-8.894800885173026e-06,0.0029195663519203,1,baseline_feature,0,0,1,5000,28000,1000,0.9174745082855223,top_quantile,0.1359658999999737,0.4593843933284458,0.2924528301886792,0.4133333333333333,14.0,5.0,,76.0,0,,good_count,8.0,1.0,,,,,,,,,,,,,,,,,4.0,,42,paper\main_text_experiments\runs\ratio_downstream_5k\ratio_0p02_seed_42,0.02,100,5000
hateful_memes,uncertainty_badge,market_cosine_select,42,100,0,0.0,-1.376215934753418,1.376215934753418,-7.822692714398727e-05,-0.0158690735697746,1,baseline_feature,0,0,1,5000,28000,1000,0.9174745082855223,top_quantile,0.1919701999995595,0.5113780700146627,0.3697478991596639,0.5866666666666667,,,,,0,,good_count,0.0,,,,,,,,,,,,,,,,,,100.0,,42,paper\main_text_experiments\runs\ratio_downstream_5k\ratio_0p02_seed_42,0.02,100,5000
hateful_memes,uncertainty_badge,market_coreset_select,42,100,0,0.0,-0.9064692854881288,0.9064692854881288,-4.321575033827685e-05,-0.0102654267102479,1,baseline_feature,0,0,1,5000,28000,1000,0.9174745082855223,top_quantile,0.209518300000127,0.5407720857771261,0.3697478991596639,0.5866666666666667,90.0,,,,0,,good_count,0.0,,,,,,,,,,,,,,,,,,10.0,,42,paper\main_text_experiments\runs\ratio_downstream_5k\ratio_0p02_seed_42,0.02,100,5000
hateful_memes,uncertainty_badge,market_badge_select,42,100,0,0.0,-0.9260725378990172,0.9260725378990172,-5.2072406106162816e-05,-0.009085489436984,1,baseline_model_based,1,0,1,5000,28000,1000,0.9174745082855223,top_quantile,0.1660750999999436,0.5258282166422288,0.3697478991596639,0.5866666666666667,24.0,,,,0,,good_count,0.0,,,,,,,,,,,,,,,,,,76.0,,42,paper\main_text_experiments\runs\ratio_downstream_5k\ratio_0p02_seed_42,0.02,100,5000
hateful_memes,uncertainty_badge,market_kmeans_center_select,42,100,45,0.45,1.4939712285995483,-1.4939712285995483,0.0001317197020398,0.0191293526440858,0,baseline_feature,0,0,1,5000,28000,1000,0.9174745082855223,top_quantile,0.1602629000008164,0.5161370509530792,0.3697478991596639,0.5866666666666667,,17.0,,57.0,0,,good_count,45.0,26.0,,,,,,,,,,,,,,,,,,,42,paper\main_text_experiments\runs\ratio_downstream_5k\ratio_0p02_seed_42,0.02,100,5000
hateful_memes,uncertainty_badge,market_typiclust_select,42,100,28,0.28,0.6142979264259338,-0.6142979264259338,6.8564411776606e-05,0.0081752277910709,0,baseline_feature,0,0,1,5000,28000,1000,0.9174745082855223,top_quantile,0.1004183000004559,0.4752039039589443,0.3697478991596639,0.5866666666666667,,9.0,,71.0,0,,good_count,28.0,12.0,,,,,,,,,,,,,,,,,8.0,,42,paper\main_text_experiments\runs\ratio_downstream_5k\ratio_0p02_seed_42,0.02,100,5000
hateful_memes,uncertainty_badge,ours_kernel_ridge_student,42,100,49,0.49,1.4464478492736816,-1.4464478492736816,0.0001424145739292,0.0158408172428607,0,online_student,0,0,1,5000,28000,1000,0.9174745082855223,top_quantile,0.1647705000004862,0.5154795179618769,0.3697478991596639,0.5866666666666667,,19.0,,57.0,1,ours_student_row_ctpt,good_count,49.0,24.0,10000.0,64.0,4.0,92931.597765,53.80301340178943,53.80903000000001,107.61806,92931.597765,92931.597765,705941.0,192.0,0.0,192.0,192.0,10000.0,1.0,,,42,paper\main_text_experiments\runs\ratio_downstream_5k\ratio_0p02_seed_42,0.02,100,5000
hateful_memes,uncertainty_badge,ours_sample_package_krr,42,100,49,0.49,1.4464478492736816,-1.4464478492736816,0.0001424145739292,0.0158408172428607,0,online_student,0,1,4,1250,28000,1000,0.9174745082855223,top_quantile,0.1564957000000504,0.542082340542522,0.3697478991596639,0.5866666666666667,,19.0,,57.0,1,ours_student_pkg_ctpt,good_count,49.0,24.0,10000.0,64.0,4.0,1786105.677236,2.799386432575201,2.80927,5.61854,1786105.677236,446526.419309,235320.0,10.0,0.0,10.0,10.0,2500.0,4.0,,,42,paper\main_text_experiments\runs\ratio_downstream_5k\ratio_0p02_seed_42,0.02,100,5000
hateful_memes,cosine,market_random_select,42,100,8,0.08,-0.3494377136230469,0.3494377136230469,-1.1489987628010567e-05,-0.0017488566227257,1,baseline_feature,0,0,1,5000,28000,1000,0.9174745082855223,top_quantile,0.0980539000001954,0.4557642961876833,0.2924528301886792,0.4133333333333333,1.0,3.0,,5.0,0,,good_count,8.0,17.0,,,,,,,,,,,,,,,,,74.0,,42,paper\main_text_experiments\runs\ratio_downstream_5k\ratio_0p02_seed_42,0.02,100,5000
hateful_memes,cosine,market_cosine_select,42,100,0,0.0,-0.1479946374893188,0.1479946374893188,-7.393360192509135e-06,0.0027412087656557,1,baseline_feature,0,0,1,5000,28000,1000,0.9174745082855223,top_quantile,0.1513292999998157,0.5030253390762462,0.3697478991596639,0.5866666666666667,,,,,0,,good_count,0.0,,,,,,,,,,,,,,,,,,100.0,,42,paper\main_text_experiments\runs\ratio_downstream_5k\ratio_0p02_seed_42,0.02,100,5000
hateful_memes,cosine,market_coreset_select,42,100,37,0.37,1.0292749404907229,-1.0292749404907229,0.0001826268417062,-0.0027668313123285,0,baseline_feature,0,0,1,5000,28000,1000,0.9174745082855223,top_quantile,0.1985882999997557,0.5118204728739003,0.3697478991596639,0.5866666666666667,7.0,,30.0,,0,,good_count,37.0,,,,,,,,,,,,,,,,,,63.0,,42,paper\main_text_experiments\runs\ratio_downstream_5k\ratio_0p02_seed_42,0.02,100,5000
hateful_memes,cosine,market_badge_select,42,100,30,0.3,0.7443819642066956,-0.7443819642066956,0.0001567792933201,-0.0052833165973424,0,baseline_model_based,1,0,1,5000,28000,1000,0.9174745082855223,top_quantile,0.1647616000000198,0.5333357771260997,0.3697478991596639,0.5866666666666667,,,30.0,,0,,good_count,30.0,,,,,,,,,,,,,,,,,,70.0,,42,paper\main_text_experiments\runs\ratio_downstream_5k\ratio_0p02_seed_42,0.02,100,5000
hateful_memes,cosine,market_kmeans_center_select,42,100,31,0.31,-0.8468772768974304,0.8468772768974304,-8.343457921000663e-06,-0.0153719102963805,0,baseline_feature,0,0,1,5000,28000,1000,0.9174745082855223,top_quantile,0.153910299999552,0.5408958027859238,0.3697478991596639,0.5866666666666667,,12.0,,3.0,0,,good_count,31.0,85.0,,,,,,,,,,,,,,,,,,,42,paper\main_text_experiments\runs\ratio_downstream_5k\ratio_0p02_seed_42,0.02,100,5000
hateful_memes,cosine,market_typiclust_select,42,100,17,0.17,-0.4592485725879669,0.4592485725879669,3.2413006465503717e-06,-0.0074395239353179,0,baseline_feature,0,0,1,5000,28000,1000,0.9174745082855223,top_quantile,0.1566802000006646,0.5102552236070381,0.3697478991596639,0.5866666666666667,,6.0,,5.0,0,,good_count,17.0,55.0,,,,,,,,,,,,,,,,,34.0,,42,paper\main_text_experiments\runs\ratio_downstream_5k\ratio_0p02_seed_42,0.02,100,5000
hateful_memes,cosine,ours_kernel_ridge_student,42,100,67,0.67,1.1405197381973269,-1.1405197381973269,0.0001437014288967,0.0075864917598664,0,online_student,0,0,1,5000,28000,1000,0.9174745082855223,top_quantile,0.1593521000004329,0.4858777034457478,0.3697478991596639,0.5866666666666667,,28.0,,16.0,1,ours_student_row_ctpt,good_count,67.0,56.0,10000.0,64.0,4.0,92931.597765,53.80301340178943,53.80903000000001,107.61806,92931.597765,92931.597765,705941.0,192.0,0.0,192.0,192.0,10000.0,1.0,,,42,paper\main_text_experiments\runs\ratio_downstream_5k\ratio_0p02_seed_42,0.02,100,5000
hateful_memes,cosine,ours_sample_package_krr,42,100,67,0.67,1.1405197381973269,-1.1405197381973269,0.0001437014288967,0.0075864917598664,0,online_student,0,1,4,1250,28000,1000,0.9174745082855223,top_quantile,0.1560224999993806,0.5311755406891496,0.3697478991596639,0.5866666666666667,,28.0,,16.0,1,ours_student_pkg_ctpt,good_count,67.0,56.0,10000.0,64.0,4.0,1786105.677236,2.799386432575201,2.80927,5.61854,1786105.677236,446526.419309,235320.0,10.0,0.0,10.0,10.0,2500.0,4.0,,,42,paper\main_text_experiments\runs\ratio_downstream_5k\ratio_0p02_seed_42,0.02,100,5000
hateful_memes,all_average,market_random_select,42,100,8,0.08,-1.3395144939422607,1.3395144939422607,-6.35510659776628e-05,-0.0177138671278953,1,baseline_feature,0,0,1,5000,28000,1000,0.9174745082855223,top_quantile,0.1972109999996973,0.4752034457478006,0.3697478991596639,0.5866666666666667,17.0,16.0,17.0,17.0,0,,good_count,8.0,20.0,,,,,,,,,,,,,,,,,13.0,,42,paper\main_text_experiments\runs\ratio_downstream_5k\ratio_0p02_seed_42,0.02,100,5000
hateful_memes,all_average,market_cosine_select,42,100,0,0.0,-1.5095939636230469,1.5095939636230469,-7.851838745409623e-05,-0.0193048100918531,1,baseline_feature,0,0,1,5000,28000,1000,0.9174745082855223,top_quantile,0.0995066000004953,0.4563636363636364,0.2924528301886792,0.4133333333333333,,,,,0,,good_count,0.0,,,,,,,,,,,,,,,,,,100.0,,42,paper\main_text_experiments\runs\ratio_downstream_5k\ratio_0p02_seed_42,0.02,100,5000
hateful_memes,all_average,market_coreset_select,42,100,2,0.02,-0.8837376236915588,0.8837376236915588,-0.0001401793997501,0.0088658658787608,1,baseline_feature,0,0,1,5000,28000,1000,0.9174745082855223,top_quantile,0.2746525000002293,0.4992496792521995,0.3697478991596639,0.5866666666666667,,,100.0,,0,,good_count,2.0,,,,,,,,,,,,,,,,,,,,42,paper\main_text_experiments\runs\ratio_downstream_5k\ratio_0p02_seed_42,0.02,100,5000
hateful_memes,all_average,market_badge_select,42,100,2,0.02,-0.8437058925628662,0.8437058925628662,-0.0001175278448499,0.0055835549719631,1,baseline_model_based,1,0,1,5000,28000,1000,0.9174745082855223,top_quantile,0.1614789000004748,0.5180597049120235,0.3697478991596639,0.5866666666666667,,,100.0,,0,,good_count,2.0,,,,,,,,,,,,,,,,,,,,42,paper\main_text_experiments\runs\ratio_downstream_5k\ratio_0p02_seed_42,0.02,100,5000
hateful_memes,all_average,market_kmeans_center_select,42,100,2,0.02,-0.9607521295547484,0.9607521295547484,-5.4361818911274895e-05,-0.0095556350424885,1,baseline_feature,0,0,1,5000,28000,1000,0.9174745082855223,top_quantile,0.1618005999998786,0.5502616385630498,0.3697478991596639,0.5866666666666667,,44.0,,6.0,0,,good_count,2.0,50.0,,,,,,,,,,,,,,,,,,,42,paper\main_text_experiments\runs\ratio_downstream_5k\ratio_0p02_seed_42,0.02,100,5000
hateful_memes,all_average,market_typiclust_select,42,100,0,0.0,-1.0408991575241089,1.0408991575241089,-6.114959978731349e-05,-0.0103560565039515,1,baseline_feature,0,0,1,5000,28000,1000,0.9174745082855223,top_quantile,0.1619671999997081,0.5083030150293255,0.3697478991596639,0.5866666666666667,,40.0,,7.0,0,,good_count,0.0,41.0,,,,,,,,,,,,,,,,,12.0,,42,paper\main_text_experiments\runs\ratio_downstream_5k\ratio_0p02_seed_42,0.02,100,5000
hateful_memes,all_average,ours_kernel_ridge_student,42,100,35,0.35,-0.5951771140098572,0.5951771140098572,2.634525344547001e-07,-0.0104284808039665,0,online_student,0,0,1,5000,28000,1000,0.9174745082855223,top_quantile,0.0978265000003375,0.4878626741202346,0.2924528301886792,0.4133333333333333,,38.0,,23.0,1,ours_student_row_ctpt,good_count,35.0,39.0,10000.0,64.0,4.0,92931.597765,53.80301340178943,53.80903000000001,107.61806,92931.597765,92931.597765,705941.0,192.0,0.0,192.0,192.0,10000.0,1.0,,,42,paper\main_text_experiments\runs\ratio_downstream_5k\ratio_0p02_seed_42,0.02,100,5000
hateful_memes,all_average,ours_sample_package_krr,42,100,35,0.35,-0.5951771140098572,0.5951771140098572,2.634525344547001e-07,-0.0104284808039665,0,online_student,0,1,4,1250,28000,1000,0.9174745082855223,top_quantile,0.1558765999998286,0.5379579820381232,0.3697478991596639,0.5866666666666667,,38.0,,23.0,1,ours_student_pkg_ctpt,good_count,35.0,39.0,10000.0,64.0,4.0,1786105.677236,2.799386432575201,2.80927,5.61854,1786105.677236,446526.419309,235320.0,10.0,0.0,10.0,10.0,2500.0,4.0,,,42,paper\main_text_experiments\runs\ratio_downstream_5k\ratio_0p02_seed_42,0.02,100,5000
hatespeech,noise,market_random_select,142,100,5,0.05,-0.9399653077125548,0.9399653077125548,-8.548379264539108e-05,0.0221733804792165,1,baseline_feature,0,0,1,5000,28000,1000,1.0360314846038818,top_quantile,0.3356856999998854,0.55672086,0.3333333333333333,0.5,4.0,1.0,77.0,15.0,0,,good_count,5.0,3.0,,,,,,,,,,,,,,,,,,,42,paper\main_text_experiments\runs\ratio_downstream_5k\ratio_0p02_seed_42,0.02,100,5000
hatespeech,noise,market_cosine_select,142,100,0,0.0,-0.7140603065490723,0.7140603065490723,-1.0956526239169762e-05,-0.0062613822519779,1,baseline_feature,0,0,1,5000,28000,1000,1.0360314846038818,top_quantile,0.2853768999993917,0.5661901600000001,0.3333333333333333,0.5,,,,100.0,0,,good_count,0.0,,,,,,,,,,,,,,,,,,,,42,paper\main_text_experiments\runs\ratio_downstream_5k\ratio_0p02_seed_42,0.02,100,5000
hatespeech,noise,market_coreset_select,142,100,0,0.0,-1.0615371465682983,1.0615371465682983,-0.0001015752568491,0.024083562195301,1,baseline_feature,0,0,1,5000,28000,1000,1.0360314846038818,top_quantile,0.3218142999994597,0.54184716,0.3333333333333333,0.5,,,100.0,,0,,good_count,0.0,,,,,,,,,,,,,,,,,,,,42,paper\main_text_experiments\runs\ratio_downstream_5k\ratio_0p02_seed_42,0.02,100,5000
hatespeech,noise,market_badge_select,142,100,0,0.0,-1.003110408782959,1.003110408782959,-0.0001067620542016,0.0303703881800174,1,baseline_model_based,1,0,1,5000,28000,1000,1.0360314846038818,top_quantile,0.2121524999993198,0.54095116,0.3333333333333333,0.5,,,100.0,,0,,good_count,0.0,,,,,,,,,,,,,,,,,,,,42,paper\main_text_experiments\runs\ratio_downstream_5k\ratio_0p02_seed_42,0.02,100,5000
hatespeech,noise,market_kmeans_center_select,142,100,100,1.0,3.117180585861206,-3.117180585861206,0.0002294230507686,0.0822800621390342,0,baseline_feature,0,0,1,5000,28000,1000,1.0360314846038818,top_quantile,0.2179034000000683,0.54865166,0.3333333333333333,0.5,,41.0,,5.0,0,,good_count,100.0,54.0,,,,,,,,,,,,,,,,,,,42,paper\main_text_experiments\runs\ratio_downstream_5k\ratio_0p02_seed_42,0.02,100,5000
hatespeech,noise,market_typiclust_select,142,100,100,1.0,3.1972246170043945,-3.1972246170043945,0.0002394866896793,0.08131854981184,0,baseline_feature,0,0,1,5000,28000,1000,1.0360314846038818,top_quantile,0.2249827000005098,0.54348434,0.3333333333333333,0.5,,45.0,,5.0,0,,good_count,100.0,50.0,,,,,,,,,,,,,,,,,,,42,paper\main_text_experiments\runs\ratio_downstream_5k\ratio_0p02_seed_42,0.02,100,5000
hatespeech,noise,ours_kernel_ridge_student,142,100,99,0.99,3.182301521301269,-3.182301521301269,0.0002424830163363,0.0787807032465934,0,online_student,0,0,1,5000,28000,1000,1.0360314846038818,top_quantile,0.1592189999992115,0.4992716399999999,0.3333333333333333,0.5,,43.0,,7.0,1,ours_student_row_ctpt,good_count,99.0,50.0,10000.0,64.0,4.0,92931.597765,53.80301340178943,53.80903000000001,107.61806,92931.597765,92931.597765,705941.0,192.0,0.0,192.0,192.0,10000.0,1.0,,,42,paper\main_text_experiments\runs\ratio_downstream_5k\ratio_0p02_seed_42,0.02,100,5000
hatespeech,noise,ours_sample_package_krr,142,100,99,0.99,3.182301521301269,-3.182301521301269,0.0002424830163363,0.0787807032465934,0,online_student,0,1,4,1250,28000,1000,1.0360314846038818,top_quantile,0.1738211000001683,0.51384382,0.3333333333333333,0.5,,43.0,,7.0,1,ours_student_pkg_ctpt,good_count,99.0,50.0,10000.0,64.0,4.0,1786105.677236,2.799386432575201,2.80927,5.61854,1786105.677236,446526.419309,235320.0,10.0,0.0,10.0,10.0,2500.0,4.0,,,42,paper\main_text_experiments\runs\ratio_downstream_5k\ratio_0p02_seed_42,0.02,100,5000
hatespeech,coreset_far_wrong,market_random_select,142,100,5,0.05,-0.2647072672843933,0.2647072672843933,-2.7389525712351315e-05,0.0290087182074785,1,baseline_feature,0,0,1,5000,28000,1000,1.0360314846038818,top_quantile,0.2898838000000978,0.55586972,0.3333333333333333,0.5,77.0,1.0,4.0,15.0,0,,good_count,5.0,3.0,,,,,,,,,,,,,,,,,,,42,paper\main_text_experiments\runs\ratio_downstream_5k\ratio_0p02_seed_42,0.02,100,5000
hatespeech,coreset_far_wrong,market_cosine_select,142,100,0,0.0,-0.7140603065490723,0.7140603065490723,-1.0956526239169762e-05,-0.0062613822519779,1,baseline_feature,0,0,1,5000,28000,1000,1.0360314846038818,top_quantile,0.2245898999999553,0.5661901600000001,0.3333333333333333,0.5,,,,100.0,0,,good_count,0.0,,,,,,,,,,,,,,,,,,,,42,paper\main_text_experiments\runs\ratio_downstream_5k\ratio_0p02_seed_42,0.02,100,5000
hatespeech,coreset_far_wrong,market_coreset_select,142,100,0,0.0,-2.0920233726501465,2.0920233726501465,-0.0002240133326267,0.0324908792972564,1,baseline_feature,0,0,1,5000,28000,1000,1.0360314846038818,top_quantile,0.2692267000002175,0.54141678,0.3333333333333333,0.5,,,100.0,,0,,good_count,0.0,,,,,,,,,,,,,,,,,,,,42,paper\main_text_experiments\runs\ratio_downstream_5k\ratio_0p02_seed_42,0.02,100,5000
hatespeech,coreset_far_wrong,market_badge_select,142,100,0,0.0,-1.8407024145126345,1.8407024145126345,-0.0001938837813213,0.03029066324234,1,baseline_model_based,1,0,1,5000,28000,1000,1.0360314846038818,top_quantile,0.222530099999858,0.54739392,0.3333333333333333,0.5,,,100.0,,0,,good_count,0.0,,,,,,,,,,,,,,,,,,,,42,paper\main_text_experiments\runs\ratio_downstream_5k\ratio_0p02_seed_42,0.02,100,5000
hatespeech,coreset_far_wrong,market_kmeans_center_select,142,100,100,1.0,3.117180585861206,-3.117180585861206,0.0002294230507686,0.0822800621390342,0,baseline_feature,0,0,1,5000,28000,1000,1.0360314846038818,top_quantile,0.2184839999999894,0.54865166,0.3333333333333333,0.5,,41.0,,5.0,0,,good_count,100.0,54.0,,,,,,,,,,,,,,,,,,,42,paper\main_text_experiments\runs\ratio_downstream_5k\ratio_0p02_seed_42,0.02,100,5000
hatespeech,coreset_far_wrong,market_typiclust_select,142,100,100,1.0,3.1972246170043945,-3.1972246170043945,0.0002394866896793,0.08131854981184,0,baseline_feature,0,0,1,5000,28000,1000,1.0360314846038818,top_quantile,0.2280680000003485,0.54348434,0.3333333333333333,0.5,,45.0,,5.0,0,,good_count,100.0,50.0,,,,,,,,,,,,,,,,,,,42,paper\main_text_experiments\runs\ratio_downstream_5k\ratio_0p02_seed_42,0.02,100,5000
hatespeech,coreset_far_wrong,ours_kernel_ridge_student,142,100,99,0.99,3.182301521301269,-3.182301521301269,0.0002424830163363,0.0787807032465934,0,online_student,0,0,1,5000,28000,1000,1.0360314846038818,top_quantile,0.1591818000006242,0.4992716399999999,0.3333333333333333,0.5,,43.0,,7.0,1,ours_student_row_ctpt,good_count,99.0,50.0,10000.0,64.0,4.0,92931.597765,53.80301340178943,53.80903000000001,107.61806,92931.597765,92931.597765,705941.0,192.0,0.0,192.0,192.0,10000.0,1.0,,,42,paper\main_text_experiments\runs\ratio_downstream_5k\ratio_0p02_seed_42,0.02,100,5000
hatespeech,coreset_far_wrong,ours_sample_package_krr,142,100,99,0.99,3.182301521301269,-3.182301521301269,0.0002424830163363,0.0787807032465934,0,online_student,0,1,4,1250,28000,1000,1.0360314846038818,top_quantile,0.1782723000005717,0.51384382,0.3333333333333333,0.5,,43.0,,7.0,1,ours_student_pkg_ctpt,good_count,99.0,50.0,10000.0,64.0,4.0,1786105.677236,2.799386432575201,2.80927,5.61854,1786105.677236,446526.419309,235320.0,10.0,0.0,10.0,10.0,2500.0,4.0,,,42,paper\main_text_experiments\runs\ratio_downstream_5k\ratio_0p02_seed_42,0.02,100,5000
hatespeech,typiclust_dense,market_random_select,142,100,5,0.05,0.1901483386754989,-0.1901483386754989,2.303719520568848e-05,0.0273148864507675,1,baseline_feature,0,0,1,5000,28000,1000,1.0360314846038818,top_quantile,0.3213445000001229,0.53929716,0.3333333333333333,0.5,,5.0,1.0,1.0,0,,good_count,5.0,79.0,,,,,,,,,,,,,,,,,14.0,,42,paper\main_text_experiments\runs\ratio_downstream_5k\ratio_0p02_seed_42,0.02,100,5000
hatespeech,typiclust_dense,market_cosine_select,142,100,0,0.0,-1.222584843635559,1.222584843635559,-4.2511223000474274e-05,-0.0182093828916549,1,baseline_feature,0,0,1,5000,28000,1000,1.0360314846038818,top_quantile,0.2661471999999776,0.5681362999999999,0.3333333333333333,0.5,,,,,0,,good_count,0.0,,,,,,,,,,,,,,,,,,100.0,,42,paper\main_text_experiments\runs\ratio_downstream_5k\ratio_0p02_seed_42,0.02,100,5000
hatespeech,typiclust_dense,market_coreset_select,142,100,87,0.87,2.687621116638184,-2.687621116638184,0.0004333132528699,-0.056373581290245,0,baseline_feature,0,0,1,5000,28000,1000,1.0360314846038818,top_quantile,0.2673939999995127,0.5291924,0.3333333333333333,0.5,,,87.0,,0,,good_count,87.0,,,,,,,,,,,,,,,,,,13.0,,42,paper\main_text_experiments\runs\ratio_downstream_5k\ratio_0p02_seed_42,0.02,100,5000
hatespeech,typiclust_dense,market_badge_select,142,100,87,0.87,2.6936559677124023,-2.6936559677124023,0.0004244041338097,-0.0510549172759056,0,baseline_model_based,1,0,1,5000,28000,1000,1.0360314846038818,top_quantile,0.2238833999999769,0.53923626,0.3333333333333333,0.5,,,87.0,,0,,good_count,87.0,,,,,,,,,,,,,,,,,,13.0,,42,paper\main_text_experiments\runs\ratio_downstream_5k\ratio_0p02_seed_42,0.02,100,5000
hatespeech,typiclust_dense,market_kmeans_center_select,142,100,29,0.29,1.1091092824935913,-1.1091092824935913,0.0001010388150461,0.0372076965868473,0,baseline_feature,0,0,1,5000,28000,1000,1.0360314846038818,top_quantile,0.1647542000000612,0.50049484,0.3333333333333333,0.5,,23.0,,2.0,0,,good_count,29.0,75.0,,,,,,,,,,,,,,,,,,,42,paper\main_text_experiments\runs\ratio_downstream_5k\ratio_0p02_seed_42,0.02,100,5000
hatespeech,typiclust_dense,market_typiclust_select,142,100,10,0.1,1.4283232688903809,-1.4283232688903809,7.002294296398759e-05,0.0730489939451217,0,baseline_feature,0,0,1,5000,28000,1000,1.0360314846038818,top_quantile,0.2235569000004034,0.5467843,0.3333333333333333,0.5,,21.0,,,0,,good_count,10.0,66.0,,,,,,,,,,,,,,,,,13.0,,42,paper\main_text_experiments\runs\ratio_downstream_5k\ratio_0p02_seed_42,0.02,100,5000
hatespeech,typiclust_dense,ours_kernel_ridge_student,142,100,51,0.51,2.2971315383911133,-2.2971315383911133,0.0001757812569849,0.064549833536148,0,online_student,0,0,1,5000,28000,1000,1.0360314846038818,top_quantile,0.1628697000005559,0.48870564,0.3333333333333333,0.5,,23.0,,5.0,1,ours_student_row_ctpt,good_count,51.0,72.0,10000.0,64.0,4.0,92931.597765,53.80301340178943,53.80903000000001,107.61806,92931.597765,92931.597765,705941.0,192.0,0.0,192.0,192.0,10000.0,1.0,,,42,paper\main_text_experiments\runs\ratio_downstream_5k\ratio_0p02_seed_42,0.02,100,5000
hatespeech,typiclust_dense,ours_sample_package_krr,142,100,51,0.51,2.2971315383911133,-2.2971315383911133,0.0001757812569849,0.064549833536148,0,online_student,0,1,4,1250,28000,1000,1.0360314846038818,top_quantile,0.1645117999996728,0.4938011,0.3333333333333333,0.5,,23.0,,5.0,1,ours_student_pkg_ctpt,good_count,51.0,72.0,10000.0,64.0,4.0,1786105.677236,2.799386432575201,2.80927,5.61854,1786105.677236,446526.419309,235320.0,10.0,0.0,10.0,10.0,2500.0,4.0,,,42,paper\main_text_experiments\runs\ratio_downstream_5k\ratio_0p02_seed_42,0.02,100,5000
hatespeech,kmeans_center,market_random_select,142,100,5,0.05,0.2401064932346344,-0.2401064932346344,3.2951236789813265e-05,0.0246888846158981,1,baseline_feature,0,0,1,5000,28000,1000,1.0360314846038818,top_quantile,0.3148307999999815,0.54612056,0.3333333333333333,0.5,14.0,77.0,1.0,2.0,0,,good_count,5.0,6.0,,,,,,,,,,,,,,,,,,,42,paper\main_text_experiments\runs\ratio_downstream_5k\ratio_0p02_seed_42,0.02,100,5000
hatespeech,kmeans_center,market_cosine_select,142,100,31,0.31,0.7053359150886536,-0.7053359150886536,6.658912025159225e-05,0.0329598784446716,0,baseline_feature,0,0,1,5000,28000,1000,1.0360314846038818,top_quantile,0.2346021999992444,0.56071998,0.3333333333333333,0.5,,68.0,,25.0,0,,good_count,31.0,7.0,,,,,,,,,,,,,,,,,,,42,paper\main_text_experiments\runs\ratio_downstream_5k\ratio_0p02_seed_42,0.02,100,5000
hatespeech,kmeans_center,market_coreset_select,142,100,83,0.83,2.532137870788574,-2.532137870788574,0.000412268040236,-0.0536712035536766,0,baseline_feature,0,0,1,5000,28000,1000,1.0360314846038818,top_quantile,0.2104538000003231,0.4563754399999999,0.3333333333333333,0.5,17.0,,83.0,,0,,good_count,83.0,,,,,,,,,,,,,,,,,,,,42,paper\main_text_experiments\runs\ratio_downstream_5k\ratio_0p02_seed_42,0.02,100,5000
hatespeech,kmeans_center,market_badge_select,142,100,83,0.83,2.532137632369995,-2.532137632369995,0.000412268040236,-0.0536712035536766,0,baseline_model_based,1,0,1,5000,28000,1000,1.0360314846038818,top_quantile,0.233033699999396,0.5283661,0.3333333333333333,0.5,17.0,,83.0,,0,,good_count,83.0,,,,,,,,,,,,,,,,,,,,42,paper\main_text_experiments\runs\ratio_downstream_5k\ratio_0p02_seed_42,0.02,100,5000
hatespeech,kmeans_center,market_kmeans_center_select,142,100,29,0.29,0.9819257259368896,-0.9819257259368896,9.432077058590949e-05,0.0335648655891418,0,baseline_feature,0,0,1,5000,28000,1000,1.0360314846038818,top_quantile,0.1586324999998396,0.4914544399999999,0.3333333333333333,0.5,,69.0,,2.0,0,,good_count,29.0,29.0,,,,,,,,,,,,,,,,,,,42,paper\main_text_experiments\runs\ratio_downstream_5k\ratio_0p02_seed_42,0.02,100,5000
hatespeech,kmeans_center,market_typiclust_select,142,100,18,0.18,1.809162139892578,-1.809162139892578,0.0001147383445641,0.070239819586277,0,baseline_feature,0,0,1,5000,28000,1000,1.0360314846038818,top_quantile,0.2247175000002244,0.54715152,0.3333333333333333,0.5,,88.0,,,0,,good_count,18.0,12.0,,,,,,,,,,,,,,,,,,,42,paper\main_text_experiments\runs\ratio_downstream_5k\ratio_0p02_seed_42,0.02,100,5000
hatespeech,kmeans_center,ours_kernel_ridge_student,142,100,51,0.51,2.236865758895874,-2.236865758895874,0.0001728379720589,0.062689796090126,0,online_student,0,0,1,5000,28000,1000,1.0360314846038818,top_quantile,0.2225261000003229,0.48658734,0.3333333333333333,0.5,,63.0,,5.0,1,ours_student_row_ctpt,good_count,51.0,32.0,10000.0,64.0,4.0,92931.597765,53.80301340178943,53.80903000000001,107.61806,92931.597765,92931.597765,705941.0,192.0,0.0,192.0,192.0,10000.0,1.0,,,42,paper\main_text_experiments\runs\ratio_downstream_5k\ratio_0p02_seed_42,0.02,100,5000
hatespeech,kmeans_center,ours_sample_package_krr,142,100,51,0.51,2.236865758895874,-2.236865758895874,0.0001728379720589,0.062689796090126,0,online_student,0,1,4,1250,28000,1000,1.0360314846038818,top_quantile,0.1617415000000619,0.4935008399999999,0.3333333333333333,0.5,,63.0,,5.0,1,ours_student_pkg_ctpt,good_count,51.0,32.0,10000.0,64.0,4.0,1786105.677236,2.799386432575201,2.80927,5.61854,1786105.677236,446526.419309,235320.0,10.0,0.0,10.0,10.0,2500.0,4.0,,,42,paper\main_text_experiments\runs\ratio_downstream_5k\ratio_0p02_seed_42,0.02,100,5000
hatespeech,uncertainty_badge,market_random_select,142,100,5,0.05,-0.1070151552557945,0.1070151552557945,1.3692974789591972e-05,0.0152610568329691,1,baseline_feature,0,0,1,5000,28000,1000,1.0360314846038818,top_quantile,0.3295616000004884,0.5431238,0.3333333333333333,0.5,4.0,2.0,,78.0,0,,good_count,5.0,2.0,,,,,,,,,,,,,,,,,14.0,,42,paper\main_text_experiments\runs\ratio_downstream_5k\ratio_0p02_seed_42,0.02,100,5000
hatespeech,uncertainty_badge,market_cosine_select,142,100,0,0.0,-1.0233756303787231,1.0233756303787231,-1.1669993000396062e-05,-0.0238340608775615,1,baseline_feature,0,0,1,5000,28000,1000,1.0360314846038818,top_quantile,0.2048517000002903,0.56752544,0.3333333333333333,0.5,,,,,0,,good_count,0.0,,,,,,,,,,,,,,,,,,100.0,,42,paper\main_text_experiments\runs\ratio_downstream_5k\ratio_0p02_seed_42,0.02,100,5000
hatespeech,uncertainty_badge,market_coreset_select,142,100,0,0.0,-0.8414704203605652,0.8414704203605652,-2.286255403305404e-05,-0.007024367339909,1,baseline_feature,0,0,1,5000,28000,1000,1.0360314846038818,top_quantile,0.2856738999998924,0.53391564,0.3333333333333333,0.5,84.0,,,,0,,good_count,0.0,,,,,,,,,,,,,,,,,,16.0,,42,paper\main_text_experiments\runs\ratio_downstream_5k\ratio_0p02_seed_42,0.02,100,5000
hatespeech,uncertainty_badge,market_badge_select,142,100,0,0.0,-0.836548388004303,0.836548388004303,-2.3555755888082786e-06,-0.0181738957762718,1,baseline_model_based,1,0,1,5000,28000,1000,1.0360314846038818,top_quantile,0.2302391000002899,0.54861308,0.3333333333333333,0.5,39.0,,,,0,,good_count,0.0,,,,,,,,,,,,,,,,,,61.0,,42,paper\main_text_experiments\runs\ratio_downstream_5k\ratio_0p02_seed_42,0.02,100,5000
hatespeech,uncertainty_badge,market_kmeans_center_select,142,100,85,0.85,2.7234978675842285,-2.7234978675842285,0.0002011233591474,0.075189009308815,0,baseline_feature,0,0,1,5000,28000,1000,1.0360314846038818,top_quantile,0.2319793999995454,0.55045062,0.3333333333333333,0.5,,33.0,,19.0,0,,good_count,85.0,48.0,,,,,,,,,,,,,,,,,,,42,paper\main_text_experiments\runs\ratio_downstream_5k\ratio_0p02_seed_42,0.02,100,5000
hatespeech,uncertainty_badge,market_typiclust_select,142,100,83,0.83,2.7508316040039062,-2.7508316040039062,0.0002003645931836,0.0772001445293426,0,baseline_feature,0,0,1,5000,28000,1000,1.0360314846038818,top_quantile,0.2251937999999427,0.5465465399999999,0.3333333333333333,0.5,,36.0,,17.0,0,,good_count,83.0,42.0,,,,,,,,,,,,,,,,,5.0,,42,paper\main_text_experiments\runs\ratio_downstream_5k\ratio_0p02_seed_42,0.02,100,5000
hatespeech,uncertainty_badge,ours_kernel_ridge_student,142,100,87,0.87,2.922650098800659,-2.922650098800659,0.0002216690772911,0.0753021985292434,0,online_student,0,0,1,5000,28000,1000,1.0360314846038818,top_quantile,0.1613662999998268,0.4964731,0.3333333333333333,0.5,,37.0,,19.0,1,ours_student_row_ctpt,good_count,87.0,44.0,10000.0,64.0,4.0,92931.597765,53.80301340178943,53.80903000000001,107.61806,92931.597765,92931.597765,705941.0,192.0,0.0,192.0,192.0,10000.0,1.0,,,42,paper\main_text_experiments\runs\ratio_downstream_5k\ratio_0p02_seed_42,0.02,100,5000
hatespeech,uncertainty_badge,ours_sample_package_krr,142,100,87,0.87,2.922650098800659,-2.922650098800659,0.0002216690772911,0.0753021985292434,0,online_student,0,1,4,1250,28000,1000,1.0360314846038818,top_quantile,0.1979216999998243,0.5320655400000001,0.3333333333333333,0.5,,37.0,,19.0,1,ours_student_pkg_ctpt,good_count,87.0,44.0,10000.0,64.0,4.0,1786105.677236,2.799386432575201,2.80927,5.61854,1786105.677236,446526.419309,235320.0,10.0,0.0,10.0,10.0,2500.0,4.0,,,42,paper\main_text_experiments\runs\ratio_downstream_5k\ratio_0p02_seed_42,0.02,100,5000
hatespeech,cosine,market_random_select,142,100,5,0.05,-0.5335249900817871,0.5335249900817871,-1.856505878095049e-05,0.0084701338782906,1,baseline_feature,0,0,1,5000,28000,1000,1.0360314846038818,top_quantile,0.2224581999998918,0.54399864,0.3333333333333333,0.5,,2.0,1.0,14.0,0,,good_count,5.0,6.0,,,,,,,,,,,,,,,,,77.0,,42,paper\main_text_experiments\runs\ratio_downstream_5k\ratio_0p02_seed_42,0.02,100,5000
hatespeech,cosine,market_cosine_select,142,100,0,0.0,-0.4817034900188446,0.4817034900188446,-1.966357331184554e-06,0.0022247594315558,1,baseline_feature,0,0,1,5000,28000,1000,1.0360314846038818,top_quantile,0.2127639000000272,0.57097044,0.3333333333333333,0.5,,,,,0,,good_count,0.0,,,,,,,,,,,,,,,,,,100.0,,42,paper\main_text_experiments\runs\ratio_downstream_5k\ratio_0p02_seed_42,0.02,100,5000
hatespeech,cosine,market_coreset_select,142,100,70,0.7,2.3379552364349365,-2.3379552364349365,0.0003652787127066,-0.0387496761977672,0,baseline_feature,0,0,1,5000,28000,1000,1.0360314846038818,top_quantile,0.34637500000008,0.5296546000000001,0.3333333333333333,0.5,,,70.0,,0,,good_count,70.0,,,,,,,,,,,,,,,,,,30.0,,42,paper\main_text_experiments\runs\ratio_downstream_5k\ratio_0p02_seed_42,0.02,100,5000
hatespeech,cosine,market_badge_select,142,100,70,0.7,2.3626508712768555,-2.3626508712768555,0.0003647828125394,-0.0370383709669113,0,baseline_model_based,1,0,1,5000,28000,1000,1.0360314846038818,top_quantile,0.227540100000624,0.53167648,0.3333333333333333,0.5,,,70.0,,0,,good_count,70.0,,,,,,,,,,,,,,,,,,30.0,,42,paper\main_text_experiments\runs\ratio_downstream_5k\ratio_0p02_seed_42,0.02,100,5000
hatespeech,cosine,market_kmeans_center_select,142,100,73,0.73,1.2849620580673218,-1.2849620580673218,0.0001208305329782,0.0363877080380916,0,baseline_feature,0,0,1,5000,28000,1000,1.0360314846038818,top_quantile,0.2255049000004874,0.50045482,0.3333333333333333,0.5,,28.0,,5.0,0,,good_count,73.0,65.0,,,,,,,,,,,,,,,,,2.0,,42,paper\main_text_experiments\runs\ratio_downstream_5k\ratio_0p02_seed_42,0.02,100,5000
hatespeech,cosine,market_typiclust_select,142,100,41,0.41,1.0300182104110718,-1.0300182104110718,5.73158249608241e-05,0.0569943413138389,0,baseline_feature,0,0,1,5000,28000,1000,1.0360314846038818,top_quantile,0.2288515000000188,0.5508632800000001,0.3333333333333333,0.5,,19.0,,1.0,0,,good_count,41.0,27.0,,,,,,,,,,,,,,,,,53.0,,42,paper\main_text_experiments\runs\ratio_downstream_5k\ratio_0p02_seed_42,0.02,100,5000
hatespeech,cosine,ours_kernel_ridge_student,142,100,92,0.92,2.701345205307007,-2.701345205307007,0.0002150505752069,0.0661356225609779,0,online_student,0,0,1,5000,28000,1000,1.0360314846038818,top_quantile,0.1628413999997064,0.48573814,0.3333333333333333,0.5,,41.0,,6.0,1,ours_student_row_ctpt,good_count,92.0,53.0,10000.0,64.0,4.0,92931.597765,53.80301340178943,53.80903000000001,107.61806,92931.597765,92931.597765,705941.0,192.0,0.0,192.0,192.0,10000.0,1.0,,,42,paper\main_text_experiments\runs\ratio_downstream_5k\ratio_0p02_seed_42,0.02,100,5000
hatespeech,cosine,ours_sample_package_krr,142,100,92,0.92,2.701345205307007,-2.701345205307007,0.0002150505752069,0.0661356225609779,0,online_student,0,1,4,1250,28000,1000,1.0360314846038818,top_quantile,0.1614993000002869,0.4897466199999999,0.3333333333333333,0.5,,41.0,,6.0,1,ours_student_pkg_ctpt,good_count,92.0,53.0,10000.0,64.0,4.0,1786105.677236,2.799386432575201,2.80927,5.61854,1786105.677236,446526.419309,235320.0,10.0,0.0,10.0,10.0,2500.0,4.0,,,42,paper\main_text_experiments\runs\ratio_downstream_5k\ratio_0p02_seed_42,0.02,100,5000
hatespeech,all_average,market_random_select,142,100,5,0.05,-1.3461815118789673,1.3461815118789673,-6.465077603934333e-05,-0.0130441896617412,1,baseline_feature,0,0,1,5000,28000,1000,1.0360314846038818,top_quantile,0.2179696000002877,0.54244944,0.3333333333333333,0.5,22.0,15.0,12.0,11.0,0,,good_count,5.0,24.0,,,,,,,,,,,,,,,,,16.0,,42,paper\main_text_experiments\runs\ratio_downstream_5k\ratio_0p02_seed_42,0.02,100,5000
hatespeech,all_average,market_cosine_select,142,100,0,0.0,-1.148910641670227,1.148910641670227,-2.8799177016480822e-05,-0.0215754527598619,1,baseline_feature,0,0,1,5000,28000,1000,1.0360314846038818,top_quantile,0.1590173000004142,0.53829174,0.3333333333333333,0.5,,,,,0,,good_count,0.0,,,,,,,,,,,,,,,,,,100.0,,42,paper\main_text_experiments\runs\ratio_downstream_5k\ratio_0p02_seed_42,0.02,100,5000
hatespeech,all_average,market_coreset_select,142,100,13,0.13,-1.4587316513061523,1.4587316513061523,-0.0001500469516031,0.0280371624976396,0,baseline_feature,0,0,1,5000,28000,1000,1.0360314846038818,top_quantile,0.3352793000003657,0.5395562800000001,0.3333333333333333,0.5,,,100.0,,0,,good_count,13.0,,,,,,,,,,,,,,,,,,,,42,paper\main_text_experiments\runs\ratio_downstream_5k\ratio_0p02_seed_42,0.02,100,5000
hatespeech,all_average,market_badge_select,142,100,8,0.08,-1.541142225265503,1.541142225265503,-0.0001596582005731,0.0286089107394218,1,baseline_model_based,1,0,1,5000,28000,1000,1.0360314846038818,top_quantile,0.1986753999999564,0.53765518,0.3333333333333333,0.5,,,100.0,,0,,good_count,8.0,,,,,,,,,,,,,,,,,,,,42,paper\main_text_experiments\runs\ratio_downstream_5k\ratio_0p02_seed_42,0.02,100,5000
hatespeech,all_average,market_kmeans_center_select,142,100,28,0.28,-1.44157075881958,1.44157075881958,-3.588020626921207e-05,-0.0346296913921833,0,baseline_feature,0,0,1,5000,28000,1000,1.0360314846038818,top_quantile,0.1624903000001722,0.49453344,0.3333333333333333,0.5,,39.0,,5.0,0,,good_count,28.0,51.0,,,,,,,,,,,,,,,,,5.0,,42,paper\main_text_experiments\runs\ratio_downstream_5k\ratio_0p02_seed_42,0.02,100,5000
hatespeech,all_average,market_typiclust_select,142,100,11,0.11,0.331986129283905,-0.331986129283905,-1.401305212311854e-06,0.0491832196712493,0,baseline_feature,0,0,1,5000,28000,1000,1.0360314846038818,top_quantile,0.2207060999999157,0.5469096200000001,0.3333333333333333,0.5,,34.0,,1.0,0,,good_count,11.0,35.0,,,,,,,,,,,,,,,,,30.0,,42,paper\main_text_experiments\runs\ratio_downstream_5k\ratio_0p02_seed_42,0.02,100,5000
hatespeech,all_average,ours_kernel_ridge_student,142,100,76,0.76,1.635549783706665,-1.635549783706665,0.0001560848904773,0.0370968505740165,0,online_student,0,0,1,5000,28000,1000,1.0360314846038818,top_quantile,0.1606350000001839,0.4911649599999999,0.3333333333333333,0.5,,43.0,,11.0,1,ours_student_row_ctpt,good_count,76.0,46.0,10000.0,64.0,4.0,92931.597765,53.80301340178943,53.80903000000001,107.61806,92931.597765,92931.597765,705941.0,192.0,0.0,192.0,192.0,10000.0,1.0,,,42,paper\main_text_experiments\runs\ratio_downstream_5k\ratio_0p02_seed_42,0.02,100,5000
hatespeech,all_average,ours_sample_package_krr,142,100,76,0.76,1.635549783706665,-1.635549783706665,0.0001560848904773,0.0370968505740165,0,online_student,0,1,4,1250,28000,1000,1.0360314846038818,top_quantile,0.1840262999994593,0.51671296,0.3333333333333333,0.5,,43.0,,11.0,1,ours_student_pkg_ctpt,good_count,76.0,46.0,10000.0,64.0,4.0,1786105.677236,2.799386432575201,2.80927,5.61854,1786105.677236,446526.419309,235320.0,10.0,0.0,10.0,10.0,2500.0,4.0,,,42,paper\main_text_experiments\runs\ratio_downstream_5k\ratio_0p02_seed_42,0.02,100,5000
mscoco,noise,market_random_select,242,100,11,0.11,-0.3267043828964233,0.3267043828964233,-1.2395978046697564e-05,0.0009330264292657,0,baseline_feature,0,0,1,5000,28000,1000,1.1260383129119873,top_quantile,0.1983500000005733,0.889035875,0.3333333333333333,0.5,9.0,5.0,74.0,7.0,0,,good_count,11.0,5.0,,,,,,,,,,,,,,,,,,,42,paper\main_text_experiments\runs\ratio_downstream_5k\ratio_0p02_seed_42,0.02,100,5000
mscoco,noise,market_cosine_select,242,100,20,0.2,-0.3923871517181396,0.3923871517181396,2.038717320829164e-05,-0.0009491020464338,0,baseline_feature,0,0,1,5000,28000,1000,1.1260383129119873,top_quantile,0.1871272999997018,0.8535325625,0.3333333333333333,0.5,,,,100.0,0,,good_count,20.0,,,,,,,,,,,,,,,,,,,,42,paper\main_text_experiments\runs\ratio_downstream_5k\ratio_0p02_seed_42,0.02,100,5000
mscoco,noise,market_coreset_select,242,100,0,0.0,-0.5961211323738098,0.5961211323738098,-4.1773913835641e-05,0.0013135006884112,1,baseline_feature,0,0,1,5000,28000,1000,1.1260383129119873,top_quantile,0.2260525000001507,0.8434258750000001,0.3333333333333333,0.5,,,100.0,,0,,good_count,0.0,,,,,,,,,,,,,,,,,,,,42,paper\main_text_experiments\runs\ratio_downstream_5k\ratio_0p02_seed_42,0.02,100,5000
mscoco,noise,market_badge_select,242,100,0,0.0,-0.5592894554138184,0.5592894554138184,-3.950297832489014e-05,0.0013477731263265,1,baseline_model_based,1,0,1,5000,28000,1000,1.1260383129119873,top_quantile,0.16733639999984,0.8603364375000001,0.3333333333333333,0.5,,,100.0,,0,,good_count,0.0,,,,,,,,,,,,,,,,,,,,42,paper\main_text_experiments\runs\ratio_downstream_5k\ratio_0p02_seed_42,0.02,100,5000
mscoco,noise,market_kmeans_center_select,242,100,100,1.0,4.277603149414063,-4.277603149414063,0.000291420816211,0.0042321477085351,0,baseline_feature,0,0,1,5000,28000,1000,1.1260383129119873,top_quantile,0.2058486000005359,0.86010415625,0.3333333333333333,0.5,,38.0,,,0,,good_count,100.0,62.0,,,,,,,,,,,,,,,,,,,42,paper\main_text_experiments\runs\ratio_downstream_5k\ratio_0p02_seed_42,0.02,100,5000
mscoco,noise,market_typiclust_select,242,100,100,1.0,4.583008766174316,-4.583008766174316,0.0003243017126806,0.003821684513241,0,baseline_feature,0,0,1,5000,28000,1000,1.1260383129119873,top_quantile,0.4074817999999141,0.84766390625,0.3333333333333333,0.5,,41.0,,,0,,good_count,100.0,59.0,,,,,,,,,,,,,,,,,,,42,paper\main_text_experiments\runs\ratio_downstream_5k\ratio_0p02_seed_42,0.02,100,5000
mscoco,noise,ours_kernel_ridge_student,242,100,100,1.0,4.8925461769104,-4.8925461769104,0.0003116631414741,0.0056781256571412,0,online_student,0,0,1,5000,28000,1000,1.1260383129119873,top_quantile,0.3110029999998005,0.86075234375,0.3333333333333333,0.5,,45.0,,13.0,1,ours_student_row_ctpt,good_count,100.0,42.0,10000.0,64.0,4.0,92931.597765,53.80301340178943,53.80903000000001,107.61806,92931.597765,92931.597765,705941.0,192.0,0.0,192.0,192.0,10000.0,1.0,,,42,paper\main_text_experiments\runs\ratio_downstream_5k\ratio_0p02_seed_42,0.02,100,5000
mscoco,noise,ours_sample_package_krr,242,100,100,1.0,4.8925461769104,-4.8925461769104,0.0003116631414741,0.0056781256571412,0,online_student,0,1,4,1250,28000,1000,1.1260383129119873,top_quantile,0.5027511999996932,0.7218008125000002,0.3333333333333333,0.5,,45.0,,13.0,1,ours_student_pkg_ctpt,good_count,100.0,42.0,10000.0,64.0,4.0,1786105.677236,2.799386432575201,2.80927,5.61854,1786105.677236,446526.419309,235320.0,10.0,0.0,10.0,10.0,2500.0,4.0,,,42,paper\main_text_experiments\runs\ratio_downstream_5k\ratio_0p02_seed_42,0.02,100,5000
mscoco,coreset_far_wrong,market_random_select,242,100,11,0.11,0.0660289749503135,-0.0660289749503135,2.2410154997487552e-05,0.0007748393691144,0,baseline_feature,0,0,1,5000,28000,1000,1.1260383129119873,top_quantile,0.2969960000000355,0.8872325000000001,0.3333333333333333,0.5,74.0,5.0,9.0,7.0,0,,good_count,11.0,5.0,,,,,,,,,,,,,,,,,,,42,paper\main_text_experiments\runs\ratio_downstream_5k\ratio_0p02_seed_42,0.02,100,5000
mscoco,coreset_far_wrong,market_cosine_select,242,100,20,0.2,-0.3923871517181396,0.3923871517181396,2.038717320829164e-05,-0.0009491020464338,0,baseline_feature,0,0,1,5000,28000,1000,1.1260383129119873,top_quantile,0.2047055000002728,0.8535325625,0.3333333333333333,0.5,,,,100.0,0,,good_count,20.0,,,,,,,,,,,,,,,,,,,,42,paper\main_text_experiments\runs\ratio_downstream_5k\ratio_0p02_seed_42,0.02,100,5000
mscoco,coreset_far_wrong,market_coreset_select,242,100,0,0.0,-1.2829043865203855,1.2829043865203855,-7.101654773578048e-05,2.6657833586796187e-05,1,baseline_feature,0,0,1,5000,28000,1000,1.1260383129119873,top_quantile,0.2353274000006422,0.8651831562499999,0.3333333333333333,0.5,,,100.0,,0,,good_count,0.0,,,,,,,,,,,,,,,,,,,,42,paper\main_text_experiments\runs\ratio_downstream_5k\ratio_0p02_seed_42,0.02,100,5000
mscoco,coreset_far_wrong,market_badge_select,242,100,0,0.0,-1.3639789819717407,1.3639789819717407,-7.689237827435136e-05,-5.42557336302707e-06,1,baseline_model_based,1,0,1,5000,28000,1000,1.1260383129119873,top_quantile,0.2371665000000575,0.81979321875,0.3333333333333333,0.5,,,100.0,,0,,good_count,0.0,,,,,,,,,,,,,,,,,,,,42,paper\main_text_experiments\runs\ratio_downstream_5k\ratio_0p02_seed_42,0.02,100,5000
mscoco,coreset_far_wrong,market_kmeans_center_select,242,100,100,1.0,4.277603149414063,-4.277603149414063,0.000291420816211,0.0042321477085351,0,baseline_feature,0,0,1,5000,28000,1000,1.1260383129119873,top_quantile,0.232828199999858,0.86010415625,0.3333333333333333,0.5,,38.0,,,0,,good_count,100.0,62.0,,,,,,,,,,,,,,,,,,,42,paper\main_text_experiments\runs\ratio_downstream_5k\ratio_0p02_seed_42,0.02,100,5000
mscoco,coreset_far_wrong,market_typiclust_select,242,100,100,1.0,4.583008766174316,-4.583008766174316,0.0003243017126806,0.003821684513241,0,baseline_feature,0,0,1,5000,28000,1000,1.1260383129119873,top_quantile,0.2325154999998631,0.84766390625,0.3333333333333333,0.5,,41.0,,,0,,good_count,100.0,59.0,,,,,,,,,,,,,,,,,,,42,paper\main_text_experiments\runs\ratio_downstream_5k\ratio_0p02_seed_42,0.02,100,5000
mscoco,coreset_far_wrong,ours_kernel_ridge_student,242,100,99,0.99,4.86693286895752,-4.86693286895752,0.0003087884106207,0.0057183397002518,0,online_student,0,0,1,5000,28000,1000,1.1260383129119873,top_quantile,0.239806800000224,0.86259409375,0.3333333333333333,0.5,1.0,44.0,,13.0,1,ours_student_row_ctpt,good_count,99.0,42.0,10000.0,64.0,4.0,92931.597765,53.80301340178943,53.80903000000001,107.61806,92931.597765,92931.597765,705941.0,192.0,0.0,192.0,192.0,10000.0,1.0,,,42,paper\main_text_experiments\runs\ratio_downstream_5k\ratio_0p02_seed_42,0.02,100,5000
mscoco,coreset_far_wrong,ours_sample_package_krr,242,100,99,0.99,4.86693286895752,-4.86693286895752,0.0003087884106207,0.0057183397002518,0,online_student,0,1,4,1250,28000,1000,1.1260383129119873,top_quantile,0.247906999999941,0.7199649687499999,0.3333333333333333,0.5,1.0,44.0,,13.0,1,ours_student_pkg_ctpt,good_count,99.0,42.0,10000.0,64.0,4.0,1786105.677236,2.799386432575201,2.80927,5.61854,1786105.677236,446526.419309,235320.0,10.0,0.0,10.0,10.0,2500.0,4.0,,,42,paper\main_text_experiments\runs\ratio_downstream_5k\ratio_0p02_seed_42,0.02,100,5000
mscoco,typiclust_dense,market_random_select,242,100,11,0.11,0.2695885002613067,-0.2695885002613067,5.032002809457481e-05,0.0002049116010311,0,baseline_feature,0,0,1,5000,28000,1000,1.1260383129119873,top_quantile,0.2468129999997472,0.8860733125,0.3333333333333333,0.5,,14.0,,2.0,0,,good_count,11.0,77.0,,,,,,,,,,,,,,,,,6.0,1.0,42,paper\main_text_experiments\runs\ratio_downstream_5k\ratio_0p02_seed_42,0.02,100,5000
mscoco,typiclust_dense,market_cosine_select,242,100,34,0.34,0.204433187842369,-0.204433187842369,-4.471540523809381e-05,0.0046441908925771,0,baseline_feature,0,0,1,5000,28000,1000,1.1260383129119873,top_quantile,0.2491304999994099,0.8381136874999999,0.3333333333333333,0.5,,,,,0,,good_count,34.0,,,,,,,,,,,,,,,,,,73.0,27.0,42,paper\main_text_experiments\runs\ratio_downstream_5k\ratio_0p02_seed_42,0.02,100,5000
mscoco,typiclust_dense,market_coreset_select,242,100,42,0.42,0.2512819468975067,-0.2512819468975067,4.111111047677696e-05,0.0005873587797395,0,baseline_feature,0,0,1,5000,28000,1000,1.1260383129119873,top_quantile,0.2961532000008446,0.8720046249999999,0.3333333333333333,0.5,14.0,,7.0,9.0,0,,good_count,42.0,,,,,,,,,,,,,,,,,,60.0,10.0,42,paper\main_text_experiments\runs\ratio_downstream_5k\ratio_0p02_seed_42,0.02,100,5000
mscoco,typiclust_dense,market_badge_select,242,100,29,0.29,-0.2529112696647644,0.2529112696647644,1.128435178543441e-05,5.58885294594802e-05,0,baseline_model_based,1,0,1,5000,28000,1000,1.1260383129119873,top_quantile,0.2729904999996506,0.8239128437500001,0.3333333333333333,0.5,1.0,,7.0,,0,,good_count,29.0,,,,,,,,,,,,,,,,,,77.0,15.0,42,paper\main_text_experiments\runs\ratio_downstream_5k\ratio_0p02_seed_42,0.02,100,5000
mscoco,typiclust_dense,market_kmeans_center_select,242,100,15,0.15,2.15255069732666,-2.15255069732666,0.0001419883919879,0.0031648310832679,0,baseline_feature,0,0,1,5000,28000,1000,1.1260383129119873,top_quantile,0.2397157000004881,0.8692043437499999,0.3333333333333333,0.5,,14.0,,,0,,good_count,15.0,85.0,,,,,,,,,,,,,,,,,1.0,,42,paper\main_text_experiments\runs\ratio_downstream_5k\ratio_0p02_seed_42,0.02,100,5000
mscoco,typiclust_dense,market_typiclust_select,242,100,28,0.28,2.640789747238159,-2.640789747238159,0.0001802343176677,0.003216583514586,0,baseline_feature,0,0,1,5000,28000,1000,1.1260383129119873,top_quantile,0.2511186000001544,0.85176153125,0.3333333333333333,0.5,,23.0,,,0,,good_count,28.0,77.0,,,,,,,,,,,,,,,,,,,42,paper\main_text_experiments\runs\ratio_downstream_5k\ratio_0p02_seed_42,0.02,100,5000
mscoco,typiclust_dense,ours_kernel_ridge_student,242,100,80,0.8,4.6251630783081055,-4.6251630783081055,0.0002819895744323,0.0060813068412244,0,online_student,0,0,1,5000,28000,1000,1.1260383129119873,top_quantile,0.2367512000000715,0.864402375,0.3333333333333333,0.5,,31.0,,17.0,1,ours_student_row_ctpt,good_count,80.0,50.0,10000.0,64.0,4.0,92931.597765,53.80301340178943,53.80903000000001,107.61806,92931.597765,92931.597765,705941.0,192.0,0.0,192.0,192.0,10000.0,1.0,1.0,1.0,42,paper\main_text_experiments\runs\ratio_downstream_5k\ratio_0p02_seed_42,0.02,100,5000
mscoco,typiclust_dense,ours_sample_package_krr,242,100,80,0.8,4.6251630783081055,-4.6251630783081055,0.0002819895744323,0.0060813068412244,0,online_student,0,1,4,1250,28000,1000,1.1260383129119873,top_quantile,0.313192299999173,0.72817078125,0.3333333333333333,0.5,,31.0,,17.0,1,ours_student_pkg_ctpt,good_count,80.0,50.0,10000.0,64.0,4.0,1786105.677236,2.799386432575201,2.80927,5.61854,1786105.677236,446526.419309,235320.0,10.0,0.0,10.0,10.0,2500.0,4.0,1.0,1.0,42,paper\main_text_experiments\runs\ratio_downstream_5k\ratio_0p02_seed_42,0.02,100,5000
mscoco,kmeans_center,market_random_select,242,100,11,0.11,0.0351462587714195,-0.0351462587714195,3.435552207520232e-05,6.138740718597546e-05,0,baseline_feature,0,0,1,5000,28000,1000,1.1260383129119873,top_quantile,0.2398911999998745,0.8934888437499999,0.3333333333333333,0.5,6.0,80.0,,2.0,0,,good_count,11.0,12.0,,,,,,,,,,,,,,,,,,,42,paper\main_text_experiments\runs\ratio_downstream_5k\ratio_0p02_seed_42,0.02,100,5000
mscoco,kmeans_center,market_cosine_select,242,100,100,1.0,3.5774483680725098,-3.5774483680725098,0.0001362746988888,0.0091167306527495,0,baseline_feature,0,0,1,5000,28000,1000,1.1260383129119873,top_quantile,0.2505138999995324,0.8648574687499999,0.3333333333333333,0.5,,,,48.0,0,,good_count,100.0,,,,,,,,,,,,,,,,,,23.0,29.0,42,paper\main_text_experiments\runs\ratio_downstream_5k\ratio_0p02_seed_42,0.02,100,5000
mscoco,kmeans_center,market_coreset_select,242,100,11,0.11,-0.7847161889076233,0.7847161889076233,-2.6873945898842067e-05,-0.0001735354744596,0,baseline_feature,0,0,1,5000,28000,1000,1.1260383129119873,top_quantile,0.2979803999996875,0.7117701875,0.3333333333333333,0.5,91.0,,6.0,,0,,good_count,11.0,,,,,,,,,,,,,,,,,,,3.0,42,paper\main_text_experiments\runs\ratio_downstream_5k\ratio_0p02_seed_42,0.02,100,5000
mscoco,kmeans_center,market_badge_select,242,100,27,0.27,-0.1286202669143676,0.1286202669143676,-1.3377666618907824e-05,0.0017697024159133,0,baseline_model_based,1,0,1,5000,28000,1000,1.1260383129119873,top_quantile,0.1949000999993586,0.8304491250000001,0.3333333333333333,0.5,75.0,,6.0,,0,,good_count,27.0,,,,,,,,,,,,,,,,,,6.0,13.0,42,paper\main_text_experiments\runs\ratio_downstream_5k\ratio_0p02_seed_42,0.02,100,5000
mscoco,kmeans_center,market_kmeans_center_select,242,100,14,0.14,1.999742865562439,-1.999742865562439,0.0001330375671386,0.002999362302944,0,baseline_feature,0,0,1,5000,28000,1000,1.1260383129119873,top_quantile,0.1843590999997104,0.86368403125,0.3333333333333333,0.5,,77.0,,,0,,good_count,14.0,23.0,,,,,,,,,,,,,,,,,,,42,paper\main_text_experiments\runs\ratio_downstream_5k\ratio_0p02_seed_42,0.02,100,5000
mscoco,kmeans_center,market_typiclust_select,242,100,29,0.29,2.6575136184692383,-2.6575136184692383,0.0001787614892236,0.0033559403382241,0,baseline_feature,0,0,1,5000,28000,1000,1.1260383129119873,top_quantile,0.1908328999998048,0.8484843437499999,0.3333333333333333,0.5,,75.0,,,0,,good_count,29.0,24.0,,,,,,,,,,,,,,,,,1.0,,42,paper\main_text_experiments\runs\ratio_downstream_5k\ratio_0p02_seed_42,0.02,100,5000
mscoco,kmeans_center,ours_kernel_ridge_student,242,100,82,0.82,4.614912509918213,-4.614912509918213,0.0002810817968565,0.0060854023322463,0,online_student,0,0,1,5000,28000,1000,1.1260383129119873,top_quantile,0.232596700000613,0.86046865625,0.3333333333333333,0.5,,51.0,,16.0,1,ours_student_row_ctpt,good_count,82.0,31.0,10000.0,64.0,4.0,92931.597765,53.80301340178943,53.80903000000001,107.61806,92931.597765,92931.597765,705941.0,192.0,0.0,192.0,192.0,10000.0,1.0,1.0,1.0,42,paper\main_text_experiments\runs\ratio_downstream_5k\ratio_0p02_seed_42,0.02,100,5000
mscoco,kmeans_center,ours_sample_package_krr,242,100,82,0.82,4.614912509918213,-4.614912509918213,0.0002810817968565,0.0060854023322463,0,online_student,0,1,4,1250,28000,1000,1.1260383129119873,top_quantile,0.2395564999997077,0.72430253125,0.3333333333333333,0.5,,51.0,,16.0,1,ours_student_pkg_ctpt,good_count,82.0,31.0,10000.0,64.0,4.0,1786105.677236,2.799386432575201,2.80927,5.61854,1786105.677236,446526.419309,235320.0,10.0,0.0,10.0,10.0,2500.0,4.0,1.0,1.0,42,paper\main_text_experiments\runs\ratio_downstream_5k\ratio_0p02_seed_42,0.02,100,5000
mscoco,uncertainty_badge,market_random_select,242,100,11,0.11,0.4079121053218841,-0.4079121053218841,4.222571806167253e-05,0.0011554568773135,0,baseline_feature,0,0,1,5000,28000,1000,1.1260383129119873,top_quantile,0.1719258999992234,0.8892015625,0.3333333333333333,0.5,9.0,4.0,,76.0,0,,good_count,11.0,5.0,,,,,,,,,,,,,,,,,6.0,,42,paper\main_text_experiments\runs\ratio_downstream_5k\ratio_0p02_seed_42,0.02,100,5000
mscoco,uncertainty_badge,market_cosine_select,242,100,0,0.0,-1.6752002239227295,1.6752002239227295,-1.4705658031743953e-05,-0.0043182102963328,1,baseline_feature,0,0,1,5000,28000,1000,1.1260383129119873,top_quantile,0.1780809000001681,0.7991175625000001,0.3333333333333333,0.5,,,,,0,,good_count,0.0,,,,,,,,,,,,,,,,,,100.0,,42,paper\main_text_experiments\runs\ratio_downstream_5k\ratio_0p02_seed_42,0.02,100,5000
mscoco,uncertainty_badge,market_coreset_select,242,100,0,0.0,-1.105729103088379,1.105729103088379,-2.1138786905794404e-05,-0.0017343329964205,1,baseline_feature,0,0,1,5000,28000,1000,1.1260383129119873,top_quantile,0.261846900000819,0.8434346875,0.3333333333333333,0.5,96.0,,,,0,,good_count,0.0,,,,,,,,,,,,,,,,,,4.0,,42,paper\main_text_experiments\runs\ratio_downstream_5k\ratio_0p02_seed_42,0.02,100,5000
mscoco,uncertainty_badge,market_badge_select,242,100,0,0.0,-1.1845778226852417,1.1845778226852417,-4.945397449773736e-06,-0.0028486552182585,1,baseline_model_based,1,0,1,5000,28000,1000,1.1260383129119873,top_quantile,0.2241125000000465,0.85848775,0.3333333333333333,0.5,50.0,,,,0,,good_count,0.0,,,,,,,,,,,,,,,,,,50.0,,42,paper\main_text_experiments\runs\ratio_downstream_5k\ratio_0p02_seed_42,0.02,100,5000
mscoco,uncertainty_badge,market_kmeans_center_select,242,100,95,0.95,4.151176929473877,-4.151176929473877,0.0002821940288413,0.0041852905414998,0,baseline_feature,0,0,1,5000,28000,1000,1.1260383129119873,top_quantile,0.2161027000001922,0.8590789375,0.3333333333333333,0.5,,36.0,,5.0,0,,good_count,95.0,59.0,,,,,,,,,,,,,,,,,,,42,paper\main_text_experiments\runs\ratio_downstream_5k\ratio_0p02_seed_42,0.02,100,5000
mscoco,uncertainty_badge,market_typiclust_select,242,100,100,1.0,4.583008766174316,-4.583008766174316,0.0003243017126806,0.003821684513241,0,baseline_feature,0,0,1,5000,28000,1000,1.1260383129119873,top_quantile,0.2146825999998327,0.84766390625,0.3333333333333333,0.5,,41.0,,,0,,good_count,100.0,59.0,,,,,,,,,,,,,,,,,,,42,paper\main_text_experiments\runs\ratio_downstream_5k\ratio_0p02_seed_42,0.02,100,5000
mscoco,uncertainty_badge,ours_kernel_ridge_student,242,100,89,0.89,4.72678279876709,-4.72678279876709,0.0002923876163549,0.0059715579263865,0,online_student,0,0,1,5000,28000,1000,1.1260383129119873,top_quantile,0.2795694000005824,0.8638086249999999,0.3333333333333333,0.5,,39.0,,23.0,1,ours_student_row_ctpt,good_count,89.0,38.0,10000.0,64.0,4.0,92931.597765,53.80301340178943,53.80903000000001,107.61806,92931.597765,92931.597765,705941.0,192.0,0.0,192.0,192.0,10000.0,1.0,,,42,paper\main_text_experiments\runs\ratio_downstream_5k\ratio_0p02_seed_42,0.02,100,5000
mscoco,uncertainty_badge,ours_sample_package_krr,242,100,89,0.89,4.72678279876709,-4.72678279876709,0.0002923876163549,0.0059715579263865,0,online_student,0,1,4,1250,28000,1000,1.1260383129119873,top_quantile,0.2157736000008299,0.72160615625,0.3333333333333333,0.5,,39.0,,23.0,1,ours_student_pkg_ctpt,good_count,89.0,38.0,10000.0,64.0,4.0,1786105.677236,2.799386432575201,2.80927,5.61854,1786105.677236,446526.419309,235320.0,10.0,0.0,10.0,10.0,2500.0,4.0,,,42,paper\main_text_experiments\runs\ratio_downstream_5k\ratio_0p02_seed_42,0.02,100,5000
mscoco,cosine,market_random_select,242,100,11,0.11,-0.1132707297801971,0.1132707297801971,8.38875803310657e-06,0.0007546506822109,0,baseline_feature,0,0,1,5000,28000,1000,1.1260383129119873,top_quantile,0.2452382000001307,0.88739321875,0.3333333333333333,0.5,,8.0,,7.0,0,,good_count,11.0,11.0,,,,,,,,,,,,,,,,,74.0,,42,paper\main_text_experiments\runs\ratio_downstream_5k\ratio_0p02_seed_42,0.02,100,5000
mscoco,cosine,market_cosine_select,242,100,0,0.0,0.7192296385765076,-0.7192296385765076,-3.126501906081103e-05,0.0060274922288954,1,baseline_feature,0,0,1,5000,28000,1000,1.1260383129119873,top_quantile,0.2296008000002984,0.8407933125,0.3333333333333333,0.5,,,,,0,,good_count,0.0,,,,,,,,,,,,,,,,,,100.0,,42,paper\main_text_experiments\runs\ratio_downstream_5k\ratio_0p02_seed_42,0.02,100,5000
mscoco,cosine,market_coreset_select,242,100,12,0.12,-0.0343783609569072,0.0343783609569072,2.370417132624425e-05,0.0003113604907412,0,baseline_feature,0,0,1,5000,28000,1000,1.1260383129119873,top_quantile,0.2677283000002717,0.8736867500000002,0.3333333333333333,0.5,7.0,,5.0,,0,,good_count,12.0,,,,,,,,,,,,,,,,,,88.0,,42,paper\main_text_experiments\runs\ratio_downstream_5k\ratio_0p02_seed_42,0.02,100,5000
mscoco,cosine,market_badge_select,242,100,5,0.05,-0.3985359072685241,0.3985359072685241,7.146000825741794e-06,-0.0003189275448676,1,baseline_model_based,1,0,1,5000,28000,1000,1.1260383129119873,top_quantile,0.3428263000005245,0.83657540625,0.3333333333333333,0.5,,,5.0,,0,,good_count,5.0,,,,,,,,,,,,,,,,,,95.0,,42,paper\main_text_experiments\runs\ratio_downstream_5k\ratio_0p02_seed_42,0.02,100,5000
mscoco,cosine,market_kmeans_center_select,242,100,82,0.82,3.4196548461914062,-3.4196548461914062,0.0002277624589623,0.0039657736197113,0,baseline_feature,0,0,1,5000,28000,1000,1.1260383129119873,top_quantile,0.2254449000001841,0.8618199687499999,0.3333333333333333,0.5,,32.0,,1.0,0,,good_count,82.0,56.0,,,,,,,,,,,,,,,,,11.0,,42,paper\main_text_experiments\runs\ratio_downstream_5k\ratio_0p02_seed_42,0.02,100,5000
mscoco,cosine,market_typiclust_select,242,100,90,0.9,4.191433906555176,-4.191433906555176,0.0002887219307012,0.0040227305144071,0,baseline_feature,0,0,1,5000,28000,1000,1.1260383129119873,top_quantile,0.2075462000002517,0.8494388125,0.3333333333333333,0.5,,38.0,,,0,,good_count,90.0,53.0,,,,,,,,,,,,,,,,,9.0,,42,paper\main_text_experiments\runs\ratio_downstream_5k\ratio_0p02_seed_42,0.02,100,5000
mscoco,cosine,ours_kernel_ridge_student,242,100,99,0.99,4.870588302612305,-4.870588302612305,0.0003085249627474,0.0057459091767668,0,online_student,0,0,1,5000,28000,1000,1.1260383129119873,top_quantile,0.2793044000000009,0.8636495625,0.3333333333333333,0.5,,45.0,,12.0,1,ours_student_row_ctpt,good_count,99.0,42.0,10000.0,64.0,4.0,92931.597765,53.80301340178943,53.80903000000001,107.61806,92931.597765,92931.597765,705941.0,192.0,0.0,192.0,192.0,10000.0,1.0,1.0,,42,paper\main_text_experiments\runs\ratio_downstream_5k\ratio_0p02_seed_42,0.02,100,5000
mscoco,cosine,ours_sample_package_krr,242,100,99,0.99,4.870588302612305,-4.870588302612305,0.0003085249627474,0.0057459091767668,0,online_student,0,1,4,1250,28000,1000,1.1260383129119873,top_quantile,0.2019181000005119,0.7161525,0.3333333333333333,0.5,,45.0,,12.0,1,ours_student_pkg_ctpt,good_count,99.0,42.0,10000.0,64.0,4.0,1786105.677236,2.799386432575201,2.80927,5.61854,1786105.677236,446526.419309,235320.0,10.0,0.0,10.0,10.0,2500.0,4.0,1.0,,42,paper\main_text_experiments\runs\ratio_downstream_5k\ratio_0p02_seed_42,0.02,100,5000
mscoco,all_average,market_random_select,242,100,11,0.11,-0.7686071991920471,0.7686071991920471,-1.3365149243327323e-05,-0.0007773110410198,0,baseline_feature,0,0,1,5000,28000,1000,1.1260383129119873,top_quantile,0.266657999999552,0.8748787812500001,0.6416445008456029,0.67575,17.0,22.0,16.0,12.0,0,,good_count,11.0,20.0,,,,,,,,,,,,,,,,,13.0,,42,paper\main_text_experiments\runs\ratio_downstream_5k\ratio_0p02_seed_42,0.02,100,5000
mscoco,all_average,market_cosine_select,242,100,0,0.0,-0.9910949468612672,0.9910949468612672,-8.83340835571289e-05,0.0020438889041543,1,baseline_feature,0,0,1,5000,28000,1000,1.1260383129119873,top_quantile,0.208741800000098,0.68324375,0.3333333333333333,0.5,,,,,0,,good_count,0.0,,,,,,,,,,,,,,,,,,100.0,,42,paper\main_text_experiments\runs\ratio_downstream_5k\ratio_0p02_seed_42,0.02,100,5000
mscoco,all_average,market_coreset_select,242,100,0,0.0,-1.4013161659240725,1.4013161659240725,-0.0001068830461008,0.0013287459732964,1,baseline_feature,0,0,1,5000,28000,1000,1.1260383129119873,top_quantile,0.306862500000534,0.8710670625,0.3333333333333333,0.5,,,100.0,,0,,good_count,0.0,,,,,,,,,,,,,,,,,,,,42,paper\main_text_experiments\runs\ratio_downstream_5k\ratio_0p02_seed_42,0.02,100,5000
mscoco,all_average,market_badge_select,242,100,1,0.01,-1.441498875617981,1.441498875617981,-0.0001081758746295,0.0012327830772846,1,baseline_model_based,1,0,1,5000,28000,1000,1.1260383129119873,top_quantile,0.2789231999995536,0.8054090624999999,0.3333333333333333,0.5,,,100.0,,0,,good_count,1.0,,,,,,,,,,,,,,,,,,,,42,paper\main_text_experiments\runs\ratio_downstream_5k\ratio_0p02_seed_42,0.02,100,5000
mscoco,all_average,market_kmeans_center_select,242,100,21,0.21,0.6196620464324951,-0.6196620464324951,6.910026422701776e-05,0.0006693037576042,0,baseline_feature,0,0,1,5000,28000,1000,1.1260383129119873,top_quantile,0.3654067999996186,0.8317708749999999,0.3333333333333333,0.5,,44.0,,,0,,good_count,21.0,54.0,,,,,,,,,,,,,,,,,2.0,,42,paper\main_text_experiments\runs\ratio_downstream_5k\ratio_0p02_seed_42,0.02,100,5000
mscoco,all_average,market_typiclust_select,242,100,34,0.34,1.5135389566421509,-1.5135389566421509,0.0001255822135135,0.0014334331499412,0,baseline_feature,0,0,1,5000,28000,1000,1.1260383129119873,top_quantile,0.2527282999999443,0.8472979374999999,0.3333333333333333,0.5,,46.0,,,0,,good_count,34.0,53.0,,,,,,,,,,,,,,,,,1.0,,42,paper\main_text_experiments\runs\ratio_downstream_5k\ratio_0p02_seed_42,0.02,100,5000
mscoco,all_average,ours_kernel_ridge_student,242,100,100,1.0,4.942035675048828,-4.942035675048828,0.0003073424159083,0.0060886512510478,0,online_student,0,0,1,5000,28000,1000,1.1260383129119873,top_quantile,0.2883522000001903,0.8633636874999999,0.3333333333333333,0.5,,39.0,,23.0,1,ours_student_row_ctpt,good_count,100.0,38.0,10000.0,64.0,4.0,92931.597765,53.80301340178943,53.80903000000001,107.61806,92931.597765,92931.597765,705941.0,192.0,0.0,192.0,192.0,10000.0,1.0,,,42,paper\main_text_experiments\runs\ratio_downstream_5k\ratio_0p02_seed_42,0.02,100,5000
mscoco,all_average,ours_sample_package_krr,242,100,100,1.0,4.942035675048828,-4.942035675048828,0.0003073424159083,0.0060886512510478,0,online_student,0,1,4,1250,28000,1000,1.1260383129119873,top_quantile,0.2812949999997727,0.7276774687500001,0.3333333333333333,0.5,,39.0,,23.0,1,ours_student_pkg_ctpt,good_count,100.0,38.0,10000.0,64.0,4.0,1786105.677236,2.799386432575201,2.80927,5.61854,1786105.677236,446526.419309,235320.0,10.0,0.0,10.0,10.0,2500.0,4.0,,,42,paper\main_text_experiments\runs\ratio_downstream_5k\ratio_0p02_seed_42,0.02,100,5000
hateful_memes,noise,market_random_select,43,100,12,0.12,-0.3396231830120086,0.3396231830120086,-4.272162914276123e-05,0.0090382853522896,0,baseline_feature,0,0,1,5000,28000,1000,1.0231167078018188,top_quantile,0.1900906000000759,0.5630888013196481,0.3697478991596639,0.5866666666666667,8.0,5.0,71.0,11.0,0,,good_count,12.0,5.0,,,,,,,,,,,,,,,,,,,43,paper\main_text_experiments\runs\ratio_downstream_5k\ratio_0p02_seed_43,0.02,100,5000
hateful_memes,noise,market_cosine_select,43,100,8,0.08,-1.4004149436950684,1.4004149436950684,-6.048977229511365e-05,-0.0245040375739336,1,baseline_feature,0,0,1,5000,28000,1000,1.0231167078018188,top_quantile,0.185065100000429,0.5788494318181818,0.3697478991596639,0.5866666666666667,,,,100.0,0,,good_count,8.0,,,,,,,,,,,,,,,,,,,,43,paper\main_text_experiments\runs\ratio_downstream_5k\ratio_0p02_seed_43,0.02,100,5000
hateful_memes,noise,market_coreset_select,43,100,0,0.0,-0.6191308498382568,0.6191308498382568,-7.909775013104081e-05,0.008904936723411,1,baseline_feature,0,0,1,5000,28000,1000,1.0231167078018188,top_quantile,0.2242947000004278,0.5250746884164222,0.3697478991596639,0.5866666666666667,,,100.0,,0,,good_count,0.0,,,,,,,,,,,,,,,,,,,,43,paper\main_text_experiments\runs\ratio_downstream_5k\ratio_0p02_seed_43,0.02,100,5000
hateful_memes,noise,market_badge_select,43,100,0,0.0,-0.6067718267440796,0.6067718267440796,-7.402241317322478e-05,0.0079586720094084,1,baseline_model_based,1,0,1,5000,28000,1000,1.0231167078018188,top_quantile,0.1732535999999527,0.568762142595308,0.3697478991596639,0.5866666666666667,,,100.0,,0,,good_count,0.0,,,,,,,,,,,,,,,,,,,,43,paper\main_text_experiments\runs\ratio_downstream_5k\ratio_0p02_seed_43,0.02,100,5000
hateful_memes,noise,market_kmeans_center_select,43,100,91,0.91,2.5192229747772217,-2.5192229747772217,0.0002242708142148,0.0392585843801498,0,baseline_feature,0,0,1,5000,28000,1000,1.0231167078018188,top_quantile,0.1717244000001301,0.5622255315249267,0.3697478991596639,0.5866666666666667,,38.0,1.0,12.0,0,,good_count,91.0,49.0,,,,,,,,,,,,,,,,,,,43,paper\main_text_experiments\runs\ratio_downstream_5k\ratio_0p02_seed_43,0.02,100,5000
hateful_memes,noise,market_typiclust_select,43,100,81,0.81,1.977650761604309,-1.977650761604309,0.0001891207648441,0.0292964223772287,0,baseline_feature,0,0,1,5000,28000,1000,1.0231167078018188,top_quantile,0.1407568000004175,0.5441855296920821,0.3697478991596639,0.5866666666666667,,35.0,,22.0,0,,good_count,81.0,43.0,,,,,,,,,,,,,,,,,,,43,paper\main_text_experiments\runs\ratio_downstream_5k\ratio_0p02_seed_43,0.02,100,5000
hateful_memes,noise,ours_kernel_ridge_student,43,100,97,0.97,2.9394619464874268,-2.9394619464874268,0.0002648377558216,0.0433382876217365,0,online_student,0,0,1,5000,28000,1000,1.0231167078018188,top_quantile,0.1385162000005948,0.5150714809384165,0.3697478991596639,0.5866666666666667,,43.0,,8.0,1,ours_student_row_ctpt,good_count,97.0,49.0,10000.0,64.0,4.0,92931.597765,53.80301340178943,53.80903000000001,107.61806,92931.597765,92931.597765,705941.0,192.0,0.0,192.0,192.0,10000.0,1.0,,,43,paper\main_text_experiments\runs\ratio_downstream_5k\ratio_0p02_seed_43,0.02,100,5000
hateful_memes,noise,ours_sample_package_krr,43,100,97,0.97,2.9394619464874268,-2.9394619464874268,0.0002648377558216,0.0433382876217365,0,online_student,0,1,4,1250,28000,1000,1.0231167078018188,top_quantile,0.1892960000004677,0.5316371884164223,0.3697478991596639,0.5866666666666667,,43.0,,8.0,1,ours_student_pkg_ctpt,good_count,97.0,49.0,10000.0,64.0,4.0,1786105.677236,2.799386432575201,2.80927,5.61854,1786105.677236,446526.419309,235320.0,10.0,0.0,10.0,10.0,2500.0,4.0,,,43,paper\main_text_experiments\runs\ratio_downstream_5k\ratio_0p02_seed_43,0.02,100,5000
hateful_memes,coreset_far_wrong,market_random_select,43,100,12,0.12,-0.172718659043312,0.172718659043312,-2.1458863557199948e-05,0.0092439148575067,0,baseline_feature,0,0,1,5000,28000,1000,1.0231167078018188,top_quantile,0.1316680999998425,0.571265120967742,0.3697478991596639,0.5866666666666667,71.0,5.0,8.0,11.0,0,,good_count,12.0,5.0,,,,,,,,,,,,,,,,,,,43,paper\main_text_experiments\runs\ratio_downstream_5k\ratio_0p02_seed_43,0.02,100,5000
hateful_memes,coreset_far_wrong,market_cosine_select,43,100,8,0.08,-1.4004149436950684,1.4004149436950684,-6.048977229511365e-05,-0.0245040375739336,1,baseline_feature,0,0,1,5000,28000,1000,1.0231167078018188,top_quantile,0.1977658999994673,0.5788494318181818,0.3697478991596639,0.5866666666666667,,,,100.0,0,,good_count,8.0,,,,,,,,,,,,,,,,,,,,43,paper\main_text_experiments\runs\ratio_downstream_5k\ratio_0p02_seed_43,0.02,100,5000
hateful_memes,coreset_far_wrong,market_coreset_select,43,100,0,0.0,-1.6054637432098389,1.6054637432098389,-0.0002546036266721,0.0213814154267311,1,baseline_feature,0,0,1,5000,28000,1000,1.0231167078018188,top_quantile,0.1321315000004688,0.5141859879032258,0.3697478991596639,0.5866666666666667,,,100.0,,0,,good_count,0.0,,,,,,,,,,,,,,,,,,,,43,paper\main_text_experiments\runs\ratio_downstream_5k\ratio_0p02_seed_43,0.02,100,5000
hateful_memes,coreset_far_wrong,market_badge_select,43,100,0,0.0,-1.5402942895889282,1.5402942895889282,-0.0002477318048477,0.0218545570969581,1,baseline_model_based,1,0,1,5000,28000,1000,1.0231167078018188,top_quantile,0.1339153999997506,0.5532310758797654,0.3697478991596639,0.5866666666666667,,,100.0,,0,,good_count,0.0,,,,,,,,,,,,,,,,,,,,43,paper\main_text_experiments\runs\ratio_downstream_5k\ratio_0p02_seed_43,0.02,100,5000
hateful_memes,coreset_far_wrong,market_kmeans_center_select,43,100,91,0.91,2.5192229747772217,-2.5192229747772217,0.0002242708142148,0.0392585843801498,0,baseline_feature,0,0,1,5000,28000,1000,1.0231167078018188,top_quantile,0.1769492999992508,0.5622255315249267,0.3697478991596639,0.5866666666666667,,38.0,1.0,12.0,0,,good_count,91.0,49.0,,,,,,,,,,,,,,,,,,,43,paper\main_text_experiments\runs\ratio_downstream_5k\ratio_0p02_seed_43,0.02,100,5000
hateful_memes,coreset_far_wrong,market_typiclust_select,43,100,81,0.81,1.977650761604309,-1.977650761604309,0.0001891207648441,0.0292964223772287,0,baseline_feature,0,0,1,5000,28000,1000,1.0231167078018188,top_quantile,0.1655715999995664,0.5441855296920821,0.3697478991596639,0.5866666666666667,,35.0,,22.0,0,,good_count,81.0,43.0,,,,,,,,,,,,,,,,,,,43,paper\main_text_experiments\runs\ratio_downstream_5k\ratio_0p02_seed_43,0.02,100,5000
hateful_memes,coreset_far_wrong,ours_kernel_ridge_student,43,100,97,0.97,2.9394619464874268,-2.9394619464874268,0.0002648377558216,0.0433382876217365,0,online_student,0,0,1,5000,28000,1000,1.0231167078018188,top_quantile,0.1608872999995583,0.5150714809384165,0.3697478991596639,0.5866666666666667,,43.0,,8.0,1,ours_student_row_ctpt,good_count,97.0,49.0,10000.0,64.0,4.0,92931.597765,53.80301340178943,53.80903000000001,107.61806,92931.597765,92931.597765,705941.0,192.0,0.0,192.0,192.0,10000.0,1.0,,,43,paper\main_text_experiments\runs\ratio_downstream_5k\ratio_0p02_seed_43,0.02,100,5000
hateful_memes,coreset_far_wrong,ours_sample_package_krr,43,100,97,0.97,2.9394619464874268,-2.9394619464874268,0.0002648377558216,0.0433382876217365,0,online_student,0,1,4,1250,28000,1000,1.0231167078018188,top_quantile,0.1635656999997081,0.5316371884164223,0.3697478991596639,0.5866666666666667,,43.0,,8.0,1,ours_student_pkg_ctpt,good_count,97.0,49.0,10000.0,64.0,4.0,1786105.677236,2.799386432575201,2.80927,5.61854,1786105.677236,446526.419309,235320.0,10.0,0.0,10.0,10.0,2500.0,4.0,,,43,paper\main_text_experiments\runs\ratio_downstream_5k\ratio_0p02_seed_43,0.02,100,5000
hateful_memes,typiclust_dense,market_random_select,43,100,12,0.12,0.1463153958320617,-0.1463153958320617,3.407001349842176e-05,0.0055487141944468,0,baseline_feature,0,0,1,5000,28000,1000,1.0231167078018188,top_quantile,0.1969870000002629,0.5633527309384164,0.3697478991596639,0.5866666666666667,,12.0,1.0,2.0,0,,good_count,12.0,76.0,,,,,,,,,,,,,,,,,9.0,,43,paper\main_text_experiments\runs\ratio_downstream_5k\ratio_0p02_seed_43,0.02,100,5000
hateful_memes,typiclust_dense,market_cosine_select,43,100,2,0.02,-1.1956944465637207,1.1956944465637207,-3.917217327398248e-05,-0.0229437667876482,1,baseline_feature,0,0,1,5000,28000,1000,1.0231167078018188,top_quantile,0.1392836000004536,0.5353729838709677,0.3697478991596639,0.5866666666666667,,,,,0,,good_count,2.0,,,,,,,,,,,,,,,,,,98.0,2.0,43,paper\main_text_experiments\runs\ratio_downstream_5k\ratio_0p02_seed_43,0.02,100,5000
hateful_memes,typiclust_dense,market_coreset_select,43,100,34,0.34,0.1638404428958892,-0.1638404428958892,0.0001417905150447,-0.0234014149755239,0,baseline_feature,0,0,1,5000,28000,1000,1.0231167078018188,top_quantile,0.2465363999999681,0.5109281066715543,0.3697478991596639,0.5866666666666667,1.0,,31.0,,0,,good_count,34.0,,,,,,,,,,,,,,,,,,68.0,,43,paper\main_text_experiments\runs\ratio_downstream_5k\ratio_0p02_seed_43,0.02,100,5000
hateful_memes,typiclust_dense,market_badge_select,43,100,31,0.31,0.0155485402792692,-0.0155485402792692,0.000129759311676,-0.0254682954400777,0,baseline_model_based,1,0,1,5000,28000,1000,1.0231167078018188,top_quantile,0.1641066000001956,0.5755833027859238,0.3697478991596639,0.5866666666666667,,,31.0,,0,,good_count,31.0,,,,,,,,,,,,,,,,,,69.0,,43,paper\main_text_experiments\runs\ratio_downstream_5k\ratio_0p02_seed_43,0.02,100,5000
hateful_memes,typiclust_dense,market_kmeans_center_select,43,100,0,0.0,-0.5429116487503052,0.5429116487503052,-4.066228939336725e-06,-0.0089414091780781,1,baseline_feature,0,0,1,5000,28000,1000,1.0231167078018188,top_quantile,0.1587886999996044,0.5755047195747801,0.3697478991596639,0.5866666666666667,,29.0,,,0,,good_count,0.0,70.0,,,,,,,,,,,,,,,,,1.0,,43,paper\main_text_experiments\runs\ratio_downstream_5k\ratio_0p02_seed_43,0.02,100,5000
hateful_memes,typiclust_dense,market_typiclust_select,43,100,0,0.0,-0.4839796125888824,0.4839796125888824,-3.0446053642663173e-06,-0.0070874537341296,1,baseline_feature,0,0,1,5000,28000,1000,1.0231167078018188,top_quantile,0.1624445999996169,0.537136409457478,0.3697478991596639,0.5866666666666667,,36.0,,,0,,good_count,0.0,50.0,,,,,,,,,,,,,,,,,14.0,,43,paper\main_text_experiments\runs\ratio_downstream_5k\ratio_0p02_seed_43,0.02,100,5000
hateful_memes,typiclust_dense,ours_kernel_ridge_student,43,100,37,0.37,2.1090309619903564,-2.1090309619903564,0.0001768672518664,0.0374204330146312,0,online_student,0,0,1,5000,28000,1000,1.0231167078018188,top_quantile,0.1603297999999995,0.5270548478739003,0.3697478991596639,0.5866666666666667,,15.0,,5.0,1,ours_student_row_ctpt,good_count,37.0,80.0,10000.0,64.0,4.0,92931.597765,53.80301340178943,53.80903000000001,107.61806,92931.597765,92931.597765,705941.0,192.0,0.0,192.0,192.0,10000.0,1.0,,,43,paper\main_text_experiments\runs\ratio_downstream_5k\ratio_0p02_seed_43,0.02,100,5000
hateful_memes,typiclust_dense,ours_sample_package_krr,43,100,37,0.37,2.1090309619903564,-2.1090309619903564,0.0001768672518664,0.0374204330146312,0,online_student,0,1,4,1250,28000,1000,1.0231167078018188,top_quantile,0.1003885000000082,0.4878716092375367,0.3697478991596639,0.5866666666666667,,15.0,,5.0,1,ours_student_pkg_ctpt,good_count,37.0,80.0,10000.0,64.0,4.0,1786105.677236,2.799386432575201,2.80927,5.61854,1786105.677236,446526.419309,235320.0,10.0,0.0,10.0,10.0,2500.0,4.0,,,43,paper\main_text_experiments\runs\ratio_downstream_5k\ratio_0p02_seed_43,0.02,100,5000
hateful_memes,kmeans_center,market_random_select,43,100,12,0.12,0.04636687412858,-0.04636687412858,3.678441134979949e-05,0.0011830477742478,0,baseline_feature,0,0,1,5000,28000,1000,1.0231167078018188,top_quantile,0.2381727000001774,0.5665334035923755,0.3697478991596639,0.5866666666666667,9.0,76.0,3.0,1.0,0,,good_count,12.0,11.0,,,,,,,,,,,,,,,,,,,43,paper\main_text_experiments\runs\ratio_downstream_5k\ratio_0p02_seed_43,0.02,100,5000
hateful_memes,kmeans_center,market_cosine_select,43,100,82,0.82,2.42625093460083,-2.42625093460083,0.0002250886027468,0.03566649928689,0,baseline_feature,0,0,1,5000,28000,1000,1.0231167078018188,top_quantile,0.1433281999998144,0.5355260263929619,0.3697478991596639,0.5866666666666667,,19.0,,76.0,0,,good_count,82.0,,,,,,,,,,,,,,,,,,3.0,2.0,43,paper\main_text_experiments\runs\ratio_downstream_5k\ratio_0p02_seed_43,0.02,100,5000
hateful_memes,kmeans_center,market_coreset_select,43,100,32,0.32,0.0605946443974971,-0.0605946443974971,0.0001343321782769,-0.0250926241278648,0,baseline_feature,0,0,1,5000,28000,1000,1.0231167078018188,top_quantile,0.2064966999996613,0.5137039497800586,0.3697478991596639,0.5866666666666667,68.0,,31.0,,0,,good_count,32.0,,,,,,,,,,,,,,,,,,1.0,,43,paper\main_text_experiments\runs\ratio_downstream_5k\ratio_0p02_seed_43,0.02,100,5000
hateful_memes,kmeans_center,market_badge_select,43,100,35,0.35,0.1900727152824401,-0.1900727152824401,0.000143742567161,-0.0229873936623334,0,baseline_model_based,1,0,1,5000,28000,1000,1.0231167078018188,top_quantile,0.2264478999995844,0.5721320564516129,0.3697478991596639,0.5866666666666667,65.0,,31.0,,0,,good_count,35.0,,,,,,,,,,,,,,,,,,2.0,2.0,43,paper\main_text_experiments\runs\ratio_downstream_5k\ratio_0p02_seed_43,0.02,100,5000
hateful_memes,kmeans_center,market_kmeans_center_select,43,100,0,0.0,-0.581879734992981,0.581879734992981,-8.037090083234943e-06,-0.0092622712254524,1,baseline_feature,0,0,1,5000,28000,1000,1.0231167078018188,top_quantile,0.1639208999995389,0.5764740652492668,0.3697478991596639,0.5866666666666667,,65.0,,,0,,good_count,0.0,35.0,,,,,,,,,,,,,,,,,,,43,paper\main_text_experiments\runs\ratio_downstream_5k\ratio_0p02_seed_43,0.02,100,5000
hateful_memes,kmeans_center,market_typiclust_select,43,100,0,0.0,-0.2745583355426788,0.2745583355426788,7.160901986935642e-06,-0.0023050310555845,1,baseline_feature,0,0,1,5000,28000,1000,1.0231167078018188,top_quantile,0.1653114000000641,0.5376342558651026,0.3697478991596639,0.5866666666666667,,77.0,,,0,,good_count,0.0,23.0,,,,,,,,,,,,,,,,,,,43,paper\main_text_experiments\runs\ratio_downstream_5k\ratio_0p02_seed_43,0.02,100,5000
hateful_memes,kmeans_center,ours_kernel_ridge_student,43,100,38,0.38,2.1015450954437256,-2.1015450954437256,0.0001766288332873,0.037214770913124,0,online_student,0,0,1,5000,28000,1000,1.0231167078018188,top_quantile,0.1628727999996044,0.5279029967008797,0.3697478991596639,0.5866666666666667,,74.0,,4.0,1,ours_student_row_ctpt,good_count,38.0,22.0,10000.0,64.0,4.0,92931.597765,53.80301340178943,53.80903000000001,107.61806,92931.597765,92931.597765,705941.0,192.0,0.0,192.0,192.0,10000.0,1.0,,,43,paper\main_text_experiments\runs\ratio_downstream_5k\ratio_0p02_seed_43,0.02,100,5000
hateful_memes,kmeans_center,ours_sample_package_krr,43,100,38,0.38,2.1015450954437256,-2.1015450954437256,0.0001766288332873,0.037214770913124,0,online_student,0,1,4,1250,28000,1000,1.0231167078018188,top_quantile,0.1610885000000053,0.5251938233137831,0.3697478991596639,0.5866666666666667,,74.0,,4.0,1,ours_student_pkg_ctpt,good_count,38.0,22.0,10000.0,64.0,4.0,1786105.677236,2.799386432575201,2.80927,5.61854,1786105.677236,446526.419309,235320.0,10.0,0.0,10.0,10.0,2500.0,4.0,,,43,paper\main_text_experiments\runs\ratio_downstream_5k\ratio_0p02_seed_43,0.02,100,5000
hateful_memes,uncertainty_badge,market_random_select,43,100,12,0.12,0.1977633237838745,-0.1977633237838745,3.3399461244698614e-05,0.0075963414274156,0,baseline_feature,0,0,1,5000,28000,1000,1.0231167078018188,top_quantile,0.1402149999994435,0.5395880681818183,0.3697478991596639,0.5866666666666667,8.0,4.0,,73.0,0,,good_count,12.0,6.0,,,,,,,,,,,,,,,,,9.0,,43,paper\main_text_experiments\runs\ratio_downstream_5k\ratio_0p02_seed_43,0.02,100,5000
hateful_memes,uncertainty_badge,market_cosine_select,43,100,0,0.0,-1.0532121658325195,1.0532121658325195,-4.431605339050293e-05,-0.0163702685385942,1,baseline_feature,0,0,1,5000,28000,1000,1.0231167078018188,top_quantile,0.1593443000001571,0.5757514662756598,0.3697478991596639,0.5866666666666667,,,,,0,,good_count,0.0,,,,,,,,,,,,,,,,,,100.0,,43,paper\main_text_experiments\runs\ratio_downstream_5k\ratio_0p02_seed_43,0.02,100,5000
hateful_memes,uncertainty_badge,market_coreset_select,43,100,0,0.0,-0.880992591381073,0.880992591381073,-4.509329664870165e-05,-0.009918943978846,1,baseline_feature,0,0,1,5000,28000,1000,1.0231167078018188,top_quantile,0.2665434000000459,0.5216069464809384,0.3697478991596639,0.5866666666666667,88.0,,,,0,,good_count,0.0,,,,,,,,,,,,,,,,,,12.0,,43,paper\main_text_experiments\runs\ratio_downstream_5k\ratio_0p02_seed_43,0.02,100,5000
hateful_memes,uncertainty_badge,market_badge_select,43,100,0,0.0,-0.9274632930755616,0.9274632930755616,-4.114925832254812e-05,-0.0126853380352258,1,baseline_model_based,1,0,1,5000,28000,1000,1.0231167078018188,top_quantile,0.1205337999999756,0.5605947580645161,0.3697478991596639,0.5866666666666667,31.0,,,,0,,good_count,0.0,,,,,,,,,,,,,,,,,,69.0,,43,paper\main_text_experiments\runs\ratio_downstream_5k\ratio_0p02_seed_43,0.02,100,5000
hateful_memes,uncertainty_badge,market_kmeans_center_select,43,100,38,0.38,0.8007557392120361,-0.8007557392120361,8.737921598367393e-05,0.0146116754040122,0,baseline_feature,0,0,1,5000,28000,1000,1.0231167078018188,top_quantile,0.1614337000000887,0.5632400109970674,0.3697478991596639,0.5866666666666667,,17.0,,56.0,0,,good_count,38.0,20.0,,,,,,,,,,,,,,,,,7.0,,43,paper\main_text_experiments\runs\ratio_downstream_5k\ratio_0p02_seed_43,0.02,100,5000
hateful_memes,uncertainty_badge,market_typiclust_select,43,100,9,0.09,-0.0075588393956422,0.0075588393956422,2.0830035282415334e-05,0.0036116281989961,1,baseline_feature,0,0,1,5000,28000,1000,1.0231167078018188,top_quantile,0.1627957000000606,0.540969116568915,0.3697478991596639,0.5866666666666667,,3.0,,75.0,0,,good_count,9.0,4.0,,,,,,,,,,,,,,,,,18.0,,43,paper\main_text_experiments\runs\ratio_downstream_5k\ratio_0p02_seed_43,0.02,100,5000
hateful_memes,uncertainty_badge,ours_kernel_ridge_student,43,100,68,0.68,2.345691204071045,-2.345691204071045,0.0002053976058959,0.0381566323339939,0,online_student,0,0,1,5000,28000,1000,1.0231167078018188,top_quantile,0.1649258999996163,0.5132668163489736,0.3697478991596639,0.5866666666666667,,28.0,,36.0,1,ours_student_row_ctpt,good_count,68.0,36.0,10000.0,64.0,4.0,92931.597765,53.80301340178943,53.80903000000001,107.61806,92931.597765,92931.597765,705941.0,192.0,0.0,192.0,192.0,10000.0,1.0,,,43,paper\main_text_experiments\runs\ratio_downstream_5k\ratio_0p02_seed_43,0.02,100,5000
hateful_memes,uncertainty_badge,ours_sample_package_krr,43,100,68,0.68,2.345691204071045,-2.345691204071045,0.0002053976058959,0.0381566323339939,0,online_student,0,1,4,1250,28000,1000,1.0231167078018188,top_quantile,0.1561414999996486,0.5238634072580645,0.3697478991596639,0.5866666666666667,,28.0,,36.0,1,ours_student_pkg_ctpt,good_count,68.0,36.0,10000.0,64.0,4.0,1786105.677236,2.799386432575201,2.80927,5.61854,1786105.677236,446526.419309,235320.0,10.0,0.0,10.0,10.0,2500.0,4.0,,,43,paper\main_text_experiments\runs\ratio_downstream_5k\ratio_0p02_seed_43,0.02,100,5000
hateful_memes,cosine,market_random_select,43,100,12,0.12,-0.1526856273412704,0.1526856273412704,5.881786364625441e-06,0.0024605453945696,0,baseline_feature,0,0,1,5000,28000,1000,1.0231167078018188,top_quantile,0.0998461999997744,0.50615698313783,0.3697478991596639,0.5866666666666667,,4.0,1.0,13.0,0,,good_count,12.0,11.0,,,,,,,,,,,,,,,,,71.0,,43,paper\main_text_experiments\runs\ratio_downstream_5k\ratio_0p02_seed_43,0.02,100,5000
hateful_memes,cosine,market_cosine_select,43,100,0,0.0,-0.1266526579856872,0.1266526579856872,-1.1567473848117515e-05,0.0081958211958408,1,baseline_feature,0,0,1,5000,28000,1000,1.0231167078018188,top_quantile,0.1615871000003608,0.5724489094574781,0.3697478991596639,0.5866666666666667,,,,,0,,good_count,0.0,,,,,,,,,,,,,,,,,,100.0,,43,paper\main_text_experiments\runs\ratio_downstream_5k\ratio_0p02_seed_43,0.02,100,5000
hateful_memes,cosine,market_coreset_select,43,100,22,0.22,0.3835826516151428,-0.3835826516151428,9.547590889269486e-05,-0.0027222004719078,0,baseline_feature,0,0,1,5000,28000,1000,1.0231167078018188,top_quantile,0.2584517999994205,0.52359993585044,0.3697478991596639,0.5866666666666667,1.0,,21.0,,0,,good_count,22.0,,,,,,,,,,,,,,,,,,78.0,,43,paper\main_text_experiments\runs\ratio_downstream_5k\ratio_0p02_seed_43,0.02,100,5000
hateful_memes,cosine,market_badge_select,43,100,21,0.21,0.1813959628343582,-0.1813959628343582,8.246421930380166e-05,-0.0064718802459537,0,baseline_model_based,1,0,1,5000,28000,1000,1.0231167078018188,top_quantile,0.1819990000003599,0.5817313508064516,0.3697478991596639,0.5866666666666667,,,21.0,,0,,good_count,21.0,,,,,,,,,,,,,,,,,,79.0,,43,paper\main_text_experiments\runs\ratio_downstream_5k\ratio_0p02_seed_43,0.02,100,5000
hateful_memes,cosine,market_kmeans_center_select,43,100,30,0.3,-0.7295789122581482,0.7295789122581482,5.23090375281754e-06,-0.0182559732347726,0,baseline_feature,0,0,1,5000,28000,1000,1.0231167078018188,top_quantile,0.1595394999994823,0.5877517870234604,0.3697478991596639,0.5866666666666667,,13.0,,5.0,0,,good_count,30.0,78.0,,,,,,,,,,,,,,,,,4.0,,43,paper\main_text_experiments\runs\ratio_downstream_5k\ratio_0p02_seed_43,0.02,100,5000
hateful_memes,cosine,market_typiclust_select,43,100,5,0.05,-0.7564021348953247,0.7564021348953247,-1.2114048331568483e-05,-0.0144638204947113,1,baseline_feature,0,0,1,5000,28000,1000,1.0231167078018188,top_quantile,0.159594300000208,0.5663705095307918,0.3697478991596639,0.5866666666666667,,3.0,,1.0,0,,good_count,5.0,41.0,,,,,,,,,,,,,,,,,55.0,,43,paper\main_text_experiments\runs\ratio_downstream_5k\ratio_0p02_seed_43,0.02,100,5000
hateful_memes,cosine,ours_kernel_ridge_student,43,100,89,0.89,2.494138240814209,-2.494138240814209,0.0002338218619115,0.035726860165596,0,online_student,0,0,1,5000,28000,1000,1.0231167078018188,top_quantile,0.2272091000004366,0.5429737903225808,0.3697478991596639,0.5866666666666667,,41.0,,8.0,1,ours_student_row_ctpt,good_count,89.0,51.0,10000.0,64.0,4.0,92931.597765,53.80301340178943,53.80903000000001,107.61806,92931.597765,92931.597765,705941.0,192.0,0.0,192.0,192.0,10000.0,1.0,,,43,paper\main_text_experiments\runs\ratio_downstream_5k\ratio_0p02_seed_43,0.02,100,5000
hateful_memes,cosine,ours_sample_package_krr,43,100,89,0.89,2.494138240814209,-2.494138240814209,0.0002338218619115,0.035726860165596,0,online_student,0,1,4,1250,28000,1000,1.0231167078018188,top_quantile,0.1625647000000754,0.5370841733870968,0.3697478991596639,0.5866666666666667,,41.0,,8.0,1,ours_student_pkg_ctpt,good_count,89.0,51.0,10000.0,64.0,4.0,1786105.677236,2.799386432575201,2.80927,5.61854,1786105.677236,446526.419309,235320.0,10.0,0.0,10.0,10.0,2500.0,4.0,,,43,paper\main_text_experiments\runs\ratio_downstream_5k\ratio_0p02_seed_43,0.02,100,5000
hateful_memes,all_average,market_random_select,43,100,12,0.12,-0.9900423288345336,0.9900423288345336,-7.176220242399722e-05,-0.0065442812629044,0,baseline_feature,0,0,1,5000,28000,1000,1.0231167078018188,top_quantile,0.1983700000000681,0.5655484787390029,0.3697478991596639,0.5866666666666667,13.0,13.0,20.0,24.0,0,,good_count,12.0,15.0,,,,,,,,,,,,,,,,,15.0,,43,paper\main_text_experiments\runs\ratio_downstream_5k\ratio_0p02_seed_43,0.02,100,5000
hateful_memes,all_average,market_cosine_select,43,100,0,0.0,-1.1382956504821775,1.1382956504821775,-4.642426938517019e-05,-0.0188730079680681,1,baseline_feature,0,0,1,5000,28000,1000,1.0231167078018188,top_quantile,0.1410477999997965,0.5476099706744868,0.3697478991596639,0.5866666666666667,,,,,0,,good_count,0.0,,,,,,,,,,,,,,,,,,100.0,,43,paper\main_text_experiments\runs\ratio_downstream_5k\ratio_0p02_seed_43,0.02,100,5000
hateful_memes,all_average,market_coreset_select,43,100,0,0.0,-1.670060634613037,1.670060634613037,-0.0002707314561121,0.023471126332879,1,baseline_feature,0,0,1,5000,28000,1000,1.0231167078018188,top_quantile,0.1388248999992356,0.5126060758797654,0.3697478991596639,0.5866666666666667,,,100.0,,0,,good_count,0.0,,,,,,,,,,,,,,,,,,,,43,paper\main_text_experiments\runs\ratio_downstream_5k\ratio_0p02_seed_43,0.02,100,5000
hateful_memes,all_average,market_badge_select,43,100,0,0.0,-1.6243194341659546,1.6243194341659546,-0.0002724969526752,0.0256127640604972,1,baseline_model_based,1,0,1,5000,28000,1000,1.0231167078018188,top_quantile,0.1189958999993905,0.5352568273460411,0.3697478991596639,0.5866666666666667,,,100.0,,0,,good_count,0.0,,,,,,,,,,,,,,,,,,,,43,paper\main_text_experiments\runs\ratio_downstream_5k\ratio_0p02_seed_43,0.02,100,5000
hateful_memes,all_average,market_kmeans_center_select,43,100,0,0.0,-1.1101394891738892,1.1101394891738892,-4.677176548284479e-05,-0.0177577454596757,1,baseline_feature,0,0,1,5000,28000,1000,1.0231167078018188,top_quantile,0.1608155999992959,0.5765327162756598,0.3697478991596639,0.5866666666666667,,42.0,1.0,7.0,0,,good_count,0.0,49.0,,,,,,,,,,,,,,,,,1.0,,43,paper\main_text_experiments\runs\ratio_downstream_5k\ratio_0p02_seed_43,0.02,100,5000
hateful_memes,all_average,market_typiclust_select,43,100,0,0.0,-0.4210845828056335,0.4210845828056335,-1.140236804531014e-06,-0.0053323982283473,1,baseline_feature,0,0,1,5000,28000,1000,1.0231167078018188,top_quantile,0.161685000000034,0.5408634989002932,0.3697478991596639,0.5866666666666667,,44.0,,1.0,0,,good_count,0.0,42.0,,,,,,,,,,,,,,,,,13.0,,43,paper\main_text_experiments\runs\ratio_downstream_5k\ratio_0p02_seed_43,0.02,100,5000
hateful_memes,all_average,ours_kernel_ridge_student,43,100,67,0.67,1.5051127672195437,-1.5051127672195437,0.0001600772084202,0.0201576091349124,0,online_student,0,0,1,5000,28000,1000,1.0231167078018188,top_quantile,0.1448366999993595,0.5112048662023461,0.3697478991596639,0.5866666666666667,,44.0,,13.0,1,ours_student_row_ctpt,good_count,67.0,43.0,10000.0,64.0,4.0,92931.597765,53.80301340178943,53.80903000000001,107.61806,92931.597765,92931.597765,705941.0,192.0,0.0,192.0,192.0,10000.0,1.0,,,43,paper\main_text_experiments\runs\ratio_downstream_5k\ratio_0p02_seed_43,0.02,100,5000
hateful_memes,all_average,ours_sample_package_krr,43,100,67,0.67,1.5051127672195437,-1.5051127672195437,0.0001600772084202,0.0201576091349124,0,online_student,0,1,4,1250,28000,1000,1.0231167078018188,top_quantile,0.1608110999995915,0.5438872342375367,0.3697478991596639,0.5866666666666667,,44.0,,13.0,1,ours_student_pkg_ctpt,good_count,67.0,43.0,10000.0,64.0,4.0,1786105.677236,2.799386432575201,2.80927,5.61854,1786105.677236,446526.419309,235320.0,10.0,0.0,10.0,10.0,2500.0,4.0,,,43,paper\main_text_experiments\runs\ratio_downstream_5k\ratio_0p02_seed_43,0.02,100,5000
hatespeech,noise,market_random_select,143,100,13,0.13,-0.5391889810562134,0.5391889810562134,-0.0001655143569223,0.0299330409616231,0,baseline_feature,0,0,1,5000,28000,1000,0.924261748790741,top_quantile,0.3954561000000467,0.5646732999999999,0.3333333333333333,0.5,6.0,6.0,74.0,10.0,0,,good_count,13.0,4.0,,,,,,,,,,,,,,,,,,,43,paper\main_text_experiments\runs\ratio_downstream_5k\ratio_0p02_seed_43,0.02,100,5000
hatespeech,noise,market_cosine_select,143,100,2,0.02,-1.043524980545044,1.043524980545044,-9.429216152057052e-05,-0.0123159633949399,1,baseline_feature,0,0,1,5000,28000,1000,0.924261748790741,top_quantile,0.2783290000006673,0.56535106,0.3333333333333333,0.5,,,,100.0,0,,good_count,2.0,,,,,,,,,,,,,,,,,,,,43,paper\main_text_experiments\runs\ratio_downstream_5k\ratio_0p02_seed_43,0.02,100,5000
hatespeech,noise,market_coreset_select,143,100,0,0.0,-0.7902570366859436,0.7902570366859436,-0.0002425128186587,0.0270932931452989,1,baseline_feature,0,0,1,5000,28000,1000,0.924261748790741,top_quantile,0.2758291999998619,0.55553112,0.3333333333333333,0.5,,,100.0,,0,,good_count,0.0,,,,,,,,,,,,,,,,,,,,43,paper\main_text_experiments\runs\ratio_downstream_5k\ratio_0p02_seed_43,0.02,100,5000
hatespeech,noise,market_badge_select,143,100,0,0.0,-0.8132412433624268,0.8132412433624268,-0.0001969838194781,0.0183273740112781,1,baseline_model_based,1,0,1,5000,28000,1000,0.924261748790741,top_quantile,0.1850904000002629,0.4920349,0.3333333333333333,0.5,,,100.0,,0,,good_count,0.0,,,,,,,,,,,,,,,,,,,,43,paper\main_text_experiments\runs\ratio_downstream_5k\ratio_0p02_seed_43,0.02,100,5000
hatespeech,noise,market_kmeans_center_select,143,100,100,1.0,3.4023959636688232,-3.4023959636688232,0.0009672623709775,0.0868171602487564,0,baseline_feature,0,0,1,5000,28000,1000,0.924261748790741,top_quantile,0.2313467000003584,0.55990052,0.3333333333333333,0.5,,39.0,,6.0,0,,good_count,100.0,55.0,,,,,,,,,,,,,,,,,,,43,paper\main_text_experiments\runs\ratio_downstream_5k\ratio_0p02_seed_43,0.02,100,5000
hatespeech,noise,market_typiclust_select,143,100,100,1.0,3.3723645210266118,-3.3723645210266118,0.0009614705923013,0.0859244838356971,0,baseline_feature,0,0,1,5000,28000,1000,0.924261748790741,top_quantile,0.2044569999998202,0.5531858199999999,0.3333333333333333,0.5,,42.0,,6.0,0,,good_count,100.0,52.0,,,,,,,,,,,,,,,,,,,43,paper\main_text_experiments\runs\ratio_downstream_5k\ratio_0p02_seed_43,0.02,100,5000
hatespeech,noise,ours_kernel_ridge_student,143,100,100,1.0,3.4774329662323,-3.4774329662323,0.0010000085458159,0.0860912054777145,0,online_student,0,0,1,5000,28000,1000,0.924261748790741,top_quantile,0.2073279999995065,0.55186632,0.3333333333333333,0.5,,37.0,,17.0,1,ours_student_row_ctpt,good_count,100.0,46.0,10000.0,64.0,4.0,92931.597765,53.80301340178943,53.80903000000001,107.61806,92931.597765,92931.597765,705941.0,192.0,0.0,192.0,192.0,10000.0,1.0,,,43,paper\main_text_experiments\runs\ratio_downstream_5k\ratio_0p02_seed_43,0.02,100,5000
hatespeech,noise,ours_sample_package_krr,143,100,100,1.0,3.4774329662323,-3.4774329662323,0.0010000085458159,0.0860912054777145,0,online_student,0,1,4,1250,28000,1000,0.924261748790741,top_quantile,0.22644020000007,0.56176042,0.3333333333333333,0.5,,37.0,,17.0,1,ours_student_pkg_ctpt,good_count,100.0,46.0,10000.0,64.0,4.0,1786105.677236,2.799386432575201,2.80927,5.61854,1786105.677236,446526.419309,235320.0,10.0,0.0,10.0,10.0,2500.0,4.0,,,43,paper\main_text_experiments\runs\ratio_downstream_5k\ratio_0p02_seed_43,0.02,100,5000
hatespeech,coreset_far_wrong,market_random_select,143,100,13,0.13,-0.2002346068620681,0.2002346068620681,-3.1980274798115715e-05,0.0289810840040445,0,baseline_feature,0,0,1,5000,28000,1000,0.924261748790741,top_quantile,0.3103883000003407,0.56262386,0.3333333333333333,0.5,74.0,6.0,6.0,10.0,0,,good_count,13.0,4.0,,,,,,,,,,,,,,,,,,,43,paper\main_text_experiments\runs\ratio_downstream_5k\ratio_0p02_seed_43,0.02,100,5000
hatespeech,coreset_far_wrong,market_cosine_select,143,100,2,0.02,-1.043524980545044,1.043524980545044,-9.429216152057052e-05,-0.0123159633949399,1,baseline_feature,0,0,1,5000,28000,1000,0.924261748790741,top_quantile,0.2278543000002173,0.56535106,0.3333333333333333,0.5,,,,100.0,0,,good_count,2.0,,,,,,,,,,,,,,,,,,,,43,paper\main_text_experiments\runs\ratio_downstream_5k\ratio_0p02_seed_43,0.02,100,5000
hatespeech,coreset_far_wrong,market_coreset_select,143,100,0,0.0,-1.4503918886184692,1.4503918886184692,-0.0004921400686725,0.0272585395723581,1,baseline_feature,0,0,1,5000,28000,1000,0.924261748790741,top_quantile,0.2652646000005916,0.55125596,0.3333333333333333,0.5,,,100.0,,0,,good_count,0.0,,,,,,,,,,,,,,,,,,,,43,paper\main_text_experiments\runs\ratio_downstream_5k\ratio_0p02_seed_43,0.02,100,5000
hatespeech,coreset_far_wrong,market_badge_select,143,100,0,0.0,-1.4400519132614136,1.4400519132614136,-0.0005062079289928,0.0301643703132867,1,baseline_model_based,1,0,1,5000,28000,1000,0.924261748790741,top_quantile,0.2338098000000172,0.57126704,0.3333333333333333,0.5,,,100.0,,0,,good_count,0.0,,,,,,,,,,,,,,,,,,,,43,paper\main_text_experiments\runs\ratio_downstream_5k\ratio_0p02_seed_43,0.02,100,5000
hatespeech,coreset_far_wrong,market_kmeans_center_select,143,100,100,1.0,3.4023959636688232,-3.4023959636688232,0.0009672623709775,0.0868171602487564,0,baseline_feature,0,0,1,5000,28000,1000,0.924261748790741,top_quantile,0.2315634999995381,0.55990052,0.3333333333333333,0.5,,39.0,,6.0,0,,good_count,100.0,55.0,,,,,,,,,,,,,,,,,,,43,paper\main_text_experiments\runs\ratio_downstream_5k\ratio_0p02_seed_43,0.02,100,5000
hatespeech,coreset_far_wrong,market_typiclust_select,143,100,100,1.0,3.3723645210266118,-3.3723645210266118,0.0009614705923013,0.0859244838356971,0,baseline_feature,0,0,1,5000,28000,1000,0.924261748790741,top_quantile,0.203664600000593,0.5531858199999999,0.3333333333333333,0.5,,42.0,,6.0,0,,good_count,100.0,52.0,,,,,,,,,,,,,,,,,,,43,paper\main_text_experiments\runs\ratio_downstream_5k\ratio_0p02_seed_43,0.02,100,5000
hatespeech,coreset_far_wrong,ours_kernel_ridge_student,143,100,100,1.0,3.4774329662323,-3.4774329662323,0.0010000085458159,0.0860912054777145,0,online_student,0,0,1,5000,28000,1000,0.924261748790741,top_quantile,0.2675779000001057,0.55186632,0.3333333333333333,0.5,,37.0,,17.0,1,ours_student_row_ctpt,good_count,100.0,46.0,10000.0,64.0,4.0,92931.597765,53.80301340178943,53.80903000000001,107.61806,92931.597765,92931.597765,705941.0,192.0,0.0,192.0,192.0,10000.0,1.0,,,43,paper\main_text_experiments\runs\ratio_downstream_5k\ratio_0p02_seed_43,0.02,100,5000
hatespeech,coreset_far_wrong,ours_sample_package_krr,143,100,100,1.0,3.4774329662323,-3.4774329662323,0.0010000085458159,0.0860912054777145,0,online_student,0,1,4,1250,28000,1000,0.924261748790741,top_quantile,0.2238197999995463,0.56176042,0.3333333333333333,0.5,,37.0,,17.0,1,ours_student_pkg_ctpt,good_count,100.0,46.0,10000.0,64.0,4.0,1786105.677236,2.799386432575201,2.80927,5.61854,1786105.677236,446526.419309,235320.0,10.0,0.0,10.0,10.0,2500.0,4.0,,,43,paper\main_text_experiments\runs\ratio_downstream_5k\ratio_0p02_seed_43,0.02,100,5000
hatespeech,typiclust_dense,market_random_select,143,100,13,0.13,0.1424599885940551,-0.1424599885940551,0.0001420575426891,0.0217043943703174,0,baseline_feature,0,0,1,5000,28000,1000,0.924261748790741,top_quantile,0.2249971000001096,0.56488278,0.3333333333333333,0.5,,11.0,,5.0,0,,good_count,13.0,77.0,,,,,,,,,,,,,,,,,7.0,,43,paper\main_text_experiments\runs\ratio_downstream_5k\ratio_0p02_seed_43,0.02,100,5000
hatespeech,typiclust_dense,market_cosine_select,143,100,5,0.05,-1.4090323448181152,1.4090323448181152,-0.0001262784062419,-0.0294099543243646,1,baseline_feature,0,0,1,5000,28000,1000,0.924261748790741,top_quantile,0.2203331999999136,0.5690261600000001,0.3333333333333333,0.5,,,,,0,,good_count,5.0,,,,,,,,,,,,,,,,,,98.0,2.0,43,paper\main_text_experiments\runs\ratio_downstream_5k\ratio_0p02_seed_43,0.02,100,5000
hatespeech,typiclust_dense,market_coreset_select,143,100,17,0.17,-0.90381520986557,0.90381520986557,0.0001004302466753,-0.0353058911859989,0,baseline_feature,0,0,1,5000,28000,1000,0.924261748790741,top_quantile,0.3464687000005142,0.55911892,0.3333333333333333,0.5,3.0,,9.0,3.0,0,,good_count,17.0,,,,,,,,,,,,,,,,,,85.0,,43,paper\main_text_experiments\runs\ratio_downstream_5k\ratio_0p02_seed_43,0.02,100,5000
hatespeech,typiclust_dense,market_badge_select,143,100,9,0.09,-0.970827341079712,0.970827341079712,-0.0001130366290453,-0.0048544076271355,1,baseline_model_based,1,0,1,5000,28000,1000,0.924261748790741,top_quantile,0.1691515999991679,0.4868474399999999,0.3333333333333333,0.5,,,9.0,,0,,good_count,9.0,,,,,,,,,,,,,,,,,,91.0,,43,paper\main_text_experiments\runs\ratio_downstream_5k\ratio_0p02_seed_43,0.02,100,5000
hatespeech,typiclust_dense,market_kmeans_center_select,143,100,14,0.14,0.7022993564605713,-0.7022993564605713,0.0002429670130368,0.0394878648221492,0,baseline_feature,0,0,1,5000,28000,1000,0.924261748790741,top_quantile,0.2263137999998434,0.55574166,0.3333333333333333,0.5,,22.0,,,0,,good_count,14.0,78.0,,,,,,,,,,,,,,,,,,,43,paper\main_text_experiments\runs\ratio_downstream_5k\ratio_0p02_seed_43,0.02,100,5000
hatespeech,typiclust_dense,market_typiclust_select,143,100,8,0.08,0.5358713269233704,-0.5358713269233704,0.0001361775357509,0.0466243587434291,1,baseline_feature,0,0,1,5000,28000,1000,0.924261748790741,top_quantile,0.2219588999996631,0.5739115800000001,0.3333333333333333,0.5,,26.0,,,0,,good_count,8.0,62.0,,,,,,,,,,,,,,,,,12.0,,43,paper\main_text_experiments\runs\ratio_downstream_5k\ratio_0p02_seed_43,0.02,100,5000
hatespeech,typiclust_dense,ours_kernel_ridge_student,143,100,40,0.4,1.6266796588897705,-1.6266796588897705,0.0004872393619734,0.0562881864607334,0,online_student,0,0,1,5000,28000,1000,0.924261748790741,top_quantile,0.1683723999994981,0.5054251,0.3333333333333333,0.5,,28.0,,8.0,1,ours_student_row_ctpt,good_count,40.0,64.0,10000.0,64.0,4.0,92931.597765,53.80301340178943,53.80903000000001,107.61806,92931.597765,92931.597765,705941.0,192.0,0.0,192.0,192.0,10000.0,1.0,,,43,paper\main_text_experiments\runs\ratio_downstream_5k\ratio_0p02_seed_43,0.02,100,5000
hatespeech,typiclust_dense,ours_sample_package_krr,143,100,40,0.4,1.6266796588897705,-1.6266796588897705,0.0004872393619734,0.0562881864607334,0,online_student,0,1,4,1250,28000,1000,0.924261748790741,top_quantile,0.2247100000004138,0.56313434,0.3333333333333333,0.5,,28.0,,8.0,1,ours_student_pkg_ctpt,good_count,40.0,64.0,10000.0,64.0,4.0,1786105.677236,2.799386432575201,2.80927,5.61854,1786105.677236,446526.419309,235320.0,10.0,0.0,10.0,10.0,2500.0,4.0,,,43,paper\main_text_experiments\runs\ratio_downstream_5k\ratio_0p02_seed_43,0.02,100,5000
hatespeech,kmeans_center,market_random_select,143,100,13,0.13,0.3430967032909393,-0.3430967032909393,0.0001430410193279,0.0337691456079483,0,baseline_feature,0,0,1,5000,28000,1000,0.924261748790741,top_quantile,0.2270549999993818,0.5618957200000001,0.3333333333333333,0.5,7.0,77.0,,5.0,0,,good_count,13.0,11.0,,,,,,,,,,,,,,,,,,,43,paper\main_text_experiments\runs\ratio_downstream_5k\ratio_0p02_seed_43,0.02,100,5000
hatespeech,kmeans_center,market_cosine_select,143,100,48,0.48,1.5612037181854248,-1.5612037181854248,0.0004795807471964,0.0535380169749259,0,baseline_feature,0,0,1,5000,28000,1000,0.924261748790741,top_quantile,0.2181892999997217,0.56425916,0.3333333333333333,0.5,,53.0,,37.0,0,,good_count,48.0,4.0,,,,,,,,,,,,,,,,,4.0,2.0,43,paper\main_text_experiments\runs\ratio_downstream_5k\ratio_0p02_seed_43,0.02,100,5000
hatespeech,kmeans_center,market_coreset_select,143,100,9,0.09,-1.0962649583816528,1.0962649583816528,-1.827955202315934e-05,-0.0278263352811336,1,baseline_feature,0,0,1,5000,28000,1000,0.924261748790741,top_quantile,0.3444976000000679,0.5595905800000001,0.3333333333333333,0.5,91.0,,8.0,,0,,good_count,9.0,,,,,,,,,,,,,,,,,,1.0,,43,paper\main_text_experiments\runs\ratio_downstream_5k\ratio_0p02_seed_43,0.02,100,5000
hatespeech,kmeans_center,market_badge_select,143,100,11,0.11,-1.015233874320984,1.015233874320984,-4.048347364005167e-06,-0.0251917894929647,0,baseline_model_based,1,0,1,5000,28000,1000,0.924261748790741,top_quantile,0.2299588999994739,0.49665008,0.3333333333333333,0.5,89.0,,8.0,,0,,good_count,11.0,,,,,,,,,,,,,,,,,,2.0,1.0,43,paper\main_text_experiments\runs\ratio_downstream_5k\ratio_0p02_seed_43,0.02,100,5000
hatespeech,kmeans_center,market_kmeans_center_select,143,100,15,0.15,0.3105825185775757,-0.3105825185775757,0.0001545679551782,0.0299234054982662,0,baseline_feature,0,0,1,5000,28000,1000,0.924261748790741,top_quantile,0.230793600000652,0.5578361199999999,0.3333333333333333,0.5,,65.0,,,0,,good_count,15.0,35.0,,,,,,,,,,,,,,,,,,,43,paper\main_text_experiments\runs\ratio_downstream_5k\ratio_0p02_seed_43,0.02,100,5000
hatespeech,kmeans_center,market_typiclust_select,143,100,10,0.1,0.9938063621520996,-0.9938063621520996,0.0002644342312123,0.0537751093506813,0,baseline_feature,0,0,1,5000,28000,1000,0.924261748790741,top_quantile,0.2301382000005105,0.56898406,0.3333333333333333,0.5,,82.0,,,0,,good_count,10.0,18.0,,,,,,,,,,,,,,,,,,,43,paper\main_text_experiments\runs\ratio_downstream_5k\ratio_0p02_seed_43,0.02,100,5000
hatespeech,kmeans_center,ours_kernel_ridge_student,143,100,42,0.42,1.5868597030639648,-1.5868597030639648,0.0004733735404442,0.0561053119599819,0,online_student,0,0,1,5000,28000,1000,0.924261748790741,top_quantile,0.165501000000404,0.50541294,0.3333333333333333,0.5,,62.0,,8.0,1,ours_student_row_ctpt,good_count,42.0,30.0,10000.0,64.0,4.0,92931.597765,53.80301340178943,53.80903000000001,107.61806,92931.597765,92931.597765,705941.0,192.0,0.0,192.0,192.0,10000.0,1.0,,,43,paper\main_text_experiments\runs\ratio_downstream_5k\ratio_0p02_seed_43,0.02,100,5000
hatespeech,kmeans_center,ours_sample_package_krr,143,100,42,0.42,1.5868597030639648,-1.5868597030639648,0.0004733735404442,0.0561053119599819,0,online_student,0,1,4,1250,28000,1000,0.924261748790741,top_quantile,0.2214264999993247,0.56358938,0.3333333333333333,0.5,,62.0,,8.0,1,ours_student_pkg_ctpt,good_count,42.0,30.0,10000.0,64.0,4.0,1786105.677236,2.799386432575201,2.80927,5.61854,1786105.677236,446526.419309,235320.0,10.0,0.0,10.0,10.0,2500.0,4.0,,,43,paper\main_text_experiments\runs\ratio_downstream_5k\ratio_0p02_seed_43,0.02,100,5000
hatespeech,uncertainty_badge,market_random_select,143,100,13,0.13,0.0665723830461502,-0.0665723830461502,0.0001310181687586,0.0188668426126241,0,baseline_feature,0,0,1,5000,28000,1000,0.924261748790741,top_quantile,0.2306980000003022,0.5655918600000001,0.3333333333333333,0.5,6.0,1.0,,80.0,0,,good_count,13.0,6.0,,,,,,,,,,,,,,,,,7.0,,43,paper\main_text_experiments\runs\ratio_downstream_5k\ratio_0p02_seed_43,0.02,100,5000
hatespeech,uncertainty_badge,market_cosine_select,143,100,0,0.0,-1.4821935892105105,1.4821935892105105,-0.000109292268462,-0.0366153232753276,1,baseline_feature,0,0,1,5000,28000,1000,0.924261748790741,top_quantile,0.2292926000000079,0.56540578,0.3333333333333333,0.5,,,,,0,,good_count,0.0,,,,,,,,,,,,,,,,,,100.0,,43,paper\main_text_experiments\runs\ratio_downstream_5k\ratio_0p02_seed_43,0.02,100,5000
hatespeech,uncertainty_badge,market_coreset_select,143,100,0,0.0,-0.9188188314437866,0.9188188314437866,-0.0002253413258586,0.0164826456457376,1,baseline_feature,0,0,1,5000,28000,1000,0.924261748790741,top_quantile,0.3287181000005148,0.55175598,0.3333333333333333,0.5,89.0,,,,0,,good_count,0.0,,,,,,,,,,,,,,,,,,11.0,,43,paper\main_text_experiments\runs\ratio_downstream_5k\ratio_0p02_seed_43,0.02,100,5000
hatespeech,uncertainty_badge,market_badge_select,143,100,0,0.0,-1.096276879310608,1.096276879310608,-0.0001440542982891,-0.0074794865213334,1,baseline_model_based,1,0,1,5000,28000,1000,0.924261748790741,top_quantile,0.1744605000003503,0.48609972,0.3333333333333333,0.5,38.0,,,,0,,good_count,0.0,,,,,,,,,,,,,,,,,,62.0,,43,paper\main_text_experiments\runs\ratio_downstream_5k\ratio_0p02_seed_43,0.02,100,5000
hatespeech,uncertainty_badge,market_kmeans_center_select,143,100,77,0.77,2.601931095123291,-2.601931095123291,0.0007477242033928,0.0735650137066841,0,baseline_feature,0,0,1,5000,28000,1000,0.924261748790741,top_quantile,0.2327316999999311,0.55626964,0.3333333333333333,0.5,,31.0,,26.0,0,,good_count,77.0,43.0,,,,,,,,,,,,,,,,,,,43,paper\main_text_experiments\runs\ratio_downstream_5k\ratio_0p02_seed_43,0.02,100,5000
hatespeech,uncertainty_badge,market_typiclust_select,143,100,58,0.58,2.396172046661377,-2.396172046661377,0.0006611299468204,0.0750381052494049,0,baseline_feature,0,0,1,5000,28000,1000,0.924261748790741,top_quantile,0.2244549000006372,0.5630337,0.3333333333333333,0.5,,26.0,,41.0,0,,good_count,58.0,29.0,,,,,,,,,,,,,,,,,4.0,,43,paper\main_text_experiments\runs\ratio_downstream_5k\ratio_0p02_seed_43,0.02,100,5000
hatespeech,uncertainty_badge,ours_kernel_ridge_student,143,100,73,0.73,2.35163688659668,-2.35163688659668,0.0006926589994691,0.0672240778803825,0,online_student,0,0,1,5000,28000,1000,0.924261748790741,top_quantile,0.1951161999995747,0.53348608,0.3333333333333333,0.5,,28.0,,40.0,1,ours_student_row_ctpt,good_count,73.0,32.0,10000.0,64.0,4.0,92931.597765,53.80301340178943,53.80903000000001,107.61806,92931.597765,92931.597765,705941.0,192.0,0.0,192.0,192.0,10000.0,1.0,,,43,paper\main_text_experiments\runs\ratio_downstream_5k\ratio_0p02_seed_43,0.02,100,5000
hatespeech,uncertainty_badge,ours_sample_package_krr,143,100,73,0.73,2.35163688659668,-2.35163688659668,0.0006926589994691,0.0672240778803825,0,online_student,0,1,4,1250,28000,1000,0.924261748790741,top_quantile,0.1921236999996836,0.54903556,0.3333333333333333,0.5,,28.0,,40.0,1,ours_student_pkg_ctpt,good_count,73.0,32.0,10000.0,64.0,4.0,1786105.677236,2.799386432575201,2.80927,5.61854,1786105.677236,446526.419309,235320.0,10.0,0.0,10.0,10.0,2500.0,4.0,,,43,paper\main_text_experiments\runs\ratio_downstream_5k\ratio_0p02_seed_43,0.02,100,5000
hatespeech,cosine,market_random_select,143,100,13,0.13,-0.1447076946496963,0.1447076946496963,6.490707164630294e-05,0.0166898462921381,0,baseline_feature,0,0,1,5000,28000,1000,0.924261748790741,top_quantile,0.2906672999997681,0.53539682,0.3333333333333333,0.5,,5.0,,12.0,0,,good_count,13.0,9.0,,,,,,,,,,,,,,,,,74.0,,43,paper\main_text_experiments\runs\ratio_downstream_5k\ratio_0p02_seed_43,0.02,100,5000
hatespeech,cosine,market_cosine_select,143,100,0,0.0,-0.3536858856678009,0.3536858856678009,2.835690975189209e-05,0.0098707918077707,1,baseline_feature,0,0,1,5000,28000,1000,0.924261748790741,top_quantile,0.2554927999999563,0.5605203000000001,0.3333333333333333,0.5,,,,,0,,good_count,0.0,,,,,,,,,,,,,,,,,,100.0,,43,paper\main_text_experiments\runs\ratio_downstream_5k\ratio_0p02_seed_43,0.02,100,5000
hatespeech,cosine,market_coreset_select,143,100,7,0.07,-0.2879353761672973,0.2879353761672973,6.666839180979878e-05,0.0076787127181887,1,baseline_feature,0,0,1,5000,28000,1000,0.924261748790741,top_quantile,0.2736810999995214,0.54985166,0.3333333333333333,0.5,,,7.0,,0,,good_count,7.0,,,,,,,,,,,,,,,,,,93.0,,43,paper\main_text_experiments\runs\ratio_downstream_5k\ratio_0p02_seed_43,0.02,100,5000
hatespeech,cosine,market_badge_select,143,100,7,0.07,-0.4316751062870025,0.4316751062870025,4.767179689224577e-06,0.0089355688542127,1,baseline_model_based,1,0,1,5000,28000,1000,0.924261748790741,top_quantile,0.189449099999365,0.4827754,0.3333333333333333,0.5,,,7.0,,0,,good_count,7.0,,,,,,,,,,,,,,,,,,93.0,,43,paper\main_text_experiments\runs\ratio_downstream_5k\ratio_0p02_seed_43,0.02,100,5000
hatespeech,cosine,market_kmeans_center_select,143,100,60,0.6,0.6284011602401733,-0.6284011602401733,0.0003137379826512,0.0235364194959402,0,baseline_feature,0,0,1,5000,28000,1000,0.924261748790741,top_quantile,0.2310828999998193,0.56121362,0.3333333333333333,0.5,,23.0,,2.0,0,,good_count,60.0,73.0,,,,,,,,,,,,,,,,,2.0,,43,paper\main_text_experiments\runs\ratio_downstream_5k\ratio_0p02_seed_43,0.02,100,5000
hatespeech,cosine,market_typiclust_select,143,100,30,0.3,0.0632620081305503,-0.0632620081305503,9.663224045652896e-05,0.0242280419915914,0,baseline_feature,0,0,1,5000,28000,1000,0.924261748790741,top_quantile,0.22854499999994,0.5750252,0.3333333333333333,0.5,,12.0,,1.0,0,,good_count,30.0,40.0,,,,,,,,,,,,,,,,,47.0,,43,paper\main_text_experiments\runs\ratio_downstream_5k\ratio_0p02_seed_43,0.02,100,5000
hatespeech,cosine,ours_kernel_ridge_student,143,100,80,0.8,1.8837579488754272,-1.8837579488754272,0.0006199616473168,0.0504792407155036,0,online_student,0,0,1,5000,28000,1000,0.924261748790741,top_quantile,0.2058851000001595,0.55525386,0.3333333333333333,0.5,,30.0,,20.0,1,ours_student_row_ctpt,good_count,80.0,50.0,10000.0,64.0,4.0,92931.597765,53.80301340178943,53.80903000000001,107.61806,92931.597765,92931.597765,705941.0,192.0,0.0,192.0,192.0,10000.0,1.0,,,43,paper\main_text_experiments\runs\ratio_downstream_5k\ratio_0p02_seed_43,0.02,100,5000
hatespeech,cosine,ours_sample_package_krr,143,100,80,0.8,1.8837579488754272,-1.8837579488754272,0.0006199616473168,0.0504792407155036,0,online_student,0,1,4,1250,28000,1000,0.924261748790741,top_quantile,0.2240953000000445,0.5637415800000001,0.3333333333333333,0.5,,30.0,,20.0,1,ours_student_pkg_ctpt,good_count,80.0,50.0,10000.0,64.0,4.0,1786105.677236,2.799386432575201,2.80927,5.61854,1786105.677236,446526.419309,235320.0,10.0,0.0,10.0,10.0,2500.0,4.0,,,43,paper\main_text_experiments\runs\ratio_downstream_5k\ratio_0p02_seed_43,0.02,100,5000
hatespeech,all_average,market_random_select,143,100,13,0.13,-1.2232890129089355,1.2232890129089355,-0.0002220356400357,-0.0026020847726613,0,baseline_feature,0,0,1,5000,28000,1000,0.924261748790741,top_quantile,0.2231065000005401,0.5634720799999999,0.3333333333333333,0.5,16.0,22.0,19.0,18.0,0,,good_count,13.0,14.0,,,,,,,,,,,,,,,,,11.0,,43,paper\main_text_experiments\runs\ratio_downstream_5k\ratio_0p02_seed_43,0.02,100,5000
hatespeech,all_average,market_cosine_select,143,100,0,0.0,-1.561079740524292,1.561079740524292,-0.0001110792145482,-0.0411323942244052,1,baseline_feature,0,0,1,5000,28000,1000,0.924261748790741,top_quantile,0.2284494000004997,0.57009248,0.3333333333333333,0.5,,,,,0,,good_count,0.0,,,,,,,,,,,,,,,,,,100.0,,43,paper\main_text_experiments\runs\ratio_downstream_5k\ratio_0p02_seed_43,0.02,100,5000
hatespeech,all_average,market_coreset_select,143,100,0,0.0,-1.6816505193710327,1.6816505193710327,-0.0006581044290214,0.0400183871388435,1,baseline_feature,0,0,1,5000,28000,1000,0.924261748790741,top_quantile,0.2600413000000117,0.5515193199999999,0.3333333333333333,0.5,,,100.0,,0,,good_count,0.0,,,,,,,,,,,,,,,,,,,,43,paper\main_text_experiments\runs\ratio_downstream_5k\ratio_0p02_seed_43,0.02,100,5000
hatespeech,all_average,market_badge_select,143,100,0,0.0,-1.6673680543899536,1.6673680543899536,-0.0006627655238844,0.0416426137089729,1,baseline_model_based,1,0,1,5000,28000,1000,0.924261748790741,top_quantile,0.2134392999996635,0.52502984,0.3333333333333333,0.5,,,100.0,,0,,good_count,0.0,,,,,,,,,,,,,,,,,,,,43,paper\main_text_experiments\runs\ratio_downstream_5k\ratio_0p02_seed_43,0.02,100,5000
hatespeech,all_average,market_kmeans_center_select,143,100,11,0.11,-1.0009849071502686,1.0009849071502686,-0.0001612532068975,0.0011086232261732,0,baseline_feature,0,0,1,5000,28000,1000,0.924261748790741,top_quantile,0.2331638000005114,0.55913118,0.3333333333333333,0.5,,41.0,,4.0,0,,good_count,11.0,54.0,,,,,,,,,,,,,,,,,1.0,,43,paper\main_text_experiments\runs\ratio_downstream_5k\ratio_0p02_seed_43,0.02,100,5000
hatespeech,all_average,market_typiclust_select,143,100,4,0.04,-0.0543866641819477,0.0543866641819477,-5.0083399401046336e-05,0.0407956019043922,1,baseline_feature,0,0,1,5000,28000,1000,0.924261748790741,top_quantile,0.2870173999999679,0.57473236,0.3333333333333333,0.5,,38.0,,,0,,good_count,4.0,39.0,,,,,,,,,,,,,,,,,23.0,,43,paper\main_text_experiments\runs\ratio_downstream_5k\ratio_0p02_seed_43,0.02,100,5000
hatespeech,all_average,ours_kernel_ridge_student,143,100,49,0.49,0.3121907114982605,-0.3121907114982605,0.0002132999943569,0.0205198470503091,0,online_student,0,0,1,5000,28000,1000,0.924261748790741,top_quantile,0.2330228999999235,0.57097588,0.3333333333333333,0.5,,37.0,,25.0,1,ours_student_row_ctpt,good_count,49.0,38.0,10000.0,64.0,4.0,92931.597765,53.80301340178943,53.80903000000001,107.61806,92931.597765,92931.597765,705941.0,192.0,0.0,192.0,192.0,10000.0,1.0,,,43,paper\main_text_experiments\runs\ratio_downstream_5k\ratio_0p02_seed_43,0.02,100,5000
hatespeech,all_average,ours_sample_package_krr,143,100,49,0.49,0.3121907114982605,-0.3121907114982605,0.0002132999943569,0.0205198470503091,0,online_student,0,1,4,1250,28000,1000,0.924261748790741,top_quantile,0.2290868000000046,0.5645306800000001,0.3333333333333333,0.5,,37.0,,25.0,1,ours_student_pkg_ctpt,good_count,49.0,38.0,10000.0,64.0,4.0,1786105.677236,2.799386432575201,2.80927,5.61854,1786105.677236,446526.419309,235320.0,10.0,0.0,10.0,10.0,2500.0,4.0,,,43,paper\main_text_experiments\runs\ratio_downstream_5k\ratio_0p02_seed_43,0.02,100,5000
mscoco,noise,market_random_select,243,100,11,0.11,-0.8874869346618652,0.8874869346618652,-2.709686668822542e-05,0.0002248499222332,0,baseline_feature,0,0,1,5000,28000,1000,1.1473939418792725,top_quantile,0.3208153999994465,0.8255875,0.3333333333333333,0.5,11.0,3.0,72.0,7.0,0,,good_count,11.0,7.0,,,,,,,,,,,,,,,,,,,43,paper\main_text_experiments\runs\ratio_downstream_5k\ratio_0p02_seed_43,0.02,100,5000
mscoco,noise,market_cosine_select,243,100,1,0.01,-1.0383305549621582,1.0383305549621582,-5.673170107911574e-06,-0.0025853989645838,1,baseline_feature,0,0,1,5000,28000,1000,1.1473939418792725,top_quantile,0.2478103000003102,0.8119559375,0.3333333333333333,0.5,,,,100.0,0,,good_count,1.0,,,,,,,,,,,,,,,,,,,,43,paper\main_text_experiments\runs\ratio_downstream_5k\ratio_0p02_seed_43,0.02,100,5000
mscoco,noise,market_coreset_select,243,100,0,0.0,-0.4441232681274414,0.4441232681274414,-2.2310614440357316e-05,0.0012765990104526,1,baseline_feature,0,0,1,5000,28000,1000,1.1473939418792725,top_quantile,0.2460733999996591,0.8649540312499999,0.3333333333333333,0.5,,,100.0,,0,,good_count,0.0,,,,,,,,,,,,,,,,,,,,43,paper\main_text_experiments\runs\ratio_downstream_5k\ratio_0p02_seed_43,0.02,100,5000
mscoco,noise,market_badge_select,243,100,0,0.0,-0.5358609557151794,0.5358609557151794,-2.46328108914895e-05,0.0012006692122668,1,baseline_model_based,1,0,1,5000,28000,1000,1.1473939418792725,top_quantile,0.2209576999994169,0.870754,0.3333333333333333,0.5,,,100.0,,0,,good_count,0.0,,,,,,,,,,,,,,,,,,,,43,paper\main_text_experiments\runs\ratio_downstream_5k\ratio_0p02_seed_43,0.02,100,5000
mscoco,noise,market_kmeans_center_select,243,100,100,1.0,4.560551166534424,-4.560551166534424,0.0001136940700234,0.0044274432584643,0,baseline_feature,0,0,1,5000,28000,1000,1.1473939418792725,top_quantile,0.2002192999998442,0.84552696875,0.3333333333333333,0.5,,40.0,,,0,,good_count,100.0,60.0,,,,,,,,,,,,,,,,,,,43,paper\main_text_experiments\runs\ratio_downstream_5k\ratio_0p02_seed_43,0.02,100,5000
mscoco,noise,market_typiclust_select,243,100,100,1.0,4.606351852416992,-4.606351852416992,0.0001166915899375,0.004269799683243,0,baseline_feature,0,0,1,5000,28000,1000,1.1473939418792725,top_quantile,0.2114412000000811,0.82148678125,0.3333333333333333,0.5,,43.0,,,0,,good_count,100.0,57.0,,,,,,,,,,,,,,,,,,,43,paper\main_text_experiments\runs\ratio_downstream_5k\ratio_0p02_seed_43,0.02,100,5000
mscoco,noise,ours_kernel_ridge_student,243,100,100,1.0,4.994078159332275,-4.994078159332275,0.0001188844471471,0.0054015684872865,0,online_student,0,0,1,5000,28000,1000,1.1473939418792725,top_quantile,0.2713881999998193,0.8070524375,0.3333333333333333,0.5,,44.0,,3.0,1,ours_student_row_ctpt,good_count,100.0,53.0,10000.0,64.0,4.0,92931.597765,53.80301340178943,53.80903000000001,107.61806,92931.597765,92931.597765,705941.0,192.0,0.0,192.0,192.0,10000.0,1.0,,,43,paper\main_text_experiments\runs\ratio_downstream_5k\ratio_0p02_seed_43,0.02,100,5000
mscoco,noise,ours_sample_package_krr,243,100,100,1.0,4.994078159332275,-4.994078159332275,0.0001188844471471,0.0054015684872865,0,online_student,0,1,4,1250,28000,1000,1.1473939418792725,top_quantile,0.2125764000002163,0.83999828125,0.3333333333333333,0.5,,44.0,,3.0,1,ours_student_pkg_ctpt,good_count,100.0,53.0,10000.0,64.0,4.0,1786105.677236,2.799386432575201,2.80927,5.61854,1786105.677236,446526.419309,235320.0,10.0,0.0,10.0,10.0,2500.0,4.0,,,43,paper\main_text_experiments\runs\ratio_downstream_5k\ratio_0p02_seed_43,0.02,100,5000
mscoco,coreset_far_wrong,market_random_select,243,100,11,0.11,-0.0570173636078834,0.0570173636078834,-3.00407407394232e-07,0.0002978974662255,0,baseline_feature,0,0,1,5000,28000,1000,1.1473939418792725,top_quantile,0.1901926999998977,0.82269878125,0.3333333333333333,0.5,72.0,3.0,11.0,7.0,0,,good_count,11.0,7.0,,,,,,,,,,,,,,,,,,,43,paper\main_text_experiments\runs\ratio_downstream_5k\ratio_0p02_seed_43,0.02,100,5000
mscoco,coreset_far_wrong,market_cosine_select,243,100,1,0.01,-1.0383305549621582,1.0383305549621582,-5.673170107911574e-06,-0.0025853989645838,1,baseline_feature,0,0,1,5000,28000,1000,1.1473939418792725,top_quantile,0.2105419999998048,0.8119559375,0.3333333333333333,0.5,,,,100.0,0,,good_count,1.0,,,,,,,,,,,,,,,,,,,,43,paper\main_text_experiments\runs\ratio_downstream_5k\ratio_0p02_seed_43,0.02,100,5000
mscoco,coreset_far_wrong,market_coreset_select,243,100,0,0.0,-2.7496893405914307,2.7496893405914307,-7.318377174669877e-05,-0.0014283604687079,1,baseline_feature,0,0,1,5000,28000,1000,1.1473939418792725,top_quantile,0.3155590999995183,0.853125125,0.3333333333333333,0.5,,,100.0,,0,,good_count,0.0,,,,,,,,,,,,,,,,,,,,43,paper\main_text_experiments\runs\ratio_downstream_5k\ratio_0p02_seed_43,0.02,100,5000
mscoco,coreset_far_wrong,market_badge_select,243,100,0,0.0,-2.625589609146118,2.625589609146118,-7.325351180043072e-05,-0.0009840263519436,1,baseline_model_based,1,0,1,5000,28000,1000,1.1473939418792725,top_quantile,0.2182497000003422,0.8714106875000001,0.3333333333333333,0.5,,,100.0,,0,,good_count,0.0,,,,,,,,,,,,,,,,,,,,43,paper\main_text_experiments\runs\ratio_downstream_5k\ratio_0p02_seed_43,0.02,100,5000
mscoco,coreset_far_wrong,market_kmeans_center_select,243,100,100,1.0,4.560551166534424,-4.560551166534424,0.0001136940700234,0.0044274432584643,0,baseline_feature,0,0,1,5000,28000,1000,1.1473939418792725,top_quantile,0.2039913999997225,0.84552696875,0.3333333333333333,0.5,,40.0,,,0,,good_count,100.0,60.0,,,,,,,,,,,,,,,,,,,43,paper\main_text_experiments\runs\ratio_downstream_5k\ratio_0p02_seed_43,0.02,100,5000
mscoco,coreset_far_wrong,market_typiclust_select,243,100,100,1.0,4.606351852416992,-4.606351852416992,0.0001166915899375,0.004269799683243,0,baseline_feature,0,0,1,5000,28000,1000,1.1473939418792725,top_quantile,0.2130372000001443,0.82148678125,0.3333333333333333,0.5,,43.0,,,0,,good_count,100.0,57.0,,,,,,,,,,,,,,,,,,,43,paper\main_text_experiments\runs\ratio_downstream_5k\ratio_0p02_seed_43,0.02,100,5000
mscoco,coreset_far_wrong,ours_kernel_ridge_student,243,100,100,1.0,4.994078159332275,-4.994078159332275,0.0001188844471471,0.0054015684872865,0,online_student,0,0,1,5000,28000,1000,1.1473939418792725,top_quantile,0.2122939000000769,0.8070524375,0.3333333333333333,0.5,,44.0,,3.0,1,ours_student_row_ctpt,good_count,100.0,53.0,10000.0,64.0,4.0,92931.597765,53.80301340178943,53.80903000000001,107.61806,92931.597765,92931.597765,705941.0,192.0,0.0,192.0,192.0,10000.0,1.0,,,43,paper\main_text_experiments\runs\ratio_downstream_5k\ratio_0p02_seed_43,0.02,100,5000
mscoco,coreset_far_wrong,ours_sample_package_krr,243,100,100,1.0,4.994078159332275,-4.994078159332275,0.0001188844471471,0.0054015684872865,0,online_student,0,1,4,1250,28000,1000,1.1473939418792725,top_quantile,0.2156786999994437,0.83999828125,0.3333333333333333,0.5,,44.0,,3.0,1,ours_student_pkg_ctpt,good_count,100.0,53.0,10000.0,64.0,4.0,1786105.677236,2.799386432575201,2.80927,5.61854,1786105.677236,446526.419309,235320.0,10.0,0.0,10.0,10.0,2500.0,4.0,,,43,paper\main_text_experiments\runs\ratio_downstream_5k\ratio_0p02_seed_43,0.02,100,5000
mscoco,typiclust_dense,market_random_select,243,100,11,0.11,0.1794620156288147,-0.1794620156288147,1.7695427231956273e-05,-0.0007840383914299,0,baseline_feature,0,0,1,5000,28000,1000,1.1473939418792725,top_quantile,0.2919360999994751,0.85260925,0.3333333333333333,0.5,,18.0,,3.0,0,,good_count,11.0,73.0,,,,,,,,,,,,,,,,,6.0,,43,paper\main_text_experiments\runs\ratio_downstream_5k\ratio_0p02_seed_43,0.02,100,5000
mscoco,typiclust_dense,market_cosine_select,243,100,4,0.04,-0.9765934944152832,0.9765934944152832,2.0265579436795637e-08,-0.0029737437143921,1,baseline_feature,0,0,1,5000,28000,1000,1.1473939418792725,top_quantile,0.2135426000004372,0.80956796875,0.3333333333333333,0.5,,,,,0,,good_count,4.0,,,,,,,,,,,,,,,,,,96.0,4.0,43,paper\main_text_experiments\runs\ratio_downstream_5k\ratio_0p02_seed_43,0.02,100,5000
mscoco,typiclust_dense,market_coreset_select,243,100,31,0.31,-0.0887476429343223,0.0887476429343223,3.5417078834143467e-06,-0.000222561211558,0,baseline_feature,0,0,1,5000,28000,1000,1.1473939418792725,top_quantile,0.23687450000034,0.90596971875,0.3333333333333333,0.5,,,19.0,7.0,0,,good_count,31.0,,,,,,,,,,,,,,,,,,70.0,4.0,43,paper\main_text_experiments\runs\ratio_downstream_5k\ratio_0p02_seed_43,0.02,100,5000
mscoco,typiclust_dense,market_badge_select,243,100,20,0.2,-0.6709979176521301,0.6709979176521301,-3.781318582696258e-06,-0.0014934072969481,0,baseline_model_based,1,0,1,5000,28000,1000,1.1473939418792725,top_quantile,0.2125276999995549,0.8685996250000001,0.3333333333333333,0.5,,,19.0,,0,,good_count,20.0,,,,,,,,,,,,,,,,,,80.0,1.0,43,paper\main_text_experiments\runs\ratio_downstream_5k\ratio_0p02_seed_43,0.02,100,5000
mscoco,typiclust_dense,market_kmeans_center_select,243,100,8,0.08,-0.2733592092990875,0.2733592092990875,1.812636764952913e-05,-0.0024241192732006,1,baseline_feature,0,0,1,5000,28000,1000,1.1473939418792725,top_quantile,0.2763318999996045,0.8255637812499999,0.3333333333333333,0.5,,33.0,,,0,,good_count,8.0,67.0,,,,,,,,,,,,,,,,,,,43,paper\main_text_experiments\runs\ratio_downstream_5k\ratio_0p02_seed_43,0.02,100,5000
mscoco,typiclust_dense,market_typiclust_select,243,100,3,0.03,-0.5955492854118347,0.5955492854118347,1.0872483471757732e-05,-0.00278673437424,1,baseline_feature,0,0,1,5000,28000,1000,1.1473939418792725,top_quantile,0.2190076000006229,0.74710340625,0.3333333333333333,0.5,,37.0,,,0,,good_count,3.0,63.0,,,,,,,,,,,,,,,,,,,43,paper\main_text_experiments\runs\ratio_downstream_5k\ratio_0p02_seed_43,0.02,100,5000
mscoco,typiclust_dense,ours_kernel_ridge_student,243,100,89,0.89,4.845754146575928,-4.845754146575928,0.0001126468196162,0.0055429623462259,0,online_student,0,0,1,5000,28000,1000,1.1473939418792725,top_quantile,0.2143091000007189,0.80860159375,0.3333333333333333,0.5,,40.0,,6.0,1,ours_student_row_ctpt,good_count,89.0,54.0,10000.0,64.0,4.0,92931.597765,53.80301340178943,53.80903000000001,107.61806,92931.597765,92931.597765,705941.0,192.0,0.0,192.0,192.0,10000.0,1.0,,,43,paper\main_text_experiments\runs\ratio_downstream_5k\ratio_0p02_seed_43,0.02,100,5000
mscoco,typiclust_dense,ours_sample_package_krr,243,100,89,0.89,4.845754146575928,-4.845754146575928,0.0001126468196162,0.0055429623462259,0,online_student,0,1,4,1250,28000,1000,1.1473939418792725,top_quantile,0.2109070000005886,0.85082775,0.3333333333333333,0.5,,40.0,,6.0,1,ours_student_pkg_ctpt,good_count,89.0,54.0,10000.0,64.0,4.0,1786105.677236,2.799386432575201,2.80927,5.61854,1786105.677236,446526.419309,235320.0,10.0,0.0,10.0,10.0,2500.0,4.0,,,43,paper\main_text_experiments\runs\ratio_downstream_5k\ratio_0p02_seed_43,0.02,100,5000
mscoco,kmeans_center,market_random_select,243,100,11,0.11,0.0106565114110708,-0.0106565114110708,1.460552175558405e-05,-0.0010496249888092,0,baseline_feature,0,0,1,5000,28000,1000,1.1473939418792725,top_quantile,0.2945988000001307,0.80954678125,0.3333333333333333,0.5,6.0,75.0,1.0,4.0,0,,good_count,11.0,14.0,,,,,,,,,,,,,,,,,,,43,paper\main_text_experiments\runs\ratio_downstream_5k\ratio_0p02_seed_43,0.02,100,5000
mscoco,kmeans_center,market_cosine_select,243,100,92,0.92,3.508331537246704,-3.508331537246704,7.19082381692715e-05,0.005168342962861,0,baseline_feature,0,0,1,5000,28000,1000,1.1473939418792725,top_quantile,0.2155578000001696,0.837886625,0.3333333333333333,0.5,,7.0,,85.0,0,,good_count,92.0,1.0,,,,,,,,,,,,,,,,,2.0,5.0,43,paper\main_text_experiments\runs\ratio_downstream_5k\ratio_0p02_seed_43,0.02,100,5000
mscoco,kmeans_center,market_coreset_select,243,100,14,0.14,-0.529273271560669,0.529273271560669,-1.3971328371553682e-05,8.96318451850675e-05,0,baseline_feature,0,0,1,5000,28000,1000,1.1473939418792725,top_quantile,0.2506497000003946,0.89194421875,0.5125237862277523,0.593125,86.0,,14.0,,0,,good_count,14.0,,,,,,,,,,,,,,,,,,,,43,paper\main_text_experiments\runs\ratio_downstream_5k\ratio_0p02_seed_43,0.02,100,5000
mscoco,kmeans_center,market_badge_select,243,100,14,0.14,-0.5407134890556335,0.5407134890556335,-1.4281273251981474e-05,8.23281443445012e-05,0,baseline_model_based,1,0,1,5000,28000,1000,1.1473939418792725,top_quantile,0.2177204999998139,0.8671113125000001,0.3333333333333333,0.5,86.0,,14.0,,0,,good_count,14.0,,,,,,,,,,,,,,,,,,,,43,paper\main_text_experiments\runs\ratio_downstream_5k\ratio_0p02_seed_43,0.02,100,5000
mscoco,kmeans_center,market_kmeans_center_select,243,100,7,0.07,-0.5729523301124573,0.5729523301124573,1.264512502530124e-05,-0.0028957619797438,1,baseline_feature,0,0,1,5000,28000,1000,1.1473939418792725,top_quantile,0.2132234000000608,0.82048740625,0.3333333333333333,0.5,,42.0,,,0,,good_count,7.0,58.0,,,,,,,,,,,,,,,,,,,43,paper\main_text_experiments\runs\ratio_downstream_5k\ratio_0p02_seed_43,0.02,100,5000
mscoco,kmeans_center,market_typiclust_select,243,100,3,0.03,-0.6199246644973755,0.6199246644973755,1.0173320333706217e-05,-0.0027981712482869,1,baseline_feature,0,0,1,5000,28000,1000,1.1473939418792725,top_quantile,0.210400999999365,0.8509067812500001,0.3333333333333333,0.5,,50.0,,,0,,good_count,3.0,50.0,,,,,,,,,,,,,,,,,,,43,paper\main_text_experiments\runs\ratio_downstream_5k\ratio_0p02_seed_43,0.02,100,5000
mscoco,kmeans_center,ours_kernel_ridge_student,243,100,88,0.88,4.844149589538574,-4.844149589538574,0.0001128214571508,0.0055187330581247,0,online_student,0,0,1,5000,28000,1000,1.1473939418792725,top_quantile,0.2158043999997971,0.8115068750000001,0.3333333333333333,0.5,,51.0,,6.0,1,ours_student_row_ctpt,good_count,88.0,43.0,10000.0,64.0,4.0,92931.597765,53.80301340178943,53.80903000000001,107.61806,92931.597765,92931.597765,705941.0,192.0,0.0,192.0,192.0,10000.0,1.0,,,43,paper\main_text_experiments\runs\ratio_downstream_5k\ratio_0p02_seed_43,0.02,100,5000
mscoco,kmeans_center,ours_sample_package_krr,243,100,88,0.88,4.844149589538574,-4.844149589538574,0.0001128214571508,0.0055187330581247,0,online_student,0,1,4,1250,28000,1000,1.1473939418792725,top_quantile,0.208517799999754,0.84831975,0.3333333333333333,0.5,,51.0,,6.0,1,ours_student_pkg_ctpt,good_count,88.0,43.0,10000.0,64.0,4.0,1786105.677236,2.799386432575201,2.80927,5.61854,1786105.677236,446526.419309,235320.0,10.0,0.0,10.0,10.0,2500.0,4.0,,,43,paper\main_text_experiments\runs\ratio_downstream_5k\ratio_0p02_seed_43,0.02,100,5000
mscoco,uncertainty_badge,market_random_select,243,100,11,0.11,0.3100758492946625,-0.3100758492946625,1.206278830068186e-05,0.000275043392321,0,baseline_feature,0,0,1,5000,28000,1000,1.1473939418792725,top_quantile,0.2787054000000353,0.8414420312500002,0.3333333333333333,0.5,11.0,4.0,,74.0,0,,good_count,11.0,5.0,,,,,,,,,,,,,,,,,6.0,,43,paper\main_text_experiments\runs\ratio_downstream_5k\ratio_0p02_seed_43,0.02,100,5000
mscoco,uncertainty_badge,market_cosine_select,243,100,0,0.0,-1.417086124420166,1.417086124420166,6.633997031713079e-07,-0.0045929951593279,1,baseline_feature,0,0,1,5000,28000,1000,1.1473939418792725,top_quantile,0.2126569000001836,0.8581294375,0.3333333333333333,0.5,,,,,0,,good_count,0.0,,,,,,,,,,,,,,,,,,100.0,,43,paper\main_text_experiments\runs\ratio_downstream_5k\ratio_0p02_seed_43,0.02,100,5000
mscoco,uncertainty_badge,market_coreset_select,243,100,0,0.0,-0.843131422996521,0.843131422996521,-1.4811158507654907e-05,-0.0009260138031095,1,baseline_feature,0,0,1,5000,28000,1000,1.1473939418792725,top_quantile,0.2466361000006145,0.8546643437500001,0.3333333333333333,0.5,96.0,,,,0,,good_count,0.0,,,,,,,,,,,,,,,,,,4.0,,43,paper\main_text_experiments\runs\ratio_downstream_5k\ratio_0p02_seed_43,0.02,100,5000
mscoco,uncertainty_badge,market_badge_select,243,100,0,0.0,-0.8927514553070068,0.8927514553070068,-9.79304331849562e-06,-0.001634566229768,1,baseline_model_based,1,0,1,5000,28000,1000,1.1473939418792725,top_quantile,0.2797202000001562,0.8577037187500001,0.3333333333333333,0.5,63.0,,,,0,,good_count,0.0,,,,,,,,,,,,,,,,,,37.0,,43,paper\main_text_experiments\runs\ratio_downstream_5k\ratio_0p02_seed_43,0.02,100,5000
mscoco,uncertainty_badge,market_kmeans_center_select,243,100,97,0.97,4.407564163208008,-4.407564163208008,0.0001104110488086,0.0042380937375128,0,baseline_feature,0,0,1,5000,28000,1000,1.1473939418792725,top_quantile,0.2034956999996211,0.846117625,0.3333333333333333,0.5,,38.0,,3.0,0,,good_count,97.0,59.0,,,,,,,,,,,,,,,,,,,43,paper\main_text_experiments\runs\ratio_downstream_5k\ratio_0p02_seed_43,0.02,100,5000
mscoco,uncertainty_badge,market_typiclust_select,243,100,100,1.0,4.606351852416992,-4.606351852416992,0.0001166915899375,0.004269799683243,0,baseline_feature,0,0,1,5000,28000,1000,1.1473939418792725,top_quantile,0.2076661999999487,0.82148678125,0.3333333333333333,0.5,,43.0,,,0,,good_count,100.0,57.0,,,,,,,,,,,,,,,,,,,43,paper\main_text_experiments\runs\ratio_downstream_5k\ratio_0p02_seed_43,0.02,100,5000
mscoco,uncertainty_badge,ours_kernel_ridge_student,243,100,94,0.94,4.895657539367676,-4.895657539367676,0.0001148426526924,0.0054850508458912,0,online_student,0,0,1,5000,28000,1000,1.1473939418792725,top_quantile,0.2069572000000334,0.8108689375,0.3333333333333333,0.5,,41.0,,9.0,1,ours_student_row_ctpt,good_count,94.0,50.0,10000.0,64.0,4.0,92931.597765,53.80301340178943,53.80903000000001,107.61806,92931.597765,92931.597765,705941.0,192.0,0.0,192.0,192.0,10000.0,1.0,,,43,paper\main_text_experiments\runs\ratio_downstream_5k\ratio_0p02_seed_43,0.02,100,5000
mscoco,uncertainty_badge,ours_sample_package_krr,243,100,94,0.94,4.895657539367676,-4.895657539367676,0.0001148426526924,0.0054850508458912,0,online_student,0,1,4,1250,28000,1000,1.1473939418792725,top_quantile,0.209037100000387,0.8368670312500001,0.3333333333333333,0.5,,41.0,,9.0,1,ours_student_pkg_ctpt,good_count,94.0,50.0,10000.0,64.0,4.0,1786105.677236,2.799386432575201,2.80927,5.61854,1786105.677236,446526.419309,235320.0,10.0,0.0,10.0,10.0,2500.0,4.0,,,43,paper\main_text_experiments\runs\ratio_downstream_5k\ratio_0p02_seed_43,0.02,100,5000
mscoco,cosine,market_random_select,243,100,11,0.11,-0.0654667690396308,0.0654667690396308,4.764795448863879e-06,-0.0002707161474972,0,baseline_feature,0,0,1,5000,28000,1000,1.1473939418792725,top_quantile,0.302691799999593,0.90171834375,0.3333333333333333,0.5,,7.0,,8.0,0,,good_count,11.0,13.0,,,,,,,,,,,,,,,,,72.0,,43,paper\main_text_experiments\runs\ratio_downstream_5k\ratio_0p02_seed_43,0.02,100,5000
mscoco,cosine,market_cosine_select,243,100,0,0.0,-0.7047199010848999,0.7047199010848999,4.529952946086269e-07,-0.002062601968646,1,baseline_feature,0,0,1,5000,28000,1000,1.1473939418792725,top_quantile,0.2172980000004827,0.789889,0.3333333333333333,0.5,,,,,0,,good_count,0.0,,,,,,,,,,,,,,,,,,100.0,,43,paper\main_text_experiments\runs\ratio_downstream_5k\ratio_0p02_seed_43,0.02,100,5000
mscoco,cosine,market_coreset_select,243,100,8,0.08,-0.0480055063962936,0.0480055063962936,-3.3998489925579638e-06,0.0006593619473278,1,baseline_feature,0,0,1,5000,28000,1000,1.1473939418792725,top_quantile,0.2522607000000789,0.88315378125,0.3333333333333333,0.5,,,8.0,,0,,good_count,8.0,,,,,,,,,,,,,,,,,,92.0,,43,paper\main_text_experiments\runs\ratio_downstream_5k\ratio_0p02_seed_43,0.02,100,5000
mscoco,cosine,market_badge_select,243,100,8,0.08,-0.1087670400738716,0.1087670400738716,-2.3871659777796594e-06,0.0003377053071744,1,baseline_model_based,1,0,1,5000,28000,1000,1.1473939418792725,top_quantile,0.2128529999999955,0.8693854999999999,0.3333333333333333,0.5,,,8.0,,0,,good_count,8.0,,,,,,,,,,,,,,,,,,92.0,,43,paper\main_text_experiments\runs\ratio_downstream_5k\ratio_0p02_seed_43,0.02,100,5000
mscoco,cosine,market_kmeans_center_select,243,100,61,0.61,2.2212131023406982,-2.2212131023406982,6.802678399253637e-05,0.001049754442647,0,baseline_feature,0,0,1,5000,28000,1000,1.1473939418792725,top_quantile,0.2154806999997163,0.8415434375,0.3333333333333333,0.5,,25.0,,,0,,good_count,61.0,73.0,,,,,,,,,,,,,,,,,2.0,,43,paper\main_text_experiments\runs\ratio_downstream_5k\ratio_0p02_seed_43,0.02,100,5000
mscoco,cosine,market_typiclust_select,243,100,67,0.67,2.503502130508423,-2.503502130508423,7.363319309661165e-05,0.0014471586327999,0,baseline_feature,0,0,1,5000,28000,1000,1.1473939418792725,top_quantile,0.2116962999998577,0.81822903125,0.3333333333333333,0.5,,33.0,,,0,,good_count,67.0,65.0,,,,,,,,,,,,,,,,,2.0,,43,paper\main_text_experiments\runs\ratio_downstream_5k\ratio_0p02_seed_43,0.02,100,5000
mscoco,cosine,ours_kernel_ridge_student,243,100,100,1.0,4.916312217712402,-4.916312217712402,0.0001161456093541,0.0054191527888178,0,online_student,0,0,1,5000,28000,1000,1.1473939418792725,top_quantile,0.2135072000000946,0.80775865625,0.3333333333333333,0.5,,47.0,,2.0,1,ours_student_row_ctpt,good_count,100.0,51.0,10000.0,64.0,4.0,92931.597765,53.80301340178943,53.80903000000001,107.61806,92931.597765,92931.597765,705941.0,192.0,0.0,192.0,192.0,10000.0,1.0,,,43,paper\main_text_experiments\runs\ratio_downstream_5k\ratio_0p02_seed_43,0.02,100,5000
mscoco,cosine,ours_sample_package_krr,243,100,100,1.0,4.916312217712402,-4.916312217712402,0.0001161456093541,0.0054191527888178,0,online_student,0,1,4,1250,28000,1000,1.1473939418792725,top_quantile,0.200781000000461,0.84575915625,0.3333333333333333,0.5,,47.0,,2.0,1,ours_student_pkg_ctpt,good_count,100.0,51.0,10000.0,64.0,4.0,1786105.677236,2.799386432575201,2.80927,5.61854,1786105.677236,446526.419309,235320.0,10.0,0.0,10.0,10.0,2500.0,4.0,,,43,paper\main_text_experiments\runs\ratio_downstream_5k\ratio_0p02_seed_43,0.02,100,5000
mscoco,all_average,market_random_select,243,100,11,0.11,-1.0074238777160645,1.0074238777160645,-9.19938065635506e-06,-0.0021014474332332,0,baseline_feature,0,0,1,5000,28000,1000,1.1473939418792725,top_quantile,0.201726499999495,0.8131405625,0.3333333333333333,0.5,14.0,20.0,17.0,14.0,0,,good_count,11.0,20.0,,,,,,,,,,,,,,,,,15.0,,43,paper\main_text_experiments\runs\ratio_downstream_5k\ratio_0p02_seed_43,0.02,100,5000
mscoco,all_average,market_cosine_select,243,100,0,0.0,-1.0170232057571411,1.0170232057571411,8.440017609245842e-07,-0.0032037179917097,1,baseline_feature,0,0,1,5000,28000,1000,1.1473939418792725,top_quantile,0.2038941999999224,0.8012754999999999,0.3333333333333333,0.5,,,,,0,,good_count,0.0,,,,,,,,,,,,,,,,,,100.0,,43,paper\main_text_experiments\runs\ratio_downstream_5k\ratio_0p02_seed_43,0.02,100,5000
mscoco,all_average,market_coreset_select,243,100,0,0.0,-2.6585772037506104,2.6585772037506104,-7.150173041736707e-05,-0.0012865291209891,1,baseline_feature,0,0,1,5000,28000,1000,1.1473939418792725,top_quantile,0.387599599999703,0.8455740624999999,0.3333333333333333,0.5,,,100.0,,0,,good_count,0.0,,,,,,,,,,,,,,,,,,,,43,paper\main_text_experiments\runs\ratio_downstream_5k\ratio_0p02_seed_43,0.02,100,5000
mscoco,all_average,market_badge_select,243,100,0,0.0,-2.7643823623657227,2.7643823623657227,-7.547021232312545e-05,-0.0012368444586172,1,baseline_model_based,1,0,1,5000,28000,1000,1.1473939418792725,top_quantile,0.2512431999994078,0.87432421875,0.3333333333333333,0.5,,,100.0,,0,,good_count,0.0,,,,,,,,,,,,,,,,,,,,43,paper\main_text_experiments\runs\ratio_downstream_5k\ratio_0p02_seed_43,0.02,100,5000
mscoco,all_average,market_kmeans_center_select,243,100,5,0.05,-0.917909860610962,0.917909860610962,6.223916898306925e-06,-0.0034271189942955,1,baseline_feature,0,0,1,5000,28000,1000,1.1473939418792725,top_quantile,0.218702399999529,0.8200878125000001,0.3333333333333333,0.5,,40.0,,,0,,good_count,5.0,60.0,,,,,,,,,,,,,,,,,,,43,paper\main_text_experiments\runs\ratio_downstream_5k\ratio_0p02_seed_43,0.02,100,5000
mscoco,all_average,market_typiclust_select,243,100,4,0.04,-0.9531493186950684,0.9531493186950684,4.693269602285e-06,-0.0033883464056998,1,baseline_feature,0,0,1,5000,28000,1000,1.1473939418792725,top_quantile,0.2155918999997084,0.8039261562500001,0.3333333333333333,0.5,,43.0,,,0,,good_count,4.0,57.0,,,,,,,,,,,,,,,,,,,43,paper\main_text_experiments\runs\ratio_downstream_5k\ratio_0p02_seed_43,0.02,100,5000
mscoco,all_average,ours_kernel_ridge_student,243,100,100,1.0,5.0448317527771,-5.0448317527771,0.0001180177932837,0.005672454368323,0,online_student,0,0,1,5000,28000,1000,1.1473939418792725,top_quantile,0.2073436999999103,0.81554690625,0.3333333333333333,0.5,,41.0,,8.0,1,ours_student_row_ctpt,good_count,100.0,51.0,10000.0,64.0,4.0,92931.597765,53.80301340178943,53.80903000000001,107.61806,92931.597765,92931.597765,705941.0,192.0,0.0,192.0,192.0,10000.0,1.0,,,43,paper\main_text_experiments\runs\ratio_downstream_5k\ratio_0p02_seed_43,0.02,100,5000
mscoco,all_average,ours_sample_package_krr,243,100,100,1.0,5.0448317527771,-5.0448317527771,0.0001180177932837,0.005672454368323,0,online_student,0,1,4,1250,28000,1000,1.1473939418792725,top_quantile,0.2005425999996077,0.83887640625,0.3333333333333333,0.5,,41.0,,8.0,1,ours_student_pkg_ctpt,good_count,100.0,51.0,10000.0,64.0,4.0,1786105.677236,2.799386432575201,2.80927,5.61854,1786105.677236,446526.419309,235320.0,10.0,0.0,10.0,10.0,2500.0,4.0,,,43,paper\main_text_experiments\runs\ratio_downstream_5k\ratio_0p02_seed_43,0.02,100,5000
hateful_memes,noise,market_random_select,44,100,9,0.09,-0.3238939046859741,0.3238939046859741,-4.245340824127197e-05,0.0015074162511155,1,baseline_feature,0,0,1,5000,28000,1000,1.0172555446624756,top_quantile,0.1747037999994063,0.5113599706744868,0.3697478991596639,0.5866666666666667,9.0,6.0,74.0,9.0,0,,good_count,9.0,2.0,,,,,,,,,,,,,,,,,,,44,paper\main_text_experiments\runs\ratio_downstream_5k\ratio_0p02_seed_44,0.02,100,5000
hateful_memes,noise,market_cosine_select,44,100,5,0.05,-1.7886906862258911,1.7886906862258911,-0.0001811438851291,-0.021000737324357,1,baseline_feature,0,0,1,5000,28000,1000,1.0172555446624756,top_quantile,0.1541247000004659,0.5555711601906158,0.3697478991596639,0.5866666666666667,,,,100.0,0,,good_count,5.0,,,,,,,,,,,,,,,,,,,,44,paper\main_text_experiments\runs\ratio_downstream_5k\ratio_0p02_seed_44,0.02,100,5000
hateful_memes,noise,market_coreset_select,44,100,0,0.0,-0.2979446947574615,0.2979446947574615,-4.022896246169694e-05,0.0019331541843712,1,baseline_feature,0,0,1,5000,28000,1000,1.0172555446624756,top_quantile,0.2083817999991879,0.5616390212609971,0.3697478991596639,0.5866666666666667,,,100.0,,0,,good_count,0.0,,,,,,,,,,,,,,,,,,,,44,paper\main_text_experiments\runs\ratio_downstream_5k\ratio_0p02_seed_44,0.02,100,5000
hateful_memes,noise,market_badge_select,44,100,0,0.0,-0.3251769542694092,0.3251769542694092,-6.143331847852096e-05,0.0036779176443815,1,baseline_model_based,1,0,1,5000,28000,1000,1.0172555446624756,top_quantile,0.1025138999993942,0.4939325971407625,0.3697478991596639,0.5866666666666667,,,100.0,,0,,good_count,0.0,,,,,,,,,,,,,,,,,,,,44,paper\main_text_experiments\runs\ratio_downstream_5k\ratio_0p02_seed_44,0.02,100,5000
hateful_memes,noise,market_kmeans_center_select,44,100,93,0.93,2.581171989440918,-2.581171989440918,0.0003963035414926,0.0271349009126424,0,baseline_feature,0,0,1,5000,28000,1000,1.0172555446624756,top_quantile,0.099256499999683,0.5331497434017596,0.2924528301886792,0.4133333333333333,,38.0,,12.0,0,,good_count,93.0,50.0,,,,,,,,,,,,,,,,,,,44,paper\main_text_experiments\runs\ratio_downstream_5k\ratio_0p02_seed_44,0.02,100,5000
hateful_memes,noise,market_typiclust_select,44,100,87,0.87,2.317059278488159,-2.317059278488159,0.0003750175237655,0.0226444005966186,0,baseline_feature,0,0,1,5000,28000,1000,1.0172555446624756,top_quantile,0.1448114000004352,0.5174225623167156,0.2924528301886792,0.4133333333333333,,39.0,,17.0,0,,good_count,87.0,44.0,,,,,,,,,,,,,,,,,,,44,paper\main_text_experiments\runs\ratio_downstream_5k\ratio_0p02_seed_44,0.02,100,5000
hateful_memes,noise,ours_kernel_ridge_student,44,100,89,0.89,2.476375102996826,-2.476375102996826,0.0004004436777904,0.0238913632929325,0,online_student,0,0,1,5000,28000,1000,1.0172555446624756,top_quantile,0.1634536000001389,0.5296629857038123,0.3697478991596639,0.5866666666666667,,34.0,,24.0,1,ours_student_row_ctpt,good_count,89.0,42.0,10000.0,64.0,4.0,92931.597765,53.80301340178943,53.80903000000001,107.61806,92931.597765,92931.597765,705941.0,192.0,0.0,192.0,192.0,10000.0,1.0,,,44,paper\main_text_experiments\runs\ratio_downstream_5k\ratio_0p02_seed_44,0.02,100,5000
hateful_memes,noise,ours_sample_package_krr,44,100,89,0.89,2.476375102996826,-2.476375102996826,0.0004004436777904,0.0238913632929325,0,online_student,0,1,4,1250,28000,1000,1.0172555446624756,top_quantile,0.1580323999996835,0.5434860703812316,0.3697478991596639,0.5866666666666667,,34.0,,24.0,1,ours_student_pkg_ctpt,good_count,89.0,42.0,10000.0,64.0,4.0,1786105.677236,2.799386432575201,2.80927,5.61854,1786105.677236,446526.419309,235320.0,10.0,0.0,10.0,10.0,2500.0,4.0,,,44,paper\main_text_experiments\runs\ratio_downstream_5k\ratio_0p02_seed_44,0.02,100,5000
hateful_memes,coreset_far_wrong,market_random_select,44,100,9,0.09,-0.2452681958675384,0.2452681958675384,-3.47405657521449e-05,0.0026844146195799,1,baseline_feature,0,0,1,5000,28000,1000,1.0172555446624756,top_quantile,0.1647235999998884,0.5057287848240469,0.3697478991596639,0.5866666666666667,74.0,6.0,9.0,9.0,0,,good_count,9.0,2.0,,,,,,,,,,,,,,,,,,,44,paper\main_text_experiments\runs\ratio_downstream_5k\ratio_0p02_seed_44,0.02,100,5000
hateful_memes,coreset_far_wrong,market_cosine_select,44,100,5,0.05,-1.7886906862258911,1.7886906862258911,-0.0001811438851291,-0.021000737324357,1,baseline_feature,0,0,1,5000,28000,1000,1.0172555446624756,top_quantile,0.1603419999992184,0.5555711601906158,0.3697478991596639,0.5866666666666667,,,,100.0,0,,good_count,5.0,,,,,,,,,,,,,,,,,,,,44,paper\main_text_experiments\runs\ratio_downstream_5k\ratio_0p02_seed_44,0.02,100,5000
hateful_memes,coreset_far_wrong,market_coreset_select,44,100,0,0.0,-1.1378098726272583,1.1378098726272583,-0.0003035175905097,0.0103705767542123,1,baseline_feature,0,0,1,5000,28000,1000,1.0172555446624756,top_quantile,0.2721972999997888,0.4865263013196481,0.3697478991596639,0.5866666666666667,,,100.0,,0,,good_count,0.0,,,,,,,,,,,,,,,,,,,,44,paper\main_text_experiments\runs\ratio_downstream_5k\ratio_0p02_seed_44,0.02,100,5000
hateful_memes,coreset_far_wrong,market_badge_select,44,100,0,0.0,-1.0863995552062988,1.0863995552062988,-0.0002950221241917,0.0107392193749547,1,baseline_model_based,1,0,1,5000,28000,1000,1.0172555446624756,top_quantile,0.0997406000005867,0.494616935483871,0.3697478991596639,0.5866666666666667,,,100.0,,0,,good_count,0.0,,,,,,,,,,,,,,,,,,,,44,paper\main_text_experiments\runs\ratio_downstream_5k\ratio_0p02_seed_44,0.02,100,5000
hateful_memes,coreset_far_wrong,market_kmeans_center_select,44,100,93,0.93,2.581171989440918,-2.581171989440918,0.0003963035414926,0.0271349009126424,0,baseline_feature,0,0,1,5000,28000,1000,1.0172555446624756,top_quantile,0.1009342999996079,0.5331497434017596,0.2924528301886792,0.4133333333333333,,38.0,,12.0,0,,good_count,93.0,50.0,,,,,,,,,,,,,,,,,,,44,paper\main_text_experiments\runs\ratio_downstream_5k\ratio_0p02_seed_44,0.02,100,5000
hateful_memes,coreset_far_wrong,market_typiclust_select,44,100,87,0.87,2.317059278488159,-2.317059278488159,0.0003750175237655,0.0226444005966186,0,baseline_feature,0,0,1,5000,28000,1000,1.0172555446624756,top_quantile,0.1391891000002942,0.5174225623167156,0.2924528301886792,0.4133333333333333,,39.0,,17.0,0,,good_count,87.0,44.0,,,,,,,,,,,,,,,,,,,44,paper\main_text_experiments\runs\ratio_downstream_5k\ratio_0p02_seed_44,0.02,100,5000
hateful_memes,coreset_far_wrong,ours_kernel_ridge_student,44,100,88,0.88,2.447112798690796,-2.447112798690796,0.0003942662442568,0.0238373894244432,0,online_student,0,0,1,5000,28000,1000,1.0172555446624756,top_quantile,0.1635781000004499,0.5303748167155424,0.3697478991596639,0.5866666666666667,1.0,34.0,,24.0,1,ours_student_row_ctpt,good_count,88.0,41.0,10000.0,64.0,4.0,92931.597765,53.80301340178943,53.80903000000001,107.61806,92931.597765,92931.597765,705941.0,192.0,0.0,192.0,192.0,10000.0,1.0,,,44,paper\main_text_experiments\runs\ratio_downstream_5k\ratio_0p02_seed_44,0.02,100,5000
hateful_memes,coreset_far_wrong,ours_sample_package_krr,44,100,88,0.88,2.447112798690796,-2.447112798690796,0.0003942662442568,0.0238373894244432,0,online_student,0,1,4,1250,28000,1000,1.0172555446624756,top_quantile,0.1582360999991579,0.5429735612170088,0.3697478991596639,0.5866666666666667,1.0,34.0,,24.0,1,ours_student_pkg_ctpt,good_count,88.0,41.0,10000.0,64.0,4.0,1786105.677236,2.799386432575201,2.80927,5.61854,1786105.677236,446526.419309,235320.0,10.0,0.0,10.0,10.0,2500.0,4.0,,,44,paper\main_text_experiments\runs\ratio_downstream_5k\ratio_0p02_seed_44,0.02,100,5000
hateful_memes,typiclust_dense,market_random_select,44,100,9,0.09,0.2708122134208679,-0.2708122134208679,5.40989640285261e-05,0.0059717469848692,1,baseline_feature,0,0,1,5000,28000,1000,1.0172555446624756,top_quantile,0.1592482000005475,0.5120268969941348,0.3697478991596639,0.5866666666666667,1.0,12.0,,2.0,0,,good_count,9.0,77.0,,,,,,,,,,,,,,,,,8.0,,44,paper\main_text_experiments\runs\ratio_downstream_5k\ratio_0p02_seed_44,0.02,100,5000
hateful_memes,typiclust_dense,market_cosine_select,44,100,10,0.1,-1.200831651687622,1.200831651687622,-8.900582906790078e-05,-0.016204236075282,0,baseline_feature,0,0,1,5000,28000,1000,1.0172555446624756,top_quantile,0.1641934999997829,0.5601596865835777,0.3697478991596639,0.5866666666666667,,,,,0,,good_count,10.0,,,,,,,,,,,,,,,,,,91.0,9.0,44,paper\main_text_experiments\runs\ratio_downstream_5k\ratio_0p02_seed_44,0.02,100,5000
hateful_memes,typiclust_dense,market_coreset_select,44,100,60,0.6,1.1438686847686768,-1.1438686847686768,0.0004410970141179,-0.015958284959197,0,baseline_feature,0,0,1,5000,28000,1000,1.0172555446624756,top_quantile,0.163984600000731,0.4833630406891495,0.3697478991596639,0.5866666666666667,7.0,,50.0,,0,,good_count,60.0,,,,,,,,,,,,,,,,,,40.0,3.0,44,paper\main_text_experiments\runs\ratio_downstream_5k\ratio_0p02_seed_44,0.02,100,5000
hateful_memes,typiclust_dense,market_badge_select,44,100,52,0.52,0.7326340675354004,-0.7326340675354004,0.0003947591758333,-0.0214177686721086,0,baseline_model_based,1,0,1,5000,28000,1000,1.0172555446624756,top_quantile,0.2226925000004485,0.4982549028592375,0.3697478991596639,0.5866666666666667,,,50.0,,0,,good_count,52.0,,,,,,,,,,,,,,,,,,48.0,2.0,44,paper\main_text_experiments\runs\ratio_downstream_5k\ratio_0p02_seed_44,0.02,100,5000
hateful_memes,typiclust_dense,market_kmeans_center_select,44,100,7,0.07,-0.3235357999801636,0.3235357999801636,1.466512640035944e-05,-0.005116892978549,1,baseline_feature,0,0,1,5000,28000,1000,1.0172555446624756,top_quantile,0.1240952999996807,0.5404336968475073,0.2924528301886792,0.4133333333333333,,23.0,,,0,,good_count,7.0,77.0,,,,,,,,,,,,,,,,,,,44,paper\main_text_experiments\runs\ratio_downstream_5k\ratio_0p02_seed_44,0.02,100,5000
hateful_memes,typiclust_dense,market_typiclust_select,44,100,0,0.0,-0.6650527119636536,0.6650527119636536,-2.9869079298805445e-05,-0.0089479209855198,1,baseline_feature,0,0,1,5000,28000,1000,1.0172555446624756,top_quantile,0.1624557999994067,0.5136235337243402,0.3697478991596639,0.5866666666666667,,35.0,,,0,,good_count,0.0,56.0,,,,,,,,,,,,,,,,,9.0,,44,paper\main_text_experiments\runs\ratio_downstream_5k\ratio_0p02_seed_44,0.02,100,5000
hateful_memes,typiclust_dense,ours_kernel_ridge_student,44,100,36,0.36,1.6732913255691528,-1.6732913255691528,0.0002442800905555,0.0208569262176752,0,online_student,0,0,1,5000,28000,1000,1.0172555446624756,top_quantile,0.1639562000000296,0.5165849523460411,0.3697478991596639,0.5866666666666667,,21.0,,5.0,1,ours_student_row_ctpt,good_count,36.0,74.0,10000.0,64.0,4.0,92931.597765,53.80301340178943,53.80903000000001,107.61806,92931.597765,92931.597765,705941.0,192.0,0.0,192.0,192.0,10000.0,1.0,,,44,paper\main_text_experiments\runs\ratio_downstream_5k\ratio_0p02_seed_44,0.02,100,5000
hateful_memes,typiclust_dense,ours_sample_package_krr,44,100,36,0.36,1.6732913255691528,-1.6732913255691528,0.0002442800905555,0.0208569262176752,0,online_student,0,1,4,1250,28000,1000,1.0172555446624756,top_quantile,0.1575543999997535,0.548575650659824,0.3697478991596639,0.5866666666666667,,21.0,,5.0,1,ours_student_pkg_ctpt,good_count,36.0,74.0,10000.0,64.0,4.0,1786105.677236,2.799386432575201,2.80927,5.61854,1786105.677236,446526.419309,235320.0,10.0,0.0,10.0,10.0,2500.0,4.0,,,44,paper\main_text_experiments\runs\ratio_downstream_5k\ratio_0p02_seed_44,0.02,100,5000
hateful_memes,kmeans_center,market_random_select,44,100,9,0.09,0.0346165783703327,-0.0346165783703327,4.127502324990928e-05,0.0012344173155725,1,baseline_feature,0,0,1,5000,28000,1000,1.0172555446624756,top_quantile,0.1614571000000069,0.5119540414222874,0.3697478991596639,0.5866666666666667,8.0,78.0,,3.0,0,,good_count,9.0,10.0,,,,,,,,,,,,,,,,,,1.0,44,paper\main_text_experiments\runs\ratio_downstream_5k\ratio_0p02_seed_44,0.02,100,5000
hateful_memes,kmeans_center,market_cosine_select,44,100,92,0.92,2.79561185836792,-2.79561185836792,0.0004574841295834,0.0256825610995292,0,baseline_feature,0,0,1,5000,28000,1000,1.0172555446624756,top_quantile,0.1021343000002161,0.5056430993401759,0.3697478991596639,0.5866666666666667,,8.0,,72.0,0,,good_count,92.0,,,,,,,,,,,,,,,,,,12.0,8.0,44,paper\main_text_experiments\runs\ratio_downstream_5k\ratio_0p02_seed_44,0.02,100,5000
hateful_memes,kmeans_center,market_coreset_select,44,100,51,0.51,0.8050639629364014,-0.8050639629364014,0.0003853738307952,-0.0184183269739151,0,baseline_feature,0,0,1,5000,28000,1000,1.0172555446624756,top_quantile,0.1559854999995877,0.484765625,0.3697478991596639,0.5866666666666667,49.0,,49.0,,0,,good_count,51.0,,,,,,,,,,,,,,,,,,,2.0,44,paper\main_text_experiments\runs\ratio_downstream_5k\ratio_0p02_seed_44,0.02,100,5000
hateful_memes,kmeans_center,market_badge_select,44,100,62,0.62,1.234951734542847,-1.234951734542847,0.0004533475730568,-0.0149798896163702,0,baseline_model_based,1,0,1,5000,28000,1000,1.0172555446624756,top_quantile,0.2239443999997092,0.5715707478005865,0.3697478991596639,0.5866666666666667,38.0,,49.0,,0,,good_count,62.0,,,,,,,,,,,,,,,,,,5.0,8.0,44,paper\main_text_experiments\runs\ratio_downstream_5k\ratio_0p02_seed_44,0.02,100,5000
hateful_memes,kmeans_center,market_kmeans_center_select,44,100,7,0.07,-0.3995923995971679,0.3995923995971679,4.408955646795221e-06,-0.005930779967457,1,baseline_feature,0,0,1,5000,28000,1000,1.0172555446624756,top_quantile,0.1216103999995539,0.5360465542521994,0.2924528301886792,0.4133333333333333,,59.0,,,0,,good_count,7.0,41.0,,,,,,,,,,,,,,,,,,,44,paper\main_text_experiments\runs\ratio_downstream_5k\ratio_0p02_seed_44,0.02,100,5000
hateful_memes,kmeans_center,market_typiclust_select,44,100,0,0.0,-0.4927383363246918,0.4927383363246918,-2.0917057554470372e-05,-0.0054449751041829,1,baseline_feature,0,0,1,5000,28000,1000,1.0172555446624756,top_quantile,0.1778183999995235,0.5289403867302053,0.2924528301886792,0.4133333333333333,,75.0,,,0,,good_count,0.0,25.0,,,,,,,,,,,,,,,,,,,44,paper\main_text_experiments\runs\ratio_downstream_5k\ratio_0p02_seed_44,0.02,100,5000
hateful_memes,kmeans_center,ours_kernel_ridge_student,44,100,34,0.34,1.5329632759094238,-1.5329632759094238,0.0002249491226393,0.0194026362150907,0,online_student,0,0,1,5000,28000,1000,1.0172555446624756,top_quantile,0.1664675000001807,0.5208181359970674,0.3697478991596639,0.5866666666666667,,76.0,,4.0,1,ours_student_row_ctpt,good_count,34.0,20.0,10000.0,64.0,4.0,92931.597765,53.80301340178943,53.80903000000001,107.61806,92931.597765,92931.597765,705941.0,192.0,0.0,192.0,192.0,10000.0,1.0,,,44,paper\main_text_experiments\runs\ratio_downstream_5k\ratio_0p02_seed_44,0.02,100,5000
hateful_memes,kmeans_center,ours_sample_package_krr,44,100,34,0.34,1.5329632759094238,-1.5329632759094238,0.0002249491226393,0.0194026362150907,0,online_student,0,1,4,1250,28000,1000,1.0172555446624756,top_quantile,0.1685440000001108,0.5391880498533723,0.3697478991596639,0.5866666666666667,,76.0,,4.0,1,ours_student_pkg_ctpt,good_count,34.0,20.0,10000.0,64.0,4.0,1786105.677236,2.799386432575201,2.80927,5.61854,1786105.677236,446526.419309,235320.0,10.0,0.0,10.0,10.0,2500.0,4.0,,,44,paper\main_text_experiments\runs\ratio_downstream_5k\ratio_0p02_seed_44,0.02,100,5000
hateful_memes,uncertainty_badge,market_random_select,44,100,9,0.09,0.209718644618988,-0.209718644618988,4.5947432226967067e-05,0.0053078886121511,1,baseline_feature,0,0,1,5000,28000,1000,1.0172555446624756,top_quantile,0.2357782999997653,0.511217008797654,0.3697478991596639,0.5866666666666667,9.0,5.0,,76.0,0,,good_count,9.0,2.0,,,,,,,,,,,,,,,,,8.0,,44,paper\main_text_experiments\runs\ratio_downstream_5k\ratio_0p02_seed_44,0.02,100,5000
hateful_memes,uncertainty_badge,market_cosine_select,44,100,0,0.0,-1.5849446058273315,1.5849446058273315,-0.000166581274243,-0.0173208005726337,1,baseline_feature,0,0,1,5000,28000,1000,1.0172555446624756,top_quantile,0.1570996999998897,0.5568218475073313,0.3697478991596639,0.5866666666666667,,,,,0,,good_count,0.0,,,,,,,,,,,,,,,,,,100.0,,44,paper\main_text_experiments\runs\ratio_downstream_5k\ratio_0p02_seed_44,0.02,100,5000
hateful_memes,uncertainty_badge,market_coreset_select,44,100,0,0.0,-0.8671612739562988,0.8671612739562988,-5.479752871906385e-05,-0.0113808121532201,1,baseline_feature,0,0,1,5000,28000,1000,1.0172555446624756,top_quantile,0.1705512000007729,0.4756547837243401,0.3697478991596639,0.5866666666666667,85.0,,,,0,,good_count,0.0,,,,,,,,,,,,,,,,,,15.0,,44,paper\main_text_experiments\runs\ratio_downstream_5k\ratio_0p02_seed_44,0.02,100,5000
hateful_memes,uncertainty_badge,market_badge_select,44,100,0,0.0,-0.9282599687576294,0.9282599687576294,-6.610870332224295e-05,-0.0116778472438454,1,baseline_model_based,1,0,1,5000,28000,1000,1.0172555446624756,top_quantile,0.1564302000006137,0.510821801686217,0.3697478991596639,0.5866666666666667,30.0,,,,0,,good_count,0.0,,,,,,,,,,,,,,,,,,70.0,,44,paper\main_text_experiments\runs\ratio_downstream_5k\ratio_0p02_seed_44,0.02,100,5000
hateful_memes,uncertainty_badge,market_kmeans_center_select,44,100,53,0.53,1.424379587173462,-1.424379587173462,0.0002125263272318,0.0179828889667987,0,baseline_feature,0,0,1,5000,28000,1000,1.0172555446624756,top_quantile,0.1173911999994743,0.5110344116568915,0.2924528301886792,0.4133333333333333,,21.0,,49.0,0,,good_count,53.0,30.0,,,,,,,,,,,,,,,,,,,44,paper\main_text_experiments\runs\ratio_downstream_5k\ratio_0p02_seed_44,0.02,100,5000
hateful_memes,uncertainty_badge,market_typiclust_select,44,100,6,0.06,-0.0113889267668128,0.0113889267668128,3.7251709727570415e-05,0.0004888665862381,1,baseline_feature,0,0,1,5000,28000,1000,1.0172555446624756,top_quantile,0.097459799999342,0.5362186125366569,0.2924528301886792,0.4133333333333333,,2.0,,84.0,0,,good_count,6.0,4.0,,,,,,,,,,,,,,,,,10.0,,44,paper\main_text_experiments\runs\ratio_downstream_5k\ratio_0p02_seed_44,0.02,100,5000
hateful_memes,uncertainty_badge,ours_kernel_ridge_student,44,100,57,0.57,2.266868829727173,-2.266868829727173,0.0003265148261561,0.0269543547183275,0,online_student,0,0,1,5000,28000,1000,1.0172555446624756,top_quantile,0.1632859999999709,0.538305306085044,0.3697478991596639,0.5866666666666667,,22.0,,49.0,1,ours_student_row_ctpt,good_count,57.0,29.0,10000.0,64.0,4.0,92931.597765,53.80301340178943,53.80903000000001,107.61806,92931.597765,92931.597765,705941.0,192.0,0.0,192.0,192.0,10000.0,1.0,,,44,paper\main_text_experiments\runs\ratio_downstream_5k\ratio_0p02_seed_44,0.02,100,5000
hateful_memes,uncertainty_badge,ours_sample_package_krr,44,100,57,0.57,2.266868829727173,-2.266868829727173,0.0003265148261561,0.0269543547183275,0,online_student,0,1,4,1250,28000,1000,1.0172555446624756,top_quantile,0.1573502999999618,0.535401163856305,0.3697478991596639,0.5866666666666667,,22.0,,49.0,1,ours_student_pkg_ctpt,good_count,57.0,29.0,10000.0,64.0,4.0,1786105.677236,2.799386432575201,2.80927,5.61854,1786105.677236,446526.419309,235320.0,10.0,0.0,10.0,10.0,2500.0,4.0,,,44,paper\main_text_experiments\runs\ratio_downstream_5k\ratio_0p02_seed_44,0.02,100,5000
hateful_memes,cosine,market_random_select,44,100,9,0.09,-0.4310323596000671,0.4310323596000671,-2.702176607272122e-05,-0.0031092518474906,1,baseline_feature,0,0,1,5000,28000,1000,1.0172555446624756,top_quantile,0.2296892000003936,0.5038466825513197,0.2924528301886792,0.4133333333333333,1.0,3.0,1.0,10.0,0,,good_count,9.0,11.0,,,,,,,,,,,,,,,,,74.0,,44,paper\main_text_experiments\runs\ratio_downstream_5k\ratio_0p02_seed_44,0.02,100,5000
hateful_memes,cosine,market_cosine_select,44,100,0,0.0,-0.2859805226325989,0.2859805226325989,-2.8361082513583824e-05,0.0008702237973921,1,baseline_feature,0,0,1,5000,28000,1000,1.0172555446624756,top_quantile,0.0996337000005951,0.5062999450146628,0.3697478991596639,0.5866666666666667,,,,,0,,good_count,0.0,,,,,,,,,,,,,,,,,,100.0,,44,paper\main_text_experiments\runs\ratio_downstream_5k\ratio_0p02_seed_44,0.02,100,5000
hateful_memes,cosine,market_coreset_select,44,100,42,0.42,1.0765559673309326,-1.0765559673309326,0.0003506517386995,-0.0072284992784261,0,baseline_feature,0,0,1,5000,28000,1000,1.0172555446624756,top_quantile,0.2156383999999889,0.5267361620234604,0.3697478991596639,0.5866666666666667,2.0,,40.0,,0,,good_count,42.0,,,,,,,,,,,,,,,,,,58.0,,44,paper\main_text_experiments\runs\ratio_downstream_5k\ratio_0p02_seed_44,0.02,100,5000
hateful_memes,cosine,market_badge_select,44,100,40,0.4,0.9791834950447084,-0.9791834950447084,0.0003496497811283,-0.0096791125833988,0,baseline_model_based,1,0,1,5000,28000,1000,1.0172555446624756,top_quantile,0.1000644999994619,0.4999221041055718,0.3697478991596639,0.5866666666666667,,,40.0,,0,,good_count,40.0,,,,,,,,,,,,,,,,,,60.0,,44,paper\main_text_experiments\runs\ratio_downstream_5k\ratio_0p02_seed_44,0.02,100,5000
hateful_memes,cosine,market_kmeans_center_select,44,100,35,0.35,-0.6477345824241638,0.6477345824241638,-5.049109404353658e-06,-0.011373964138329,0,baseline_feature,0,0,1,5000,28000,1000,1.0172555446624756,top_quantile,0.1185186000002431,0.5094070747800586,0.2924528301886792,0.4133333333333333,,13.0,,1.0,0,,good_count,35.0,86.0,,,,,,,,,,,,,,,,,,,44,paper\main_text_experiments\runs\ratio_downstream_5k\ratio_0p02_seed_44,0.02,100,5000
hateful_memes,cosine,market_typiclust_select,44,100,7,0.07,-0.8580938577651978,0.8580938577651978,-5.652368054143153e-05,-0.0109412968158721,1,baseline_feature,0,0,1,5000,28000,1000,1.0172555446624756,top_quantile,0.09782659999928,0.5392648002199414,0.2924528301886792,0.4133333333333333,,3.0,,4.0,0,,good_count,7.0,47.0,,,,,,,,,,,,,,,,,46.0,,44,paper\main_text_experiments\runs\ratio_downstream_5k\ratio_0p02_seed_44,0.02,100,5000
hateful_memes,cosine,ours_kernel_ridge_student,44,100,77,0.77,1.6633650064468384,-1.6633650064468384,0.0002901148691307,0.0152719914913177,0,online_student,0,0,1,5000,28000,1000,1.0172555446624756,top_quantile,0.1592000000000553,0.5156337060117302,0.3697478991596639,0.5866666666666667,,31.0,,15.0,1,ours_student_row_ctpt,good_count,77.0,54.0,10000.0,64.0,4.0,92931.597765,53.80301340178943,53.80903000000001,107.61806,92931.597765,92931.597765,705941.0,192.0,0.0,192.0,192.0,10000.0,1.0,,,44,paper\main_text_experiments\runs\ratio_downstream_5k\ratio_0p02_seed_44,0.02,100,5000
hateful_memes,cosine,ours_sample_package_krr,44,100,77,0.77,1.6633650064468384,-1.6633650064468384,0.0002901148691307,0.0152719914913177,0,online_student,0,1,4,1250,28000,1000,1.0172555446624756,top_quantile,0.1593923000000359,0.5375572763929619,0.3697478991596639,0.5866666666666667,,31.0,,15.0,1,ours_student_pkg_ctpt,good_count,77.0,54.0,10000.0,64.0,4.0,1786105.677236,2.799386432575201,2.80927,5.61854,1786105.677236,446526.419309,235320.0,10.0,0.0,10.0,10.0,2500.0,4.0,,,44,paper\main_text_experiments\runs\ratio_downstream_5k\ratio_0p02_seed_44,0.02,100,5000
hateful_memes,all_average,market_random_select,44,100,9,0.09,-1.4977949857711792,1.4977949857711792,-0.0001455909077776,-0.0174611434340477,1,baseline_feature,0,0,1,5000,28000,1000,1.0172555446624756,top_quantile,0.1602965000001859,0.5319980296920821,0.3697478991596639,0.5866666666666667,10.0,19.0,15.0,17.0,0,,good_count,9.0,25.0,,,,,,,,,,,,,,,,,14.0,,44,paper\main_text_experiments\runs\ratio_downstream_5k\ratio_0p02_seed_44,0.02,100,5000
hateful_memes,all_average,market_cosine_select,44,100,0,0.0,-1.3793545961380005,1.3793545961380005,-0.0001463693333789,-0.014248345978558,1,baseline_feature,0,0,1,5000,28000,1000,1.0172555446624756,top_quantile,0.1640895999998974,0.561206469941349,0.3697478991596639,0.5866666666666667,,,,,0,,good_count,0.0,,,,,,,,,,,,,,,,,,100.0,,44,paper\main_text_experiments\runs\ratio_downstream_5k\ratio_0p02_seed_44,0.02,100,5000
hateful_memes,all_average,market_coreset_select,44,100,1,0.01,-1.1765875816345217,1.1765875816345217,-0.0003305751015432,0.0124907605350017,1,baseline_feature,0,0,1,5000,28000,1000,1.0172555446624756,top_quantile,0.2567354000002524,0.5566589534457478,0.3697478991596639,0.5866666666666667,,,100.0,,0,,good_count,1.0,,,,,,,,,,,,,,,,,,,,44,paper\main_text_experiments\runs\ratio_downstream_5k\ratio_0p02_seed_44,0.02,100,5000
hateful_memes,all_average,market_badge_select,44,100,0,0.0,-1.2439789772033691,1.2439789772033691,-0.0003437650157138,0.0122460350394248,1,baseline_model_based,1,0,1,5000,28000,1000,1.0172555446624756,top_quantile,0.1001970999996046,0.4961684384164223,0.3697478991596639,0.5866666666666667,,,100.0,,0,,good_count,0.0,,,,,,,,,,,,,,,,,,,,44,paper\main_text_experiments\runs\ratio_downstream_5k\ratio_0p02_seed_44,0.02,100,5000
hateful_memes,all_average,market_kmeans_center_select,44,100,0,0.0,-1.518933892250061,1.518933892250061,-0.0001266086037503,-0.0202230121940374,1,baseline_feature,0,0,1,5000,28000,1000,1.0172555446624756,top_quantile,0.1224821999994674,0.5449026301319648,0.2924528301886792,0.4133333333333333,,45.0,,6.0,0,,good_count,0.0,49.0,,,,,,,,,,,,,,,,,,,44,paper\main_text_experiments\runs\ratio_downstream_5k\ratio_0p02_seed_44,0.02,100,5000
hateful_memes,all_average,market_typiclust_select,44,100,0,0.0,-0.702419102191925,0.702419102191925,-4.6516655856976286e-05,-0.0079995431005954,1,baseline_feature,0,0,1,5000,28000,1000,1.0172555446624756,top_quantile,0.1680487999992692,0.5166917155425219,0.3697478991596639,0.5866666666666667,,41.0,,6.0,0,,good_count,0.0,44.0,,,,,,,,,,,,,,,,,9.0,,44,paper\main_text_experiments\runs\ratio_downstream_5k\ratio_0p02_seed_44,0.02,100,5000
hateful_memes,all_average,ours_kernel_ridge_student,44,100,47,0.47,0.1139076799154281,-0.1139076799154281,7.581651152577251e-05,-0.0006869218777865,0,online_student,0,0,1,5000,28000,1000,1.0172555446624756,top_quantile,0.1575818000001163,0.530652034457478,0.3697478991596639,0.5866666666666667,1.0,38.0,,21.0,1,ours_student_row_ctpt,good_count,47.0,40.0,10000.0,64.0,4.0,92931.597765,53.80301340178943,53.80903000000001,107.61806,92931.597765,92931.597765,705941.0,192.0,0.0,192.0,192.0,10000.0,1.0,,,44,paper\main_text_experiments\runs\ratio_downstream_5k\ratio_0p02_seed_44,0.02,100,5000
hateful_memes,all_average,ours_sample_package_krr,44,100,47,0.47,0.1139076799154281,-0.1139076799154281,7.581651152577251e-05,-0.0006869218777865,0,online_student,0,1,4,1250,28000,1000,1.0172555446624756,top_quantile,0.162185799999861,0.5329692082111437,0.3697478991596639,0.5866666666666667,1.0,38.0,,21.0,1,ours_student_pkg_ctpt,good_count,47.0,40.0,10000.0,64.0,4.0,1786105.677236,2.799386432575201,2.80927,5.61854,1786105.677236,446526.419309,235320.0,10.0,0.0,10.0,10.0,2500.0,4.0,,,44,paper\main_text_experiments\runs\ratio_downstream_5k\ratio_0p02_seed_44,0.02,100,5000
hatespeech,noise,market_random_select,144,100,10,0.1,-0.7244805693626404,0.7244805693626404,-5.133390368428081e-05,0.0125173702836036,0,baseline_feature,0,0,1,5000,28000,1000,1.1208701133728027,top_quantile,0.3411132000001089,0.56402256,0.3333333333333333,0.5,12.0,3.0,68.0,15.0,0,,good_count,10.0,2.0,,,,,,,,,,,,,,,,,,,44,paper\main_text_experiments\runs\ratio_downstream_5k\ratio_0p02_seed_44,0.02,100,5000
hatespeech,noise,market_cosine_select,144,100,1,0.01,-1.1676945686340332,1.1676945686340332,-4.256963802617975e-05,-0.016580669209361,1,baseline_feature,0,0,1,5000,28000,1000,1.1208701133728027,top_quantile,0.2004696000003605,0.5373536400000001,0.3333333333333333,0.5,,,,100.0,0,,good_count,1.0,,,,,,,,,,,,,,,,,,,,44,paper\main_text_experiments\runs\ratio_downstream_5k\ratio_0p02_seed_44,0.02,100,5000
hatespeech,noise,market_coreset_select,144,100,0,0.0,-1.0436997413635254,1.0436997413635254,-0.0001409351825714,0.0273785516619682,1,baseline_feature,0,0,1,5000,28000,1000,1.1208701133728027,top_quantile,0.2188601999996535,0.542988,0.3333333333333333,0.5,,,100.0,,0,,good_count,0.0,,,,,,,,,,,,,,,,,,,,44,paper\main_text_experiments\runs\ratio_downstream_5k\ratio_0p02_seed_44,0.02,100,5000
hatespeech,noise,market_badge_select,144,100,0,0.0,-1.0238797664642334,1.0238797664642334,-0.0001227974862558,0.0217599458992481,1,baseline_model_based,1,0,1,5000,28000,1000,1.1208701133728027,top_quantile,0.2331693999994968,0.56699422,0.3333333333333333,0.5,,,100.0,,0,,good_count,0.0,,,,,,,,,,,,,,,,,,,,44,paper\main_text_experiments\runs\ratio_downstream_5k\ratio_0p02_seed_44,0.02,100,5000
hatespeech,noise,market_kmeans_center_select,144,100,100,1.0,3.1860501766204834,-3.1860501766204834,0.0003540337202139,0.0889915451407432,0,baseline_feature,0,0,1,5000,28000,1000,1.1208701133728027,top_quantile,0.2348296999998638,0.5596859,0.3333333333333333,0.5,,41.0,,5.0,0,,good_count,100.0,54.0,,,,,,,,,,,,,,,,,,,44,paper\main_text_experiments\runs\ratio_downstream_5k\ratio_0p02_seed_44,0.02,100,5000
hatespeech,noise,market_typiclust_select,144,100,100,1.0,3.1553947925567627,-3.1553947925567627,0.0003496622957754,0.0888378247618675,0,baseline_feature,0,0,1,5000,28000,1000,1.1208701133728027,top_quantile,0.2383850999995047,0.54313214,0.3333333333333333,0.5,,41.0,,8.0,0,,good_count,100.0,51.0,,,,,,,,,,,,,,,,,,,44,paper\main_text_experiments\runs\ratio_downstream_5k\ratio_0p02_seed_44,0.02,100,5000
hatespeech,noise,ours_kernel_ridge_student,144,100,100,1.0,3.2584686279296875,-3.2584686279296875,0.0003678315842989,0.0880584269762039,0,online_student,0,0,1,5000,28000,1000,1.1208701133728027,top_quantile,0.2023739999995086,0.54848226,0.3333333333333333,0.5,,38.0,,10.0,1,ours_student_row_ctpt,good_count,100.0,52.0,10000.0,64.0,4.0,92931.597765,53.80301340178943,53.80903000000001,107.61806,92931.597765,92931.597765,705941.0,192.0,0.0,192.0,192.0,10000.0,1.0,,,44,paper\main_text_experiments\runs\ratio_downstream_5k\ratio_0p02_seed_44,0.02,100,5000
hatespeech,noise,ours_sample_package_krr,144,100,100,1.0,3.2584686279296875,-3.2584686279296875,0.0003678315842989,0.0880584269762039,0,online_student,0,1,4,1250,28000,1000,1.1208701133728027,top_quantile,0.2258694000001924,0.5677973,0.3333333333333333,0.5,,38.0,,10.0,1,ours_student_pkg_ctpt,good_count,100.0,52.0,10000.0,64.0,4.0,1786105.677236,2.799386432575201,2.80927,5.61854,1786105.677236,446526.419309,235320.0,10.0,0.0,10.0,10.0,2500.0,4.0,,,44,paper\main_text_experiments\runs\ratio_downstream_5k\ratio_0p02_seed_44,0.02,100,5000
hatespeech,coreset_far_wrong,market_random_select,144,100,10,0.1,-0.3528425693511963,0.3528425693511963,-4.1826366214081645e-05,0.03062130138278,0,baseline_feature,0,0,1,5000,28000,1000,1.1208701133728027,top_quantile,0.2413085000007413,0.5589272000000001,0.3333333333333333,0.5,68.0,3.0,12.0,15.0,0,,good_count,10.0,2.0,,,,,,,,,,,,,,,,,,,44,paper\main_text_experiments\runs\ratio_downstream_5k\ratio_0p02_seed_44,0.02,100,5000
hatespeech,coreset_far_wrong,market_cosine_select,144,100,1,0.01,-1.1676945686340332,1.1676945686340332,-4.256963802617975e-05,-0.016580669209361,1,baseline_feature,0,0,1,5000,28000,1000,1.1208701133728027,top_quantile,0.2468141000008472,0.5373536400000001,0.3333333333333333,0.5,,,,100.0,0,,good_count,1.0,,,,,,,,,,,,,,,,,,,,44,paper\main_text_experiments\runs\ratio_downstream_5k\ratio_0p02_seed_44,0.02,100,5000
hatespeech,coreset_far_wrong,market_coreset_select,144,100,0,0.0,-1.9862627983093264,1.9862627983093264,-0.0003176122845616,0.0384371578693389,1,baseline_feature,0,0,1,5000,28000,1000,1.1208701133728027,top_quantile,0.2493296000002374,0.53816568,0.3333333333333333,0.5,,,100.0,,0,,good_count,0.0,,,,,,,,,,,,,,,,,,,,44,paper\main_text_experiments\runs\ratio_downstream_5k\ratio_0p02_seed_44,0.02,100,5000
hatespeech,coreset_far_wrong,market_badge_select,144,100,0,0.0,-1.793236255645752,1.793236255645752,-0.0002768135163933,0.0344481840729713,1,baseline_model_based,1,0,1,5000,28000,1000,1.1208701133728027,top_quantile,0.2853092000004835,0.56615444,0.3333333333333333,0.5,,,100.0,,0,,good_count,0.0,,,,,,,,,,,,,,,,,,,,44,paper\main_text_experiments\runs\ratio_downstream_5k\ratio_0p02_seed_44,0.02,100,5000
hatespeech,coreset_far_wrong,market_kmeans_center_select,144,100,100,1.0,3.1860501766204834,-3.1860501766204834,0.0003540337202139,0.0889915451407432,0,baseline_feature,0,0,1,5000,28000,1000,1.1208701133728027,top_quantile,0.2355556000002252,0.5596859,0.3333333333333333,0.5,,41.0,,5.0,0,,good_count,100.0,54.0,,,,,,,,,,,,,,,,,,,44,paper\main_text_experiments\runs\ratio_downstream_5k\ratio_0p02_seed_44,0.02,100,5000
hatespeech,coreset_far_wrong,market_typiclust_select,144,100,100,1.0,3.1553947925567627,-3.1553947925567627,0.0003496622957754,0.0888378247618675,0,baseline_feature,0,0,1,5000,28000,1000,1.1208701133728027,top_quantile,0.2214000000003579,0.54313214,0.3333333333333333,0.5,,41.0,,8.0,0,,good_count,100.0,51.0,,,,,,,,,,,,,,,,,,,44,paper\main_text_experiments\runs\ratio_downstream_5k\ratio_0p02_seed_44,0.02,100,5000
hatespeech,coreset_far_wrong,ours_kernel_ridge_student,144,100,100,1.0,3.2584686279296875,-3.2584686279296875,0.0003678315842989,0.0880584269762039,0,online_student,0,0,1,5000,28000,1000,1.1208701133728027,top_quantile,0.2055590999998457,0.54848226,0.3333333333333333,0.5,,38.0,,10.0,1,ours_student_row_ctpt,good_count,100.0,52.0,10000.0,64.0,4.0,92931.597765,53.80301340178943,53.80903000000001,107.61806,92931.597765,92931.597765,705941.0,192.0,0.0,192.0,192.0,10000.0,1.0,,,44,paper\main_text_experiments\runs\ratio_downstream_5k\ratio_0p02_seed_44,0.02,100,5000
hatespeech,coreset_far_wrong,ours_sample_package_krr,144,100,100,1.0,3.2584686279296875,-3.2584686279296875,0.0003678315842989,0.0880584269762039,0,online_student,0,1,4,1250,28000,1000,1.1208701133728027,top_quantile,0.2291260000001784,0.5677973,0.3333333333333333,0.5,,38.0,,10.0,1,ours_student_pkg_ctpt,good_count,100.0,52.0,10000.0,64.0,4.0,1786105.677236,2.799386432575201,2.80927,5.61854,1786105.677236,446526.419309,235320.0,10.0,0.0,10.0,10.0,2500.0,4.0,,,44,paper\main_text_experiments\runs\ratio_downstream_5k\ratio_0p02_seed_44,0.02,100,5000
hatespeech,typiclust_dense,market_random_select,144,100,10,0.1,0.5004366040229797,-0.5004366040229797,5.640566450892948e-05,0.0436554253101348,0,baseline_feature,0,0,1,5000,28000,1000,1.1208701133728027,top_quantile,0.3109886000002007,0.56406502,0.3333333333333333,0.5,,16.0,,2.0,0,,good_count,10.0,72.0,,,,,,,,,,,,,,,,,10.0,,44,paper\main_text_experiments\runs\ratio_downstream_5k\ratio_0p02_seed_44,0.02,100,5000
hatespeech,typiclust_dense,market_cosine_select,144,100,5,0.05,-1.3579003810882568,1.3579003810882568,-2.9925704438937828e-05,-0.0323853529989719,1,baseline_feature,0,0,1,5000,28000,1000,1.1208701133728027,top_quantile,0.2309783000000607,0.56870204,0.3333333333333333,0.5,,,,,0,,good_count,5.0,,,,,,,,,,,,,,,,,,97.0,3.0,44,paper\main_text_experiments\runs\ratio_downstream_5k\ratio_0p02_seed_44,0.02,100,5000
hatespeech,typiclust_dense,market_coreset_select,144,100,35,0.35,0.1024255156517028,-0.1024255156517028,0.0001946550619322,-0.0311646126210689,0,baseline_feature,0,0,1,5000,28000,1000,1.1208701133728027,top_quantile,0.2062396000001172,0.53944504,0.3333333333333333,0.5,3.0,,28.0,1.0,0,,good_count,35.0,,,,,,,,,,,,,,,,,,67.0,1.0,44,paper\main_text_experiments\runs\ratio_downstream_5k\ratio_0p02_seed_44,0.02,100,5000
hatespeech,typiclust_dense,market_badge_select,144,100,29,0.29,0.0035564161371439,-0.0035564161371439,0.0001623034477233,-0.0248438734561204,0,baseline_model_based,1,0,1,5000,28000,1000,1.1208701133728027,top_quantile,0.2038597000000663,0.55735956,0.3333333333333333,0.5,,,28.0,,0,,good_count,29.0,,,,,,,,,,,,,,,,,,71.0,1.0,44,paper\main_text_experiments\runs\ratio_downstream_5k\ratio_0p02_seed_44,0.02,100,5000
hatespeech,typiclust_dense,market_kmeans_center_select,144,100,15,0.15,1.3528095483779907,-1.3528095483779907,0.0001617336238268,0.0539867989718914,0,baseline_feature,0,0,1,5000,28000,1000,1.1208701133728027,top_quantile,0.228365500000109,0.5612312599999999,0.3333333333333333,0.5,,16.0,,2.0,0,,good_count,15.0,82.0,,,,,,,,,,,,,,,,,,,44,paper\main_text_experiments\runs\ratio_downstream_5k\ratio_0p02_seed_44,0.02,100,5000
hatespeech,typiclust_dense,market_typiclust_select,144,100,8,0.08,1.5310678482055664,-1.5310678482055664,0.0001205420485348,0.0797563716769218,1,baseline_feature,0,0,1,5000,28000,1000,1.1208701133728027,top_quantile,0.2264094000001932,0.54688692,0.3333333333333333,0.5,,27.0,,,0,,good_count,8.0,71.0,,,,,,,,,,,,,,,,,2.0,,44,paper\main_text_experiments\runs\ratio_downstream_5k\ratio_0p02_seed_44,0.02,100,5000
hatespeech,typiclust_dense,ours_kernel_ridge_student,144,100,36,0.36,1.960821270942688,-1.960821270942688,0.0002244502247776,0.065992884337902,0,online_student,0,0,1,5000,28000,1000,1.1208701133728027,top_quantile,0.2216100999994523,0.54979524,0.3333333333333333,0.5,,16.0,,6.0,1,ours_student_row_ctpt,good_count,36.0,78.0,10000.0,64.0,4.0,92931.597765,53.80301340178943,53.80903000000001,107.61806,92931.597765,92931.597765,705941.0,192.0,0.0,192.0,192.0,10000.0,1.0,,,44,paper\main_text_experiments\runs\ratio_downstream_5k\ratio_0p02_seed_44,0.02,100,5000
hatespeech,typiclust_dense,ours_sample_package_krr,144,100,36,0.36,1.960821270942688,-1.960821270942688,0.0002244502247776,0.065992884337902,0,online_student,0,1,4,1250,28000,1000,1.1208701133728027,top_quantile,0.2937797000004138,0.5694010599999999,0.3333333333333333,0.5,,16.0,,6.0,1,ours_student_pkg_ctpt,good_count,36.0,78.0,10000.0,64.0,4.0,1786105.677236,2.799386432575201,2.80927,5.61854,1786105.677236,446526.419309,235320.0,10.0,0.0,10.0,10.0,2500.0,4.0,,,44,paper\main_text_experiments\runs\ratio_downstream_5k\ratio_0p02_seed_44,0.02,100,5000
hatespeech,kmeans_center,market_random_select,144,100,10,0.1,0.2560425996780395,-0.2560425996780395,4.412949056131765e-05,0.0339996516704559,0,baseline_feature,0,0,1,5000,28000,1000,1.1208701133728027,top_quantile,0.2960524999998597,0.55828256,0.3333333333333333,0.5,10.0,72.0,,3.0,0,,good_count,10.0,15.0,,,,,,,,,,,,,,,,,,,44,paper\main_text_experiments\runs\ratio_downstream_5k\ratio_0p02_seed_44,0.02,100,5000
hatespeech,kmeans_center,market_cosine_select,144,100,54,0.54,1.4200786352157593,-1.4200786352157593,0.0001867973769549,0.0485464110970497,0,baseline_feature,0,0,1,5000,28000,1000,1.1208701133728027,top_quantile,0.2439760000006572,0.5590269999999999,0.3333333333333333,0.5,,44.0,,43.0,0,,good_count,54.0,6.0,,,,,,,,,,,,,,,,,4.0,3.0,44,paper\main_text_experiments\runs\ratio_downstream_5k\ratio_0p02_seed_44,0.02,100,5000
hatespeech,kmeans_center,market_coreset_select,144,100,27,0.27,-0.2285457551479339,0.2285457551479339,0.0001591479813214,-0.0371895283460617,0,baseline_feature,0,0,1,5000,28000,1000,1.1208701133728027,top_quantile,0.2201282000005449,0.53980486,0.3333333333333333,0.5,73.0,,26.0,,0,,good_count,27.0,,,,,,,,,,,,,,,,,,,1.0,44,paper\main_text_experiments\runs\ratio_downstream_5k\ratio_0p02_seed_44,0.02,100,5000
hatespeech,kmeans_center,market_badge_select,144,100,27,0.27,-0.2285457402467727,0.2285457402467727,0.0001591479813214,-0.0371895283460617,0,baseline_model_based,1,0,1,5000,28000,1000,1.1208701133728027,top_quantile,0.2271371000006183,0.56572512,0.3333333333333333,0.5,73.0,,26.0,,0,,good_count,27.0,,,,,,,,,,,,,,,,,,,1.0,44,paper\main_text_experiments\runs\ratio_downstream_5k\ratio_0p02_seed_44,0.02,100,5000
hatespeech,kmeans_center,market_kmeans_center_select,144,100,16,0.16,1.3298994302749634,-1.3298994302749634,0.0001582861004862,0.053939338773489,0,baseline_feature,0,0,1,5000,28000,1000,1.1208701133728027,top_quantile,0.2268313000004127,0.5620801,0.3333333333333333,0.5,,78.0,,2.0,0,,good_count,16.0,20.0,,,,,,,,,,,,,,,,,,,44,paper\main_text_experiments\runs\ratio_downstream_5k\ratio_0p02_seed_44,0.02,100,5000
hatespeech,kmeans_center,market_typiclust_select,144,100,8,0.08,1.3387058973312378,-1.3387058973312378,0.0001120483866543,0.0717198103666305,1,baseline_feature,0,0,1,5000,28000,1000,1.1208701133728027,top_quantile,0.2307311000004119,0.54222328,0.3333333333333333,0.5,,80.0,,,0,,good_count,8.0,20.0,,,,,,,,,,,,,,,,,,,44,paper\main_text_experiments\runs\ratio_downstream_5k\ratio_0p02_seed_44,0.02,100,5000
hatespeech,kmeans_center,ours_kernel_ridge_student,144,100,35,0.35,1.698511242866516,-1.698511242866516,0.0002038645761786,0.0583963394165039,0,online_student,0,0,1,5000,28000,1000,1.1208701133728027,top_quantile,0.2144233000008171,0.5537363,0.3333333333333333,0.5,,68.0,,5.0,1,ours_student_row_ctpt,good_count,35.0,27.0,10000.0,64.0,4.0,92931.597765,53.80301340178943,53.80903000000001,107.61806,92931.597765,92931.597765,705941.0,192.0,0.0,192.0,192.0,10000.0,1.0,,,44,paper\main_text_experiments\runs\ratio_downstream_5k\ratio_0p02_seed_44,0.02,100,5000
hatespeech,kmeans_center,ours_sample_package_krr,144,100,35,0.35,1.698511242866516,-1.698511242866516,0.0002038645761786,0.0583963394165039,0,online_student,0,1,4,1250,28000,1000,1.1208701133728027,top_quantile,0.232445299999199,0.56617858,0.3333333333333333,0.5,,68.0,,5.0,1,ours_student_pkg_ctpt,good_count,35.0,27.0,10000.0,64.0,4.0,1786105.677236,2.799386432575201,2.80927,5.61854,1786105.677236,446526.419309,235320.0,10.0,0.0,10.0,10.0,2500.0,4.0,,,44,paper\main_text_experiments\runs\ratio_downstream_5k\ratio_0p02_seed_44,0.02,100,5000
hatespeech,uncertainty_badge,market_random_select,144,100,10,0.1,0.0427727028727531,-0.0427727028727531,4.804789932677522e-05,0.0201095920056104,0,baseline_feature,0,0,1,5000,28000,1000,1.1208701133728027,top_quantile,0.2894211000002542,0.56315192,0.3333333333333333,0.5,12.0,4.0,,72.0,0,,good_count,10.0,2.0,,,,,,,,,,,,,,,,,10.0,,44,paper\main_text_experiments\runs\ratio_downstream_5k\ratio_0p02_seed_44,0.02,100,5000
hatespeech,uncertainty_badge,market_cosine_select,144,100,0,0.0,-1.312606692314148,1.312606692314148,-1.399576649419032e-05,-0.0356951914727687,1,baseline_feature,0,0,1,5000,28000,1000,1.1208701133728027,top_quantile,0.1986854999995557,0.5672390199999999,0.3333333333333333,0.5,,,,,0,,good_count,0.0,,,,,,,,,,,,,,,,,,100.0,,44,paper\main_text_experiments\runs\ratio_downstream_5k\ratio_0p02_seed_44,0.02,100,5000
hatespeech,uncertainty_badge,market_coreset_select,144,100,0,0.0,-1.017492651939392,1.017492651939392,-3.2311676477547735e-05,-0.0116595663130283,1,baseline_feature,0,0,1,5000,28000,1000,1.1208701133728027,top_quantile,0.3870833999999377,0.5651402400000001,0.3333333333333333,0.5,85.0,,,,0,,good_count,0.0,,,,,,,,,,,,,,,,,,15.0,,44,paper\main_text_experiments\runs\ratio_downstream_5k\ratio_0p02_seed_44,0.02,100,5000
hatespeech,uncertainty_badge,market_badge_select,144,100,0,0.0,-1.03839910030365,1.03839910030365,-3.4098626201739535e-05,-0.0122104072943329,1,baseline_model_based,1,0,1,5000,28000,1000,1.1208701133728027,top_quantile,0.4695785000003525,0.56664102,0.3333333333333333,0.5,37.0,,,,0,,good_count,0.0,,,,,,,,,,,,,,,,,,63.0,,44,paper\main_text_experiments\runs\ratio_downstream_5k\ratio_0p02_seed_44,0.02,100,5000
hatespeech,uncertainty_badge,market_kmeans_center_select,144,100,73,0.73,2.675714492797852,-2.675714492797852,0.0002894627978093,0.0833692774176597,0,baseline_feature,0,0,1,5000,28000,1000,1.1208701133728027,top_quantile,0.2555222000000867,0.5623227,0.3333333333333333,0.5,,30.0,,29.0,0,,good_count,73.0,41.0,,,,,,,,,,,,,,,,,,,44,paper\main_text_experiments\runs\ratio_downstream_5k\ratio_0p02_seed_44,0.02,100,5000
hatespeech,uncertainty_badge,market_typiclust_select,144,100,53,0.53,2.3640506267547607,-2.3640506267547607,0.0002409344888292,0.0833321213722229,0,baseline_feature,0,0,1,5000,28000,1000,1.1208701133728027,top_quantile,0.2346229000004314,0.5424608799999999,0.3333333333333333,0.5,,21.0,,47.0,0,,good_count,53.0,30.0,,,,,,,,,,,,,,,,,2.0,,44,paper\main_text_experiments\runs\ratio_downstream_5k\ratio_0p02_seed_44,0.02,100,5000
hatespeech,uncertainty_badge,ours_kernel_ridge_student,144,100,79,0.79,2.8724498748779297,-2.8724498748779297,0.0003228932619094,0.0823480859398841,0,online_student,0,0,1,5000,28000,1000,1.1208701133728027,top_quantile,0.2334037000000535,0.5496288,0.3333333333333333,0.5,,30.0,,30.0,1,ours_student_row_ctpt,good_count,79.0,40.0,10000.0,64.0,4.0,92931.597765,53.80301340178943,53.80903000000001,107.61806,92931.597765,92931.597765,705941.0,192.0,0.0,192.0,192.0,10000.0,1.0,,,44,paper\main_text_experiments\runs\ratio_downstream_5k\ratio_0p02_seed_44,0.02,100,5000
hatespeech,uncertainty_badge,ours_sample_package_krr,144,100,79,0.79,2.8724498748779297,-2.8724498748779297,0.0003228932619094,0.0823480859398841,0,online_student,0,1,4,1250,28000,1000,1.1208701133728027,top_quantile,0.2419012999998813,0.56679184,0.3333333333333333,0.5,,30.0,,30.0,1,ours_student_pkg_ctpt,good_count,79.0,40.0,10000.0,64.0,4.0,1786105.677236,2.799386432575201,2.80927,5.61854,1786105.677236,446526.419309,235320.0,10.0,0.0,10.0,10.0,2500.0,4.0,,,44,paper\main_text_experiments\runs\ratio_downstream_5k\ratio_0p02_seed_44,0.02,100,5000
hatespeech,cosine,market_random_select,144,100,10,0.1,-0.3666016459465027,0.3666016459465027,2.127289690179168e-06,0.0134052159264683,0,baseline_feature,0,0,1,5000,28000,1000,1.1208701133728027,top_quantile,0.2276486000000659,0.5624431799999999,0.3333333333333333,0.5,,4.0,,12.0,0,,good_count,10.0,16.0,,,,,,,,,,,,,,,,,68.0,,44,paper\main_text_experiments\runs\ratio_downstream_5k\ratio_0p02_seed_44,0.02,100,5000
hatespeech,cosine,market_cosine_select,144,100,0,0.0,-0.4867683351039886,0.4867683351039886,9.88364263321273e-06,0.0035067931748926,1,baseline_feature,0,0,1,5000,28000,1000,1.1208701133728027,top_quantile,0.2197564999996757,0.56266432,0.3333333333333333,0.5,,,,,0,,good_count,0.0,,,,,,,,,,,,,,,,,,100.0,,44,paper\main_text_experiments\runs\ratio_downstream_5k\ratio_0p02_seed_44,0.02,100,5000
hatespeech,cosine,market_coreset_select,144,100,24,0.24,0.3989213705062866,-0.3989213705062866,0.0001694512320682,-0.0044761942699551,0,baseline_feature,0,0,1,5000,28000,1000,1.1208701133728027,top_quantile,0.2231041000004552,0.5569196599999999,0.3333333333333333,0.5,,,24.0,,0,,good_count,24.0,,,,,,,,,,,,,,,,,,76.0,,44,paper\main_text_experiments\runs\ratio_downstream_5k\ratio_0p02_seed_44,0.02,100,5000
hatespeech,cosine,market_badge_select,144,100,24,0.24,0.277955412864685,-0.277955412864685,0.0001621818519197,-0.0088098645210266,0,baseline_model_based,1,0,1,5000,28000,1000,1.1208701133728027,top_quantile,0.2226800999997067,0.56809722,0.3333333333333333,0.5,,,24.0,,0,,good_count,24.0,,,,,,,,,,,,,,,,,,76.0,,44,paper\main_text_experiments\runs\ratio_downstream_5k\ratio_0p02_seed_44,0.02,100,5000
hatespeech,cosine,market_kmeans_center_select,144,100,63,0.63,1.0361669063568115,-1.0361669063568115,0.0001531654561404,0.0387365110218524,0,baseline_feature,0,0,1,5000,28000,1000,1.1208701133728027,top_quantile,0.2576850000004924,0.56637738,0.3333333333333333,0.5,,28.0,,4.0,0,,good_count,63.0,56.0,,,,,,,,,,,,,,,,,12.0,,44,paper\main_text_experiments\runs\ratio_downstream_5k\ratio_0p02_seed_44,0.02,100,5000
hatespeech,cosine,market_typiclust_select,144,100,32,0.32,0.4288090467453003,-0.4288090467453003,5.1487088057911023e-05,0.0413186773657798,0,baseline_feature,0,0,1,5000,28000,1000,1.1208701133728027,top_quantile,0.3027636000006168,0.5473028,0.3333333333333333,0.5,,15.0,,2.0,0,,good_count,32.0,27.0,,,,,,,,,,,,,,,,,56.0,,44,paper\main_text_experiments\runs\ratio_downstream_5k\ratio_0p02_seed_44,0.02,100,5000
hatespeech,cosine,ours_kernel_ridge_student,144,100,83,0.83,2.069575786590576,-2.069575786590576,0.000261697161477,0.0584199912846088,0,online_student,0,0,1,5000,28000,1000,1.1208701133728027,top_quantile,0.3354429999999411,0.5554812,0.3333333333333333,0.5,,33.0,,11.0,1,ours_student_row_ctpt,good_count,83.0,56.0,10000.0,64.0,4.0,92931.597765,53.80301340178943,53.80903000000001,107.61806,92931.597765,92931.597765,705941.0,192.0,0.0,192.0,192.0,10000.0,1.0,,,44,paper\main_text_experiments\runs\ratio_downstream_5k\ratio_0p02_seed_44,0.02,100,5000
hatespeech,cosine,ours_sample_package_krr,144,100,83,0.83,2.069575786590576,-2.069575786590576,0.000261697161477,0.0584199912846088,0,online_student,0,1,4,1250,28000,1000,1.1208701133728027,top_quantile,0.2961575999997876,0.5659099000000001,0.3333333333333333,0.5,,33.0,,11.0,1,ours_student_pkg_ctpt,good_count,83.0,56.0,10000.0,64.0,4.0,1786105.677236,2.799386432575201,2.80927,5.61854,1786105.677236,446526.419309,235320.0,10.0,0.0,10.0,10.0,2500.0,4.0,,,44,paper\main_text_experiments\runs\ratio_downstream_5k\ratio_0p02_seed_44,0.02,100,5000
hatespeech,all_average,market_random_select,144,100,10,0.1,-1.0124099254608154,1.0124099254608154,-7.839262252673507e-05,0.0058454042300581,0,baseline_feature,0,0,1,5000,28000,1000,1.1208701133728027,top_quantile,0.3823114999995596,0.56546774,0.3333333333333333,0.5,18.0,18.0,12.0,9.0,0,,good_count,10.0,23.0,,,,,,,,,,,,,,,,,20.0,,44,paper\main_text_experiments\runs\ratio_downstream_5k\ratio_0p02_seed_44,0.02,100,5000
hatespeech,all_average,market_cosine_select,144,100,0,0.0,-1.5184708833694458,1.5184708833694458,-3.5106539144180715e-05,-0.0398066788911819,1,baseline_feature,0,0,1,5000,28000,1000,1.1208701133728027,top_quantile,0.2801667000003363,0.56929522,0.3333333333333333,0.5,,,,,0,,good_count,0.0,,,,,,,,,,,,,,,,,,100.0,,44,paper\main_text_experiments\runs\ratio_downstream_5k\ratio_0p02_seed_44,0.02,100,5000
hatespeech,all_average,market_coreset_select,144,100,0,0.0,-2.353269100189209,2.353269100189209,-0.0004074359021615,0.0505969226360321,1,baseline_feature,0,0,1,5000,28000,1000,1.1208701133728027,top_quantile,0.3409730000003037,0.5592021,0.3333333333333333,0.5,,,100.0,,0,,good_count,0.0,,,,,,,,,,,,,,,,,,,,44,paper\main_text_experiments\runs\ratio_downstream_5k\ratio_0p02_seed_44,0.02,100,5000
hatespeech,all_average,market_badge_select,144,100,1,0.01,-2.167345762252808,2.167345762252808,-0.0003806948661804,0.0514438897371292,1,baseline_model_based,1,0,1,5000,28000,1000,1.1208701133728027,top_quantile,0.4241304999995918,0.56479138,0.3333333333333333,0.5,,,100.0,,0,,good_count,1.0,,,,,,,,,,,,,,,,,,,,44,paper\main_text_experiments\runs\ratio_downstream_5k\ratio_0p02_seed_44,0.02,100,5000
hatespeech,all_average,market_kmeans_center_select,144,100,7,0.07,-0.6596668362617493,0.6596668362617493,-2.227902405138593e-05,0.0054434579797089,1,baseline_feature,0,0,1,5000,28000,1000,1.1208701133728027,top_quantile,0.3464919999996709,0.5666310400000001,0.3333333333333333,0.5,,41.0,,5.0,0,,good_count,7.0,50.0,,,,,,,,,,,,,,,,,4.0,,44,paper\main_text_experiments\runs\ratio_downstream_5k\ratio_0p02_seed_44,0.02,100,5000
hatespeech,all_average,market_typiclust_select,144,100,2,0.02,0.2353082597255706,-0.2353082597255706,-1.8114447811967693e-05,0.0560363344848156,1,baseline_feature,0,0,1,5000,28000,1000,1.1208701133728027,top_quantile,0.2858946000005744,0.53965746,0.3333333333333333,0.5,,40.0,,1.0,0,,good_count,2.0,38.0,,,,,,,,,,,,,,,,,21.0,,44,paper\main_text_experiments\runs\ratio_downstream_5k\ratio_0p02_seed_44,0.02,100,5000
hatespeech,all_average,ours_kernel_ridge_student,144,100,60,0.6,0.6379241347312927,-0.6379241347312927,0.0001368039811495,0.0216419696807861,0,online_student,0,0,1,5000,28000,1000,1.1208701133728027,top_quantile,0.2677413999999771,0.5545334399999999,0.3333333333333333,0.5,,38.0,,15.0,1,ours_student_row_ctpt,good_count,60.0,47.0,10000.0,64.0,4.0,92931.597765,53.80301340178943,53.80903000000001,107.61806,92931.597765,92931.597765,705941.0,192.0,0.0,192.0,192.0,10000.0,1.0,,,44,paper\main_text_experiments\runs\ratio_downstream_5k\ratio_0p02_seed_44,0.02,100,5000
hatespeech,all_average,ours_sample_package_krr,144,100,60,0.6,0.6379241347312927,-0.6379241347312927,0.0001368039811495,0.0216419696807861,0,online_student,0,1,4,1250,28000,1000,1.1208701133728027,top_quantile,0.2837986000004093,0.5659913400000001,0.3333333333333333,0.5,,38.0,,15.0,1,ours_student_pkg_ctpt,good_count,60.0,47.0,10000.0,64.0,4.0,1786105.677236,2.799386432575201,2.80927,5.61854,1786105.677236,446526.419309,235320.0,10.0,0.0,10.0,10.0,2500.0,4.0,,,44,paper\main_text_experiments\runs\ratio_downstream_5k\ratio_0p02_seed_44,0.02,100,5000
mscoco,noise,market_random_select,244,100,7,0.07,-0.1834765970706939,0.1834765970706939,-5.543232006743892e-08,0.0004413282731547,1,baseline_feature,0,0,1,5000,28000,1000,0.96003395318985,top_quantile,0.2687567000002673,0.8910851875,0.3333333333333333,0.5,14.0,,70.0,10.0,0,,good_count,7.0,,,,,,,,,,,,,,,,,,2.0,4.0,44,paper\main_text_experiments\runs\ratio_downstream_5k\ratio_0p02_seed_44,0.02,100,5000
mscoco,noise,market_cosine_select,244,100,100,1.0,3.3623123168945312,-3.3623123168945312,1.0269880021951394e-06,0.0064930175431072,0,baseline_feature,0,0,1,5000,28000,1000,0.96003395318985,top_quantile,0.3254948000003423,0.8462630937500001,0.3333333333333333,0.5,,,,,0,,good_count,100.0,,,,,,,,,,,,,,,,,,,100.0,44,paper\main_text_experiments\runs\ratio_downstream_5k\ratio_0p02_seed_44,0.02,100,5000
mscoco,noise,market_coreset_select,244,100,0,0.0,0.1808988004922866,-0.1808988004922866,5.364418242947977e-09,0.0011871214956045,1,baseline_feature,0,0,1,5000,28000,1000,0.96003395318985,top_quantile,0.3555445000001782,0.904254375,0.3333333333333333,0.5,,,100.0,,0,,good_count,0.0,,,,,,,,,,,,,,,,,,,,44,paper\main_text_experiments\runs\ratio_downstream_5k\ratio_0p02_seed_44,0.02,100,5000
mscoco,noise,market_badge_select,244,100,0,0.0,0.1977844685316085,-0.1977844685316085,1.430511442634952e-08,0.001206639688462,1,baseline_model_based,1,0,1,5000,28000,1000,0.96003395318985,top_quantile,0.2810971999997491,0.8683828437500001,0.3333333333333333,0.5,,,100.0,,0,,good_count,0.0,,,,,,,,,,,,,,,,,,,,44,paper\main_text_experiments\runs\ratio_downstream_5k\ratio_0p02_seed_44,0.02,100,5000
mscoco,noise,market_kmeans_center_select,244,100,91,0.91,3.002706289291382,-3.002706289291382,1.965165211004205e-06,0.003304790938273,0,baseline_feature,0,0,1,5000,28000,1000,0.96003395318985,top_quantile,0.257189400000243,0.873294,0.3333333333333333,0.5,,13.0,,20.0,0,,good_count,91.0,16.0,,,,,,,,,,,,,,,,,18.0,33.0,44,paper\main_text_experiments\runs\ratio_downstream_5k\ratio_0p02_seed_44,0.02,100,5000
mscoco,noise,market_typiclust_select,244,100,94,0.94,3.0544795989990234,-3.0544795989990234,2.041459083557129e-06,0.0032445502001792,0,baseline_feature,0,0,1,5000,28000,1000,0.96003395318985,top_quantile,0.2782381000006353,0.8691361875,0.3333333333333333,0.5,,15.0,,15.0,0,,good_count,94.0,17.0,,,,,,,,,,,,,,,,,23.0,30.0,44,paper\main_text_experiments\runs\ratio_downstream_5k\ratio_0p02_seed_44,0.02,100,5000
mscoco,noise,ours_kernel_ridge_student,244,100,98,0.98,3.561028480529785,-3.561028480529785,8.082390081654012e-07,0.0075185922905802,0,online_student,0,0,1,5000,28000,1000,0.96003395318985,top_quantile,0.2963644999999815,0.87352715625,0.3333333333333333,0.5,,,2.0,,1,ours_student_row_ctpt,good_count,98.0,,10000.0,64.0,4.0,92931.597765,53.80301340178943,53.80903000000001,107.61806,92931.597765,92931.597765,705941.0,192.0,0.0,192.0,192.0,10000.0,1.0,23.0,75.0,44,paper\main_text_experiments\runs\ratio_downstream_5k\ratio_0p02_seed_44,0.02,100,5000
mscoco,noise,ours_sample_package_krr,244,100,98,0.98,3.561028480529785,-3.561028480529785,8.082390081654012e-07,0.0075185922905802,0,online_student,0,1,4,1250,28000,1000,0.96003395318985,top_quantile,0.2508945999998104,0.86566690625,0.3333333333333333,0.5,,,2.0,,1,ours_student_pkg_ctpt,good_count,98.0,,10000.0,64.0,4.0,1786105.677236,2.799386432575201,2.80927,5.61854,1786105.677236,446526.419309,235320.0,10.0,0.0,10.0,10.0,2500.0,4.0,23.0,75.0,44,paper\main_text_experiments\runs\ratio_downstream_5k\ratio_0p02_seed_44,0.02,100,5000
mscoco,coreset_far_wrong,market_random_select,244,100,7,0.07,-0.3651971817016601,0.3651971817016601,-1.6868114016688199e-07,0.0002731157001107,1,baseline_feature,0,0,1,5000,28000,1000,0.96003395318985,top_quantile,0.2415718000002016,0.90567371875,0.3333333333333333,0.5,70.0,,14.0,10.0,0,,good_count,7.0,,,,,,,,,,,,,,,,,,2.0,4.0,44,paper\main_text_experiments\runs\ratio_downstream_5k\ratio_0p02_seed_44,0.02,100,5000
mscoco,coreset_far_wrong,market_cosine_select,244,100,100,1.0,3.3623123168945312,-3.3623123168945312,1.0269880021951394e-06,0.0064930175431072,0,baseline_feature,0,0,1,5000,28000,1000,0.96003395318985,top_quantile,0.2272182999995493,0.8462630937500001,0.3333333333333333,0.5,,,,,0,,good_count,100.0,,,,,,,,,,,,,,,,,,,100.0,44,paper\main_text_experiments\runs\ratio_downstream_5k\ratio_0p02_seed_44,0.02,100,5000
mscoco,coreset_far_wrong,market_coreset_select,244,100,0,0.0,-0.9863197803497314,0.9863197803497314,-2.825260025929311e-07,-0.0009730992605909,1,baseline_feature,0,0,1,5000,28000,1000,0.96003395318985,top_quantile,0.2692617000002428,0.8924591562499999,0.3333333333333333,0.5,,,100.0,,0,,good_count,0.0,,,,,,,,,,,,,,,,,,,,44,paper\main_text_experiments\runs\ratio_downstream_5k\ratio_0p02_seed_44,0.02,100,5000
mscoco,coreset_far_wrong,market_badge_select,244,100,0,0.0,-0.8990620970726013,0.8990620970726013,-2.413988227090158e-07,-0.0008597722626291,1,baseline_model_based,1,0,1,5000,28000,1000,0.96003395318985,top_quantile,0.2135582999999314,0.8295313124999999,0.3333333333333333,0.5,,,100.0,,0,,good_count,0.0,,,,,,,,,,,,,,,,,,,,44,paper\main_text_experiments\runs\ratio_downstream_5k\ratio_0p02_seed_44,0.02,100,5000
mscoco,coreset_far_wrong,market_kmeans_center_select,244,100,91,0.91,3.002706289291382,-3.002706289291382,1.965165211004205e-06,0.003304790938273,0,baseline_feature,0,0,1,5000,28000,1000,0.96003395318985,top_quantile,0.2255279999999402,0.873294,0.3333333333333333,0.5,,13.0,,20.0,0,,good_count,91.0,16.0,,,,,,,,,,,,,,,,,18.0,33.0,44,paper\main_text_experiments\runs\ratio_downstream_5k\ratio_0p02_seed_44,0.02,100,5000
mscoco,coreset_far_wrong,market_typiclust_select,244,100,94,0.94,3.0544795989990234,-3.0544795989990234,2.041459083557129e-06,0.0032445502001792,0,baseline_feature,0,0,1,5000,28000,1000,0.96003395318985,top_quantile,0.2230437999996866,0.8691361875,0.3333333333333333,0.5,,15.0,,15.0,0,,good_count,94.0,17.0,,,,,,,,,,,,,,,,,23.0,30.0,44,paper\main_text_experiments\runs\ratio_downstream_5k\ratio_0p02_seed_44,0.02,100,5000
mscoco,coreset_far_wrong,ours_kernel_ridge_student,244,100,100,1.0,3.5816469192504883,-3.5816469192504883,8.481740678689675e-07,0.0074711386114358,0,online_student,0,0,1,5000,28000,1000,0.96003395318985,top_quantile,0.2909859999999753,0.8694310312500001,0.3333333333333333,0.5,,,,,1,ours_student_row_ctpt,good_count,100.0,,10000.0,64.0,4.0,92931.597765,53.80301340178943,53.80903000000001,107.61806,92931.597765,92931.597765,705941.0,192.0,0.0,192.0,192.0,10000.0,1.0,23.0,77.0,44,paper\main_text_experiments\runs\ratio_downstream_5k\ratio_0p02_seed_44,0.02,100,5000
mscoco,coreset_far_wrong,ours_sample_package_krr,244,100,100,1.0,3.5816469192504883,-3.5816469192504883,8.481740678689675e-07,0.0074711386114358,0,online_student,0,1,4,1250,28000,1000,0.96003395318985,top_quantile,0.2178508999995756,0.85771596875,0.3333333333333333,0.5,,,,,1,ours_student_pkg_ctpt,good_count,100.0,,10000.0,64.0,4.0,1786105.677236,2.799386432575201,2.80927,5.61854,1786105.677236,446526.419309,235320.0,10.0,0.0,10.0,10.0,2500.0,4.0,23.0,77.0,44,paper\main_text_experiments\runs\ratio_downstream_5k\ratio_0p02_seed_44,0.02,100,5000
mscoco,typiclust_dense,market_random_select,244,100,7,0.07,-0.3979213237762451,0.3979213237762451,7.748603536583687e-09,-0.0002407068241154,1,baseline_feature,0,0,1,5000,28000,1000,0.96003395318985,top_quantile,0.2799887000001035,0.8950314375,0.3333333333333333,0.5,,14.0,2.0,,0,,good_count,7.0,70.0,,,,,,,,,,,,,,,,,11.0,3.0,44,paper\main_text_experiments\runs\ratio_downstream_5k\ratio_0p02_seed_44,0.02,100,5000
mscoco,typiclust_dense,market_cosine_select,244,100,100,1.0,3.289978265762329,-3.289978265762329,9.053945291270792e-07,0.0066140335984528,0,baseline_feature,0,0,1,5000,28000,1000,0.96003395318985,top_quantile,0.2531143999995038,0.8564490625,0.3333333333333333,0.5,,,,,0,,good_count,100.0,,,,,,,,,,,,,,,,,,,100.0,44,paper\main_text_experiments\runs\ratio_downstream_5k\ratio_0p02_seed_44,0.02,100,5000
mscoco,typiclust_dense,market_coreset_select,244,100,99,0.99,2.5596837997436523,-2.5596837997436523,8.606910455455363e-07,0.0049297586083412,0,baseline_feature,0,0,1,5000,28000,1000,0.96003395318985,top_quantile,0.280542499999683,0.90759796875,0.3333333333333333,0.5,13.0,,80.0,,0,,good_count,99.0,,,,,,,,,,,,,,,,,,1.0,6.0,44,paper\main_text_experiments\runs\ratio_downstream_5k\ratio_0p02_seed_44,0.02,100,5000
mscoco,typiclust_dense,market_badge_select,244,100,98,0.98,2.5911386013031006,-2.5911386013031006,8.714198997950007e-07,0.0049806754104793,0,baseline_model_based,1,0,1,5000,28000,1000,0.96003395318985,top_quantile,0.2250078999995821,0.873062625,0.3333333333333333,0.5,,,80.0,,0,,good_count,98.0,,,,,,,,,,,,,,,,,,6.0,14.0,44,paper\main_text_experiments\runs\ratio_downstream_5k\ratio_0p02_seed_44,0.02,100,5000
mscoco,typiclust_dense,market_kmeans_center_select,244,100,0,0.0,-0.5324490666389465,0.5324490666389465,-1.4185906138663998e-07,-0.0002036606019828,1,baseline_feature,0,0,1,5000,28000,1000,0.96003395318985,top_quantile,0.3484828999999081,0.8571784062500001,0.3333333333333333,0.5,,26.0,,,0,,good_count,0.0,73.0,,,,,,,,,,,,,,,,,1.0,,44,paper\main_text_experiments\runs\ratio_downstream_5k\ratio_0p02_seed_44,0.02,100,5000
mscoco,typiclust_dense,market_typiclust_select,244,100,0,0.0,-0.5533874034881592,0.5533874034881592,-4.4703483581542975e-08,-0.0004937784397043,1,baseline_feature,0,0,1,5000,28000,1000,0.96003395318985,top_quantile,0.2074726999999256,0.85911665625,0.3333333333333333,0.5,,29.0,,,0,,good_count,0.0,71.0,,,,,,,,,,,,,,,,,,,44,paper\main_text_experiments\runs\ratio_downstream_5k\ratio_0p02_seed_44,0.02,100,5000
mscoco,typiclust_dense,ours_kernel_ridge_student,244,100,96,0.96,3.178851366043091,-3.178851366043091,5.662441253662109e-07,0.0071742110885679,0,online_student,0,0,1,5000,28000,1000,0.96003395318985,top_quantile,0.2307356999999683,0.8712199062500001,0.3333333333333333,0.5,1.0,,1.0,,1,ours_student_row_ctpt,good_count,96.0,,10000.0,64.0,4.0,92931.597765,53.80301340178943,53.80903000000001,107.61806,92931.597765,92931.597765,705941.0,192.0,0.0,192.0,192.0,10000.0,1.0,24.0,74.0,44,paper\main_text_experiments\runs\ratio_downstream_5k\ratio_0p02_seed_44,0.02,100,5000
mscoco,typiclust_dense,ours_sample_package_krr,244,100,96,0.96,3.178851366043091,-3.178851366043091,5.662441253662109e-07,0.0071742110885679,0,online_student,0,1,4,1250,28000,1000,0.96003395318985,top_quantile,0.2124742000005426,0.8408555,0.3333333333333333,0.5,1.0,,1.0,,1,ours_student_pkg_ctpt,good_count,96.0,,10000.0,64.0,4.0,1786105.677236,2.799386432575201,2.80927,5.61854,1786105.677236,446526.419309,235320.0,10.0,0.0,10.0,10.0,2500.0,4.0,24.0,74.0,44,paper\main_text_experiments\runs\ratio_downstream_5k\ratio_0p02_seed_44,0.02,100,5000
mscoco,kmeans_center,market_random_select,244,100,7,0.07,-0.444664716720581,0.444664716720581,5.9604645663569045e-09,-0.0003511469694785,1,baseline_feature,0,0,1,5000,28000,1000,0.96003395318985,top_quantile,0.1905293999998321,0.89737778125,0.3333333333333333,0.5,10.0,70.0,3.0,,0,,good_count,7.0,14.0,,,,,,,,,,,,,,,,,1.0,2.0,44,paper\main_text_experiments\runs\ratio_downstream_5k\ratio_0p02_seed_44,0.02,100,5000
mscoco,kmeans_center,market_cosine_select,244,100,100,1.0,3.1720094680786133,-3.1720094680786133,8.690357162777218e-07,0.0064135426655411,0,baseline_feature,0,0,1,5000,28000,1000,0.96003395318985,top_quantile,0.1879493000005823,0.8579616875,0.3333333333333333,0.5,,,,,0,,good_count,100.0,,,,,,,,,,,,,,,,,,,100.0,44,paper\main_text_experiments\runs\ratio_downstream_5k\ratio_0p02_seed_44,0.02,100,5000
mscoco,kmeans_center,market_coreset_select,244,100,71,0.71,1.52696430683136,-1.52696430683136,5.775689828624309e-07,0.0030882442370057,0,baseline_feature,0,0,1,5000,28000,1000,0.96003395318985,top_quantile,0.3393624000000272,0.901499125,0.3333333333333333,0.5,29.0,,69.0,,0,,good_count,71.0,,,,,,,,,,,,,,,,,,1.0,1.0,44,paper\main_text_experiments\runs\ratio_downstream_5k\ratio_0p02_seed_44,0.02,100,5000
mscoco,kmeans_center,market_badge_select,244,100,90,0.9,2.325561761856079,-2.325561761856079,7.557869139418472e-07,0.0046123135834932,0,baseline_model_based,1,0,1,5000,28000,1000,0.96003395318985,top_quantile,0.2377919000000474,0.8646797500000001,0.3333333333333333,0.5,10.0,,69.0,,0,,good_count,90.0,,,,,,,,,,,,,,,,,,3.0,18.0,44,paper\main_text_experiments\runs\ratio_downstream_5k\ratio_0p02_seed_44,0.02,100,5000
mscoco,kmeans_center,market_kmeans_center_select,244,100,0,0.0,-0.548312783241272,0.548312783241272,-1.5854836021844679e-07,-0.0002016324579017,1,baseline_feature,0,0,1,5000,28000,1000,0.96003395318985,top_quantile,0.2845562000002246,0.85580321875,0.3333333333333333,0.5,,64.0,,,0,,good_count,0.0,36.0,,,,,,,,,,,,,,,,,,,44,paper\main_text_experiments\runs\ratio_downstream_5k\ratio_0p02_seed_44,0.02,100,5000
mscoco,kmeans_center,market_typiclust_select,244,100,0,0.0,-0.5541513562202454,0.5541513562202454,-6.139278241334979e-08,-0.0004546552663668,1,baseline_feature,0,0,1,5000,28000,1000,0.96003395318985,top_quantile,0.3164559999995617,0.8663213750000001,0.3333333333333333,0.5,,61.0,,,0,,good_count,0.0,39.0,,,,,,,,,,,,,,,,,,,44,paper\main_text_experiments\runs\ratio_downstream_5k\ratio_0p02_seed_44,0.02,100,5000
mscoco,kmeans_center,ours_kernel_ridge_student,244,100,100,1.0,3.4638547897338867,-3.4638547897338867,6.389618079083448e-07,0.0076957261189818,0,online_student,0,0,1,5000,28000,1000,0.96003395318985,top_quantile,0.2527737000000343,0.86521840625,0.3333333333333333,0.5,1.0,,2.0,,1,ours_student_row_ctpt,good_count,100.0,,10000.0,64.0,4.0,92931.597765,53.80301340178943,53.80903000000001,107.61806,92931.597765,92931.597765,705941.0,192.0,0.0,192.0,192.0,10000.0,1.0,22.0,75.0,44,paper\main_text_experiments\runs\ratio_downstream_5k\ratio_0p02_seed_44,0.02,100,5000
mscoco,kmeans_center,ours_sample_package_krr,244,100,100,1.0,3.4638547897338867,-3.4638547897338867,6.389618079083448e-07,0.0076957261189818,0,online_student,0,1,4,1250,28000,1000,0.96003395318985,top_quantile,0.2065884000003279,0.8629846875,0.3333333333333333,0.5,1.0,,2.0,,1,ours_student_pkg_ctpt,good_count,100.0,,10000.0,64.0,4.0,1786105.677236,2.799386432575201,2.80927,5.61854,1786105.677236,446526.419309,235320.0,10.0,0.0,10.0,10.0,2500.0,4.0,22.0,75.0,44,paper\main_text_experiments\runs\ratio_downstream_5k\ratio_0p02_seed_44,0.02,100,5000
mscoco,uncertainty_badge,market_random_select,244,100,7,0.07,-0.1314186453819275,0.1314186453819275,6.318092005130893e-08,0.0002778238558676,1,baseline_feature,0,0,1,5000,28000,1000,0.96003395318985,top_quantile,0.1738178000005064,0.8990213750000001,0.4512952320443585,0.55825,14.0,,,71.0,0,,good_count,7.0,,,,,,,,,,,,,,,,,,11.0,4.0,44,paper\main_text_experiments\runs\ratio_downstream_5k\ratio_0p02_seed_44,0.02,100,5000
mscoco,uncertainty_badge,market_cosine_select,244,100,100,1.0,3.3623123168945312,-3.3623123168945312,1.0269880021951394e-06,0.0064930175431072,0,baseline_feature,0,0,1,5000,28000,1000,0.96003395318985,top_quantile,0.2442095000005792,0.8462630937500001,0.3333333333333333,0.5,,,,,0,,good_count,100.0,,,,,,,,,,,,,,,,,,,100.0,44,paper\main_text_experiments\runs\ratio_downstream_5k\ratio_0p02_seed_44,0.02,100,5000
mscoco,uncertainty_badge,market_coreset_select,244,100,1,0.01,-1.024071216583252,1.024071216583252,-1.370906801412275e-07,-0.0014231295790523,1,baseline_feature,0,0,1,5000,28000,1000,0.96003395318985,top_quantile,0.2680786999999327,0.87145259375,0.3333333333333333,0.5,94.0,,1.0,,0,,good_count,1.0,,,,,,,,,,,,,,,,,,5.0,,44,paper\main_text_experiments\runs\ratio_downstream_5k\ratio_0p02_seed_44,0.02,100,5000
mscoco,uncertainty_badge,market_badge_select,244,100,3,0.03,-1.045141339302063,1.045141339302063,-1.1384486953147645e-07,-0.001531999092549,1,baseline_model_based,1,0,1,5000,28000,1000,0.96003395318985,top_quantile,0.2188528000006044,0.8471065,0.3333333333333333,0.5,61.0,,1.0,,0,,good_count,3.0,,,,,,,,,,,,,,,,,,36.0,2.0,44,paper\main_text_experiments\runs\ratio_downstream_5k\ratio_0p02_seed_44,0.02,100,5000
mscoco,uncertainty_badge,market_kmeans_center_select,244,100,46,0.46,1.4737696647644043,-1.4737696647644043,9.584426834408075e-07,0.0020218798890709,0,baseline_feature,0,0,1,5000,28000,1000,0.96003395318985,top_quantile,0.3407196000007388,0.87417665625,0.3333333333333333,0.5,,11.0,,56.0,0,,good_count,46.0,14.0,,,,,,,,,,,,,,,,,7.0,12.0,44,paper\main_text_experiments\runs\ratio_downstream_5k\ratio_0p02_seed_44,0.02,100,5000
mscoco,uncertainty_badge,market_typiclust_select,244,100,63,0.63,2.0201525688171387,-2.0201525688171387,1.3279915265229647e-06,0.0024563039187341,0,baseline_feature,0,0,1,5000,28000,1000,0.96003395318985,top_quantile,0.2278352000002996,0.8705630625,0.3333333333333333,0.5,,14.0,,39.0,0,,good_count,63.0,16.0,,,,,,,,,,,,,,,,,15.0,16.0,44,paper\main_text_experiments\runs\ratio_downstream_5k\ratio_0p02_seed_44,0.02,100,5000
mscoco,uncertainty_badge,ours_kernel_ridge_student,244,100,99,0.99,3.5021228790283203,-3.5021228790283203,8.302927199110854e-07,0.0073197018355131,0,online_student,0,0,1,5000,28000,1000,0.96003395318985,top_quantile,0.2278151000000434,0.87493246875,0.3333333333333333,0.5,,,,,1,ours_student_row_ctpt,good_count,99.0,,10000.0,64.0,4.0,92931.597765,53.80301340178943,53.80903000000001,107.61806,92931.597765,92931.597765,705941.0,192.0,0.0,192.0,192.0,10000.0,1.0,24.0,76.0,44,paper\main_text_experiments\runs\ratio_downstream_5k\ratio_0p02_seed_44,0.02,100,5000
mscoco,uncertainty_badge,ours_sample_package_krr,244,100,99,0.99,3.5021228790283203,-3.5021228790283203,8.302927199110854e-07,0.0073197018355131,0,online_student,0,1,4,1250,28000,1000,0.96003395318985,top_quantile,0.2527129000000059,0.8609823437499999,0.3333333333333333,0.5,,,,,1,ours_student_pkg_ctpt,good_count,99.0,,10000.0,64.0,4.0,1786105.677236,2.799386432575201,2.80927,5.61854,1786105.677236,446526.419309,235320.0,10.0,0.0,10.0,10.0,2500.0,4.0,24.0,76.0,44,paper\main_text_experiments\runs\ratio_downstream_5k\ratio_0p02_seed_44,0.02,100,5000
mscoco,cosine,market_random_select,244,100,7,0.07,-0.2195373922586441,0.2195373922586441,9.059905892172537e-08,-6.012508947605966e-06,1,baseline_feature,0,0,1,5000,28000,1000,0.96003395318985,top_quantile,0.2827131000003646,0.8877988125,0.3333333333333333,0.5,1.0,1.0,3.0,9.0,0,,good_count,7.0,14.0,,,,,,,,,,,,,,,,,70.0,2.0,44,paper\main_text_experiments\runs\ratio_downstream_5k\ratio_0p02_seed_44,0.02,100,5000
mscoco,cosine,market_cosine_select,244,100,100,1.0,4.080240726470947,-4.080240726470947,1.859068902376748e-06,0.0062125832773745,0,baseline_feature,0,0,1,5000,28000,1000,0.96003395318985,top_quantile,0.2801324000001841,0.84599159375,0.3333333333333333,0.5,,,,,0,,good_count,100.0,,,,,,,,,,,,,,,,,,,100.0,44,paper\main_text_experiments\runs\ratio_downstream_5k\ratio_0p02_seed_44,0.02,100,5000
mscoco,cosine,market_coreset_select,244,100,100,1.0,2.414609670639038,-2.414609670639038,7.426738761751039e-07,0.0048632891848683,0,baseline_feature,0,0,1,5000,28000,1000,0.96003395318985,top_quantile,0.3083109999997759,0.8961949375,0.3333333333333333,0.5,,,100.0,,0,,good_count,100.0,,,,,,,,,,,,,,,,,,,,44,paper\main_text_experiments\runs\ratio_downstream_5k\ratio_0p02_seed_44,0.02,100,5000
mscoco,cosine,market_badge_select,244,100,100,1.0,2.4598493576049805,-2.4598493576049805,7.998943374332157e-07,0.0048338552005589,0,baseline_model_based,1,0,1,5000,28000,1000,0.96003395318985,top_quantile,0.3165438999994876,0.8521775312500001,0.3333333333333333,0.5,,,100.0,,0,,good_count,100.0,,,,,,,,,,,,,,,,,,,,44,paper\main_text_experiments\runs\ratio_downstream_5k\ratio_0p02_seed_44,0.02,100,5000
mscoco,cosine,market_kmeans_center_select,244,100,21,0.21,0.016907962039113,-0.016907962039113,3.463029827344144e-07,-5.332447472028434e-05,0,baseline_feature,0,0,1,5000,28000,1000,0.96003395318985,top_quantile,0.2202068000005965,0.86505484375,0.3333333333333333,0.5,,8.0,,,0,,good_count,21.0,65.0,,,,,,,,,,,,,,,,,24.0,3.0,44,paper\main_text_experiments\runs\ratio_downstream_5k\ratio_0p02_seed_44,0.02,100,5000
mscoco,cosine,market_typiclust_select,244,100,15,0.15,-0.5541502237319946,0.5541502237319946,1.1026859425555813e-07,-0.0008763681398704,0,baseline_feature,0,0,1,5000,28000,1000,0.96003395318985,top_quantile,0.2121950000000652,0.8733325000000001,0.3333333333333333,0.5,,6.0,,,0,,good_count,15.0,76.0,,,,,,,,,,,,,,,,,18.0,,44,paper\main_text_experiments\runs\ratio_downstream_5k\ratio_0p02_seed_44,0.02,100,5000
mscoco,cosine,ours_kernel_ridge_student,244,100,72,0.72,3.049844741821289,-3.049844741821289,7.545947937614983e-07,0.0063945674337446,0,online_student,0,0,1,5000,28000,1000,0.96003395318985,top_quantile,0.280337000000145,0.870161875,0.3333333333333333,0.5,1.0,,2.0,,1,ours_student_row_ctpt,good_count,72.0,,10000.0,64.0,4.0,92931.597765,53.80301340178943,53.80903000000001,107.61806,92931.597765,92931.597765,705941.0,192.0,0.0,192.0,192.0,10000.0,1.0,51.0,46.0,44,paper\main_text_experiments\runs\ratio_downstream_5k\ratio_0p02_seed_44,0.02,100,5000
mscoco,cosine,ours_sample_package_krr,244,100,72,0.72,3.049844741821289,-3.049844741821289,7.545947937614983e-07,0.0063945674337446,0,online_student,0,1,4,1250,28000,1000,0.96003395318985,top_quantile,0.2159118999998099,0.8560732187500001,0.3333333333333333,0.5,1.0,,2.0,,1,ours_student_pkg_ctpt,good_count,72.0,,10000.0,64.0,4.0,1786105.677236,2.799386432575201,2.80927,5.61854,1786105.677236,446526.419309,235320.0,10.0,0.0,10.0,10.0,2500.0,4.0,51.0,46.0,44,paper\main_text_experiments\runs\ratio_downstream_5k\ratio_0p02_seed_44,0.02,100,5000
mscoco,all_average,market_random_select,244,100,7,0.07,-0.8176085948944092,0.8176085948944092,-1.3530254250326834e-07,-0.0009203110821545,1,baseline_feature,0,0,1,5000,28000,1000,0.96003395318985,top_quantile,0.2606040999999095,0.8972170625,0.3333333333333333,0.5,11.0,14.0,21.0,18.0,0,,good_count,7.0,17.0,,,,,,,,,,,,,,,,,19.0,,44,paper\main_text_experiments\runs\ratio_downstream_5k\ratio_0p02_seed_44,0.02,100,5000
mscoco,all_average,market_cosine_select,244,100,100,1.0,3.923517465591431,-3.923517465591431,1.5997886748664314e-06,0.0064645307138562,0,baseline_feature,0,0,1,5000,28000,1000,0.96003395318985,top_quantile,0.2646428999996715,0.85117584375,0.3333333333333333,0.5,,,,,0,,good_count,100.0,,,,,,,,,,,,,,,,,,,100.0,44,paper\main_text_experiments\runs\ratio_downstream_5k\ratio_0p02_seed_44,0.02,100,5000
mscoco,all_average,market_coreset_select,244,100,7,0.07,-0.7299504280090332,0.7299504280090332,-2.831220626831055e-07,-0.0003418196283746,1,baseline_feature,0,0,1,5000,28000,1000,0.96003395318985,top_quantile,0.2941375000000334,0.8854641875,0.3333333333333333,0.5,,,100.0,,0,,good_count,7.0,,,,,,,,,,,,,,,,,,,,44,paper\main_text_experiments\runs\ratio_downstream_5k\ratio_0p02_seed_44,0.02,100,5000
mscoco,all_average,market_badge_select,244,100,6,0.06,-0.7876657247543335,0.7876657247543335,-3.0219555924304586e-07,-0.0004367498913779,1,baseline_model_based,1,0,1,5000,28000,1000,0.96003395318985,top_quantile,0.2946869999996124,0.86781403125,0.3333333333333333,0.5,,,100.0,,0,,good_count,6.0,,,,,,,,,,,,,,,,,,,,44,paper\main_text_experiments\runs\ratio_downstream_5k\ratio_0p02_seed_44,0.02,100,5000
mscoco,all_average,market_kmeans_center_select,244,100,4,0.04,-0.804686427116394,0.804686427116394,-2.92062765083756e-07,-0.0005034569767303,1,baseline_feature,0,0,1,5000,28000,1000,0.96003395318985,top_quantile,0.1896233999996184,0.85535,0.3333333333333333,0.5,,47.0,,,0,,good_count,4.0,52.0,,,,,,,,,,,,,,,,,1.0,,44,paper\main_text_experiments\runs\ratio_downstream_5k\ratio_0p02_seed_44,0.02,100,5000
mscoco,all_average,market_typiclust_select,244,100,0,0.0,-0.8560665249824524,0.8560665249824524,-1.7344952141229444e-07,-0.0009210752905346,1,baseline_feature,0,0,1,5000,28000,1000,0.96003395318985,top_quantile,0.1862111999998887,0.8701920624999999,0.3333333333333333,0.5,,44.0,,,0,,good_count,0.0,56.0,,,,,,,,,,,,,,,,,,,44,paper\main_text_experiments\runs\ratio_downstream_5k\ratio_0p02_seed_44,0.02,100,5000
mscoco,all_average,ours_kernel_ridge_student,244,100,89,0.89,3.0227303504943848,-3.0227303504943848,1.016259147945675e-06,0.0056851338595151,0,online_student,0,0,1,5000,28000,1000,0.96003395318985,top_quantile,0.1799310000005789,0.8633176875,0.3333333333333333,0.5,3.0,,4.0,3.0,1,ours_student_row_ctpt,good_count,89.0,,10000.0,64.0,4.0,92931.597765,53.80301340178943,53.80903000000001,107.61806,92931.597765,92931.597765,705941.0,192.0,0.0,192.0,192.0,10000.0,1.0,24.0,66.0,44,paper\main_text_experiments\runs\ratio_downstream_5k\ratio_0p02_seed_44,0.02,100,5000
mscoco,all_average,ours_sample_package_krr,244,100,89,0.89,3.0227303504943848,-3.0227303504943848,1.016259147945675e-06,0.0056851338595151,0,online_student,0,1,4,1250,28000,1000,0.96003395318985,top_quantile,0.1844434999993609,0.864772625,0.3333333333333333,0.5,3.0,,4.0,3.0,1,ours_student_pkg_ctpt,good_count,89.0,,10000.0,64.0,4.0,1786105.677236,2.799386432575201,2.80927,5.61854,1786105.677236,446526.419309,235320.0,10.0,0.0,10.0,10.0,2500.0,4.0,24.0,66.0,44,paper\main_text_experiments\runs\ratio_downstream_5k\ratio_0p02_seed_44,0.02,100,5000
