dataset,profile,method,seed,selected_rows,good_count,good_ratio,downstream_gain_mean,harm_score_mean,loss_reduction_mean,influence_gain_mean,collapse_to_single_digits,scoring_semantics,online_scoring_uses_downstream_model,sample_packaging_enabled,package_size,sample_packaging_stage,sample_package_summary,seller_packaging_rule,package_count,package_size_min,package_size_max,scored_objects,student_calibration_size,student_landmark_count,student_sigma2,student_exp_interval_min,student_exp_interval_max,student_exp_poly_degree,student_supervision,eval_time,test_auroc,test_macro_f1,test_acc,type_coreset_far_wrong_decoy,type_kmeans_center_decoy,type_noise_decoy,type_uncertainty_badge_decoy,ckks_simd_enabled,ckks_scheme,primary_metric,primary_metric_value,type_typiclust_dense_decoy,krr_poly4_score_max_abs_error,krr_poly4_top_budget_overlap,type_cosine_decoy,type_useful_clean,run_seed,run_dir
hateful_memes,noise,market_random_select,42,50,5,0.1,-0.3369303047657013,0.3369303047657013,-4.214644286548719e-05,0.0044390554539859,1,baseline_feature,0,0,1,none,none,none,5000,1,1,5000,28000,1000,0.9174745082855223,-4.0,0.0,4,top_quantile,0.0,,,,8.0,3.0,35.0,4.0,1,baseline_random_noop,good_count,5.0,,,,,,42,paper\main_text_experiments\runs\poly4_krr_main5k\seed_42
hateful_memes,noise,market_cosine_select,42,50,4,0.08,-1.389867663383484,1.389867663383484,-5.317568866303191e-05,-0.0210154112428426,1,baseline_feature,0,0,1,none,none,none,5000,1,1,5000,28000,1000,0.9174745082855223,-4.0,0.0,4,top_quantile,0.0,,,,,,,50.0,1,baseline_cosine_ctpt,good_count,4.0,,,,,,42,paper\main_text_experiments\runs\poly4_krr_main5k\seed_42
hateful_memes,noise,market_uncertainty_select,42,50,0,0.0,-0.3178862333297729,0.3178862333297729,-5.118250919622369e-05,0.0066649718210101,1,baseline_model_based,1,0,1,none,none,none,5000,1,1,5000,28000,1000,0.9174745082855223,-4.0,0.0,4,top_quantile,0.0,,,,,,50.0,,1,baseline_uncertainty_poly4_ctpt,good_count,0.0,,,,,,42,paper\main_text_experiments\runs\poly4_krr_main5k\seed_42
hateful_memes,noise,market_coreset_select,42,50,0,0.0,-0.2591672241687774,0.2591672241687774,-3.1801460863789544e-05,0.0044970517046749,1,baseline_feature,0,0,1,none,none,none,5000,1,1,5000,28000,1000,0.9174745082855223,-4.0,0.0,4,top_quantile,0.0,,,,,,50.0,,1,baseline_coreset_all_distances_ctpt,good_count,0.0,,,,,,42,paper\main_text_experiments\runs\poly4_krr_main5k\seed_42
hateful_memes,noise,market_badge_select,42,50,0,0.0,-0.3488440811634063,0.3488440811634063,-6.256342021515593e-05,0.0080302385613322,1,baseline_model_based,1,0,1,none,none,none,5000,1,1,5000,28000,1000,0.9174745082855223,-4.0,0.0,4,top_quantile,0.0,,,,,,50.0,,1,baseline_badge_components_poly4_ctpt,good_count,0.0,,,,,,42,paper\main_text_experiments\runs\poly4_krr_main5k\seed_42
hateful_memes,noise,market_kmeans_center_select,42,50,49,0.98,2.948336124420166,-2.948336124420166,0.0002768743142951,0.0294516999274492,0,baseline_feature,0,0,1,none,none,none,5000,1,1,5000,28000,1000,0.9174745082855223,-4.0,0.0,4,top_quantile,0.0,,,,,18.0,,3.0,1,baseline_kmeans_all_distances_ctpt,good_count,49.0,29.0,,,,,42,paper\main_text_experiments\runs\poly4_krr_main5k\seed_42
hateful_memes,noise,market_typiclust_select,42,50,40,0.8,2.0047006607055664,-2.0047006607055664,0.0002135622489731,0.0168532002717256,0,baseline_feature,0,0,1,none,none,none,5000,1,1,5000,28000,1000,0.9174745082855223,-4.0,0.0,4,top_quantile,0.0,,,,,13.0,,20.0,1,baseline_typiclust_sqrt_poly4_ctpt,good_count,40.0,17.0,,,,,42,paper\main_text_experiments\runs\poly4_krr_main5k\seed_42
hateful_memes,noise,ours_kernel_ridge_student,42,50,42,0.84,2.399822950363159,-2.399822950363159,0.0002338779013371,0.0233126860111951,0,online_student,0,0,1,none,none,none,5000,1,1,5000,28000,1000,0.9174745082855223,-4.0,0.0,4,top_quantile,0.0,,,,,16.0,5.0,8.0,1,ours_krr_row_exp_poly4_ctpt,good_count,42.0,21.0,0.1882057189941406,0.86,,,42,paper\main_text_experiments\runs\poly4_krr_main5k\seed_42
hateful_memes,noise,ours_sample_package_krr,42,50,47,0.94,3.1012964248657227,-3.1012964248657227,0.0003159999905619,0.0259762220084667,0,online_student,0,1,2,buyer_pca_synchronized_indices,mean_seller_phi_by_buyer_membership,reuse_buyer_package_membership,2500,2,2,2500,28000,1000,0.6874677538871765,-4.0,0.0,4,top_quantile,0.0,,,,1.0,19.0,,12.0,1,ours_krr_pkg_exp_poly4_ctpt,good_count,47.0,18.0,0.0703582763671875,0.96,,,42,paper\main_text_experiments\runs\poly4_krr_main5k\seed_42
hateful_memes,coreset_far_wrong,market_random_select,42,50,5,0.1,-0.1699954867362976,0.1699954867362976,1.3005733308091294e-06,0.0005032966146245,1,baseline_feature,0,0,1,none,none,none,5000,1,1,5000,28000,1000,0.9174745082855223,-4.0,0.0,4,top_quantile,0.0,,,,35.0,3.0,8.0,4.0,1,baseline_random_noop,good_count,5.0,,,,,,42,paper\main_text_experiments\runs\poly4_krr_main5k\seed_42
hateful_memes,coreset_far_wrong,market_cosine_select,42,50,4,0.08,-1.389867663383484,1.389867663383484,-5.317568866303191e-05,-0.0210154112428426,1,baseline_feature,0,0,1,none,none,none,5000,1,1,5000,28000,1000,0.9174745082855223,-4.0,0.0,4,top_quantile,0.0,,,,,,,50.0,1,baseline_cosine_ctpt,good_count,4.0,,,,,,42,paper\main_text_experiments\runs\poly4_krr_main5k\seed_42
hateful_memes,coreset_far_wrong,market_uncertainty_select,42,50,0,0.0,-0.5824993848800659,0.5824993848800659,-6.280779780354351e-05,0.0019605278503149,1,baseline_model_based,1,0,1,none,none,none,5000,1,1,5000,28000,1000,0.9174745082855223,-4.0,0.0,4,top_quantile,0.0,,,,24.0,,26.0,,1,baseline_uncertainty_poly4_ctpt,good_count,0.0,,,,,,42,paper\main_text_experiments\runs\poly4_krr_main5k\seed_42
hateful_memes,coreset_far_wrong,market_coreset_select,42,50,0,0.0,-0.927825391292572,0.927825391292572,-0.0001642906718188,0.0123210549354553,1,baseline_feature,0,0,1,none,none,none,5000,1,1,5000,28000,1000,0.9174745082855223,-4.0,0.0,4,top_quantile,0.0,,,,,,50.0,,1,baseline_coreset_all_distances_ctpt,good_count,0.0,,,,,,42,paper\main_text_experiments\runs\poly4_krr_main5k\seed_42
hateful_memes,coreset_far_wrong,market_badge_select,42,50,0,0.0,-0.8992505669593811,0.8992505669593811,-0.0001568794250488,0.0116522768512368,1,baseline_model_based,1,0,1,none,none,none,5000,1,1,5000,28000,1000,0.9174745082855223,-4.0,0.0,4,top_quantile,0.0,,,,,,50.0,,1,baseline_badge_components_poly4_ctpt,good_count,0.0,,,,,,42,paper\main_text_experiments\runs\poly4_krr_main5k\seed_42
hateful_memes,coreset_far_wrong,market_kmeans_center_select,42,50,49,0.98,2.948336124420166,-2.948336124420166,0.0002768743142951,0.0294516999274492,0,baseline_feature,0,0,1,none,none,none,5000,1,1,5000,28000,1000,0.9174745082855223,-4.0,0.0,4,top_quantile,0.0,,,,,18.0,,3.0,1,baseline_kmeans_all_distances_ctpt,good_count,49.0,29.0,,,,,42,paper\main_text_experiments\runs\poly4_krr_main5k\seed_42
hateful_memes,coreset_far_wrong,market_typiclust_select,42,50,40,0.8,2.0047006607055664,-2.0047006607055664,0.0002135622489731,0.0168532002717256,0,baseline_feature,0,0,1,none,none,none,5000,1,1,5000,28000,1000,0.9174745082855223,-4.0,0.0,4,top_quantile,0.0,,,,,13.0,,20.0,1,baseline_typiclust_sqrt_poly4_ctpt,good_count,40.0,17.0,,,,,42,paper\main_text_experiments\runs\poly4_krr_main5k\seed_42
hateful_memes,coreset_far_wrong,ours_kernel_ridge_student,42,50,43,0.86,2.4274001121521,-2.4274001121521,0.0002338278281968,0.0240441486239433,0,online_student,0,0,1,none,none,none,5000,1,1,5000,28000,1000,0.9174745082855223,-4.0,0.0,4,top_quantile,0.0,,,,2.0,16.0,2.0,8.0,1,ours_krr_row_exp_poly4_ctpt,good_count,43.0,22.0,0.1882057189941406,0.88,,,42,paper\main_text_experiments\runs\poly4_krr_main5k\seed_42
hateful_memes,coreset_far_wrong,ours_sample_package_krr,42,50,43,0.86,2.696408987045288,-2.696408987045288,0.000268261443125,0.0245034620165824,0,online_student,0,1,2,buyer_pca_synchronized_indices,mean_seller_phi_by_buyer_membership,reuse_buyer_package_membership,2500,2,2,2500,28000,1000,0.6874677538871765,-4.0,0.0,4,top_quantile,0.0,,,,5.0,14.0,,13.0,1,ours_krr_pkg_exp_poly4_ctpt,good_count,43.0,18.0,0.0704975128173828,0.92,,,42,paper\main_text_experiments\runs\poly4_krr_main5k\seed_42
hateful_memes,typiclust_dense,market_random_select,42,50,5,0.1,-0.2419269979000091,0.2419269979000091,5.54084772375063e-06,-0.0021902667358517,1,baseline_feature,0,0,1,none,none,none,5000,1,1,5000,28000,1000,0.9174745082855223,-4.0,0.0,4,top_quantile,0.0,,,,,12.0,,,1,baseline_random_noop,good_count,5.0,36.0,,,2.0,,42,paper\main_text_experiments\runs\poly4_krr_main5k\seed_42
hateful_memes,typiclust_dense,market_cosine_select,42,50,12,0.24,-0.5942775011062622,0.5942775011062622,2.1057128833490424e-05,-0.0143799921497702,0,baseline_feature,0,0,1,none,none,none,5000,1,1,5000,28000,1000,0.9174745082855223,-4.0,0.0,4,top_quantile,0.0,,,,,,,,1,baseline_cosine_ctpt,good_count,12.0,,,,38.0,12.0,42,paper\main_text_experiments\runs\poly4_krr_main5k\seed_42
hateful_memes,typiclust_dense,market_uncertainty_select,42,50,16,0.32,0.6355971693992615,-0.6355971693992615,0.0001678979460848,-0.0102565074339509,0,baseline_model_based,1,0,1,none,none,none,5000,1,1,5000,28000,1000,0.9174745082855223,-4.0,0.0,4,top_quantile,0.0,,,,1.0,5.0,15.0,,1,baseline_uncertainty_poly4_ctpt,good_count,16.0,24.0,,,5.0,,42,paper\main_text_experiments\runs\poly4_krr_main5k\seed_42
hateful_memes,typiclust_dense,market_coreset_select,42,50,43,0.86,2.3272905349731445,-2.3272905349731445,0.0004050040151923,-0.0112996660172939,0,baseline_feature,0,0,1,none,none,none,5000,1,1,5000,28000,1000,0.9174745082855223,-4.0,0.0,4,top_quantile,0.0,,,,7.0,,34.0,,1,baseline_coreset_all_distances_ctpt,good_count,43.0,,,,7.0,2.0,42,paper\main_text_experiments\runs\poly4_krr_main5k\seed_42
hateful_memes,typiclust_dense,market_badge_select,42,50,35,0.7,1.7173676490783691,-1.7173676490783691,0.0003542506601661,-0.0175633374601602,0,baseline_model_based,1,0,1,none,none,none,5000,1,1,5000,28000,1000,0.9174745082855223,-4.0,0.0,4,top_quantile,0.0,,,,,,34.0,,1,baseline_badge_components_poly4_ctpt,good_count,35.0,,,,15.0,1.0,42,paper\main_text_experiments\runs\poly4_krr_main5k\seed_42
hateful_memes,typiclust_dense,market_kmeans_center_select,42,50,2,0.04,0.0978211238980293,-0.0978211238980293,9.415150088898372e-06,0.0059627289883792,1,baseline_feature,0,0,1,none,none,none,5000,1,1,5000,28000,1000,0.9174745082855223,-4.0,0.0,4,top_quantile,0.0,,,,,11.0,,,1,baseline_kmeans_all_distances_ctpt,good_count,2.0,39.0,,,,,42,paper\main_text_experiments\runs\poly4_krr_main5k\seed_42
hateful_memes,typiclust_dense,market_typiclust_select,42,50,0,0.0,-0.8106051683425903,0.8106051683425903,-4.711031942861155e-05,-0.007011470850557,1,baseline_feature,0,0,1,none,none,none,5000,1,1,5000,28000,1000,0.9174745082855223,-4.0,0.0,4,top_quantile,0.0,,,,,12.0,,,1,baseline_typiclust_sqrt_poly4_ctpt,good_count,0.0,28.0,,,10.0,,42,paper\main_text_experiments\runs\poly4_krr_main5k\seed_42
hateful_memes,typiclust_dense,ours_kernel_ridge_student,42,50,18,0.36,1.553299069404602,-1.553299069404602,0.0001463699300074,0.0178817473351955,0,online_student,0,0,1,none,none,none,5000,1,1,5000,28000,1000,0.9174745082855223,-4.0,0.0,4,top_quantile,0.0,,,,,6.0,,7.0,1,ours_krr_row_exp_poly4_ctpt,good_count,18.0,37.0,0.1882057189941406,0.86,,,42,paper\main_text_experiments\runs\poly4_krr_main5k\seed_42
hateful_memes,typiclust_dense,ours_sample_package_krr,42,50,29,0.58,2.3415868282318115,-2.3415868282318115,0.0002198982256231,0.0244606882333755,0,online_student,0,1,2,buyer_pca_synchronized_indices,mean_seller_phi_by_buyer_membership,reuse_buyer_package_membership,2500,2,2,2500,28000,1000,0.6874677538871765,-4.0,0.0,4,top_quantile,0.0,,,,,15.0,,7.0,1,ours_krr_pkg_exp_poly4_ctpt,good_count,29.0,28.0,0.0812025070190429,0.92,,,42,paper\main_text_experiments\runs\poly4_krr_main5k\seed_42
hateful_memes,kmeans_center,market_random_select,42,50,5,0.1,-0.0675890445709228,0.0675890445709228,2.297878199897241e-05,-0.0009601532947272,1,baseline_feature,0,0,1,none,none,none,5000,1,1,5000,28000,1000,0.9174745082855223,-4.0,0.0,4,top_quantile,0.0,,,,2.0,35.0,,3.0,1,baseline_random_noop,good_count,5.0,10.0,,,,,42,paper\main_text_experiments\runs\poly4_krr_main5k\seed_42
hateful_memes,kmeans_center,market_cosine_select,42,50,50,1.0,2.9071569442749023,-2.9071569442749023,0.0003322494158055,0.0177878551185131,0,baseline_feature,0,0,1,none,none,none,5000,1,1,5000,28000,1000,0.9174745082855223,-4.0,0.0,4,top_quantile,0.0,,,,,,,26.0,1,baseline_cosine_ctpt,good_count,50.0,,,,14.0,10.0,42,paper\main_text_experiments\runs\poly4_krr_main5k\seed_42
hateful_memes,kmeans_center,market_uncertainty_select,42,50,14,0.28,0.2661593854427337,-0.2661593854427337,0.0001523017854196,-0.0169458631426095,0,baseline_model_based,1,0,1,none,none,none,5000,1,1,5000,28000,1000,0.9174745082855223,-4.0,0.0,4,top_quantile,0.0,,,,21.0,15.0,13.0,,1,baseline_uncertainty_poly4_ctpt,good_count,14.0,1.0,,,,,42,paper\main_text_experiments\runs\poly4_krr_main5k\seed_42
hateful_memes,kmeans_center,market_coreset_select,42,50,35,0.7,1.693273425102234,-1.693273425102234,0.0003571390989236,-0.0187462251633405,0,baseline_feature,0,0,1,none,none,none,5000,1,1,5000,28000,1000,0.9174745082855223,-4.0,0.0,4,top_quantile,0.0,,,,15.0,,33.0,,1,baseline_coreset_all_distances_ctpt,good_count,35.0,,,,,2.0,42,paper\main_text_experiments\runs\poly4_krr_main5k\seed_42
hateful_memes,kmeans_center,market_badge_select,42,50,40,0.8,2.1133873462677,-2.1133873462677,0.0004040742060169,-0.0167212896049022,0,baseline_model_based,1,0,1,none,none,none,5000,1,1,5000,28000,1000,0.9174745082855223,-4.0,0.0,4,top_quantile,0.0,,,,11.0,,33.0,,1,baseline_badge_components_poly4_ctpt,good_count,40.0,,,,1.0,5.0,42,paper\main_text_experiments\runs\poly4_krr_main5k\seed_42
hateful_memes,kmeans_center,market_kmeans_center_select,42,50,2,0.04,-0.1681964844465255,0.1681964844465255,-4.340410214354051e-06,0.0016287581529468,1,baseline_feature,0,0,1,none,none,none,5000,1,1,5000,28000,1000,0.9174745082855223,-4.0,0.0,4,top_quantile,0.0,,,,,31.0,,,1,baseline_kmeans_all_distances_ctpt,good_count,2.0,19.0,,,,,42,paper\main_text_experiments\runs\poly4_krr_main5k\seed_42
hateful_memes,kmeans_center,market_typiclust_select,42,50,0,0.0,-0.2307850271463394,0.2307850271463394,-3.949403890146641e-06,-8.437805081484839e-05,1,baseline_feature,0,0,1,none,none,none,5000,1,1,5000,28000,1000,0.9174745082855223,-4.0,0.0,4,top_quantile,0.0,,,,,44.0,,,1,baseline_typiclust_sqrt_poly4_ctpt,good_count,0.0,6.0,,,,,42,paper\main_text_experiments\runs\poly4_krr_main5k\seed_42
hateful_memes,kmeans_center,ours_kernel_ridge_student,42,50,16,0.32,1.3222140073776243,-1.3222140073776243,0.000129179956275,0.0151187563315033,0,online_student,0,0,1,none,none,none,5000,1,1,5000,28000,1000,0.9174745082855223,-4.0,0.0,4,top_quantile,0.0,,,,,36.0,,3.0,1,ours_krr_row_exp_poly4_ctpt,good_count,16.0,11.0,0.1909828186035156,0.84,,,42,paper\main_text_experiments\runs\poly4_krr_main5k\seed_42
hateful_memes,kmeans_center,ours_sample_package_krr,42,50,26,0.52,1.59462571144104,-1.59462571144104,0.0001661229180172,0.0151874460279941,0,online_student,0,1,2,buyer_pca_synchronized_indices,mean_seller_phi_by_buyer_membership,reuse_buyer_package_membership,2500,2,2,2500,28000,1000,0.6874677538871765,-4.0,0.0,4,top_quantile,0.0,,,,1.0,28.0,,4.0,1,ours_krr_pkg_exp_poly4_ctpt,good_count,26.0,17.0,0.0714244842529296,0.88,,,42,paper\main_text_experiments\runs\poly4_krr_main5k\seed_42
hateful_memes,uncertainty_badge,market_random_select,42,50,5,0.1,-0.2687304019927978,0.2687304019927978,-9.108782251132652e-06,-9.137682354776187e-05,1,baseline_feature,0,0,1,none,none,none,5000,1,1,5000,28000,1000,0.9174745082855223,-4.0,0.0,4,top_quantile,0.0,,,,8.0,4.0,,36.0,1,baseline_random_noop,good_count,5.0,,,,2.0,,42,paper\main_text_experiments\runs\poly4_krr_main5k\seed_42
hateful_memes,uncertainty_badge,market_cosine_select,42,50,0,0.0,-1.4884371757507324,1.4884371757507324,-0.0001011598142213,-0.0144226942211389,1,baseline_feature,0,0,1,none,none,none,5000,1,1,5000,28000,1000,0.9174745082855223,-4.0,0.0,4,top_quantile,0.0,,,,,,,,1,baseline_cosine_ctpt,good_count,0.0,,,,50.0,,42,paper\main_text_experiments\runs\poly4_krr_main5k\seed_42
hateful_memes,uncertainty_badge,market_uncertainty_select,42,50,0,0.0,-0.6742154955863953,0.6742154955863953,8.562803486711346e-06,-0.0140840373933315,1,baseline_model_based,1,0,1,none,none,none,5000,1,1,5000,28000,1000,0.9174745082855223,-4.0,0.0,4,top_quantile,0.0,,,,26.0,,,17.0,1,baseline_uncertainty_poly4_ctpt,good_count,0.0,,,,7.0,,42,paper\main_text_experiments\runs\poly4_krr_main5k\seed_42
hateful_memes,uncertainty_badge,market_coreset_select,42,50,0,0.0,-0.794399619102478,0.794399619102478,-3.0710696591995656e-05,-0.0097223194316029,1,baseline_feature,0,0,1,none,none,none,5000,1,1,5000,28000,1000,0.9174745082855223,-4.0,0.0,4,top_quantile,0.0,,,,41.0,,,,1,baseline_coreset_all_distances_ctpt,good_count,0.0,,,,9.0,,42,paper\main_text_experiments\runs\poly4_krr_main5k\seed_42
hateful_memes,uncertainty_badge,market_badge_select,42,50,0,0.0,-0.8096054792404175,0.8096054792404175,-2.854466401913669e-05,-0.0105344401672482,1,baseline_model_based,1,0,1,none,none,none,5000,1,1,5000,28000,1000,0.9174745082855223,-4.0,0.0,4,top_quantile,0.0,,,,15.0,,,,1,baseline_badge_components_poly4_ctpt,good_count,0.0,,,,35.0,,42,paper\main_text_experiments\runs\poly4_krr_main5k\seed_42
hateful_memes,uncertainty_badge,market_kmeans_center_select,42,50,26,0.52,1.599708080291748,-1.599708080291748,0.0001422297937097,0.0198880601674318,0,baseline_feature,0,0,1,none,none,none,5000,1,1,5000,28000,1000,0.9174745082855223,-4.0,0.0,4,top_quantile,0.0,,,,,9.0,,25.0,1,baseline_kmeans_all_distances_ctpt,good_count,26.0,16.0,,,,,42,paper\main_text_experiments\runs\poly4_krr_main5k\seed_42
hateful_memes,uncertainty_badge,market_typiclust_select,42,50,15,0.3,0.7530564069747925,-0.7530564069747925,8.648275979794562e-05,0.0083821332082152,0,baseline_feature,0,0,1,none,none,none,5000,1,1,5000,28000,1000,0.9174745082855223,-4.0,0.0,4,top_quantile,0.0,,,,,3.0,,36.0,1,baseline_typiclust_sqrt_poly4_ctpt,good_count,15.0,6.0,,,5.0,,42,paper\main_text_experiments\runs\poly4_krr_main5k\seed_42
hateful_memes,uncertainty_badge,ours_kernel_ridge_student,42,50,25,0.5,1.7476332187652588,-1.7476332187652588,0.0001593494380358,0.0204876065254211,0,online_student,0,0,1,none,none,none,5000,1,1,5000,28000,1000,0.9174745082855223,-4.0,0.0,4,top_quantile,0.0,,,,,9.0,,30.0,1,ours_krr_row_exp_poly4_ctpt,good_count,25.0,11.0,0.1882057189941406,0.86,,,42,paper\main_text_experiments\runs\poly4_krr_main5k\seed_42
hateful_memes,uncertainty_badge,ours_sample_package_krr,42,50,36,0.72,2.7438859939575195,-2.7438859939575195,0.0002674734569154,0.0258969068527221,0,online_student,0,1,2,buyer_pca_synchronized_indices,mean_seller_phi_by_buyer_membership,reuse_buyer_package_membership,2500,2,2,2500,28000,1000,0.6874677538871765,-4.0,0.0,4,top_quantile,0.0,,,,1.0,12.0,,19.0,1,ours_krr_pkg_exp_poly4_ctpt,good_count,36.0,18.0,0.0798358917236328,0.88,,,42,paper\main_text_experiments\runs\poly4_krr_main5k\seed_42
hateful_memes,cosine,market_random_select,42,50,5,0.1,-0.4277045428752899,0.4277045428752899,-1.3805627531837672e-05,-0.0033549845684319,1,baseline_feature,0,0,1,none,none,none,5000,1,1,5000,28000,1000,0.9174745082855223,-4.0,0.0,4,top_quantile,0.0,,,,1.0,1.0,,2.0,1,baseline_random_noop,good_count,5.0,11.0,,,35.0,,42,paper\main_text_experiments\runs\poly4_krr_main5k\seed_42
hateful_memes,cosine,market_cosine_select,42,50,0,0.0,-0.235976830124855,0.235976830124855,-4.238128531142138e-05,0.0071266223676502,1,baseline_feature,0,0,1,none,none,none,5000,1,1,5000,28000,1000,0.9174745082855223,-4.0,0.0,4,top_quantile,0.0,,,,,,,,1,baseline_cosine_ctpt,good_count,0.0,,,,50.0,,42,paper\main_text_experiments\runs\poly4_krr_main5k\seed_42
hateful_memes,cosine,market_uncertainty_select,42,50,10,0.2,0.4768957793712616,-0.4768957793712616,0.0001018273833324,-0.0017803470836952,0,baseline_model_based,1,0,1,none,none,none,5000,1,1,5000,28000,1000,0.9174745082855223,-4.0,0.0,4,top_quantile,0.0,,,,,,10.0,,1,baseline_uncertainty_poly4_ctpt,good_count,10.0,,,,40.0,,42,paper\main_text_experiments\runs\poly4_krr_main5k\seed_42
hateful_memes,cosine,market_coreset_select,42,50,30,0.6,1.8450846672058103,-1.8450846672058103,0.0003410363278817,-0.0116939274594187,0,baseline_feature,0,0,1,none,none,none,5000,1,1,5000,28000,1000,0.9174745082855223,-4.0,0.0,4,top_quantile,0.0,,,,,,30.0,,1,baseline_coreset_all_distances_ctpt,good_count,30.0,,,,20.0,,42,paper\main_text_experiments\runs\poly4_krr_main5k\seed_42
hateful_memes,cosine,market_badge_select,42,50,30,0.6,1.6619824171066284,-1.6619824171066284,0.0003293144691269,-0.0142461881041526,0,baseline_model_based,1,0,1,none,none,none,5000,1,1,5000,28000,1000,0.9174745082855223,-4.0,0.0,4,top_quantile,0.0,,,,,,30.0,,1,baseline_badge_components_poly4_ctpt,good_count,30.0,,,,20.0,,42,paper\main_text_experiments\runs\poly4_krr_main5k\seed_42
hateful_memes,cosine,market_kmeans_center_select,42,50,13,0.26,-1.0764570236206057,1.0764570236206057,-2.27129457925912e-05,-0.018634682521224,0,baseline_feature,0,0,1,none,none,none,5000,1,1,5000,28000,1000,0.9174745082855223,-4.0,0.0,4,top_quantile,0.0,,,,,4.0,,2.0,1,baseline_kmeans_all_distances_ctpt,good_count,13.0,44.0,,,,,42,paper\main_text_experiments\runs\poly4_krr_main5k\seed_42
hateful_memes,cosine,market_typiclust_select,42,50,6,0.12,-0.687035322189331,0.687035322189331,-2.154111825802829e-05,-0.0086647514253854,1,baseline_feature,0,0,1,none,none,none,5000,1,1,5000,28000,1000,0.9174745082855223,-4.0,0.0,4,top_quantile,0.0,,,,,3.0,,,1,baseline_typiclust_sqrt_poly4_ctpt,good_count,6.0,26.0,,,21.0,,42,paper\main_text_experiments\runs\poly4_krr_main5k\seed_42
hateful_memes,cosine,ours_kernel_ridge_student,42,50,39,0.78,1.7638887166976929,-1.7638887166976929,0.0001897275506053,0.0151058407500386,0,online_student,0,0,1,none,none,none,5000,1,1,5000,28000,1000,0.9174745082855223,-4.0,0.0,4,top_quantile,0.0,,,,,15.0,,9.0,1,ours_krr_row_exp_poly4_ctpt,good_count,39.0,26.0,0.1909828186035156,0.9,,,42,paper\main_text_experiments\runs\poly4_krr_main5k\seed_42
hateful_memes,cosine,ours_sample_package_krr,42,50,42,0.84,2.3271305561065674,-2.3271305561065674,0.0002463984419591,0.0190162919461727,0,online_student,0,1,2,buyer_pca_synchronized_indices,mean_seller_phi_by_buyer_membership,reuse_buyer_package_membership,2500,2,2,2500,28000,1000,0.6874677538871765,-4.0,0.0,4,top_quantile,0.0,,,,,19.0,,14.0,1,ours_krr_pkg_exp_poly4_ctpt,good_count,42.0,17.0,0.0704975128173828,0.92,,,42,paper\main_text_experiments\runs\poly4_krr_main5k\seed_42
hateful_memes,all_average,market_random_select,42,50,5,0.1,-1.2447224855422974,1.2447224855422974,-5.298733594827354e-05,-0.0172519236803054,1,baseline_feature,0,0,1,none,none,none,5000,1,1,5000,28000,1000,0.9174745082855223,-4.0,0.0,4,top_quantile,0.0,,,,10.0,6.0,7.0,9.0,1,baseline_random_noop,good_count,5.0,11.0,,,7.0,,42,paper\main_text_experiments\runs\poly4_krr_main5k\seed_42
hateful_memes,all_average,market_cosine_select,42,50,0,0.0,-1.4994215965270996,1.4994215965270996,-6.578803004231304e-05,-0.0214721485972404,1,baseline_feature,0,0,1,none,none,none,5000,1,1,5000,28000,1000,0.9174745082855223,-4.0,0.0,4,top_quantile,0.0,,,,,,,,1,baseline_cosine_ctpt,good_count,0.0,,,,50.0,,42,paper\main_text_experiments\runs\poly4_krr_main5k\seed_42
hateful_memes,all_average,market_uncertainty_select,42,50,0,0.0,-0.7500539422035217,0.7500539422035217,-8.624792098999023e-05,0.0020554072689265,1,baseline_model_based,1,0,1,none,none,none,5000,1,1,5000,28000,1000,0.9174745082855223,-4.0,0.0,4,top_quantile,0.0,,,,5.0,,45.0,,1,baseline_uncertainty_poly4_ctpt,good_count,0.0,,,,,,42,paper\main_text_experiments\runs\poly4_krr_main5k\seed_42
hateful_memes,all_average,market_coreset_select,42,50,1,0.02,-0.9050255417823792,0.9050255417823792,-0.0001422607892891,0.0087065026164054,1,baseline_feature,0,0,1,none,none,none,5000,1,1,5000,28000,1000,0.9174745082855223,-4.0,0.0,4,top_quantile,0.0,,,,,,50.0,,1,baseline_coreset_all_distances_ctpt,good_count,1.0,,,,,,42,paper\main_text_experiments\runs\poly4_krr_main5k\seed_42
hateful_memes,all_average,market_badge_select,42,50,1,0.02,-0.9129501581192015,0.9129501581192015,-0.0001426982926204,0.0085826953873038,1,baseline_model_based,1,0,1,none,none,none,5000,1,1,5000,28000,1000,0.9174745082855223,-4.0,0.0,4,top_quantile,0.0,,,,,,50.0,,1,baseline_badge_components_poly4_ctpt,good_count,1.0,,,,,,42,paper\main_text_experiments\runs\poly4_krr_main5k\seed_42
hateful_memes,all_average,market_kmeans_center_select,42,50,2,0.04,-0.6056760549545288,0.6056760549545288,-4.1804312786553055e-05,-0.0026613443624228,1,baseline_feature,0,0,1,none,none,none,5000,1,1,5000,28000,1000,0.9174745082855223,-4.0,0.0,4,top_quantile,0.0,,,,,22.0,,1.0,1,baseline_kmeans_all_distances_ctpt,good_count,2.0,27.0,,,,,42,paper\main_text_experiments\runs\poly4_krr_main5k\seed_42
hateful_memes,all_average,market_typiclust_select,42,50,0,0.0,-0.9645867943763732,0.9645867943763732,-6.482720345957205e-05,-0.0076553802937269,1,baseline_feature,0,0,1,none,none,none,5000,1,1,5000,28000,1000,0.9174745082855223,-4.0,0.0,4,top_quantile,0.0,,,,,19.0,,,1,baseline_typiclust_sqrt_poly4_ctpt,good_count,0.0,19.0,,,12.0,,42,paper\main_text_experiments\runs\poly4_krr_main5k\seed_42
hateful_memes,all_average,ours_kernel_ridge_student,42,50,24,0.48,0.1394625157117843,-0.1394625157117843,6.026148912496865e-05,-0.0026673593092709,0,online_student,0,0,1,none,none,none,5000,1,1,5000,28000,1000,0.9174745082855223,-4.0,0.0,4,top_quantile,0.0,,,,1.0,19.0,,12.0,1,ours_krr_row_exp_poly4_ctpt,good_count,24.0,18.0,0.1824378967285156,0.88,,,42,paper\main_text_experiments\runs\poly4_krr_main5k\seed_42
hateful_memes,all_average,ours_sample_package_krr,42,50,32,0.64,1.3725563287734983,-1.3725563287734983,0.0001587998849572,0.0107742240652441,0,online_student,0,1,2,buyer_pca_synchronized_indices,mean_seller_phi_by_buyer_membership,reuse_buyer_package_membership,2500,2,2,2500,28000,1000,0.6874677538871765,-4.0,0.0,4,top_quantile,0.0,,,,,23.0,,7.0,1,ours_krr_pkg_exp_poly4_ctpt,good_count,32.0,20.0,0.0712146759033203,0.88,,,42,paper\main_text_experiments\runs\poly4_krr_main5k\seed_42
hatespeech,noise,market_random_select,142,50,3,0.06,-1.0547605752944946,1.0547605752944946,-9.07468784134835e-05,0.018438933417201,1,baseline_feature,0,0,1,none,none,none,5000,1,1,5000,28000,1000,1.0360314846038818,-4.0,0.0,4,top_quantile,0.0,,,,2.0,1.0,36.0,10.0,1,baseline_random_noop,good_count,3.0,1.0,,,,,42,paper\main_text_experiments\runs\poly4_krr_main5k\seed_42
hatespeech,noise,market_cosine_select,142,50,0,0.0,-0.3880519866943359,0.3880519866943359,-1.4034510058991144e-05,0.0143953803926706,1,baseline_feature,0,0,1,none,none,none,5000,1,1,5000,28000,1000,1.0360314846038818,-4.0,0.0,4,top_quantile,0.0,,,,,,,50.0,1,baseline_cosine_ctpt,good_count,0.0,,,,,,42,paper\main_text_experiments\runs\poly4_krr_main5k\seed_42
hatespeech,noise,market_uncertainty_select,142,50,0,0.0,-0.1164164617657661,0.1164164617657661,-7.37309437681688e-06,0.0264621321111917,1,baseline_model_based,1,0,1,none,none,none,5000,1,1,5000,28000,1000,1.0360314846038818,-4.0,0.0,4,top_quantile,0.0,,,,3.0,,37.0,10.0,1,baseline_uncertainty_poly4_ctpt,good_count,0.0,,,,,,42,paper\main_text_experiments\runs\poly4_krr_main5k\seed_42
hatespeech,noise,market_coreset_select,142,50,0,0.0,-1.2117443084716797,1.2117443084716797,-0.0001243329024873,0.0280474238097667,1,baseline_feature,0,0,1,none,none,none,5000,1,1,5000,28000,1000,1.0360314846038818,-4.0,0.0,4,top_quantile,0.0,,,,,,50.0,,1,baseline_coreset_all_distances_ctpt,good_count,0.0,,,,,,42,paper\main_text_experiments\runs\poly4_krr_main5k\seed_42
hatespeech,noise,market_badge_select,142,50,0,0.0,-0.9468429088592528,0.9468429088592528,-9.164094808511436e-05,0.0252072811126709,1,baseline_model_based,1,0,1,none,none,none,5000,1,1,5000,28000,1000,1.0360314846038818,-4.0,0.0,4,top_quantile,0.0,,,,,,50.0,,1,baseline_badge_components_poly4_ctpt,good_count,0.0,,,,,,42,paper\main_text_experiments\runs\poly4_krr_main5k\seed_42
hatespeech,noise,market_kmeans_center_select,142,50,50,1.0,3.1795661449432373,-3.1795661449432373,0.0002351558214286,0.0827076807618141,0,baseline_feature,0,0,1,none,none,none,5000,1,1,5000,28000,1000,1.0360314846038818,-4.0,0.0,4,top_quantile,0.0,,,,,19.0,,3.0,1,baseline_kmeans_all_distances_ctpt,good_count,50.0,28.0,,,,,42,paper\main_text_experiments\runs\poly4_krr_main5k\seed_42
hatespeech,noise,market_typiclust_select,142,50,50,1.0,3.114071846008301,-3.114071846008301,0.0002295744488947,0.0820150449872016,0,baseline_feature,0,0,1,none,none,none,5000,1,1,5000,28000,1000,1.0360314846038818,-4.0,0.0,4,top_quantile,0.0,,,,,23.0,,1.0,1,baseline_typiclust_sqrt_poly4_ctpt,good_count,50.0,26.0,,,,,42,paper\main_text_experiments\runs\poly4_krr_main5k\seed_42
hatespeech,noise,ours_kernel_ridge_student,142,50,49,0.98,3.174487829208374,-3.174487829208374,0.0002466869482304,0.0759824812412262,0,online_student,0,0,1,none,none,none,5000,1,1,5000,28000,1000,1.0360314846038818,-4.0,0.0,4,top_quantile,0.0,,,,,21.0,,5.0,1,ours_krr_row_exp_poly4_ctpt,good_count,49.0,24.0,0.2566337585449219,0.76,,,42,paper\main_text_experiments\runs\poly4_krr_main5k\seed_42
hatespeech,noise,ours_sample_package_krr,142,50,50,1.0,3.293161630630493,-3.293161630630493,0.0002520620764698,0.0798797458410263,0,online_student,0,1,2,buyer_pca_synchronized_indices,mean_seller_phi_by_buyer_membership,reuse_buyer_package_membership,2500,2,2,2500,28000,1000,0.7948948740959167,-4.0,0.0,4,top_quantile,0.0,,,,,20.0,,11.0,1,ours_krr_pkg_exp_poly4_ctpt,good_count,50.0,19.0,0.1773109436035156,0.92,,,42,paper\main_text_experiments\runs\poly4_krr_main5k\seed_42
hatespeech,coreset_far_wrong,market_random_select,142,50,3,0.06,-0.1907246261835098,0.1907246261835098,-2.40194804064231e-05,0.0314276739954948,1,baseline_feature,0,0,1,none,none,none,5000,1,1,5000,28000,1000,1.0360314846038818,-4.0,0.0,4,top_quantile,0.0,,,,36.0,1.0,2.0,10.0,1,baseline_random_noop,good_count,3.0,1.0,,,,,42,paper\main_text_experiments\runs\poly4_krr_main5k\seed_42
hatespeech,coreset_far_wrong,market_cosine_select,142,50,0,0.0,-0.3880519866943359,0.3880519866943359,-1.4034510058991144e-05,0.0143953803926706,1,baseline_feature,0,0,1,none,none,none,5000,1,1,5000,28000,1000,1.0360314846038818,-4.0,0.0,4,top_quantile,0.0,,,,,,,50.0,1,baseline_cosine_ctpt,good_count,0.0,,,,,,42,paper\main_text_experiments\runs\poly4_krr_main5k\seed_42
hatespeech,coreset_far_wrong,market_uncertainty_select,142,50,0,0.0,0.0325858741998672,-0.0325858741998672,-5.270242581900675e-06,0.0339462012052536,1,baseline_model_based,1,0,1,none,none,none,5000,1,1,5000,28000,1000,1.0360314846038818,-4.0,0.0,4,top_quantile,0.0,,,,36.0,,2.0,12.0,1,baseline_uncertainty_poly4_ctpt,good_count,0.0,,,,,,42,paper\main_text_experiments\runs\poly4_krr_main5k\seed_42
hatespeech,coreset_far_wrong,market_coreset_select,142,50,0,0.0,-1.818724989891052,1.818724989891052,-0.0001905560493469,0.0297118350863456,1,baseline_feature,0,0,1,none,none,none,5000,1,1,5000,28000,1000,1.0360314846038818,-4.0,0.0,4,top_quantile,0.0,,,,,,50.0,,1,baseline_coreset_all_distances_ctpt,good_count,0.0,,,,,,42,paper\main_text_experiments\runs\poly4_krr_main5k\seed_42
hatespeech,coreset_far_wrong,market_badge_select,142,50,0,0.0,-1.7729147672653198,1.7729147672653198,-0.0001898682094179,0.0319897457957267,1,baseline_model_based,1,0,1,none,none,none,5000,1,1,5000,28000,1000,1.0360314846038818,-4.0,0.0,4,top_quantile,0.0,,,,,,50.0,,1,baseline_badge_components_poly4_ctpt,good_count,0.0,,,,,,42,paper\main_text_experiments\runs\poly4_krr_main5k\seed_42
hatespeech,coreset_far_wrong,market_kmeans_center_select,142,50,50,1.0,3.1795661449432373,-3.1795661449432373,0.0002351558214286,0.0827076807618141,0,baseline_feature,0,0,1,none,none,none,5000,1,1,5000,28000,1000,1.0360314846038818,-4.0,0.0,4,top_quantile,0.0,,,,,19.0,,3.0,1,baseline_kmeans_all_distances_ctpt,good_count,50.0,28.0,,,,,42,paper\main_text_experiments\runs\poly4_krr_main5k\seed_42
hatespeech,coreset_far_wrong,market_typiclust_select,142,50,50,1.0,3.114071846008301,-3.114071846008301,0.0002295744488947,0.0820150449872016,0,baseline_feature,0,0,1,none,none,none,5000,1,1,5000,28000,1000,1.0360314846038818,-4.0,0.0,4,top_quantile,0.0,,,,,23.0,,1.0,1,baseline_typiclust_sqrt_poly4_ctpt,good_count,50.0,26.0,,,,,42,paper\main_text_experiments\runs\poly4_krr_main5k\seed_42
hatespeech,coreset_far_wrong,ours_kernel_ridge_student,142,50,49,0.98,3.174487829208374,-3.174487829208374,0.0002466869482304,0.0759824812412262,0,online_student,0,0,1,none,none,none,5000,1,1,5000,28000,1000,1.0360314846038818,-4.0,0.0,4,top_quantile,0.0,,,,,21.0,,5.0,1,ours_krr_row_exp_poly4_ctpt,good_count,49.0,24.0,0.2566337585449219,0.76,,,42,paper\main_text_experiments\runs\poly4_krr_main5k\seed_42
hatespeech,coreset_far_wrong,ours_sample_package_krr,142,50,49,0.98,3.084555625915528,-3.084555625915528,0.0002311015123268,0.0794486403465271,0,online_student,0,1,2,buyer_pca_synchronized_indices,mean_seller_phi_by_buyer_membership,reuse_buyer_package_membership,2500,2,2,2500,28000,1000,0.7948948740959167,-4.0,0.0,4,top_quantile,0.0,,,,1.0,18.0,,7.0,1,ours_krr_pkg_exp_poly4_ctpt,good_count,49.0,24.0,0.1638517379760742,0.88,,,42,paper\main_text_experiments\runs\poly4_krr_main5k\seed_42
hatespeech,typiclust_dense,market_random_select,142,50,3,0.06,0.0363589599728584,-0.0363589599728584,1.295447327720467e-05,0.0240025892853736,1,baseline_feature,0,0,1,none,none,none,5000,1,1,5000,28000,1000,1.0360314846038818,-4.0,0.0,4,top_quantile,0.0,,,,,3.0,1.0,1.0,1,baseline_random_noop,good_count,3.0,36.0,,,9.0,,42,paper\main_text_experiments\runs\poly4_krr_main5k\seed_42
hatespeech,typiclust_dense,market_cosine_select,142,50,0,0.0,-1.2756727933883667,1.2756727933883667,-2.4547576686018147e-05,-0.0313109084963798,1,baseline_feature,0,0,1,none,none,none,5000,1,1,5000,28000,1000,1.0360314846038818,-4.0,0.0,4,top_quantile,0.0,,,,,,,,1,baseline_cosine_ctpt,good_count,0.0,,,,50.0,,42,paper\main_text_experiments\runs\poly4_krr_main5k\seed_42
hatespeech,typiclust_dense,market_uncertainty_select,142,50,0,0.0,0.285395473241806,-0.285395473241806,8.535384949936997e-07,0.0452190153300762,1,baseline_model_based,1,0,1,none,none,none,5000,1,1,5000,28000,1000,1.0360314846038818,-4.0,0.0,4,top_quantile,0.0,,,,,,,,1,baseline_uncertainty_poly4_ctpt,good_count,0.0,50.0,,,,,42,paper\main_text_experiments\runs\poly4_krr_main5k\seed_42
hatespeech,typiclust_dense,market_coreset_select,142,50,50,1.0,3.3389127254486084,-3.3389127254486084,0.0005039882380515,-0.0579461827874183,0,baseline_feature,0,0,1,none,none,none,5000,1,1,5000,28000,1000,1.0360314846038818,-4.0,0.0,4,top_quantile,0.0,,,,,,50.0,,1,baseline_coreset_all_distances_ctpt,good_count,50.0,,,,,,42,paper\main_text_experiments\runs\poly4_krr_main5k\seed_42
hatespeech,typiclust_dense,market_badge_select,142,50,50,1.0,3.48398494720459,-3.48398494720459,0.0005190539523027,-0.057919006794691,0,baseline_model_based,1,0,1,none,none,none,5000,1,1,5000,28000,1000,1.0360314846038818,-4.0,0.0,4,top_quantile,0.0,,,,,,50.0,,1,baseline_badge_components_poly4_ctpt,good_count,50.0,,,,,,42,paper\main_text_experiments\runs\poly4_krr_main5k\seed_42
hatespeech,typiclust_dense,market_kmeans_center_select,142,50,12,0.24,1.4728397130966189,-1.4728397130966189,0.0001157021542894,0.050162773579359,0,baseline_feature,0,0,1,none,none,none,5000,1,1,5000,28000,1000,1.0360314846038818,-4.0,0.0,4,top_quantile,0.0,,,,,8.0,,,1,baseline_kmeans_all_distances_ctpt,good_count,12.0,42.0,,,,,42,paper\main_text_experiments\runs\poly4_krr_main5k\seed_42
hatespeech,typiclust_dense,market_typiclust_select,142,50,1,0.02,1.1660853624343872,-1.1660853624343872,3.7163496017456055e-05,0.0761372745037078,1,baseline_feature,0,0,1,none,none,none,5000,1,1,5000,28000,1000,1.0360314846038818,-4.0,0.0,4,top_quantile,0.0,,,,,14.0,,,1,baseline_typiclust_sqrt_poly4_ctpt,good_count,1.0,30.0,,,6.0,,42,paper\main_text_experiments\runs\poly4_krr_main5k\seed_42
hatespeech,typiclust_dense,ours_kernel_ridge_student,142,50,31,0.62,2.62818455696106,-2.62818455696106,0.0002022540575126,0.0690209940075874,0,online_student,0,0,1,none,none,none,5000,1,1,5000,28000,1000,1.0360314846038818,-4.0,0.0,4,top_quantile,0.0,,,,,14.0,,3.0,1,ours_krr_row_exp_poly4_ctpt,good_count,31.0,33.0,0.2566337585449219,0.84,,,42,paper\main_text_experiments\runs\poly4_krr_main5k\seed_42
hatespeech,typiclust_dense,ours_sample_package_krr,142,50,41,0.82,2.691957712173462,-2.691957712173462,0.0002156531845685,0.0652541667222976,0,online_student,0,1,2,buyer_pca_synchronized_indices,mean_seller_phi_by_buyer_membership,reuse_buyer_package_membership,2500,2,2,2500,28000,1000,0.7948948740959167,-4.0,0.0,4,top_quantile,0.0,,,,,20.0,,10.0,1,ours_krr_pkg_exp_poly4_ctpt,good_count,41.0,20.0,0.1717739105224609,0.84,,,42,paper\main_text_experiments\runs\poly4_krr_main5k\seed_42
hatespeech,kmeans_center,market_random_select,142,50,3,0.06,0.2797696590423584,-0.2797696590423584,3.705024573719129e-05,0.0247074551880359,1,baseline_feature,0,0,1,none,none,none,5000,1,1,5000,28000,1000,1.0360314846038818,-4.0,0.0,4,top_quantile,0.0,,,,9.0,36.0,1.0,2.0,1,baseline_random_noop,good_count,3.0,2.0,,,,,42,paper\main_text_experiments\runs\poly4_krr_main5k\seed_42
hatespeech,kmeans_center,market_cosine_select,142,50,16,0.32,0.8517078161239624,-0.8517078161239624,7.594227645313367e-05,0.0362480618059635,0,baseline_feature,0,0,1,none,none,none,5000,1,1,5000,28000,1000,1.0360314846038818,-4.0,0.0,4,top_quantile,0.0,,,,,36.0,,14.0,1,baseline_cosine_ctpt,good_count,16.0,,,,,,42,paper\main_text_experiments\runs\poly4_krr_main5k\seed_42
hatespeech,kmeans_center,market_uncertainty_select,142,50,0,0.0,0.1156944781541824,-0.1156944781541824,6.973743325033865e-07,0.0354468449950218,1,baseline_model_based,1,0,1,none,none,none,5000,1,1,5000,28000,1000,1.0360314846038818,-4.0,0.0,4,top_quantile,0.0,,,,2.0,45.0,,,1,baseline_uncertainty_poly4_ctpt,good_count,0.0,3.0,,,,,42,paper\main_text_experiments\runs\poly4_krr_main5k\seed_42
hatespeech,kmeans_center,market_coreset_select,142,50,50,1.0,3.367562055587769,-3.367562055587769,0.0005067372112534,-0.0578146688640117,0,baseline_feature,0,0,1,none,none,none,5000,1,1,5000,28000,1000,1.0360314846038818,-4.0,0.0,4,top_quantile,0.0,,,,,,50.0,,1,baseline_coreset_all_distances_ctpt,good_count,50.0,,,,,,42,paper\main_text_experiments\runs\poly4_krr_main5k\seed_42
hatespeech,kmeans_center,market_badge_select,142,50,50,1.0,3.5112228393554688,-3.5112228393554688,0.0005219638114795,-0.0579592324793338,0,baseline_model_based,1,0,1,none,none,none,5000,1,1,5000,28000,1000,1.0360314846038818,-4.0,0.0,4,top_quantile,0.0,,,,,,50.0,,1,baseline_badge_components_poly4_ctpt,good_count,50.0,,,,,,42,paper\main_text_experiments\runs\poly4_krr_main5k\seed_42
hatespeech,kmeans_center,market_kmeans_center_select,142,50,13,0.26,1.2091666460037231,-1.2091666460037231,0.0001015532034216,0.0427339598536491,0,baseline_feature,0,0,1,none,none,none,5000,1,1,5000,28000,1000,1.0360314846038818,-4.0,0.0,4,top_quantile,0.0,,,,,36.0,,,1,baseline_kmeans_all_distances_ctpt,good_count,13.0,14.0,,,,,42,paper\main_text_experiments\runs\poly4_krr_main5k\seed_42
hatespeech,kmeans_center,market_typiclust_select,142,50,7,0.14,1.946504831314087,-1.946504831314087,0.000110430715722,0.0806212201714515,1,baseline_feature,0,0,1,none,none,none,5000,1,1,5000,28000,1000,1.0360314846038818,-4.0,0.0,4,top_quantile,0.0,,,,,47.0,,,1,baseline_typiclust_sqrt_poly4_ctpt,good_count,7.0,3.0,,,,,42,paper\main_text_experiments\runs\poly4_krr_main5k\seed_42
hatespeech,kmeans_center,ours_kernel_ridge_student,142,50,34,0.68,2.6783905029296875,-2.6783905029296875,0.0002079904079437,0.0687390267848968,0,online_student,0,0,1,none,none,none,5000,1,1,5000,28000,1000,1.0360314846038818,-4.0,0.0,4,top_quantile,0.0,,,,,29.0,,4.0,1,ours_krr_row_exp_poly4_ctpt,good_count,34.0,17.0,0.2566337585449219,0.78,,,42,paper\main_text_experiments\runs\poly4_krr_main5k\seed_42
hatespeech,kmeans_center,ours_sample_package_krr,142,50,39,0.78,2.516079902648926,-2.516079902648926,0.0002033507771557,0.0618963688611984,0,online_student,0,1,2,buyer_pca_synchronized_indices,mean_seller_phi_by_buyer_membership,reuse_buyer_package_membership,2500,2,2,2500,28000,1000,0.7948948740959167,-4.0,0.0,4,top_quantile,0.0,,,,,25.0,,9.0,1,ours_krr_pkg_exp_poly4_ctpt,good_count,39.0,16.0,0.1705036163330078,0.96,,,42,paper\main_text_experiments\runs\poly4_krr_main5k\seed_42
hatespeech,uncertainty_badge,market_random_select,142,50,3,0.06,-0.2701863050460815,0.2701863050460815,7.0679188866051845e-06,0.0094755664467811,1,baseline_feature,0,0,1,none,none,none,5000,1,1,5000,28000,1000,1.0360314846038818,-4.0,0.0,4,top_quantile,0.0,,,,2.0,1.0,,36.0,1,baseline_random_noop,good_count,3.0,2.0,,,9.0,,42,paper\main_text_experiments\runs\poly4_krr_main5k\seed_42
hatespeech,uncertainty_badge,market_cosine_select,142,50,0,0.0,-1.0200663805007937,1.0200663805007937,6.697177923342679e-06,-0.0338840521872043,1,baseline_feature,0,0,1,none,none,none,5000,1,1,5000,28000,1000,1.0360314846038818,-4.0,0.0,4,top_quantile,0.0,,,,,,,,1,baseline_cosine_ctpt,good_count,0.0,,,,50.0,,42,paper\main_text_experiments\runs\poly4_krr_main5k\seed_42
hatespeech,uncertainty_badge,market_uncertainty_select,142,50,0,0.0,-0.1414726227521896,0.1414726227521896,1.8239021528643209e-06,0.019877815619111,1,baseline_model_based,1,0,1,none,none,none,5000,1,1,5000,28000,1000,1.0360314846038818,-4.0,0.0,4,top_quantile,0.0,,,,4.0,,,39.0,1,baseline_uncertainty_poly4_ctpt,good_count,0.0,,,,7.0,,42,paper\main_text_experiments\runs\poly4_krr_main5k\seed_42
hatespeech,uncertainty_badge,market_coreset_select,142,50,0,0.0,-0.7867738604545593,0.7867738604545593,-6.701946404064074e-06,-0.0128583991900086,1,baseline_feature,0,0,1,none,none,none,5000,1,1,5000,28000,1000,1.0360314846038818,-4.0,0.0,4,top_quantile,0.0,,,,42.0,,,,1,baseline_coreset_all_distances_ctpt,good_count,0.0,,,,8.0,,42,paper\main_text_experiments\runs\poly4_krr_main5k\seed_42
hatespeech,uncertainty_badge,market_badge_select,142,50,0,0.0,-0.7138774394989014,0.7138774394989014,-2.480268449289724e-05,0.0014704084023833,1,baseline_model_based,1,0,1,none,none,none,5000,1,1,5000,28000,1000,1.0360314846038818,-4.0,0.0,4,top_quantile,0.0,,,,23.0,,,,1,baseline_badge_components_poly4_ctpt,good_count,0.0,,,,27.0,,42,paper\main_text_experiments\runs\poly4_krr_main5k\seed_42
hatespeech,uncertainty_badge,market_kmeans_center_select,142,50,48,0.96,3.139293909072876,-3.139293909072876,0.0002308940893271,0.0827444940805435,0,baseline_feature,0,0,1,none,none,none,5000,1,1,5000,28000,1000,1.0360314846038818,-4.0,0.0,4,top_quantile,0.0,,,,,19.0,,5.0,1,baseline_kmeans_all_distances_ctpt,good_count,48.0,26.0,,,,,42,paper\main_text_experiments\runs\poly4_krr_main5k\seed_42
hatespeech,uncertainty_badge,market_typiclust_select,142,50,46,0.92,2.856194257736206,-2.856194257736206,0.0002073800569633,0.0794093832373619,0,baseline_feature,0,0,1,none,none,none,5000,1,1,5000,28000,1000,1.0360314846038818,-4.0,0.0,4,top_quantile,0.0,,,,,21.0,,2.0,1,baseline_typiclust_sqrt_poly4_ctpt,good_count,46.0,24.0,,,3.0,,42,paper\main_text_experiments\runs\poly4_krr_main5k\seed_42
hatespeech,uncertainty_badge,ours_kernel_ridge_student,142,50,44,0.88,3.0940074920654297,-3.0940074920654297,0.0002381396334385,0.0760730504989624,0,online_student,0,0,1,none,none,none,5000,1,1,5000,28000,1000,1.0360314846038818,-4.0,0.0,4,top_quantile,0.0,,,,,18.0,,10.0,1,ours_krr_row_exp_poly4_ctpt,good_count,44.0,22.0,0.2566337585449219,0.78,,,42,paper\main_text_experiments\runs\poly4_krr_main5k\seed_42
hatespeech,uncertainty_badge,ours_sample_package_krr,142,50,42,0.84,3.075723886489868,-3.075723886489868,0.0002356922632316,0.076375588774681,0,online_student,0,1,2,buyer_pca_synchronized_indices,mean_seller_phi_by_buyer_membership,reuse_buyer_package_membership,2500,2,2,2500,28000,1000,0.7948948740959167,-4.0,0.0,4,top_quantile,0.0,,,,,15.0,,15.0,1,ours_krr_pkg_exp_poly4_ctpt,good_count,42.0,20.0,0.1773052215576172,0.92,,,42,paper\main_text_experiments\runs\poly4_krr_main5k\seed_42
hatespeech,cosine,market_random_select,142,50,3,0.06,-0.5840197801589966,0.5840197801589966,-1.1435747182986232e-05,0.0015609151450917,1,baseline_feature,0,0,1,none,none,none,5000,1,1,5000,28000,1000,1.0360314846038818,-4.0,0.0,4,top_quantile,0.0,,,,,1.0,1.0,9.0,1,baseline_random_noop,good_count,3.0,3.0,,,36.0,,42,paper\main_text_experiments\runs\poly4_krr_main5k\seed_42
hatespeech,cosine,market_cosine_select,142,50,0,0.0,-0.4169197380542755,0.4169197380542755,-8.94904133019736e-06,0.0098823681473732,1,baseline_feature,0,0,1,none,none,none,5000,1,1,5000,28000,1000,1.0360314846038818,-4.0,0.0,4,top_quantile,0.0,,,,,,,,1,baseline_cosine_ctpt,good_count,0.0,,,,50.0,,42,paper\main_text_experiments\runs\poly4_krr_main5k\seed_42
hatespeech,cosine,market_uncertainty_select,142,50,0,0.0,-0.5504214763641357,0.5504214763641357,-8.237361726060044e-07,-0.00240477360785,1,baseline_model_based,1,0,1,none,none,none,5000,1,1,5000,28000,1000,1.0360314846038818,-4.0,0.0,4,top_quantile,0.0,,,,,,,13.0,1,baseline_uncertainty_poly4_ctpt,good_count,0.0,,,,37.0,,42,paper\main_text_experiments\runs\poly4_krr_main5k\seed_42
hatespeech,cosine,market_coreset_select,142,50,50,1.0,3.489504337310791,-3.489504337310791,0.0005215132259763,-0.0589697547256946,0,baseline_feature,0,0,1,none,none,none,5000,1,1,5000,28000,1000,1.0360314846038818,-4.0,0.0,4,top_quantile,0.0,,,,,,50.0,,1,baseline_coreset_all_distances_ctpt,good_count,50.0,,,,,,42,paper\main_text_experiments\runs\poly4_krr_main5k\seed_42
hatespeech,cosine,market_badge_select,142,50,50,1.0,3.551440954208374,-3.551440954208374,0.0005278754397295,-0.0589191764593124,0,baseline_model_based,1,0,1,none,none,none,5000,1,1,5000,28000,1000,1.0360314846038818,-4.0,0.0,4,top_quantile,0.0,,,,,,50.0,,1,baseline_badge_components_poly4_ctpt,good_count,50.0,,,,,,42,paper\main_text_experiments\runs\poly4_krr_main5k\seed_42
hatespeech,cosine,market_kmeans_center_select,142,50,42,0.84,2.082030296325684,-2.082030296325684,0.0001731038064463,0.0535459741950035,0,baseline_feature,0,0,1,none,none,none,5000,1,1,5000,28000,1000,1.0360314846038818,-4.0,0.0,4,top_quantile,0.0,,,,,17.0,,3.0,1,baseline_kmeans_all_distances_ctpt,good_count,42.0,30.0,,,,,42,paper\main_text_experiments\runs\poly4_krr_main5k\seed_42
hatespeech,cosine,market_typiclust_select,142,50,20,0.4,1.148667573928833,-1.148667573928833,5.833387331222184e-05,0.0633198991417884,0,baseline_feature,0,0,1,none,none,none,5000,1,1,5000,28000,1000,1.0360314846038818,-4.0,0.0,4,top_quantile,0.0,,,,,10.0,,,1,baseline_typiclust_sqrt_poly4_ctpt,good_count,20.0,11.0,,,29.0,,42,paper\main_text_experiments\runs\poly4_krr_main5k\seed_42
hatespeech,cosine,ours_kernel_ridge_student,142,50,47,0.94,2.960488557815552,-2.960488557815552,0.0002375066251261,0.0686688870191574,0,online_student,0,0,1,none,none,none,5000,1,1,5000,28000,1000,1.0360314846038818,-4.0,0.0,4,top_quantile,0.0,,,,,21.0,,4.0,1,ours_krr_row_exp_poly4_ctpt,good_count,47.0,25.0,0.2566337585449219,0.78,,,42,paper\main_text_experiments\runs\poly4_krr_main5k\seed_42
hatespeech,cosine,ours_sample_package_krr,142,50,47,0.94,2.8024611473083496,-2.8024611473083496,0.0002207601064583,0.0688263773918151,0,online_student,0,1,2,buyer_pca_synchronized_indices,mean_seller_phi_by_buyer_membership,reuse_buyer_package_membership,2500,2,2,2500,28000,1000,0.7948948740959167,-4.0,0.0,4,top_quantile,0.0,,,,,19.0,,10.0,1,ours_krr_pkg_exp_poly4_ctpt,good_count,47.0,21.0,0.1678066253662109,0.92,,,42,paper\main_text_experiments\runs\poly4_krr_main5k\seed_42
hatespeech,all_average,market_random_select,142,50,3,0.06,-1.0136643648147583,1.0136643648147583,-4.588007868733257e-05,-0.0041929585859179,1,baseline_feature,0,0,1,none,none,none,5000,1,1,5000,28000,1000,1.0360314846038818,-4.0,0.0,4,top_quantile,0.0,,,,12.0,9.0,6.0,5.0,1,baseline_random_noop,good_count,3.0,8.0,,,10.0,,42,paper\main_text_experiments\runs\poly4_krr_main5k\seed_42
hatespeech,all_average,market_cosine_select,142,50,0,0.0,-1.17151939868927,1.17151939868927,-1.160979263659101e-05,-0.0324744433164596,1,baseline_feature,0,0,1,none,none,none,5000,1,1,5000,28000,1000,1.0360314846038818,-4.0,0.0,4,top_quantile,0.0,,,,,,,,1,baseline_cosine_ctpt,good_count,0.0,,,,50.0,,42,paper\main_text_experiments\runs\poly4_krr_main5k\seed_42
hatespeech,all_average,market_uncertainty_select,142,50,0,0.0,-0.587816596031189,0.587816596031189,1.7404556729161413e-07,-0.0051337475888431,1,baseline_model_based,1,0,1,none,none,none,5000,1,1,5000,28000,1000,1.0360314846038818,-4.0,0.0,4,top_quantile,0.0,,,,11.0,6.0,5.0,17.0,1,baseline_uncertainty_poly4_ctpt,good_count,0.0,7.0,,,4.0,,42,paper\main_text_experiments\runs\poly4_krr_main5k\seed_42
hatespeech,all_average,market_coreset_select,142,50,7,0.14,-1.303077220916748,1.303077220916748,-0.0001319527655141,0.0269903130829334,1,baseline_feature,0,0,1,none,none,none,5000,1,1,5000,28000,1000,1.0360314846038818,-4.0,0.0,4,top_quantile,0.0,,,,,,50.0,,1,baseline_coreset_all_distances_ctpt,good_count,7.0,,,,,,42,paper\main_text_experiments\runs\poly4_krr_main5k\seed_42
hatespeech,all_average,market_badge_select,142,50,3,0.06,-1.5900241136550903,1.5900241136550903,-0.0001636528904782,0.0279965847730636,1,baseline_model_based,1,0,1,none,none,none,5000,1,1,5000,28000,1000,1.0360314846038818,-4.0,0.0,4,top_quantile,0.0,,,,,,50.0,,1,baseline_badge_components_poly4_ctpt,good_count,3.0,,,,,,42,paper\main_text_experiments\runs\poly4_krr_main5k\seed_42
hatespeech,all_average,market_kmeans_center_select,142,50,19,0.38,-0.9862787127494812,0.9862787127494812,4.303455170884263e-06,-0.0305862259119749,0,baseline_feature,0,0,1,none,none,none,5000,1,1,5000,28000,1000,1.0360314846038818,-4.0,0.0,4,top_quantile,0.0,,,,,22.0,,2.0,1,baseline_kmeans_all_distances_ctpt,good_count,19.0,26.0,,,,,42,paper\main_text_experiments\runs\poly4_krr_main5k\seed_42
hatespeech,all_average,market_typiclust_select,142,50,2,0.04,0.8695919513702393,-0.8695919513702393,1.4562607248080894e-05,0.0715148225426673,1,baseline_feature,0,0,1,none,none,none,5000,1,1,5000,28000,1000,1.0360314846038818,-4.0,0.0,4,top_quantile,0.0,,,,,21.0,,,1,baseline_typiclust_sqrt_poly4_ctpt,good_count,2.0,22.0,,,7.0,,42,paper\main_text_experiments\runs\poly4_krr_main5k\seed_42
hatespeech,all_average,ours_kernel_ridge_student,142,50,43,0.86,2.39060115814209,-2.39060115814209,0.0002050268667517,0.0536717064678669,0,online_student,0,0,1,none,none,none,5000,1,1,5000,28000,1000,1.0360314846038818,-4.0,0.0,4,top_quantile,0.0,,,,,23.0,,5.0,1,ours_krr_row_exp_poly4_ctpt,good_count,43.0,22.0,0.2566337585449219,0.78,,,42,paper\main_text_experiments\runs\poly4_krr_main5k\seed_42
hatespeech,all_average,ours_sample_package_krr,142,50,34,0.68,1.3076754808425903,-1.3076754808425903,0.0001349079539068,0.0298571866005659,0,online_student,0,1,2,buyer_pca_synchronized_indices,mean_seller_phi_by_buyer_membership,reuse_buyer_package_membership,2500,2,2,2500,28000,1000,0.7948948740959167,-4.0,0.0,4,top_quantile,0.0,,,,,19.0,,7.0,1,ours_krr_pkg_exp_poly4_ctpt,good_count,34.0,24.0,0.1740188598632812,0.88,,,42,paper\main_text_experiments\runs\poly4_krr_main5k\seed_42
mscoco,noise,market_random_select,242,50,8,0.16,-0.2079458236694336,0.2079458236694336,-3.933906711495183e-08,0.0007946374826133,1,baseline_feature,0,0,1,none,none,none,5000,1,1,5000,28000,1000,1.1260383129119873,-4.0,0.0,4,top_quantile,0.0,,,,6.0,3.0,34.0,3.0,1,baseline_random_noop,good_count,8.0,4.0,,,,,42,paper\main_text_experiments\runs\poly4_krr_main5k\seed_42
mscoco,noise,market_cosine_select,242,50,8,0.16,-0.655195951461792,0.655195951461792,1.3304948879522271e-05,-0.0016446288209408,1,baseline_feature,0,0,1,none,none,none,5000,1,1,5000,28000,1000,1.1260383129119873,-4.0,0.0,4,top_quantile,0.0,,,,,,,50.0,1,baseline_cosine_ctpt,good_count,8.0,,,,,,42,paper\main_text_experiments\runs\poly4_krr_main5k\seed_42
mscoco,noise,market_uncertainty_select,242,50,50,1.0,5.425893783569336,-5.425893783569336,0.000384445185773,0.0042018983513116,0,baseline_model_based,1,0,1,none,none,none,5000,1,1,5000,28000,1000,1.1260383129119873,-4.0,0.0,4,top_quantile,0.0,,,,,25.0,,5.0,1,baseline_uncertainty_poly4_ctpt,good_count,50.0,20.0,,,,,42,paper\main_text_experiments\runs\poly4_krr_main5k\seed_42
mscoco,noise,market_coreset_select,242,50,0,0.0,-0.5496186017990112,0.5496186017990112,-3.675103289424442e-05,0.0012501958990469,1,baseline_feature,0,0,1,none,none,none,5000,1,1,5000,28000,1000,1.1260383129119873,-4.0,0.0,4,top_quantile,0.0,,,,,,50.0,,1,baseline_coreset_all_distances_ctpt,good_count,0.0,,,,,,42,paper\main_text_experiments\runs\poly4_krr_main5k\seed_42
mscoco,noise,market_badge_select,242,50,0,0.0,-0.5131290555000305,0.5131290555000305,-2.2933483705855903e-05,0.0007122465176507,1,baseline_model_based,1,0,1,none,none,none,5000,1,1,5000,28000,1000,1.1260383129119873,-4.0,0.0,4,top_quantile,0.0,,,,,,50.0,,1,baseline_badge_components_poly4_ctpt,good_count,0.0,,,,,,42,paper\main_text_experiments\runs\poly4_krr_main5k\seed_42
mscoco,noise,market_kmeans_center_select,242,50,50,1.0,4.1393232345581055,-4.1393232345581055,0.0002767527184914,0.0044071455486118,0,baseline_feature,0,0,1,none,none,none,5000,1,1,5000,28000,1000,1.1260383129119873,-4.0,0.0,4,top_quantile,0.0,,,,,14.0,,,1,baseline_kmeans_all_distances_ctpt,good_count,50.0,36.0,,,,,42,paper\main_text_experiments\runs\poly4_krr_main5k\seed_42
mscoco,noise,market_typiclust_select,242,50,50,1.0,4.916419982910156,-4.916419982910156,0.0003416061517782,0.0042927418835461,0,baseline_feature,0,0,1,none,none,none,5000,1,1,5000,28000,1000,1.1260383129119873,-4.0,0.0,4,top_quantile,0.0,,,,,21.0,,,1,baseline_typiclust_sqrt_poly4_ctpt,good_count,50.0,29.0,,,,,42,paper\main_text_experiments\runs\poly4_krr_main5k\seed_42
mscoco,noise,ours_kernel_ridge_student,242,50,50,1.0,5.031857490539551,-5.031857490539551,0.000310008530505,0.0063142227008938,0,online_student,0,0,1,none,none,none,5000,1,1,5000,28000,1000,1.1260383129119873,-4.0,0.0,4,top_quantile,0.0,,,,,21.0,,9.0,1,ours_krr_row_exp_poly4_ctpt,good_count,50.0,20.0,0.2205772399902343,0.9,,,42,paper\main_text_experiments\runs\poly4_krr_main5k\seed_42
mscoco,noise,ours_sample_package_krr,242,50,50,1.0,5.1592936515808105,-5.1592936515808105,0.0003253459872212,0.0060629905201494,0,online_student,0,1,2,buyer_pca_synchronized_indices,mean_seller_phi_by_buyer_membership,reuse_buyer_package_membership,2500,2,2,2500,28000,1000,0.8784571886062622,-4.0,0.0,4,top_quantile,0.0,,,,,19.0,,11.0,1,ours_krr_pkg_exp_poly4_ctpt,good_count,50.0,20.0,0.1547975540161132,0.96,,,42,paper\main_text_experiments\runs\poly4_krr_main5k\seed_42
mscoco,coreset_far_wrong,market_random_select,242,50,8,0.16,0.2904495894908905,-0.2904495894908905,3.514409036142752e-05,0.0010382074397057,1,baseline_feature,0,0,1,none,none,none,5000,1,1,5000,28000,1000,1.1260383129119873,-4.0,0.0,4,top_quantile,0.0,,,,34.0,3.0,6.0,3.0,1,baseline_random_noop,good_count,8.0,4.0,,,,,42,paper\main_text_experiments\runs\poly4_krr_main5k\seed_42
mscoco,coreset_far_wrong,market_cosine_select,242,50,8,0.16,-0.655195951461792,0.655195951461792,1.3304948879522271e-05,-0.0016446288209408,1,baseline_feature,0,0,1,none,none,none,5000,1,1,5000,28000,1000,1.1260383129119873,-4.0,0.0,4,top_quantile,0.0,,,,,,,50.0,1,baseline_cosine_ctpt,good_count,8.0,,,,,,42,paper\main_text_experiments\runs\poly4_krr_main5k\seed_42
mscoco,coreset_far_wrong,market_uncertainty_select,242,50,50,1.0,5.425893783569336,-5.425893783569336,0.000384445185773,0.0042018983513116,0,baseline_model_based,1,0,1,none,none,none,5000,1,1,5000,28000,1000,1.1260383129119873,-4.0,0.0,4,top_quantile,0.0,,,,,25.0,,5.0,1,baseline_uncertainty_poly4_ctpt,good_count,50.0,20.0,,,,,42,paper\main_text_experiments\runs\poly4_krr_main5k\seed_42
mscoco,coreset_far_wrong,market_coreset_select,242,50,0,0.0,-1.3533074855804443,1.3533074855804443,-7.923960947664455e-05,0.0001530809677205,1,baseline_feature,0,0,1,none,none,none,5000,1,1,5000,28000,1000,1.1260383129119873,-4.0,0.0,4,top_quantile,0.0,,,,,,50.0,,1,baseline_coreset_all_distances_ctpt,good_count,0.0,,,,,,42,paper\main_text_experiments\runs\poly4_krr_main5k\seed_42
mscoco,coreset_far_wrong,market_badge_select,242,50,0,0.0,-1.3847084045410156,1.3847084045410156,-7.453799480572343e-05,-0.0002043035055976,1,baseline_model_based,1,0,1,none,none,none,5000,1,1,5000,28000,1000,1.1260383129119873,-4.0,0.0,4,top_quantile,0.0,,,,,,50.0,,1,baseline_badge_components_poly4_ctpt,good_count,0.0,,,,,,42,paper\main_text_experiments\runs\poly4_krr_main5k\seed_42
mscoco,coreset_far_wrong,market_kmeans_center_select,242,50,50,1.0,4.1393232345581055,-4.1393232345581055,0.0002767527184914,0.0044071455486118,0,baseline_feature,0,0,1,none,none,none,5000,1,1,5000,28000,1000,1.1260383129119873,-4.0,0.0,4,top_quantile,0.0,,,,,14.0,,,1,baseline_kmeans_all_distances_ctpt,good_count,50.0,36.0,,,,,42,paper\main_text_experiments\runs\poly4_krr_main5k\seed_42
mscoco,coreset_far_wrong,market_typiclust_select,242,50,50,1.0,4.916419982910156,-4.916419982910156,0.0003416061517782,0.0042927418835461,0,baseline_feature,0,0,1,none,none,none,5000,1,1,5000,28000,1000,1.1260383129119873,-4.0,0.0,4,top_quantile,0.0,,,,,21.0,,,1,baseline_typiclust_sqrt_poly4_ctpt,good_count,50.0,29.0,,,,,42,paper\main_text_experiments\runs\poly4_krr_main5k\seed_42
mscoco,coreset_far_wrong,ours_kernel_ridge_student,242,50,49,0.98,4.942104816436768,-4.942104816436768,0.0003013718232978,0.006384109146893,0,online_student,0,0,1,none,none,none,5000,1,1,5000,28000,1000,1.1260383129119873,-4.0,0.0,4,top_quantile,0.0,,,,1.0,20.0,,9.0,1,ours_krr_row_exp_poly4_ctpt,good_count,49.0,20.0,0.2205772399902343,0.9,,,42,paper\main_text_experiments\runs\poly4_krr_main5k\seed_42
mscoco,coreset_far_wrong,ours_sample_package_krr,242,50,49,0.98,4.902449131011963,-4.902449131011963,0.0002980792487505,0.0063891108147799,0,online_student,0,1,2,buyer_pca_synchronized_indices,mean_seller_phi_by_buyer_membership,reuse_buyer_package_membership,2500,2,2,2500,28000,1000,0.8784571886062622,-4.0,0.0,4,top_quantile,0.0,,,,1.0,21.0,,10.0,1,ours_krr_pkg_exp_poly4_ctpt,good_count,49.0,18.0,0.1547994613647461,0.92,,,42,paper\main_text_experiments\runs\poly4_krr_main5k\seed_42
mscoco,typiclust_dense,market_random_select,242,50,8,0.16,0.3323735296726227,-0.3323735296726227,5.502462227013893e-05,0.0002221284084953,1,baseline_feature,0,0,1,none,none,none,5000,1,1,5000,28000,1000,1.1260383129119873,-4.0,0.0,4,top_quantile,0.0,,,,,10.0,,2.0,1,baseline_random_noop,good_count,8.0,35.0,,,2.0,1.0,42,paper\main_text_experiments\runs\poly4_krr_main5k\seed_42
mscoco,typiclust_dense,market_cosine_select,242,50,28,0.56,1.1599386930465698,-1.1599386930465698,-3.578066753107123e-05,0.0080042481422424,0,baseline_feature,0,0,1,none,none,none,5000,1,1,5000,28000,1000,1.1260383129119873,-4.0,0.0,4,top_quantile,0.0,,,,,,,,1,baseline_cosine_ctpt,good_count,28.0,,,,23.0,27.0,42,paper\main_text_experiments\runs\poly4_krr_main5k\seed_42
mscoco,typiclust_dense,market_uncertainty_select,242,50,42,0.84,5.242599010467529,-5.242599010467529,0.0003701388777699,0.0041799019090831,0,baseline_model_based,1,0,1,none,none,none,5000,1,1,5000,28000,1000,1.1260383129119873,-4.0,0.0,4,top_quantile,0.0,,,,,20.0,,5.0,1,baseline_uncertainty_poly4_ctpt,good_count,42.0,25.0,,,,,42,paper\main_text_experiments\runs\poly4_krr_main5k\seed_42
mscoco,typiclust_dense,market_coreset_select,242,50,26,0.52,0.7404811978340149,-0.7404811978340149,6.601810309803113e-05,0.0013024025829508,0,baseline_feature,0,0,1,none,none,none,5000,1,1,5000,28000,1000,1.1260383129119873,-4.0,0.0,4,top_quantile,0.0,,,,14.0,,7.0,,1,baseline_coreset_all_distances_ctpt,good_count,26.0,,,,25.0,4.0,42,paper\main_text_experiments\runs\poly4_krr_main5k\seed_42
mscoco,typiclust_dense,market_badge_select,242,50,20,0.4,0.3195911049842834,-0.3195911049842834,2.18117238546256e-05,0.0018133040284737,0,baseline_model_based,1,0,1,none,none,none,5000,1,1,5000,28000,1000,1.1260383129119873,-4.0,0.0,4,top_quantile,0.0,,,,1.0,,7.0,,1,baseline_badge_components_poly4_ctpt,good_count,20.0,,,,33.0,9.0,42,paper\main_text_experiments\runs\poly4_krr_main5k\seed_42
mscoco,typiclust_dense,market_kmeans_center_select,242,50,6,0.12,2.212038993835449,-2.212038993835449,0.0001478540943935,0.0031115266028791,1,baseline_feature,0,0,1,none,none,none,5000,1,1,5000,28000,1000,1.1260383129119873,-4.0,0.0,4,top_quantile,0.0,,,,,8.0,,,1,baseline_kmeans_all_distances_ctpt,good_count,6.0,42.0,,,,,42,paper\main_text_experiments\runs\poly4_krr_main5k\seed_42
mscoco,typiclust_dense,market_typiclust_select,242,50,19,0.38,3.0336132049560547,-3.0336132049560547,0.0001987433497561,0.003864477854222,0,baseline_feature,0,0,1,none,none,none,5000,1,1,5000,28000,1000,1.1260383129119873,-4.0,0.0,4,top_quantile,0.0,,,,,12.0,,,1,baseline_typiclust_sqrt_poly4_ctpt,good_count,19.0,38.0,,,,,42,paper\main_text_experiments\runs\poly4_krr_main5k\seed_42
mscoco,typiclust_dense,ours_kernel_ridge_student,242,50,42,0.84,4.8357768058776855,-4.8357768058776855,0.0002827620483003,0.0068811108358204,0,online_student,0,0,1,none,none,none,5000,1,1,5000,28000,1000,1.1260383129119873,-4.0,0.0,4,top_quantile,0.0,,,,,14.0,,12.0,1,ours_krr_row_exp_poly4_ctpt,good_count,42.0,22.0,0.2205772399902343,0.92,1.0,1.0,42,paper\main_text_experiments\runs\poly4_krr_main5k\seed_42
mscoco,typiclust_dense,ours_sample_package_krr,242,50,47,0.94,4.847426891326904,-4.847426891326904,0.000288963317871,0.0066208746284246,0,online_student,0,1,2,buyer_pca_synchronized_indices,mean_seller_phi_by_buyer_membership,reuse_buyer_package_membership,2500,2,2,2500,28000,1000,0.8784571886062622,-4.0,0.0,4,top_quantile,0.0,,,,1.0,18.0,,12.0,1,ours_krr_pkg_exp_poly4_ctpt,good_count,47.0,18.0,0.1505374908447265,0.96,1.0,,42,paper\main_text_experiments\runs\poly4_krr_main5k\seed_42
mscoco,kmeans_center,market_random_select,242,50,8,0.16,0.373412013053894,-0.373412013053894,5.395412517827936e-05,0.0004383385239634,1,baseline_feature,0,0,1,none,none,none,5000,1,1,5000,28000,1000,1.1260383129119873,-4.0,0.0,4,top_quantile,0.0,,,,2.0,38.0,,1.0,1,baseline_random_noop,good_count,8.0,9.0,,,,,42,paper\main_text_experiments\runs\poly4_krr_main5k\seed_42
mscoco,kmeans_center,market_cosine_select,242,50,50,1.0,3.1067731380462646,-3.1067731380462646,5.290627450449392e-05,0.0113657061010599,0,baseline_feature,0,0,1,none,none,none,5000,1,1,5000,28000,1000,1.1260383129119873,-4.0,0.0,4,top_quantile,0.0,,,,,,,,1,baseline_cosine_ctpt,good_count,50.0,,,,21.0,29.0,42,paper\main_text_experiments\runs\poly4_krr_main5k\seed_42
mscoco,kmeans_center,market_uncertainty_select,242,50,43,0.86,5.24958086013794,-5.24958086013794,0.0003703713300637,0.0041961860843002,0,baseline_model_based,1,0,1,none,none,none,5000,1,1,5000,28000,1000,1.1260383129119873,-4.0,0.0,4,top_quantile,0.0,,,,,28.0,,5.0,1,baseline_uncertainty_poly4_ctpt,good_count,43.0,17.0,,,,,42,paper\main_text_experiments\runs\poly4_krr_main5k\seed_42
mscoco,kmeans_center,market_coreset_select,242,50,10,0.2,-0.5095295906066895,0.5095295906066895,-8.61763965076534e-06,1.8797576558426957e-05,0,baseline_feature,0,0,1,none,none,none,5000,1,1,5000,28000,1000,1.1260383129119873,-4.0,0.0,4,top_quantile,0.0,,,,41.0,,6.0,,1,baseline_coreset_all_distances_ctpt,good_count,10.0,,,,,3.0,42,paper\main_text_experiments\runs\poly4_krr_main5k\seed_42
mscoco,kmeans_center,market_badge_select,242,50,17,0.34,0.0960172936320304,-0.0960172936320304,2.24947939386766e-06,0.0018908947240561,0,baseline_model_based,1,0,1,none,none,none,5000,1,1,5000,28000,1000,1.1260383129119873,-4.0,0.0,4,top_quantile,0.0,,,,34.0,,6.0,,1,baseline_badge_components_poly4_ctpt,good_count,17.0,,,,3.0,7.0,42,paper\main_text_experiments\runs\poly4_krr_main5k\seed_42
mscoco,kmeans_center,market_kmeans_center_select,242,50,6,0.12,2.0422229766845703,-2.0422229766845703,0.0001354312844341,0.0030500376597046,1,baseline_feature,0,0,1,none,none,none,5000,1,1,5000,28000,1000,1.1260383129119873,-4.0,0.0,4,top_quantile,0.0,,,,,41.0,,,1,baseline_kmeans_all_distances_ctpt,good_count,6.0,9.0,,,,,42,paper\main_text_experiments\runs\poly4_krr_main5k\seed_42
mscoco,kmeans_center,market_typiclust_select,242,50,21,0.42,3.136242628097534,-3.136242628097534,0.0002044653956545,0.0039899260737001,0,baseline_feature,0,0,1,none,none,none,5000,1,1,5000,28000,1000,1.1260383129119873,-4.0,0.0,4,top_quantile,0.0,,,,,35.0,,,1,baseline_typiclust_sqrt_poly4_ctpt,good_count,21.0,14.0,,,1.0,,42,paper\main_text_experiments\runs\poly4_krr_main5k\seed_42
mscoco,kmeans_center,ours_kernel_ridge_student,242,50,45,0.9,4.8496527671813965,-4.8496527671813965,0.0002822244132403,0.0069628995843231,0,online_student,0,0,1,none,none,none,5000,1,1,5000,28000,1000,1.1260383129119873,-4.0,0.0,4,top_quantile,0.0,,,,,20.0,,13.0,1,ours_krr_row_exp_poly4_ctpt,good_count,45.0,15.0,0.2205772399902343,0.88,1.0,1.0,42,paper\main_text_experiments\runs\poly4_krr_main5k\seed_42
mscoco,kmeans_center,ours_sample_package_krr,242,50,48,0.96,4.792550086975098,-4.792550086975098,0.0002805447438731,0.0068187401629984,0,online_student,0,1,2,buyer_pca_synchronized_indices,mean_seller_phi_by_buyer_membership,reuse_buyer_package_membership,2500,2,2,2500,28000,1000,0.8784571886062622,-4.0,0.0,4,top_quantile,0.0,,,,1.0,20.0,,18.0,1,ours_krr_pkg_exp_poly4_ctpt,good_count,48.0,10.0,0.1612672805786132,0.92,,1.0,42,paper\main_text_experiments\runs\poly4_krr_main5k\seed_42
mscoco,uncertainty_badge,market_random_select,242,50,8,0.16,0.556006133556366,-0.556006133556366,5.650282037095167e-05,0.0010388415539637,1,baseline_feature,0,0,1,none,none,none,5000,1,1,5000,28000,1000,1.1260383129119873,-4.0,0.0,4,top_quantile,0.0,,,,6.0,2.0,,36.0,1,baseline_random_noop,good_count,8.0,4.0,,,2.0,,42,paper\main_text_experiments\runs\poly4_krr_main5k\seed_42
mscoco,uncertainty_badge,market_cosine_select,242,50,0,0.0,-1.7227226495742798,1.7227226495742798,-3.1106472306419164e-05,-0.0036964435130357,1,baseline_feature,0,0,1,none,none,none,5000,1,1,5000,28000,1000,1.1260383129119873,-4.0,0.0,4,top_quantile,0.0,,,,,,,,1,baseline_cosine_ctpt,good_count,0.0,,,,50.0,,42,paper\main_text_experiments\runs\poly4_krr_main5k\seed_42
mscoco,uncertainty_badge,market_uncertainty_select,242,50,50,1.0,5.389749050140381,-5.389749050140381,0.0003819191479124,0.0041829729452729,0,baseline_model_based,1,0,1,none,none,none,5000,1,1,5000,28000,1000,1.1260383129119873,-4.0,0.0,4,top_quantile,0.0,,,,,24.0,,5.0,1,baseline_uncertainty_poly4_ctpt,good_count,50.0,21.0,,,,,42,paper\main_text_experiments\runs\poly4_krr_main5k\seed_42
mscoco,uncertainty_badge,market_coreset_select,242,50,0,0.0,-1.09353768825531,1.09353768825531,-1.8974542399519123e-05,-0.0017928252927958,1,baseline_feature,0,0,1,none,none,none,5000,1,1,5000,28000,1000,1.1260383129119873,-4.0,0.0,4,top_quantile,0.0,,,,47.0,,,,1,baseline_coreset_all_distances_ctpt,good_count,0.0,,,,3.0,,42,paper\main_text_experiments\runs\poly4_krr_main5k\seed_42
mscoco,uncertainty_badge,market_badge_select,242,50,0,0.0,-1.1108269691467283,1.1108269691467283,6.984472292970168e-06,-0.0031450223177671,1,baseline_model_based,1,0,1,none,none,none,5000,1,1,5000,28000,1000,1.1260383129119873,-4.0,0.0,4,top_quantile,0.0,,,,20.0,,,,1,baseline_badge_components_poly4_ctpt,good_count,0.0,,,,30.0,,42,paper\main_text_experiments\runs\poly4_krr_main5k\seed_42
mscoco,uncertainty_badge,market_kmeans_center_select,242,50,50,1.0,4.1393232345581055,-4.1393232345581055,0.0002767527184914,0.0044071455486118,0,baseline_feature,0,0,1,none,none,none,5000,1,1,5000,28000,1000,1.1260383129119873,-4.0,0.0,4,top_quantile,0.0,,,,,14.0,,,1,baseline_kmeans_all_distances_ctpt,good_count,50.0,36.0,,,,,42,paper\main_text_experiments\runs\poly4_krr_main5k\seed_42
mscoco,uncertainty_badge,market_typiclust_select,242,50,50,1.0,4.916419982910156,-4.916419982910156,0.0003416061517782,0.0042927418835461,0,baseline_feature,0,0,1,none,none,none,5000,1,1,5000,28000,1000,1.1260383129119873,-4.0,0.0,4,top_quantile,0.0,,,,,21.0,,,1,baseline_typiclust_sqrt_poly4_ctpt,good_count,50.0,29.0,,,,,42,paper\main_text_experiments\runs\poly4_krr_main5k\seed_42
mscoco,uncertainty_badge,ours_kernel_ridge_student,242,50,47,0.94,4.986124038696289,-4.986124038696289,0.00030219196924,0.0065187071450054,0,online_student,0,0,1,none,none,none,5000,1,1,5000,28000,1000,1.1260383129119873,-4.0,0.0,4,top_quantile,0.0,,,,,20.0,,12.0,1,ours_krr_row_exp_poly4_ctpt,good_count,47.0,18.0,0.2205772399902343,0.94,,,42,paper\main_text_experiments\runs\poly4_krr_main5k\seed_42
mscoco,uncertainty_badge,ours_sample_package_krr,242,50,44,0.88,4.8638529777526855,-4.8638529777526855,0.0002930354967247,0.0064849043264985,0,online_student,0,1,2,buyer_pca_synchronized_indices,mean_seller_phi_by_buyer_membership,reuse_buyer_package_membership,2500,2,2,2500,28000,1000,0.8784571886062622,-4.0,0.0,4,top_quantile,0.0,,,,,18.0,,17.0,1,ours_krr_pkg_exp_poly4_ctpt,good_count,44.0,15.0,0.1612634658813476,0.88,,,42,paper\main_text_experiments\runs\poly4_krr_main5k\seed_42
mscoco,cosine,market_random_select,242,50,8,0.16,0.1693528890609741,-0.1693528890609741,1.591563159308862e-05,0.0015070340596139,1,baseline_feature,0,0,1,none,none,none,5000,1,1,5000,28000,1000,1.1260383129119873,-4.0,0.0,4,top_quantile,0.0,,,,,6.0,,3.0,1,baseline_random_noop,good_count,8.0,7.0,,,34.0,,42,paper\main_text_experiments\runs\poly4_krr_main5k\seed_42
mscoco,cosine,market_cosine_select,242,50,0,0.0,0.8363646864891052,-0.8363646864891052,-1.9984245227533396e-05,0.0059358342550694,1,baseline_feature,0,0,1,none,none,none,5000,1,1,5000,28000,1000,1.1260383129119873,-4.0,0.0,4,top_quantile,0.0,,,,,,,,1,baseline_cosine_ctpt,good_count,0.0,,,,50.0,,42,paper\main_text_experiments\runs\poly4_krr_main5k\seed_42
mscoco,cosine,market_uncertainty_select,242,50,50,1.0,5.425893783569336,-5.425893783569336,0.000384445185773,0.0042018983513116,0,baseline_model_based,1,0,1,none,none,none,5000,1,1,5000,28000,1000,1.1260383129119873,-4.0,0.0,4,top_quantile,0.0,,,,,25.0,,5.0,1,baseline_uncertainty_poly4_ctpt,good_count,50.0,20.0,,,,,42,paper\main_text_experiments\runs\poly4_krr_main5k\seed_42
mscoco,cosine,market_coreset_select,242,50,12,0.24,0.439391553401947,-0.439391553401947,4.7585963329765946e-05,0.0010156991193071,0,baseline_feature,0,0,1,none,none,none,5000,1,1,5000,28000,1000,1.1260383129119873,-4.0,0.0,4,top_quantile,0.0,,,,7.0,,5.0,,1,baseline_coreset_all_distances_ctpt,good_count,12.0,,,,38.0,,42,paper\main_text_experiments\runs\poly4_krr_main5k\seed_42
mscoco,cosine,market_badge_select,242,50,5,0.1,-0.4557964205741882,0.4557964205741882,1.7305612345808186e-05,-0.0010490448912605,1,baseline_model_based,1,0,1,none,none,none,5000,1,1,5000,28000,1000,1.1260383129119873,-4.0,0.0,4,top_quantile,0.0,,,,,,5.0,,1,baseline_badge_components_poly4_ctpt,good_count,5.0,,,,45.0,,42,paper\main_text_experiments\runs\poly4_krr_main5k\seed_42
mscoco,cosine,market_kmeans_center_select,242,50,42,0.84,3.488743543624878,-3.488743543624878,0.0002246451331302,0.0043947850354015,0,baseline_feature,0,0,1,none,none,none,5000,1,1,5000,28000,1000,1.1260383129119873,-4.0,0.0,4,top_quantile,0.0,,,,,16.0,,,1,baseline_kmeans_all_distances_ctpt,good_count,42.0,28.0,,,6.0,,42,paper\main_text_experiments\runs\poly4_krr_main5k\seed_42
mscoco,cosine,market_typiclust_select,242,50,46,0.92,4.687562942504883,-4.687562942504883,0.0003150093543808,0.0046970965340733,0,baseline_feature,0,0,1,none,none,none,5000,1,1,5000,28000,1000,1.1260383129119873,-4.0,0.0,4,top_quantile,0.0,,,,,21.0,,,1,baseline_typiclust_sqrt_poly4_ctpt,good_count,46.0,25.0,,,4.0,,42,paper\main_text_experiments\runs\poly4_krr_main5k\seed_42
mscoco,cosine,ours_kernel_ridge_student,242,50,49,0.98,4.991440296173096,-4.991440296173096,0.0003018724964931,0.0065556527115404,0,online_student,0,0,1,none,none,none,5000,1,1,5000,28000,1000,1.1260383129119873,-4.0,0.0,4,top_quantile,0.0,,,,,20.0,,9.0,1,ours_krr_row_exp_poly4_ctpt,good_count,49.0,20.0,0.2205772399902343,0.92,1.0,,42,paper\main_text_experiments\runs\poly4_krr_main5k\seed_42
mscoco,cosine,ours_sample_package_krr,242,50,50,1.0,4.946531772613525,-4.946531772613525,0.0003033614193554,0.0063033588230609,0,online_student,0,1,2,buyer_pca_synchronized_indices,mean_seller_phi_by_buyer_membership,reuse_buyer_package_membership,2500,2,2,2500,28000,1000,0.8784571886062622,-4.0,0.0,4,top_quantile,0.0,,,,,19.0,,11.0,1,ours_krr_pkg_exp_poly4_ctpt,good_count,50.0,20.0,0.161264419555664,0.92,,,42,paper\main_text_experiments\runs\poly4_krr_main5k\seed_42
mscoco,all_average,market_random_select,242,50,8,0.16,-0.5299422740936279,0.5299422740936279,-2.443790378947597e-07,-0.0004763921024277,1,baseline_feature,0,0,1,none,none,none,5000,1,1,5000,28000,1000,1.1260383129119873,-4.0,0.0,4,top_quantile,0.0,,,,6.0,13.0,9.0,3.0,1,baseline_random_noop,good_count,8.0,12.0,,,7.0,,42,paper\main_text_experiments\runs\poly4_krr_main5k\seed_42
mscoco,all_average,market_cosine_select,242,50,0,0.0,-0.8834190368652344,0.8834190368652344,-0.0001078808272723,0.0034386974293738,1,baseline_feature,0,0,1,none,none,none,5000,1,1,5000,28000,1000,1.1260383129119873,-4.0,0.0,4,top_quantile,0.0,,,,,,,,1,baseline_cosine_ctpt,good_count,0.0,,,,50.0,,42,paper\main_text_experiments\runs\poly4_krr_main5k\seed_42
mscoco,all_average,market_uncertainty_select,242,50,50,1.0,5.568624973297119,-5.568624973297119,0.0003925490309484,0.0043691489845514,0,baseline_model_based,1,0,1,none,none,none,5000,1,1,5000,28000,1000,1.1260383129119873,-4.0,0.0,4,top_quantile,0.0,,,,,23.0,,6.0,1,baseline_uncertainty_poly4_ctpt,good_count,50.0,21.0,,,,,42,paper\main_text_experiments\runs\poly4_krr_main5k\seed_42
mscoco,all_average,market_coreset_select,242,50,0,0.0,-1.4030505418777466,1.4030505418777466,-0.0001121389868785,0.0015816963277757,1,baseline_feature,0,0,1,none,none,none,5000,1,1,5000,28000,1000,1.1260383129119873,-4.0,0.0,4,top_quantile,0.0,,,,,,50.0,,1,baseline_coreset_all_distances_ctpt,good_count,0.0,,,,,,42,paper\main_text_experiments\runs\poly4_krr_main5k\seed_42
mscoco,all_average,market_badge_select,242,50,0,0.0,-1.3793377876281738,1.3793377876281738,-9.92774948826991e-05,0.0010401783511042,1,baseline_model_based,1,0,1,none,none,none,5000,1,1,5000,28000,1000,1.1260383129119873,-4.0,0.0,4,top_quantile,0.0,,,,,,50.0,,1,baseline_badge_components_poly4_ctpt,good_count,0.0,,,,,,42,paper\main_text_experiments\runs\poly4_krr_main5k\seed_42
mscoco,all_average,market_kmeans_center_select,242,50,9,0.18,0.5659949779510498,-0.5659949779510498,6.0893296904396266e-05,0.0008615218685008,1,baseline_feature,0,0,1,none,none,none,5000,1,1,5000,28000,1000,1.1260383129119873,-4.0,0.0,4,top_quantile,0.0,,,,,21.0,,,1,baseline_kmeans_all_distances_ctpt,good_count,9.0,28.0,,,1.0,,42,paper\main_text_experiments\runs\poly4_krr_main5k\seed_42
mscoco,all_average,market_typiclust_select,242,50,20,0.4,2.224296808242798,-2.224296808242798,0.0001609516184544,0.0025127597618848,0,baseline_feature,0,0,1,none,none,none,5000,1,1,5000,28000,1000,1.1260383129119873,-4.0,0.0,4,top_quantile,0.0,,,,,21.0,,,1,baseline_typiclust_sqrt_poly4_ctpt,good_count,20.0,28.0,,,1.0,,42,paper\main_text_experiments\runs\poly4_krr_main5k\seed_42
mscoco,all_average,ours_kernel_ridge_student,242,50,50,1.0,5.023034572601318,-5.023034572601318,0.0002986061444971,0.0068428479135036,0,online_student,0,0,1,none,none,none,5000,1,1,5000,28000,1000,1.1260383129119873,-4.0,0.0,4,top_quantile,0.0,,,,,18.0,,15.0,1,ours_krr_row_exp_poly4_ctpt,good_count,50.0,17.0,0.2196578979492187,0.86,,,42,paper\main_text_experiments\runs\poly4_krr_main5k\seed_42
mscoco,all_average,ours_sample_package_krr,242,50,50,1.0,4.997459411621094,-4.997459411621094,0.0003108632517978,0.0061351023614406,0,online_student,0,1,2,buyer_pca_synchronized_indices,mean_seller_phi_by_buyer_membership,reuse_buyer_package_membership,2500,2,2,2500,28000,1000,0.8784571886062622,-4.0,0.0,4,top_quantile,0.0,,,,,16.0,,15.0,1,ours_krr_pkg_exp_poly4_ctpt,good_count,50.0,19.0,0.1544780731201172,0.88,,,42,paper\main_text_experiments\runs\poly4_krr_main5k\seed_42
hateful_memes,noise,market_random_select,43,50,7,0.14,-0.470880776643753,0.470880776643753,-6.0750244301743805e-05,0.0092355562373995,1,baseline_feature,0,0,1,none,none,none,5000,1,1,5000,28000,1000,1.0231167078018188,-4.0,0.0,4,top_quantile,0.0,,,,5.0,4.0,32.0,6.0,1,baseline_random_noop,good_count,7.0,3.0,,,,,43,paper\main_text_experiments\runs\poly4_krr_main5k\seed_43
hateful_memes,noise,market_cosine_select,43,50,3,0.06,-1.1947804689407349,1.1947804689407349,-5.05268581036944e-05,-0.0197921488434076,1,baseline_feature,0,0,1,none,none,none,5000,1,1,5000,28000,1000,1.0231167078018188,-4.0,0.0,4,top_quantile,0.0,,,,,,,50.0,1,baseline_cosine_ctpt,good_count,3.0,,,,,,43,paper\main_text_experiments\runs\poly4_krr_main5k\seed_43
hateful_memes,noise,market_uncertainty_select,43,50,0,0.0,-0.4149774610996246,0.4149774610996246,-1.4710426512465349e-06,-0.0050203390419483,1,baseline_model_based,1,0,1,none,none,none,5000,1,1,5000,28000,1000,1.0231167078018188,-4.0,0.0,4,top_quantile,0.0,,,,7.0,,41.0,2.0,1,baseline_uncertainty_poly4_ctpt,good_count,0.0,,,,,,43,paper\main_text_experiments\runs\poly4_krr_main5k\seed_43
hateful_memes,noise,market_coreset_select,43,50,0,0.0,-0.6824005246162415,0.6824005246162415,-9.095310815609992e-05,0.009869304485619,1,baseline_feature,0,0,1,none,none,none,5000,1,1,5000,28000,1000,1.0231167078018188,-4.0,0.0,4,top_quantile,0.0,,,,,,50.0,,1,baseline_coreset_all_distances_ctpt,good_count,0.0,,,,,,43,paper\main_text_experiments\runs\poly4_krr_main5k\seed_43
hateful_memes,noise,market_badge_select,43,50,0,0.0,-0.7208418250083923,0.7208418250083923,-9.619235788704827e-05,0.0099158808588981,1,baseline_model_based,1,0,1,none,none,none,5000,1,1,5000,28000,1000,1.0231167078018188,-4.0,0.0,4,top_quantile,0.0,,,,,,50.0,,1,baseline_badge_components_poly4_ctpt,good_count,0.0,,,,,,43,paper\main_text_experiments\runs\poly4_krr_main5k\seed_43
hateful_memes,noise,market_kmeans_center_select,43,50,42,0.84,2.1123242378234863,-2.1123242378234863,0.0001921415387187,0.0333447121083736,0,baseline_feature,0,0,1,none,none,none,5000,1,1,5000,28000,1000,1.0231167078018188,-4.0,0.0,4,top_quantile,0.0,,,,,19.0,1.0,9.0,1,baseline_kmeans_all_distances_ctpt,good_count,42.0,21.0,,,,,43,paper\main_text_experiments\runs\poly4_krr_main5k\seed_43
hateful_memes,noise,market_typiclust_select,43,50,38,0.76,1.700299859046936,-1.700299859046936,0.0001714622922008,0.0241004899144172,0,baseline_feature,0,0,1,none,none,none,5000,1,1,5000,28000,1000,1.0231167078018188,-4.0,0.0,4,top_quantile,0.0,,,,,18.0,,14.0,1,baseline_typiclust_sqrt_poly4_ctpt,good_count,38.0,18.0,,,,,43,paper\main_text_experiments\runs\poly4_krr_main5k\seed_43
hateful_memes,noise,ours_kernel_ridge_student,43,50,48,0.96,3.048148393630981,-3.048148393630981,0.0002808797289617,0.0428690910339355,0,online_student,0,0,1,none,none,none,5000,1,1,5000,28000,1000,1.0231167078018188,-4.0,0.0,4,top_quantile,0.0,,,,,20.0,1.0,5.0,1,ours_krr_row_exp_poly4_ctpt,good_count,48.0,24.0,0.1721172332763672,0.96,,,43,paper\main_text_experiments\runs\poly4_krr_main5k\seed_43
hateful_memes,noise,ours_sample_package_krr,43,50,50,1.0,3.244624137878418,-3.244624137878418,0.0002953946532215,0.0459990613162517,0,online_student,0,1,2,buyer_pca_synchronized_indices,mean_seller_phi_by_buyer_membership,reuse_buyer_package_membership,2500,2,2,2500,28000,1000,0.775087833404541,-4.0,0.0,4,top_quantile,0.0,,,,,19.0,,7.0,1,ours_krr_pkg_exp_poly4_ctpt,good_count,50.0,24.0,0.072427749633789,0.92,,,43,paper\main_text_experiments\runs\poly4_krr_main5k\seed_43
hateful_memes,coreset_far_wrong,market_random_select,43,50,7,0.14,-0.2378988116979599,0.2378988116979599,-1.3443231182463933e-05,0.0046816123649477,1,baseline_feature,0,0,1,none,none,none,5000,1,1,5000,28000,1000,1.0231167078018188,-4.0,0.0,4,top_quantile,0.0,,,,32.0,4.0,5.0,6.0,1,baseline_random_noop,good_count,7.0,3.0,,,,,43,paper\main_text_experiments\runs\poly4_krr_main5k\seed_43
hateful_memes,coreset_far_wrong,market_cosine_select,43,50,3,0.06,-1.1947804689407349,1.1947804689407349,-5.05268581036944e-05,-0.0197921488434076,1,baseline_feature,0,0,1,none,none,none,5000,1,1,5000,28000,1000,1.0231167078018188,-4.0,0.0,4,top_quantile,0.0,,,,,,,50.0,1,baseline_cosine_ctpt,good_count,3.0,,,,,,43,paper\main_text_experiments\runs\poly4_krr_main5k\seed_43
hateful_memes,coreset_far_wrong,market_uncertainty_select,43,50,0,0.0,-0.2545787096023559,0.2545787096023559,-3.2877921967156e-06,0.001288320403546,1,baseline_model_based,1,0,1,none,none,none,5000,1,1,5000,28000,1000,1.0231167078018188,-4.0,0.0,4,top_quantile,0.0,,,,46.0,,2.0,2.0,1,baseline_uncertainty_poly4_ctpt,good_count,0.0,,,,,,43,paper\main_text_experiments\runs\poly4_krr_main5k\seed_43
hateful_memes,coreset_far_wrong,market_coreset_select,43,50,0,0.0,-1.6356077194213867,1.6356077194213867,-0.000254318700172,0.020211337134242,1,baseline_feature,0,0,1,none,none,none,5000,1,1,5000,28000,1000,1.0231167078018188,-4.0,0.0,4,top_quantile,0.0,,,,,,50.0,,1,baseline_coreset_all_distances_ctpt,good_count,0.0,,,,,,43,paper\main_text_experiments\runs\poly4_krr_main5k\seed_43
hateful_memes,coreset_far_wrong,market_badge_select,43,50,0,0.0,-1.6392022371292114,1.6392022371292114,-0.0002501404378563,0.0189335979521274,1,baseline_model_based,1,0,1,none,none,none,5000,1,1,5000,28000,1000,1.0231167078018188,-4.0,0.0,4,top_quantile,0.0,,,,,,50.0,,1,baseline_badge_components_poly4_ctpt,good_count,0.0,,,,,,43,paper\main_text_experiments\runs\poly4_krr_main5k\seed_43
hateful_memes,coreset_far_wrong,market_kmeans_center_select,43,50,42,0.84,2.1123242378234863,-2.1123242378234863,0.0001921415387187,0.0333447121083736,0,baseline_feature,0,0,1,none,none,none,5000,1,1,5000,28000,1000,1.0231167078018188,-4.0,0.0,4,top_quantile,0.0,,,,,19.0,1.0,9.0,1,baseline_kmeans_all_distances_ctpt,good_count,42.0,21.0,,,,,43,paper\main_text_experiments\runs\poly4_krr_main5k\seed_43
hateful_memes,coreset_far_wrong,market_typiclust_select,43,50,38,0.76,1.700299859046936,-1.700299859046936,0.0001714622922008,0.0241004899144172,0,baseline_feature,0,0,1,none,none,none,5000,1,1,5000,28000,1000,1.0231167078018188,-4.0,0.0,4,top_quantile,0.0,,,,,18.0,,14.0,1,baseline_typiclust_sqrt_poly4_ctpt,good_count,38.0,18.0,,,,,43,paper\main_text_experiments\runs\poly4_krr_main5k\seed_43
hateful_memes,coreset_far_wrong,ours_kernel_ridge_student,43,50,49,0.98,3.095890998840332,-3.095890998840332,0.000282733439235,0.0440892279148101,0,online_student,0,0,1,none,none,none,5000,1,1,5000,28000,1000,1.0231167078018188,-4.0,0.0,4,top_quantile,0.0,,,,,20.0,,5.0,1,ours_krr_row_exp_poly4_ctpt,good_count,49.0,25.0,0.1721172332763672,0.96,,,43,paper\main_text_experiments\runs\poly4_krr_main5k\seed_43
hateful_memes,coreset_far_wrong,ours_sample_package_krr,43,50,49,0.98,3.1805615425109863,-3.1805615425109863,0.000288017996354,0.0457046553492546,0,online_student,0,1,2,buyer_pca_synchronized_indices,mean_seller_phi_by_buyer_membership,reuse_buyer_package_membership,2500,2,2,2500,28000,1000,0.775087833404541,-4.0,0.0,4,top_quantile,0.0,,,,1.0,21.0,,7.0,1,ours_krr_pkg_exp_poly4_ctpt,good_count,49.0,21.0,0.075906753540039,0.96,,,43,paper\main_text_experiments\runs\poly4_krr_main5k\seed_43
hateful_memes,typiclust_dense,market_random_select,43,50,7,0.14,-0.2656872272491455,0.2656872272491455,1.6788244465715252e-05,-0.0046278159134089,1,baseline_feature,0,0,1,none,none,none,5000,1,1,5000,28000,1000,1.0231167078018188,-4.0,0.0,4,top_quantile,0.0,,,,,8.0,1.0,1.0,1,baseline_random_noop,good_count,7.0,34.0,,,6.0,,43,paper\main_text_experiments\runs\poly4_krr_main5k\seed_43
hateful_memes,typiclust_dense,market_cosine_select,43,50,2,0.04,-1.0889776945114136,1.0889776945114136,-3.260374069213867e-05,-0.0208824295550584,1,baseline_feature,0,0,1,none,none,none,5000,1,1,5000,28000,1000,1.0231167078018188,-4.0,0.0,4,top_quantile,0.0,,,,,,,,1,baseline_cosine_ctpt,good_count,2.0,,,,48.0,2.0,43,paper\main_text_experiments\runs\poly4_krr_main5k\seed_43
hateful_memes,typiclust_dense,market_uncertainty_select,43,50,0,0.0,-0.2491519153118133,0.2491519153118133,6.715059498674236e-06,-0.0012623524526134,1,baseline_model_based,1,0,1,none,none,none,5000,1,1,5000,28000,1000,1.0231167078018188,-4.0,0.0,4,top_quantile,0.0,,,,,5.0,,,1,baseline_uncertainty_poly4_ctpt,good_count,0.0,39.0,,,6.0,,43,paper\main_text_experiments\runs\poly4_krr_main5k\seed_43
hateful_memes,typiclust_dense,market_coreset_select,43,50,32,0.64,1.2480974197387695,-1.2480974197387695,0.00028705119621,-0.024024361744523,0,baseline_feature,0,0,1,none,none,none,5000,1,1,5000,28000,1000,1.0231167078018188,-4.0,0.0,4,top_quantile,0.0,,,,1.0,,31.0,,1,baseline_coreset_all_distances_ctpt,good_count,32.0,,,,18.0,,43,paper\main_text_experiments\runs\poly4_krr_main5k\seed_43
hateful_memes,typiclust_dense,market_badge_select,43,50,31,0.62,1.2115144729614258,-1.2115144729614258,0.0002882718981709,-0.0256846696138381,0,baseline_model_based,1,0,1,none,none,none,5000,1,1,5000,28000,1000,1.0231167078018188,-4.0,0.0,4,top_quantile,0.0,,,,,,31.0,,1,baseline_badge_components_poly4_ctpt,good_count,31.0,,,,19.0,,43,paper\main_text_experiments\runs\poly4_krr_main5k\seed_43
hateful_memes,typiclust_dense,market_kmeans_center_select,43,50,0,0.0,-0.8831726312637329,0.8831726312637329,-1.9356011762283742e-05,-0.0170665215700864,1,baseline_feature,0,0,1,none,none,none,5000,1,1,5000,28000,1000,1.0231167078018188,-4.0,0.0,4,top_quantile,0.0,,,,,17.0,,,1,baseline_kmeans_all_distances_ctpt,good_count,0.0,33.0,,,,,43,paper\main_text_experiments\runs\poly4_krr_main5k\seed_43
hateful_memes,typiclust_dense,market_typiclust_select,43,50,0,0.0,-0.9230153560638428,0.9230153560638428,-1.2967586371814832e-05,-0.0202641896903514,1,baseline_feature,0,0,1,none,none,none,5000,1,1,5000,28000,1000,1.0231167078018188,-4.0,0.0,4,top_quantile,0.0,,,,,18.0,,,1,baseline_typiclust_sqrt_poly4_ctpt,good_count,0.0,24.0,,,8.0,,43,paper\main_text_experiments\runs\poly4_krr_main5k\seed_43
hateful_memes,typiclust_dense,ours_kernel_ridge_student,43,50,22,0.44,2.489241123199463,-2.489241123199463,0.0002037465601461,0.0438095182180404,0,online_student,0,0,1,none,none,none,5000,1,1,5000,28000,1000,1.0231167078018188,-4.0,0.0,4,top_quantile,0.0,,,,,7.0,,4.0,1,ours_krr_row_exp_poly4_ctpt,good_count,22.0,39.0,0.1862468719482422,0.9,,,43,paper\main_text_experiments\runs\poly4_krr_main5k\seed_43
hateful_memes,typiclust_dense,ours_sample_package_krr,43,50,30,0.6,2.35249662399292,-2.35249662399292,0.0002120900171576,0.0365650877356529,0,online_student,0,1,2,buyer_pca_synchronized_indices,mean_seller_phi_by_buyer_membership,reuse_buyer_package_membership,2500,2,2,2500,28000,1000,0.775087833404541,-4.0,0.0,4,top_quantile,0.0,,,,,16.0,,2.0,1,ours_krr_pkg_exp_poly4_ctpt,good_count,30.0,32.0,0.0784072875976562,0.92,,,43,paper\main_text_experiments\runs\poly4_krr_main5k\seed_43
hateful_memes,kmeans_center,market_random_select,43,50,7,0.14,-0.2536409795284271,0.2536409795284271,2.500772461644374e-05,-0.0064489371143281,1,baseline_feature,0,0,1,none,none,none,5000,1,1,5000,28000,1000,1.0231167078018188,-4.0,0.0,4,top_quantile,0.0,,,,6.0,37.0,,,1,baseline_random_noop,good_count,7.0,7.0,,,,,43,paper\main_text_experiments\runs\poly4_krr_main5k\seed_43
hateful_memes,kmeans_center,market_cosine_select,43,50,49,0.98,2.8136589527130127,-2.8136589527130127,0.0002606833004392,0.0399226695299148,0,baseline_feature,0,0,1,none,none,none,5000,1,1,5000,28000,1000,1.0231167078018188,-4.0,0.0,4,top_quantile,0.0,,,,,1.0,,44.0,1,baseline_cosine_ctpt,good_count,49.0,,,,3.0,2.0,43,paper\main_text_experiments\runs\poly4_krr_main5k\seed_43
hateful_memes,kmeans_center,market_uncertainty_select,43,50,0,0.0,-0.1942726373672485,0.1942726373672485,5.147457159182522e-06,0.0011559292906895,1,baseline_model_based,1,0,1,none,none,none,5000,1,1,5000,28000,1000,1.0231167078018188,-4.0,0.0,4,top_quantile,0.0,,,,5.0,44.0,,,1,baseline_uncertainty_poly4_ctpt,good_count,0.0,1.0,,,,,43,paper\main_text_experiments\runs\poly4_krr_main5k\seed_43
hateful_memes,kmeans_center,market_coreset_select,43,50,32,0.64,1.2767621278762815,-1.2767621278762815,0.0002849376178346,-0.0224056299775838,0,baseline_feature,0,0,1,none,none,none,5000,1,1,5000,28000,1000,1.0231167078018188,-4.0,0.0,4,top_quantile,0.0,,,,18.0,,31.0,,1,baseline_coreset_all_distances_ctpt,good_count,32.0,,,,1.0,,43,paper\main_text_experiments\runs\poly4_krr_main5k\seed_43
hateful_memes,kmeans_center,market_badge_select,43,50,33,0.66,1.3593683242797852,-1.3593683242797852,0.0002904975553974,-0.0209406111389398,0,baseline_model_based,1,0,1,none,none,none,5000,1,1,5000,28000,1000,1.0231167078018188,-4.0,0.0,4,top_quantile,0.0,,,,17.0,,31.0,,1,baseline_badge_components_poly4_ctpt,good_count,33.0,,,,1.0,1.0,43,paper\main_text_experiments\runs\poly4_krr_main5k\seed_43
hateful_memes,kmeans_center,market_kmeans_center_select,43,50,0,0.0,-0.877391517162323,0.877391517162323,-1.8036365872831084e-05,-0.0172195620834827,1,baseline_feature,0,0,1,none,none,none,5000,1,1,5000,28000,1000,1.0231167078018188,-4.0,0.0,4,top_quantile,0.0,,,,,31.0,,,1,baseline_kmeans_all_distances_ctpt,good_count,0.0,19.0,,,,,43,paper\main_text_experiments\runs\poly4_krr_main5k\seed_43
hateful_memes,kmeans_center,market_typiclust_select,43,50,0,0.0,-0.5247834324836731,0.5247834324836731,-6.006956027704291e-06,-0.0077517870813608,1,baseline_feature,0,0,1,none,none,none,5000,1,1,5000,28000,1000,1.0231167078018188,-4.0,0.0,4,top_quantile,0.0,,,,,34.0,,,1,baseline_typiclust_sqrt_poly4_ctpt,good_count,0.0,16.0,,,,,43,paper\main_text_experiments\runs\poly4_krr_main5k\seed_43
hateful_memes,kmeans_center,ours_kernel_ridge_student,43,50,23,0.46,2.493980884552002,-2.493980884552002,0.0002056062221527,0.0434704385697841,0,online_student,0,0,1,none,none,none,5000,1,1,5000,28000,1000,1.0231167078018188,-4.0,0.0,4,top_quantile,0.0,,,,,35.0,,3.0,1,ours_krr_row_exp_poly4_ctpt,good_count,23.0,12.0,0.1858806610107422,0.86,,,43,paper\main_text_experiments\runs\poly4_krr_main5k\seed_43
hateful_memes,kmeans_center,ours_sample_package_krr,43,50,27,0.54,1.9781882762908936,-1.9781882762908936,0.0001774513657437,0.0325208455324173,0,online_student,0,1,2,buyer_pca_synchronized_indices,mean_seller_phi_by_buyer_membership,reuse_buyer_package_membership,2500,2,2,2500,28000,1000,0.775087833404541,-4.0,0.0,4,top_quantile,0.0,,,,,31.0,,3.0,1,ours_krr_pkg_exp_poly4_ctpt,good_count,27.0,16.0,0.0834465026855468,0.92,,,43,paper\main_text_experiments\runs\poly4_krr_main5k\seed_43
hateful_memes,uncertainty_badge,market_random_select,43,50,7,0.14,-0.1688961088657379,0.1688961088657379,5.794763637823053e-06,0.0018972968682646,1,baseline_feature,0,0,1,none,none,none,5000,1,1,5000,28000,1000,1.0231167078018188,-4.0,0.0,4,top_quantile,0.0,,,,5.0,4.0,,32.0,1,baseline_random_noop,good_count,7.0,3.0,,,6.0,,43,paper\main_text_experiments\runs\poly4_krr_main5k\seed_43
hateful_memes,uncertainty_badge,market_cosine_select,43,50,0,0.0,-0.9775375127792358,0.9775375127792358,-5.371332008508034e-05,-0.0110483933240175,1,baseline_feature,0,0,1,none,none,none,5000,1,1,5000,28000,1000,1.0231167078018188,-4.0,0.0,4,top_quantile,0.0,,,,,,,,1,baseline_cosine_ctpt,good_count,0.0,,,,50.0,,43,paper\main_text_experiments\runs\poly4_krr_main5k\seed_43
hateful_memes,uncertainty_badge,market_uncertainty_select,43,50,0,0.0,-0.2848745286464691,0.2848745286464691,6.437301635742188e-06,-0.0024799536913633,1,baseline_model_based,1,0,1,none,none,none,5000,1,1,5000,28000,1000,1.0231167078018188,-4.0,0.0,4,top_quantile,0.0,,,,8.0,,,34.0,1,baseline_uncertainty_poly4_ctpt,good_count,0.0,,,,8.0,,43,paper\main_text_experiments\runs\poly4_krr_main5k\seed_43
hateful_memes,uncertainty_badge,market_coreset_select,43,50,0,0.0,-0.9294981956481934,0.9294981956481934,-4.509568316279911e-05,-0.0116751799359917,1,baseline_feature,0,0,1,none,none,none,5000,1,1,5000,28000,1000,1.0231167078018188,-4.0,0.0,4,top_quantile,0.0,,,,43.0,,,,1,baseline_coreset_all_distances_ctpt,good_count,0.0,,,,7.0,,43,paper\main_text_experiments\runs\poly4_krr_main5k\seed_43
hateful_memes,uncertainty_badge,market_badge_select,43,50,0,0.0,-0.9102982878684998,0.9102982878684998,-3.980517431045882e-05,-0.0124327652156353,1,baseline_model_based,1,0,1,none,none,none,5000,1,1,5000,28000,1000,1.0231167078018188,-4.0,0.0,4,top_quantile,0.0,,,,17.0,,,,1,baseline_badge_components_poly4_ctpt,good_count,0.0,,,,33.0,,43,paper\main_text_experiments\runs\poly4_krr_main5k\seed_43
hateful_memes,uncertainty_badge,market_kmeans_center_select,43,50,24,0.48,1.4115253686904907,-1.4115253686904907,0.0001205420485348,0.0276259686797857,0,baseline_feature,0,0,1,none,none,none,5000,1,1,5000,28000,1000,1.0231167078018188,-4.0,0.0,4,top_quantile,0.0,,,,,11.0,,26.0,1,baseline_kmeans_all_distances_ctpt,good_count,24.0,13.0,,,,,43,paper\main_text_experiments\runs\poly4_krr_main5k\seed_43
hateful_memes,uncertainty_badge,market_typiclust_select,43,50,5,0.1,-0.164445012807846,0.164445012807846,2.222180410171859e-05,-0.0024530868977308,1,baseline_feature,0,0,1,none,none,none,5000,1,1,5000,28000,1000,1.0231167078018188,-4.0,0.0,4,top_quantile,0.0,,,,,2.0,,30.0,1,baseline_typiclust_sqrt_poly4_ctpt,good_count,5.0,2.0,,,16.0,,43,paper\main_text_experiments\runs\poly4_krr_main5k\seed_43
hateful_memes,uncertainty_badge,ours_kernel_ridge_student,43,50,37,0.74,2.64762020111084,-2.64762020111084,0.000232608319493,0.0416193306446075,0,online_student,0,0,1,none,none,none,5000,1,1,5000,28000,1000,1.0231167078018188,-4.0,0.0,4,top_quantile,0.0,,,,,14.0,,17.0,1,ours_krr_row_exp_poly4_ctpt,good_count,37.0,19.0,0.1721172332763672,0.86,,,43,paper\main_text_experiments\runs\poly4_krr_main5k\seed_43
hateful_memes,uncertainty_badge,ours_sample_package_krr,43,50,40,0.8,2.697201728820801,-2.697201728820801,0.0002390253503108,0.041652787476778,0,online_student,0,1,2,buyer_pca_synchronized_indices,mean_seller_phi_by_buyer_membership,reuse_buyer_package_membership,2500,2,2,2500,28000,1000,0.775087833404541,-4.0,0.0,4,top_quantile,0.0,,,,,17.0,,16.0,1,ours_krr_pkg_exp_poly4_ctpt,good_count,40.0,17.0,0.0779933929443359,0.92,,,43,paper\main_text_experiments\runs\poly4_krr_main5k\seed_43
hateful_memes,cosine,market_random_select,43,50,7,0.14,-0.3680173456668854,0.3680173456668854,2.708434976739227e-06,-0.0044673015363514,1,baseline_feature,0,0,1,none,none,none,5000,1,1,5000,28000,1000,1.0231167078018188,-4.0,0.0,4,top_quantile,0.0,,,,,2.0,1.0,9.0,1,baseline_random_noop,good_count,7.0,6.0,,,32.0,,43,paper\main_text_experiments\runs\poly4_krr_main5k\seed_43
hateful_memes,cosine,market_cosine_select,43,50,0,0.0,-0.1476597934961319,0.1476597934961319,-3.075837958022021e-05,0.0127056231722235,1,baseline_feature,0,0,1,none,none,none,5000,1,1,5000,28000,1000,1.0231167078018188,-4.0,0.0,4,top_quantile,0.0,,,,,,,,1,baseline_cosine_ctpt,good_count,0.0,,,,50.0,,43,paper\main_text_experiments\runs\poly4_krr_main5k\seed_43
hateful_memes,cosine,market_uncertainty_select,43,50,0,0.0,-0.4378769993782043,0.4378769993782043,-6.532668976433342e-06,-0.0044596209190785,1,baseline_model_based,1,0,1,none,none,none,5000,1,1,5000,28000,1000,1.0231167078018188,-4.0,0.0,4,top_quantile,0.0,,,,,,,,1,baseline_uncertainty_poly4_ctpt,good_count,0.0,,,,50.0,,43,paper\main_text_experiments\runs\poly4_krr_main5k\seed_43
hateful_memes,cosine,market_coreset_select,43,50,21,0.42,1.0385963916778564,-1.0385963916778564,0.0001955163461389,-0.0064729694277048,0,baseline_feature,0,0,1,none,none,none,5000,1,1,5000,28000,1000,1.0231167078018188,-4.0,0.0,4,top_quantile,0.0,,,,,,21.0,,1,baseline_coreset_all_distances_ctpt,good_count,21.0,,,,29.0,,43,paper\main_text_experiments\runs\poly4_krr_main5k\seed_43
hateful_memes,cosine,market_badge_select,43,50,21,0.42,0.7871482372283936,-0.7871482372283936,0.0001933646271936,-0.0149895595386624,0,baseline_model_based,1,0,1,none,none,none,5000,1,1,5000,28000,1000,1.0231167078018188,-4.0,0.0,4,top_quantile,0.0,,,,,,21.0,,1,baseline_badge_components_poly4_ctpt,good_count,21.0,,,,29.0,,43,paper\main_text_experiments\runs\poly4_krr_main5k\seed_43
hateful_memes,cosine,market_kmeans_center_select,43,50,12,0.24,-1.0542259216308594,1.0542259216308594,-1.6635656720609404e-05,-0.0240092687308788,0,baseline_feature,0,0,1,none,none,none,5000,1,1,5000,28000,1000,1.0231167078018188,-4.0,0.0,4,top_quantile,0.0,,,,,5.0,,,1,baseline_kmeans_all_distances_ctpt,good_count,12.0,44.0,,,1.0,,43,paper\main_text_experiments\runs\poly4_krr_main5k\seed_43
hateful_memes,cosine,market_typiclust_select,43,50,2,0.04,-0.8479324579238892,0.8479324579238892,-1.2601613889273722e-05,-0.0176451727747917,1,baseline_feature,0,0,1,none,none,none,5000,1,1,5000,28000,1000,1.0231167078018188,-4.0,0.0,4,top_quantile,0.0,,,,,1.0,,,1,baseline_typiclust_sqrt_poly4_ctpt,good_count,2.0,19.0,,,30.0,,43,paper\main_text_experiments\runs\poly4_krr_main5k\seed_43
hateful_memes,cosine,ours_kernel_ridge_student,43,50,45,0.9,2.614630699157715,-2.614630699157715,0.0002477395464666,0.036268725991249,0,online_student,0,0,1,none,none,none,5000,1,1,5000,28000,1000,1.0231167078018188,-4.0,0.0,4,top_quantile,0.0,,,,,19.0,,5.0,1,ours_krr_row_exp_poly4_ctpt,good_count,45.0,26.0,0.1721172332763672,0.9,,,43,paper\main_text_experiments\runs\poly4_krr_main5k\seed_43
hateful_memes,cosine,ours_sample_package_krr,43,50,50,1.0,3.213193655014038,-3.213193655014038,0.0002931582857854,0.045474849641323,0,online_student,0,1,2,buyer_pca_synchronized_indices,mean_seller_phi_by_buyer_membership,reuse_buyer_package_membership,2500,2,2,2500,28000,1000,0.775087833404541,-4.0,0.0,4,top_quantile,0.0,,,,,21.0,,7.0,1,ours_krr_pkg_exp_poly4_ctpt,good_count,50.0,22.0,0.0805416107177734,0.96,,,43,paper\main_text_experiments\runs\poly4_krr_main5k\seed_43
hateful_memes,all_average,market_random_select,43,50,7,0.14,-1.000016450881958,1.000016450881958,-7.835626456653699e-05,-0.0050945258699357,1,baseline_feature,0,0,1,none,none,none,5000,1,1,5000,28000,1000,1.0231167078018188,-4.0,0.0,4,top_quantile,0.0,,,,4.0,5.0,13.0,11.0,1,baseline_random_noop,good_count,7.0,7.0,,,10.0,,43,paper\main_text_experiments\runs\poly4_krr_main5k\seed_43
hateful_memes,all_average,market_cosine_select,43,50,0,0.0,-1.116299390792847,1.116299390792847,-4.518747300608084e-05,-0.0184159725904464,1,baseline_feature,0,0,1,none,none,none,5000,1,1,5000,28000,1000,1.0231167078018188,-4.0,0.0,4,top_quantile,0.0,,,,,,,,1,baseline_cosine_ctpt,good_count,0.0,,,,50.0,,43,paper\main_text_experiments\runs\poly4_krr_main5k\seed_43
hateful_memes,all_average,market_uncertainty_select,43,50,0,0.0,-0.8186400532722473,0.8186400532722473,7.317066319956211e-06,-0.0220547560602426,1,baseline_model_based,1,0,1,none,none,none,5000,1,1,5000,28000,1000,1.0231167078018188,-4.0,0.0,4,top_quantile,0.0,,,,11.0,7.0,6.0,6.0,1,baseline_uncertainty_poly4_ctpt,good_count,0.0,8.0,,,12.0,,43,paper\main_text_experiments\runs\poly4_krr_main5k\seed_43
hateful_memes,all_average,market_coreset_select,43,50,0,0.0,-1.7638264894485474,1.7638264894485474,-0.0002926135202869,0.0260846801102161,1,baseline_feature,0,0,1,none,none,none,5000,1,1,5000,28000,1000,1.0231167078018188,-4.0,0.0,4,top_quantile,0.0,,,,,,50.0,,1,baseline_coreset_all_distances_ctpt,good_count,0.0,,,,,,43,paper\main_text_experiments\runs\poly4_krr_main5k\seed_43
hateful_memes,all_average,market_badge_select,43,50,0,0.0,-1.7124541997909546,1.7124541997909546,-0.0002771008003037,0.0236849188804626,1,baseline_model_based,1,0,1,none,none,none,5000,1,1,5000,28000,1000,1.0231167078018188,-4.0,0.0,4,top_quantile,0.0,,,,,,50.0,,1,baseline_badge_components_poly4_ctpt,good_count,0.0,,,,,,43,paper\main_text_experiments\runs\poly4_krr_main5k\seed_43
hateful_memes,all_average,market_kmeans_center_select,43,50,0,0.0,-1.269578456878662,1.269578456878662,-4.780769450007938e-05,-0.0232481677085161,1,baseline_feature,0,0,1,none,none,none,5000,1,1,5000,28000,1000,1.0231167078018188,-4.0,0.0,4,top_quantile,0.0,,,,,23.0,1.0,2.0,1,baseline_kmeans_all_distances_ctpt,good_count,0.0,24.0,,,,,43,paper\main_text_experiments\runs\poly4_krr_main5k\seed_43
hateful_memes,all_average,market_typiclust_select,43,50,0,0.0,-0.9310967922210692,0.9310967922210692,-1.4247893886931706e-05,-0.020205270498991,1,baseline_feature,0,0,1,none,none,none,5000,1,1,5000,28000,1000,1.0231167078018188,-4.0,0.0,4,top_quantile,0.0,,,,,21.0,,,1,baseline_typiclust_sqrt_poly4_ctpt,good_count,0.0,21.0,,,8.0,,43,paper\main_text_experiments\runs\poly4_krr_main5k\seed_43
hateful_memes,all_average,ours_kernel_ridge_student,43,50,42,0.84,2.299778699874878,-2.299778699874878,0.0002285981172462,0.0301217623054981,0,online_student,0,0,1,none,none,none,5000,1,1,5000,28000,1000,1.0231167078018188,-4.0,0.0,4,top_quantile,0.0,,,,,21.0,,7.0,1,ours_krr_row_exp_poly4_ctpt,good_count,42.0,22.0,0.1714763641357422,0.9,,,43,paper\main_text_experiments\runs\poly4_krr_main5k\seed_43
hateful_memes,all_average,ours_sample_package_krr,43,50,34,0.68,1.4474928379058838,-1.4474928379058838,0.0001572501641931,0.0188470166176557,0,online_student,0,1,2,buyer_pca_synchronized_indices,mean_seller_phi_by_buyer_membership,reuse_buyer_package_membership,2500,2,2,2500,28000,1000,0.775087833404541,-4.0,0.0,4,top_quantile,0.0,,,,,20.0,,10.0,1,ours_krr_pkg_exp_poly4_ctpt,good_count,34.0,20.0,0.0779933929443359,0.92,,,43,paper\main_text_experiments\runs\poly4_krr_main5k\seed_43
hatespeech,noise,market_random_select,143,50,5,0.1,-0.6973670125007629,0.6973670125007629,-0.0002129030181095,0.0279624313116073,1,baseline_feature,0,0,1,none,none,none,5000,1,1,5000,28000,1000,0.924261748790741,-4.0,0.0,4,top_quantile,0.0,,,,5.0,2.0,37.0,4.0,1,baseline_random_noop,good_count,5.0,2.0,,,,,43,paper\main_text_experiments\runs\poly4_krr_main5k\seed_43
hatespeech,noise,market_cosine_select,143,50,0,0.0,-0.6945831179618835,0.6945831179618835,-9.202003275277092e-05,0.0085758455097675,1,baseline_feature,0,0,1,none,none,none,5000,1,1,5000,28000,1000,0.924261748790741,-4.0,0.0,4,top_quantile,0.0,,,,,,,50.0,1,baseline_cosine_ctpt,good_count,0.0,,,,,,43,paper\main_text_experiments\runs\poly4_krr_main5k\seed_43
hatespeech,noise,market_uncertainty_select,143,50,0,0.0,-0.5246410369873047,0.5246410369873047,-4.20665746787563e-05,0.0108482567593455,1,baseline_model_based,1,0,1,none,none,none,5000,1,1,5000,28000,1000,0.924261748790741,-4.0,0.0,4,top_quantile,0.0,,,,2.0,,45.0,3.0,1,baseline_uncertainty_poly4_ctpt,good_count,0.0,,,,,,43,paper\main_text_experiments\runs\poly4_krr_main5k\seed_43
hatespeech,noise,market_coreset_select,143,50,0,0.0,-0.7662500143051147,0.7662500143051147,-0.0002139377611456,0.0239331107586622,1,baseline_feature,0,0,1,none,none,none,5000,1,1,5000,28000,1000,0.924261748790741,-4.0,0.0,4,top_quantile,0.0,,,,,,50.0,,1,baseline_coreset_all_distances_ctpt,good_count,0.0,,,,,,43,paper\main_text_experiments\runs\poly4_krr_main5k\seed_43
hatespeech,noise,market_badge_select,143,50,0,0.0,-0.8401415944099426,0.8401415944099426,-0.0002338039921596,0.0226451568305492,1,baseline_model_based,1,0,1,none,none,none,5000,1,1,5000,28000,1000,0.924261748790741,-4.0,0.0,4,top_quantile,0.0,,,,,,50.0,,1,baseline_badge_components_poly4_ctpt,good_count,0.0,,,,,,43,paper\main_text_experiments\runs\poly4_krr_main5k\seed_43
hatespeech,noise,market_kmeans_center_select,143,50,50,1.0,3.243716239929199,-3.243716239929199,0.0009050357621163,0.0872164517641067,0,baseline_feature,0,0,1,none,none,none,5000,1,1,5000,28000,1000,0.924261748790741,-4.0,0.0,4,top_quantile,0.0,,,,,21.0,,,1,baseline_kmeans_all_distances_ctpt,good_count,50.0,29.0,,,,,43,paper\main_text_experiments\runs\poly4_krr_main5k\seed_43
hatespeech,noise,market_typiclust_select,143,50,50,1.0,3.3542251586914062,-3.3542251586914062,0.0009547150111757,0.085912249982357,0,baseline_feature,0,0,1,none,none,none,5000,1,1,5000,28000,1000,0.924261748790741,-4.0,0.0,4,top_quantile,0.0,,,,,22.0,,2.0,1,baseline_typiclust_sqrt_poly4_ctpt,good_count,50.0,26.0,,,,,43,paper\main_text_experiments\runs\poly4_krr_main5k\seed_43
hatespeech,noise,ours_kernel_ridge_student,143,50,49,0.98,3.418867588043213,-3.418867588043213,0.0009846067987382,0.0850147828459739,0,online_student,0,0,1,none,none,none,5000,1,1,5000,28000,1000,0.924261748790741,-4.0,0.0,4,top_quantile,0.0,,,,,19.0,1.0,8.0,1,ours_krr_row_exp_poly4_ctpt,good_count,49.0,22.0,0.301544189453125,0.92,,,43,paper\main_text_experiments\runs\poly4_krr_main5k\seed_43
hatespeech,noise,ours_sample_package_krr,143,50,50,1.0,3.4494338035583496,-3.4494338035583496,0.0009922742610797,0.0856366083025932,0,online_student,0,1,2,buyer_pca_synchronized_indices,mean_seller_phi_by_buyer_membership,reuse_buyer_package_membership,2500,2,2,2500,28000,1000,0.729683518409729,-4.0,0.0,4,top_quantile,0.0,,,,,16.0,,11.0,1,ours_krr_pkg_exp_poly4_ctpt,good_count,50.0,23.0,0.1918869018554687,0.96,,,43,paper\main_text_experiments\runs\poly4_krr_main5k\seed_43
hatespeech,coreset_far_wrong,market_random_select,143,50,5,0.1,-0.369293063879013,0.369293063879013,-0.0001274144597118,0.0341202840209007,1,baseline_feature,0,0,1,none,none,none,5000,1,1,5000,28000,1000,0.924261748790741,-4.0,0.0,4,top_quantile,0.0,,,,37.0,2.0,5.0,4.0,1,baseline_random_noop,good_count,5.0,2.0,,,,,43,paper\main_text_experiments\runs\poly4_krr_main5k\seed_43
hatespeech,coreset_far_wrong,market_cosine_select,143,50,0,0.0,-0.6945831179618835,0.6945831179618835,-9.202003275277092e-05,0.0085758455097675,1,baseline_feature,0,0,1,none,none,none,5000,1,1,5000,28000,1000,0.924261748790741,-4.0,0.0,4,top_quantile,0.0,,,,,,,50.0,1,baseline_cosine_ctpt,good_count,0.0,,,,,,43,paper\main_text_experiments\runs\poly4_krr_main5k\seed_43
hatespeech,coreset_far_wrong,market_uncertainty_select,143,50,0,0.0,-0.2663455903530121,0.2663455903530121,-1.3058185686531942e-05,0.0218920782208442,1,baseline_model_based,1,0,1,none,none,none,5000,1,1,5000,28000,1000,0.924261748790741,-4.0,0.0,4,top_quantile,0.0,,,,38.0,,5.0,7.0,1,baseline_uncertainty_poly4_ctpt,good_count,0.0,,,,,,43,paper\main_text_experiments\runs\poly4_krr_main5k\seed_43
hatespeech,coreset_far_wrong,market_coreset_select,143,50,0,0.0,-1.4145487546920776,1.4145487546920776,-0.0005065059522166,0.0317663587629795,1,baseline_feature,0,0,1,none,none,none,5000,1,1,5000,28000,1000,0.924261748790741,-4.0,0.0,4,top_quantile,0.0,,,,,,50.0,,1,baseline_coreset_all_distances_ctpt,good_count,0.0,,,,,,43,paper\main_text_experiments\runs\poly4_krr_main5k\seed_43
hatespeech,coreset_far_wrong,market_badge_select,143,50,0,0.0,-1.4959111213684082,1.4959111213684082,-0.0005015671486034,0.0260103400796651,1,baseline_model_based,1,0,1,none,none,none,5000,1,1,5000,28000,1000,0.924261748790741,-4.0,0.0,4,top_quantile,0.0,,,,,,50.0,,1,baseline_badge_components_poly4_ctpt,good_count,0.0,,,,,,43,paper\main_text_experiments\runs\poly4_krr_main5k\seed_43
hatespeech,coreset_far_wrong,market_kmeans_center_select,143,50,50,1.0,3.243716239929199,-3.243716239929199,0.0009050357621163,0.0872164517641067,0,baseline_feature,0,0,1,none,none,none,5000,1,1,5000,28000,1000,0.924261748790741,-4.0,0.0,4,top_quantile,0.0,,,,,21.0,,,1,baseline_kmeans_all_distances_ctpt,good_count,50.0,29.0,,,,,43,paper\main_text_experiments\runs\poly4_krr_main5k\seed_43
hatespeech,coreset_far_wrong,market_typiclust_select,143,50,50,1.0,3.3542251586914062,-3.3542251586914062,0.0009547150111757,0.085912249982357,0,baseline_feature,0,0,1,none,none,none,5000,1,1,5000,28000,1000,0.924261748790741,-4.0,0.0,4,top_quantile,0.0,,,,,22.0,,2.0,1,baseline_typiclust_sqrt_poly4_ctpt,good_count,50.0,26.0,,,,,43,paper\main_text_experiments\runs\poly4_krr_main5k\seed_43
hatespeech,coreset_far_wrong,ours_kernel_ridge_student,143,50,50,1.0,3.502086877822876,-3.502086877822876,0.0010082769440487,0.0862556397914886,0,online_student,0,0,1,none,none,none,5000,1,1,5000,28000,1000,0.924261748790741,-4.0,0.0,4,top_quantile,0.0,,,,,19.0,,9.0,1,ours_krr_row_exp_poly4_ctpt,good_count,50.0,22.0,0.301544189453125,0.92,,,43,paper\main_text_experiments\runs\poly4_krr_main5k\seed_43
hatespeech,coreset_far_wrong,ours_sample_package_krr,143,50,49,0.98,3.50732421875,-3.50732421875,0.0010154640767723,0.0854119807481765,0,online_student,0,1,2,buyer_pca_synchronized_indices,mean_seller_phi_by_buyer_membership,reuse_buyer_package_membership,2500,2,2,2500,28000,1000,0.729683518409729,-4.0,0.0,4,top_quantile,0.0,,,,1.0,18.0,,14.0,1,ours_krr_pkg_exp_poly4_ctpt,good_count,49.0,17.0,0.198699951171875,0.92,,,43,paper\main_text_experiments\runs\poly4_krr_main5k\seed_43
hatespeech,typiclust_dense,market_random_select,143,50,5,0.1,-0.3247754573822021,0.3247754573822021,6.370663322741166e-05,0.005913364700973,1,baseline_feature,0,0,1,none,none,none,5000,1,1,5000,28000,1000,0.924261748790741,-4.0,0.0,4,top_quantile,0.0,,,,,9.0,,1.0,1,baseline_random_noop,good_count,5.0,37.0,,,3.0,,43,paper\main_text_experiments\runs\poly4_krr_main5k\seed_43
hatespeech,typiclust_dense,market_cosine_select,143,50,4,0.08,-1.3322938680648804,1.3322938680648804,1.0300875146640465e-05,-0.0468301586806774,1,baseline_feature,0,0,1,none,none,none,5000,1,1,5000,28000,1000,0.924261748790741,-4.0,0.0,4,top_quantile,0.0,,,,,,,,1,baseline_cosine_ctpt,good_count,4.0,,,,48.0,2.0,43,paper\main_text_experiments\runs\poly4_krr_main5k\seed_43
hatespeech,typiclust_dense,market_uncertainty_select,143,50,0,0.0,-0.2305297702550888,0.2305297702550888,1.9024610082851723e-05,0.0188838802278041,1,baseline_model_based,1,0,1,none,none,none,5000,1,1,5000,28000,1000,0.924261748790741,-4.0,0.0,4,top_quantile,0.0,,,,,4.0,,,1,baseline_uncertainty_poly4_ctpt,good_count,0.0,39.0,,,7.0,,43,paper\main_text_experiments\runs\poly4_krr_main5k\seed_43
hatespeech,typiclust_dense,market_coreset_select,143,50,12,0.24,-0.6660551428794861,0.6660551428794861,0.00021572948026,-0.0394731499254703,0,baseline_feature,0,0,1,none,none,none,5000,1,1,5000,28000,1000,0.924261748790741,-4.0,0.0,4,top_quantile,0.0,,,,3.0,,9.0,,1,baseline_coreset_all_distances_ctpt,good_count,12.0,,,,38.0,,43,paper\main_text_experiments\runs\poly4_krr_main5k\seed_43
hatespeech,typiclust_dense,market_badge_select,143,50,9,0.18,-0.582991898059845,0.582991898059845,5.318522380548529e-05,-0.0081164268776774,1,baseline_model_based,1,0,1,none,none,none,5000,1,1,5000,28000,1000,0.924261748790741,-4.0,0.0,4,top_quantile,0.0,,,,,,9.0,,1,baseline_badge_components_poly4_ctpt,good_count,9.0,,,,41.0,,43,paper\main_text_experiments\runs\poly4_krr_main5k\seed_43
hatespeech,typiclust_dense,market_kmeans_center_select,143,50,8,0.16,0.7873552441596985,-0.7873552441596985,0.0002624118351377,0.0415241867303848,1,baseline_feature,0,0,1,none,none,none,5000,1,1,5000,28000,1000,0.924261748790741,-4.0,0.0,4,top_quantile,0.0,,,,,11.0,,,1,baseline_kmeans_all_distances_ctpt,good_count,8.0,39.0,,,,,43,paper\main_text_experiments\runs\poly4_krr_main5k\seed_43
hatespeech,typiclust_dense,market_typiclust_select,143,50,5,0.1,1.6605333089828491,-1.6605333089828491,0.0003389108169358,0.0823470056056976,1,baseline_feature,0,0,1,none,none,none,5000,1,1,5000,28000,1000,0.924261748790741,-4.0,0.0,4,top_quantile,0.0,,,,,9.0,,,1,baseline_typiclust_sqrt_poly4_ctpt,good_count,5.0,36.0,,,5.0,,43,paper\main_text_experiments\runs\poly4_krr_main5k\seed_43
hatespeech,typiclust_dense,ours_kernel_ridge_student,143,50,22,0.44,1.9507248401641848,-1.9507248401641848,0.0005627429345622,0.0638159215450286,0,online_student,0,0,1,none,none,none,5000,1,1,5000,28000,1000,0.924261748790741,-4.0,0.0,4,top_quantile,0.0,,,,,14.0,,5.0,1,ours_krr_row_exp_poly4_ctpt,good_count,22.0,31.0,0.301544189453125,0.92,,,43,paper\main_text_experiments\runs\poly4_krr_main5k\seed_43
hatespeech,typiclust_dense,ours_sample_package_krr,143,50,34,0.68,2.6436493396759038,-2.6436493396759038,0.0007819294696673,0.0705730393528938,0,online_student,0,1,2,buyer_pca_synchronized_indices,mean_seller_phi_by_buyer_membership,reuse_buyer_package_membership,2500,2,2,2500,28000,1000,0.729683518409729,-4.0,0.0,4,top_quantile,0.0,,,,,15.0,,11.0,1,ours_krr_pkg_exp_poly4_ctpt,good_count,34.0,24.0,0.2168350219726562,0.84,,,43,paper\main_text_experiments\runs\poly4_krr_main5k\seed_43
hatespeech,kmeans_center,market_random_select,143,50,5,0.1,0.1149417385458946,-0.1149417385458946,8.930206240620464e-05,0.0285625047981739,1,baseline_feature,0,0,1,none,none,none,5000,1,1,5000,28000,1000,0.924261748790741,-4.0,0.0,4,top_quantile,0.0,,,,3.0,37.0,,2.0,1,baseline_random_noop,good_count,5.0,8.0,,,,,43,paper\main_text_experiments\runs\poly4_krr_main5k\seed_43
hatespeech,kmeans_center,market_cosine_select,143,50,30,0.6,1.736281156539917,-1.736281156539917,0.0005271423142403,0.0565102770924568,0,baseline_feature,0,0,1,none,none,none,5000,1,1,5000,28000,1000,0.924261748790741,-4.0,0.0,4,top_quantile,0.0,,,,,22.0,,21.0,1,baseline_cosine_ctpt,good_count,30.0,1.0,,,4.0,2.0,43,paper\main_text_experiments\runs\poly4_krr_main5k\seed_43
hatespeech,kmeans_center,market_uncertainty_select,143,50,0,0.0,-0.381261795759201,0.381261795759201,1.7409323845640756e-05,0.009961798787117,1,baseline_model_based,1,0,1,none,none,none,5000,1,1,5000,28000,1000,0.924261748790741,-4.0,0.0,4,top_quantile,0.0,,,,10.0,40.0,,,1,baseline_uncertainty_poly4_ctpt,good_count,0.0,,,,,,43,paper\main_text_experiments\runs\poly4_krr_main5k\seed_43
hatespeech,kmeans_center,market_coreset_select,143,50,8,0.16,-0.8220441937446594,0.8220441937446594,7.709622150287032e-05,-0.0265490356832742,1,baseline_feature,0,0,1,none,none,none,5000,1,1,5000,28000,1000,0.924261748790741,-4.0,0.0,4,top_quantile,0.0,,,,42.0,,8.0,,1,baseline_coreset_all_distances_ctpt,good_count,8.0,,,,,,43,paper\main_text_experiments\runs\poly4_krr_main5k\seed_43
hatespeech,kmeans_center,market_badge_select,143,50,8,0.16,-0.8220441937446594,0.8220441937446594,7.709622150287032e-05,-0.0265490356832742,1,baseline_model_based,1,0,1,none,none,none,5000,1,1,5000,28000,1000,0.924261748790741,-4.0,0.0,4,top_quantile,0.0,,,,42.0,,8.0,,1,baseline_badge_components_poly4_ctpt,good_count,8.0,,,,,,43,paper\main_text_experiments\runs\poly4_krr_main5k\seed_43
hatespeech,kmeans_center,market_kmeans_center_select,143,50,8,0.16,0.4808047115802765,-0.4808047115802765,0.0001940631918841,0.0339047946035862,1,baseline_feature,0,0,1,none,none,none,5000,1,1,5000,28000,1000,0.924261748790741,-4.0,0.0,4,top_quantile,0.0,,,,,34.0,,,1,baseline_kmeans_all_distances_ctpt,good_count,8.0,16.0,,,,,43,paper\main_text_experiments\runs\poly4_krr_main5k\seed_43
hatespeech,kmeans_center,market_typiclust_select,143,50,9,0.18,2.0906529426574707,-2.0906529426574707,0.0004837822925765,0.0851151719689369,1,baseline_feature,0,0,1,none,none,none,5000,1,1,5000,28000,1000,0.924261748790741,-4.0,0.0,4,top_quantile,0.0,,,,,42.0,,,1,baseline_typiclust_sqrt_poly4_ctpt,good_count,9.0,8.0,,,,,43,paper\main_text_experiments\runs\poly4_krr_main5k\seed_43
hatespeech,kmeans_center,ours_kernel_ridge_student,143,50,20,0.4,1.8593984842300413,-1.8593984842300413,0.0005289542605169,0.0637181028723716,0,online_student,0,0,1,none,none,none,5000,1,1,5000,28000,1000,0.924261748790741,-4.0,0.0,4,top_quantile,0.0,,,,,30.0,,5.0,1,ours_krr_row_exp_poly4_ctpt,good_count,20.0,15.0,0.301544189453125,0.86,,,43,paper\main_text_experiments\runs\poly4_krr_main5k\seed_43
hatespeech,kmeans_center,ours_sample_package_krr,143,50,30,0.6,2.2338500022888184,-2.2338500022888184,0.0006684315158054,0.0639673396944999,0,online_student,0,1,2,buyer_pca_synchronized_indices,mean_seller_phi_by_buyer_membership,reuse_buyer_package_membership,2500,2,2,2500,28000,1000,0.729683518409729,-4.0,0.0,4,top_quantile,0.0,,,,,24.0,,10.0,1,ours_krr_pkg_exp_poly4_ctpt,good_count,30.0,16.0,0.2051239013671875,0.88,,,43,paper\main_text_experiments\runs\poly4_krr_main5k\seed_43
hatespeech,uncertainty_badge,market_random_select,143,50,5,0.1,-0.0069962311536073,0.0069962311536073,0.0001181530969915,0.0164659339934587,1,baseline_feature,0,0,1,none,none,none,5000,1,1,5000,28000,1000,0.924261748790741,-4.0,0.0,4,top_quantile,0.0,,,,5.0,,,40.0,1,baseline_random_noop,good_count,5.0,2.0,,,3.0,,43,paper\main_text_experiments\runs\poly4_krr_main5k\seed_43
hatespeech,uncertainty_badge,market_cosine_select,143,50,0,0.0,-1.4843848943710327,1.4843848943710327,-6.164431397337466e-05,-0.0444572120904922,1,baseline_feature,0,0,1,none,none,none,5000,1,1,5000,28000,1000,0.924261748790741,-4.0,0.0,4,top_quantile,0.0,,,,,,,,1,baseline_cosine_ctpt,good_count,0.0,,,,50.0,,43,paper\main_text_experiments\runs\poly4_krr_main5k\seed_43
hatespeech,uncertainty_badge,market_uncertainty_select,143,50,0,0.0,-0.8163272738456726,0.8163272738456726,5.503892680280842e-06,-0.0146186761558055,1,baseline_model_based,1,0,1,none,none,none,5000,1,1,5000,28000,1000,0.924261748790741,-4.0,0.0,4,top_quantile,0.0,,,,12.0,,,22.0,1,baseline_uncertainty_poly4_ctpt,good_count,0.0,,,,16.0,,43,paper\main_text_experiments\runs\poly4_krr_main5k\seed_43
hatespeech,uncertainty_badge,market_coreset_select,143,50,0,0.0,-1.0259143114089966,1.0259143114089966,-0.000173119304236,0.0015094568952918,1,baseline_feature,0,0,1,none,none,none,5000,1,1,5000,28000,1000,0.924261748790741,-4.0,0.0,4,top_quantile,0.0,,,,41.0,,,,1,baseline_coreset_all_distances_ctpt,good_count,0.0,,,,9.0,,43,paper\main_text_experiments\runs\poly4_krr_main5k\seed_43
hatespeech,uncertainty_badge,market_badge_select,143,50,0,0.0,-1.13863205909729,1.13863205909729,-0.0001427185488864,-0.010276080109179,1,baseline_model_based,1,0,1,none,none,none,5000,1,1,5000,28000,1000,0.924261748790741,-4.0,0.0,4,top_quantile,0.0,,,,20.0,,,,1,baseline_badge_components_poly4_ctpt,good_count,0.0,,,,30.0,,43,paper\main_text_experiments\runs\poly4_krr_main5k\seed_43
hatespeech,uncertainty_badge,market_kmeans_center_select,143,50,43,0.86,2.728156089782715,-2.728156089782715,0.0007576429634355,0.0796506628394126,0,baseline_feature,0,0,1,none,none,none,5000,1,1,5000,28000,1000,0.924261748790741,-4.0,0.0,4,top_quantile,0.0,,,,,17.0,,7.0,1,baseline_kmeans_all_distances_ctpt,good_count,43.0,26.0,,,,,43,paper\main_text_experiments\runs\poly4_krr_main5k\seed_43
hatespeech,uncertainty_badge,market_typiclust_select,143,50,40,0.8,2.8852169513702397,-2.8852169513702397,0.0008014762424863,0.0821283906698226,0,baseline_feature,0,0,1,none,none,none,5000,1,1,5000,28000,1000,0.924261748790741,-4.0,0.0,4,top_quantile,0.0,,,,,18.0,,9.0,1,baseline_typiclust_sqrt_poly4_ctpt,good_count,40.0,21.0,,,2.0,,43,paper\main_text_experiments\runs\poly4_krr_main5k\seed_43
hatespeech,uncertainty_badge,ours_kernel_ridge_student,143,50,33,0.66,2.2531838417053223,-2.2531838417053223,0.0006548547535203,0.0673416852951049,0,online_student,0,0,1,none,none,none,5000,1,1,5000,28000,1000,0.924261748790741,-4.0,0.0,4,top_quantile,0.0,,,,,13.0,,22.0,1,ours_krr_row_exp_poly4_ctpt,good_count,33.0,15.0,0.301544189453125,0.9,,,43,paper\main_text_experiments\runs\poly4_krr_main5k\seed_43
hatespeech,uncertainty_badge,ours_sample_package_krr,143,50,43,0.86,3.214022636413574,-3.214022636413574,0.0009261441300623,0.0819924622774124,0,online_student,0,1,2,buyer_pca_synchronized_indices,mean_seller_phi_by_buyer_membership,reuse_buyer_package_membership,2500,2,2,2500,28000,1000,0.729683518409729,-4.0,0.0,4,top_quantile,0.0,,,,,15.0,,16.0,1,ours_krr_pkg_exp_poly4_ctpt,good_count,43.0,19.0,0.2033615112304687,0.92,,,43,paper\main_text_experiments\runs\poly4_krr_main5k\seed_43
hatespeech,cosine,market_random_select,143,50,5,0.1,-0.4086464345455169,0.4086464345455169,-1.0639429092407228e-05,0.0128310462459921,1,baseline_feature,0,0,1,none,none,none,5000,1,1,5000,28000,1000,0.924261748790741,-4.0,0.0,4,top_quantile,0.0,,,,,3.0,,4.0,1,baseline_random_noop,good_count,5.0,6.0,,,37.0,,43,paper\main_text_experiments\runs\poly4_krr_main5k\seed_43
hatespeech,cosine,market_cosine_select,143,50,0,0.0,-0.2730390429496765,0.2730390429496765,6.212234438862652e-05,0.0093217249959707,1,baseline_feature,0,0,1,none,none,none,5000,1,1,5000,28000,1000,0.924261748790741,-4.0,0.0,4,top_quantile,0.0,,,,,,,,1,baseline_cosine_ctpt,good_count,0.0,,,,50.0,,43,paper\main_text_experiments\runs\poly4_krr_main5k\seed_43
hatespeech,cosine,market_uncertainty_select,143,50,0,0.0,-0.4998633861541748,0.4998633861541748,-2.1619796825689264e-05,0.0090500097721815,1,baseline_model_based,1,0,1,none,none,none,5000,1,1,5000,28000,1000,0.924261748790741,-4.0,0.0,4,top_quantile,0.0,,,,,,,5.0,1,baseline_uncertainty_poly4_ctpt,good_count,0.0,,,,45.0,,43,paper\main_text_experiments\runs\poly4_krr_main5k\seed_43
hatespeech,cosine,market_coreset_select,143,50,7,0.14,-0.1440699249505996,0.1440699249505996,0.0001789295638445,-0.0017176144756376,1,baseline_feature,0,0,1,none,none,none,5000,1,1,5000,28000,1000,0.924261748790741,-4.0,0.0,4,top_quantile,0.0,,,,,,7.0,,1,baseline_coreset_all_distances_ctpt,good_count,7.0,,,,43.0,,43,paper\main_text_experiments\runs\poly4_krr_main5k\seed_43
hatespeech,cosine,market_badge_select,143,50,7,0.14,-0.331648051738739,0.331648051738739,0.0001612389023648,-0.0102839162573218,1,baseline_model_based,1,0,1,none,none,none,5000,1,1,5000,28000,1000,0.924261748790741,-4.0,0.0,4,top_quantile,0.0,,,,,,7.0,,1,baseline_badge_components_poly4_ctpt,good_count,7.0,,,,43.0,,43,paper\main_text_experiments\runs\poly4_krr_main5k\seed_43
hatespeech,cosine,market_kmeans_center_select,143,50,26,0.52,0.0475829318165779,-0.0475829318165779,0.0001771771931089,0.0102423941716551,0,baseline_feature,0,0,1,none,none,none,5000,1,1,5000,28000,1000,0.924261748790741,-4.0,0.0,4,top_quantile,0.0,,,,,10.0,,1.0,1,baseline_kmeans_all_distances_ctpt,good_count,26.0,38.0,,,1.0,,43,paper\main_text_experiments\runs\poly4_krr_main5k\seed_43
hatespeech,cosine,market_typiclust_select,143,50,12,0.24,0.0010843991767615,-0.0010843991767615,-1.3219118045526557e-05,0.0382113717496395,0,baseline_feature,0,0,1,none,none,none,5000,1,1,5000,28000,1000,0.924261748790741,-4.0,0.0,4,top_quantile,0.0,,,,,5.0,,,1,baseline_typiclust_sqrt_poly4_ctpt,good_count,12.0,16.0,,,29.0,,43,paper\main_text_experiments\runs\poly4_krr_main5k\seed_43
hatespeech,cosine,ours_kernel_ridge_student,143,50,39,0.78,1.89927875995636,-1.89927875995636,0.0006345307920128,0.0490678697824478,0,online_student,0,0,1,none,none,none,5000,1,1,5000,28000,1000,0.924261748790741,-4.0,0.0,4,top_quantile,0.0,,,,,16.0,,11.0,1,ours_krr_row_exp_poly4_ctpt,good_count,39.0,23.0,0.301544189453125,0.94,,,43,paper\main_text_experiments\runs\poly4_krr_main5k\seed_43
hatespeech,cosine,ours_sample_package_krr,143,50,44,0.88,2.541382074356079,-2.541382074356079,0.0007874036091379,0.0634567812085151,0,online_student,0,1,2,buyer_pca_synchronized_indices,mean_seller_phi_by_buyer_membership,reuse_buyer_package_membership,2500,2,2,2500,28000,1000,0.729683518409729,-4.0,0.0,4,top_quantile,0.0,,,,,18.0,,16.0,1,ours_krr_pkg_exp_poly4_ctpt,good_count,44.0,16.0,0.198699951171875,0.84,,,43,paper\main_text_experiments\runs\poly4_krr_main5k\seed_43
hatespeech,all_average,market_random_select,143,50,5,0.1,-1.0864739418029783,1.0864739418029783,-0.0002398979704594,0.0086231436580419,1,baseline_feature,0,0,1,none,none,none,5000,1,1,5000,28000,1000,0.924261748790741,-4.0,0.0,4,top_quantile,0.0,,,,9.0,7.0,12.0,9.0,1,baseline_random_noop,good_count,5.0,6.0,,,7.0,,43,paper\main_text_experiments\runs\poly4_krr_main5k\seed_43
hatespeech,all_average,market_cosine_select,143,50,0,0.0,-1.5906192064285278,1.5906192064285278,-6.197809852892533e-05,-0.0508755631744861,1,baseline_feature,0,0,1,none,none,none,5000,1,1,5000,28000,1000,0.924261748790741,-4.0,0.0,4,top_quantile,0.0,,,,,,,,1,baseline_cosine_ctpt,good_count,0.0,,,,50.0,,43,paper\main_text_experiments\runs\poly4_krr_main5k\seed_43
hatespeech,all_average,market_uncertainty_select,143,50,0,0.0,-1.2514413595199585,1.2514413595199585,-1.5873909433139488e-05,-0.0376696847379207,1,baseline_model_based,1,0,1,none,none,none,5000,1,1,5000,28000,1000,0.924261748790741,-4.0,0.0,4,top_quantile,0.0,,,,12.0,,25.0,4.0,1,baseline_uncertainty_poly4_ctpt,good_count,0.0,,,,9.0,,43,paper\main_text_experiments\runs\poly4_krr_main5k\seed_43
hatespeech,all_average,market_coreset_select,143,50,0,0.0,-1.6407452821731567,1.6407452821731567,-0.0006599581101909,0.0428104400634765,1,baseline_feature,0,0,1,none,none,none,5000,1,1,5000,28000,1000,0.924261748790741,-4.0,0.0,4,top_quantile,0.0,,,,,,50.0,,1,baseline_coreset_all_distances_ctpt,good_count,0.0,,,,,,43,paper\main_text_experiments\runs\poly4_krr_main5k\seed_43
hatespeech,all_average,market_badge_select,143,50,0,0.0,-1.646282196044922,1.646282196044922,-0.0006625914829783,0.0428991131484508,1,baseline_model_based,1,0,1,none,none,none,5000,1,1,5000,28000,1000,0.924261748790741,-4.0,0.0,4,top_quantile,0.0,,,,,,50.0,,1,baseline_badge_components_poly4_ctpt,good_count,0.0,,,,,,43,paper\main_text_experiments\runs\poly4_krr_main5k\seed_43
hatespeech,all_average,market_kmeans_center_select,143,50,2,0.04,-1.1013240814208984,1.1013240814208984,-0.0001873469300335,-0.0007831954862922,1,baseline_feature,0,0,1,none,none,none,5000,1,1,5000,28000,1000,0.924261748790741,-4.0,0.0,4,top_quantile,0.0,,,,,23.0,,2.0,1,baseline_kmeans_all_distances_ctpt,good_count,2.0,25.0,,,,,43,paper\main_text_experiments\runs\poly4_krr_main5k\seed_43
hatespeech,all_average,market_typiclust_select,143,50,2,0.04,0.3051515817642212,-0.3051515817642212,3.079652742599137e-05,0.0496160015463829,1,baseline_feature,0,0,1,none,none,none,5000,1,1,5000,28000,1000,0.924261748790741,-4.0,0.0,4,top_quantile,0.0,,,,,19.0,,,1,baseline_typiclust_sqrt_poly4_ctpt,good_count,2.0,21.0,,,10.0,,43,paper\main_text_experiments\runs\poly4_krr_main5k\seed_43
hatespeech,all_average,ours_kernel_ridge_student,143,50,21,0.42,0.543915867805481,-0.543915867805481,0.0002398383658146,0.0303444527089595,0,online_student,0,0,1,none,none,none,5000,1,1,5000,28000,1000,0.924261748790741,-4.0,0.0,4,top_quantile,0.0,,,,,19.0,,10.0,1,ours_krr_row_exp_poly4_ctpt,good_count,21.0,21.0,0.301544189453125,0.88,,,43,paper\main_text_experiments\runs\poly4_krr_main5k\seed_43
hatespeech,all_average,ours_sample_package_krr,143,50,28,0.56,0.2811808288097381,-0.2811808288097381,0.0002582001616246,0.0113666988909244,0,online_student,0,1,2,buyer_pca_synchronized_indices,mean_seller_phi_by_buyer_membership,reuse_buyer_package_membership,2500,2,2,2500,28000,1000,0.729683518409729,-4.0,0.0,4,top_quantile,0.0,,,,,19.0,,15.0,1,ours_krr_pkg_exp_poly4_ctpt,good_count,28.0,16.0,0.2020816802978515,0.84,,,43,paper\main_text_experiments\runs\poly4_krr_main5k\seed_43
mscoco,noise,market_random_select,243,50,6,0.12,-0.860612154006958,0.860612154006958,-2.4935006877058186e-05,8.947588503360748e-05,1,baseline_feature,0,0,1,none,none,none,5000,1,1,5000,28000,1000,1.1473939418792725,-4.0,0.0,4,top_quantile,0.0,,,,5.0,2.0,37.0,2.0,1,baseline_random_noop,good_count,6.0,4.0,,,,,43,paper\main_text_experiments\runs\poly4_krr_main5k\seed_43
mscoco,noise,market_cosine_select,243,50,0,0.0,-1.1073553562164309,1.1073553562164309,-7.203817403933499e-06,-0.0026655732654035,1,baseline_feature,0,0,1,none,none,none,5000,1,1,5000,28000,1000,1.1473939418792725,-4.0,0.0,4,top_quantile,0.0,,,,,,,50.0,1,baseline_cosine_ctpt,good_count,0.0,,,,,,43,paper\main_text_experiments\runs\poly4_krr_main5k\seed_43
mscoco,noise,market_uncertainty_select,243,50,46,0.92,4.924386978149414,-4.924386978149414,0.0001294481771765,0.0040323780849576,0,baseline_model_based,1,0,1,none,none,none,5000,1,1,5000,28000,1000,1.1473939418792725,-4.0,0.0,4,top_quantile,0.0,,,,4.0,17.0,,10.0,1,baseline_uncertainty_poly4_ctpt,good_count,46.0,19.0,,,,,43,paper\main_text_experiments\runs\poly4_krr_main5k\seed_43
mscoco,noise,market_coreset_select,243,50,0,0.0,-0.3166707754135132,0.3166707754135132,-1.8515587726142257e-05,0.001321580260992,1,baseline_feature,0,0,1,none,none,none,5000,1,1,5000,28000,1000,1.1473939418792725,-4.0,0.0,4,top_quantile,0.0,,,,,,50.0,,1,baseline_coreset_all_distances_ctpt,good_count,0.0,,,,,,43,paper\main_text_experiments\runs\poly4_krr_main5k\seed_43
mscoco,noise,market_badge_select,243,50,0,0.0,-0.2950917184352875,0.2950917184352875,-1.900792085507419e-05,0.0014499303651973,1,baseline_model_based,1,0,1,none,none,none,5000,1,1,5000,28000,1000,1.1473939418792725,-4.0,0.0,4,top_quantile,0.0,,,,,,50.0,,1,baseline_badge_components_poly4_ctpt,good_count,0.0,,,,,,43,paper\main_text_experiments\runs\poly4_krr_main5k\seed_43
mscoco,noise,market_kmeans_center_select,243,50,50,1.0,4.437169075012207,-4.437169075012207,0.0001091623271349,0.0044751693494617,0,baseline_feature,0,0,1,none,none,none,5000,1,1,5000,28000,1000,1.1473939418792725,-4.0,0.0,4,top_quantile,0.0,,,,,19.0,,,1,baseline_kmeans_all_distances_ctpt,good_count,50.0,31.0,,,,,43,paper\main_text_experiments\runs\poly4_krr_main5k\seed_43
mscoco,noise,market_typiclust_select,243,50,50,1.0,4.458719253540039,-4.458719253540039,0.0001130282907979,0.0041397563181817,0,baseline_feature,0,0,1,none,none,none,5000,1,1,5000,28000,1000,1.1473939418792725,-4.0,0.0,4,top_quantile,0.0,,,,,21.0,,,1,baseline_typiclust_sqrt_poly4_ctpt,good_count,50.0,29.0,,,,,43,paper\main_text_experiments\runs\poly4_krr_main5k\seed_43
mscoco,noise,ours_kernel_ridge_student,243,50,50,1.0,4.844161987304688,-4.844161987304688,0.0001126682764152,0.0055350745096802,0,online_student,0,0,1,none,none,none,5000,1,1,5000,28000,1000,1.1473939418792725,-4.0,0.0,4,top_quantile,0.0,,,,,21.0,,2.0,1,ours_krr_row_exp_poly4_ctpt,good_count,50.0,27.0,0.2400131225585937,0.94,,,43,paper\main_text_experiments\runs\poly4_krr_main5k\seed_43
mscoco,noise,ours_sample_package_krr,243,50,50,1.0,5.137210845947266,-5.137210845947266,0.0001273226807825,0.005007782485336,0,online_student,0,1,2,buyer_pca_synchronized_indices,mean_seller_phi_by_buyer_membership,reuse_buyer_package_membership,2500,2,2,2500,28000,1000,0.8141735792160034,-4.0,0.0,4,top_quantile,0.0,,,,,19.0,,11.0,1,ours_krr_pkg_exp_poly4_ctpt,good_count,50.0,20.0,0.1080398559570312,0.96,,,43,paper\main_text_experiments\runs\poly4_krr_main5k\seed_43
mscoco,coreset_far_wrong,market_random_select,243,50,6,0.12,-0.1527224332094192,0.1527224332094192,-9.930133728630608e-07,3.4634675103006884e-05,1,baseline_feature,0,0,1,none,none,none,5000,1,1,5000,28000,1000,1.1473939418792725,-4.0,0.0,4,top_quantile,0.0,,,,37.0,2.0,5.0,2.0,1,baseline_random_noop,good_count,6.0,4.0,,,,,43,paper\main_text_experiments\runs\poly4_krr_main5k\seed_43
mscoco,coreset_far_wrong,market_cosine_select,243,50,0,0.0,-1.1073553562164309,1.1073553562164309,-7.203817403933499e-06,-0.0026655732654035,1,baseline_feature,0,0,1,none,none,none,5000,1,1,5000,28000,1000,1.1473939418792725,-4.0,0.0,4,top_quantile,0.0,,,,,,,50.0,1,baseline_cosine_ctpt,good_count,0.0,,,,,,43,paper\main_text_experiments\runs\poly4_krr_main5k\seed_43
mscoco,coreset_far_wrong,market_uncertainty_select,243,50,45,0.9,4.849093914031982,-4.849093914031982,0.0001275932736461,0.0039646308869123,0,baseline_model_based,1,0,1,none,none,none,5000,1,1,5000,28000,1000,1.1473939418792725,-4.0,0.0,4,top_quantile,0.0,,,,5.0,17.0,,10.0,1,baseline_uncertainty_poly4_ctpt,good_count,45.0,18.0,,,,,43,paper\main_text_experiments\runs\poly4_krr_main5k\seed_43
mscoco,coreset_far_wrong,market_coreset_select,243,50,0,0.0,-2.7110683917999268,2.7110683917999268,-7.408380770357326e-05,-0.001196636352688,1,baseline_feature,0,0,1,none,none,none,5000,1,1,5000,28000,1000,1.1473939418792725,-4.0,0.0,4,top_quantile,0.0,,,,,,50.0,,1,baseline_coreset_all_distances_ctpt,good_count,0.0,,,,,,43,paper\main_text_experiments\runs\poly4_krr_main5k\seed_43
mscoco,coreset_far_wrong,market_badge_select,243,50,0,0.0,-2.458691120147705,2.458691120147705,-6.811499770265073e-05,-0.0009430958307348,1,baseline_model_based,1,0,1,none,none,none,5000,1,1,5000,28000,1000,1.1473939418792725,-4.0,0.0,4,top_quantile,0.0,,,,,,50.0,,1,baseline_badge_components_poly4_ctpt,good_count,0.0,,,,,,43,paper\main_text_experiments\runs\poly4_krr_main5k\seed_43
mscoco,coreset_far_wrong,market_kmeans_center_select,243,50,50,1.0,4.437169075012207,-4.437169075012207,0.0001091623271349,0.0044751693494617,0,baseline_feature,0,0,1,none,none,none,5000,1,1,5000,28000,1000,1.1473939418792725,-4.0,0.0,4,top_quantile,0.0,,,,,19.0,,,1,baseline_kmeans_all_distances_ctpt,good_count,50.0,31.0,,,,,43,paper\main_text_experiments\runs\poly4_krr_main5k\seed_43
mscoco,coreset_far_wrong,market_typiclust_select,243,50,50,1.0,4.458719253540039,-4.458719253540039,0.0001130282907979,0.0041397563181817,0,baseline_feature,0,0,1,none,none,none,5000,1,1,5000,28000,1000,1.1473939418792725,-4.0,0.0,4,top_quantile,0.0,,,,,21.0,,,1,baseline_typiclust_sqrt_poly4_ctpt,good_count,50.0,29.0,,,,,43,paper\main_text_experiments\runs\poly4_krr_main5k\seed_43
mscoco,coreset_far_wrong,ours_kernel_ridge_student,243,50,50,1.0,4.844161987304688,-4.844161987304688,0.0001126682764152,0.0055350745096802,0,online_student,0,0,1,none,none,none,5000,1,1,5000,28000,1000,1.1473939418792725,-4.0,0.0,4,top_quantile,0.0,,,,,21.0,,2.0,1,ours_krr_row_exp_poly4_ctpt,good_count,50.0,27.0,0.2400131225585937,0.94,,,43,paper\main_text_experiments\runs\poly4_krr_main5k\seed_43
mscoco,coreset_far_wrong,ours_sample_package_krr,243,50,50,1.0,4.867530822753906,-4.867530822753906,0.0001168859016615,0.0051686535589396,0,online_student,0,1,2,buyer_pca_synchronized_indices,mean_seller_phi_by_buyer_membership,reuse_buyer_package_membership,2500,2,2,2500,28000,1000,0.8141735792160034,-4.0,0.0,4,top_quantile,0.0,,,,,18.0,,9.0,1,ours_krr_pkg_exp_poly4_ctpt,good_count,50.0,23.0,0.1067543029785156,0.92,,,43,paper\main_text_experiments\runs\poly4_krr_main5k\seed_43
mscoco,typiclust_dense,market_random_select,243,50,6,0.12,0.2239202708005905,-0.2239202708005905,1.9809007426374592e-05,-0.0008523705764673,1,baseline_feature,0,0,1,none,none,none,5000,1,1,5000,28000,1000,1.1473939418792725,-4.0,0.0,4,top_quantile,0.0,,,,,8.0,,2.0,1,baseline_random_noop,good_count,6.0,38.0,,,2.0,,43,paper\main_text_experiments\runs\poly4_krr_main5k\seed_43
mscoco,typiclust_dense,market_cosine_select,243,50,4,0.08,-0.7441912293434143,0.7441912293434143,2.046823510681861e-06,-0.0023711284156888,1,baseline_feature,0,0,1,none,none,none,5000,1,1,5000,28000,1000,1.1473939418792725,-4.0,0.0,4,top_quantile,0.0,,,,,,,,1,baseline_cosine_ctpt,good_count,4.0,,,,46.0,4.0,43,paper\main_text_experiments\runs\poly4_krr_main5k\seed_43
mscoco,typiclust_dense,market_uncertainty_select,243,50,47,0.94,5.323699951171875,-5.323699951171875,0.000139831303386,0.0043336078524589,0,baseline_model_based,1,0,1,none,none,none,5000,1,1,5000,28000,1000,1.1473939418792725,-4.0,0.0,4,top_quantile,0.0,,,,,16.0,,12.0,1,baseline_uncertainty_poly4_ctpt,good_count,47.0,21.0,,,1.0,,43,paper\main_text_experiments\runs\poly4_krr_main5k\seed_43
mscoco,typiclust_dense,market_coreset_select,243,50,20,0.4,0.185098797082901,-0.185098797082901,6.3478946685791016e-06,0.0004430240369401,0,baseline_feature,0,0,1,none,none,none,5000,1,1,5000,28000,1000,1.1473939418792725,-4.0,0.0,4,top_quantile,0.0,,,,,,19.0,,1,baseline_coreset_all_distances_ctpt,good_count,20.0,,,,30.0,1.0,43,paper\main_text_experiments\runs\poly4_krr_main5k\seed_43
mscoco,typiclust_dense,market_badge_select,243,50,19,0.38,0.1414178907871246,-0.1414178907871246,1.242637608811492e-05,-0.0003574265865609,0,baseline_model_based,1,0,1,none,none,none,5000,1,1,5000,28000,1000,1.1473939418792725,-4.0,0.0,4,top_quantile,0.0,,,,,,19.0,,1,baseline_badge_components_poly4_ctpt,good_count,19.0,,,,31.0,,43,paper\main_text_experiments\runs\poly4_krr_main5k\seed_43
mscoco,typiclust_dense,market_kmeans_center_select,243,50,0,0.0,-0.9386343955993652,0.9386343955993652,4.489421826292528e-06,-0.0033155572600662,1,baseline_feature,0,0,1,none,none,none,5000,1,1,5000,28000,1000,1.1473939418792725,-4.0,0.0,4,top_quantile,0.0,,,,,17.0,,,1,baseline_kmeans_all_distances_ctpt,good_count,0.0,33.0,,,,,43,paper\main_text_experiments\runs\poly4_krr_main5k\seed_43
mscoco,typiclust_dense,market_typiclust_select,243,50,1,0.02,-0.5179106593132019,0.5179106593132019,1.2018680536129978e-05,-0.0026353334542363,1,baseline_feature,0,0,1,none,none,none,5000,1,1,5000,28000,1000,1.1473939418792725,-4.0,0.0,4,top_quantile,0.0,,,,,17.0,,,1,baseline_typiclust_sqrt_poly4_ctpt,good_count,1.0,33.0,,,,,43,paper\main_text_experiments\runs\poly4_krr_main5k\seed_43
mscoco,typiclust_dense,ours_kernel_ridge_student,243,50,43,0.86,4.7589640617370605,-4.7589640617370605,0.0001088869539671,0.0056373989209532,0,online_student,0,0,1,none,none,none,5000,1,1,5000,28000,1000,1.1473939418792725,-4.0,0.0,4,top_quantile,0.0,,,,,19.0,,4.0,1,ours_krr_row_exp_poly4_ctpt,good_count,43.0,27.0,0.2400131225585937,0.98,,,43,paper\main_text_experiments\runs\poly4_krr_main5k\seed_43
mscoco,typiclust_dense,ours_sample_package_krr,243,50,48,0.96,4.768816947937012,-4.768816947937012,0.0001093030004994,0.0056278277188539,0,online_student,0,1,2,buyer_pca_synchronized_indices,mean_seller_phi_by_buyer_membership,reuse_buyer_package_membership,2500,2,2,2500,28000,1000,0.8141735792160034,-4.0,0.0,4,top_quantile,0.0,,,,,17.0,,12.0,1,ours_krr_pkg_exp_poly4_ctpt,good_count,48.0,21.0,0.1117057800292968,0.96,,,43,paper\main_text_experiments\runs\poly4_krr_main5k\seed_43
mscoco,kmeans_center,market_random_select,243,50,6,0.12,-0.297800600528717,0.297800600528717,1.103162776416866e-05,-0.001755389617756,1,baseline_feature,0,0,1,none,none,none,5000,1,1,5000,28000,1000,1.1473939418792725,-4.0,0.0,4,top_quantile,0.0,,,,2.0,38.0,1.0,3.0,1,baseline_random_noop,good_count,6.0,6.0,,,,,43,paper\main_text_experiments\runs\poly4_krr_main5k\seed_43
mscoco,kmeans_center,market_cosine_select,243,50,50,1.0,3.743242502212525,-3.743242502212525,7.201075641205534e-05,0.0059844814240932,0,baseline_feature,0,0,1,none,none,none,5000,1,1,5000,28000,1000,1.1473939418792725,-4.0,0.0,4,top_quantile,0.0,,,,,,,43.0,1,baseline_cosine_ctpt,good_count,50.0,,,,2.0,5.0,43,paper\main_text_experiments\runs\poly4_krr_main5k\seed_43
mscoco,kmeans_center,market_uncertainty_select,243,50,47,0.94,5.445369720458984,-5.445369720458984,0.0001438403123756,0.0043354658409953,0,baseline_model_based,1,0,1,none,none,none,5000,1,1,5000,28000,1000,1.1473939418792725,-4.0,0.0,4,top_quantile,0.0,,,,,20.0,,12.0,1,baseline_uncertainty_poly4_ctpt,good_count,47.0,18.0,,,,,43,paper\main_text_experiments\runs\poly4_krr_main5k\seed_43
mscoco,kmeans_center,market_coreset_select,243,50,14,0.28,-0.021528735756874,0.021528735756874,-3.0231476557673886e-06,0.0007125022821128,0,baseline_feature,0,0,1,none,none,none,5000,1,1,5000,28000,1000,1.1473939418792725,-4.0,0.0,4,top_quantile,0.0,,,,36.0,,14.0,,1,baseline_coreset_all_distances_ctpt,good_count,14.0,,,,,,43,paper\main_text_experiments\runs\poly4_krr_main5k\seed_43
mscoco,kmeans_center,market_badge_select,243,50,14,0.28,-0.0223215576261281,0.0223215576261281,-3.160238293276052e-06,0.0007242956198751,0,baseline_model_based,1,0,1,none,none,none,5000,1,1,5000,28000,1000,1.1473939418792725,-4.0,0.0,4,top_quantile,0.0,,,,36.0,,14.0,,1,baseline_badge_components_poly4_ctpt,good_count,14.0,,,,,,43,paper\main_text_experiments\runs\poly4_krr_main5k\seed_43
mscoco,kmeans_center,market_kmeans_center_select,243,50,0,0.0,-1.1332165002822876,1.1332165002822876,1.3315677733771736e-06,-0.0036646667867898,1,baseline_feature,0,0,1,none,none,none,5000,1,1,5000,28000,1000,1.1473939418792725,-4.0,0.0,4,top_quantile,0.0,,,,,21.0,,,1,baseline_kmeans_all_distances_ctpt,good_count,0.0,29.0,,,,,43,paper\main_text_experiments\runs\poly4_krr_main5k\seed_43
mscoco,kmeans_center,market_typiclust_select,243,50,1,0.02,-0.733775794506073,0.733775794506073,7.884502338129096e-06,-0.0029555051587522,1,baseline_feature,0,0,1,none,none,none,5000,1,1,5000,28000,1000,1.1473939418792725,-4.0,0.0,4,top_quantile,0.0,,,,,24.0,,,1,baseline_typiclust_sqrt_poly4_ctpt,good_count,1.0,26.0,,,,,43,paper\main_text_experiments\runs\poly4_krr_main5k\seed_43
mscoco,kmeans_center,ours_kernel_ridge_student,243,50,44,0.88,4.759512424468994,-4.759512424468994,0.0001090073565137,0.0056265206076204,0,online_student,0,0,1,none,none,none,5000,1,1,5000,28000,1000,1.1473939418792725,-4.0,0.0,4,top_quantile,0.0,,,,,26.0,,4.0,1,ours_krr_row_exp_poly4_ctpt,good_count,44.0,20.0,0.2400131225585937,0.98,,,43,paper\main_text_experiments\runs\poly4_krr_main5k\seed_43
mscoco,kmeans_center,ours_sample_package_krr,243,50,50,1.0,5.052390575408936,-5.052390575408936,0.0001198697063955,0.0055020479485392,0,online_student,0,1,2,buyer_pca_synchronized_indices,mean_seller_phi_by_buyer_membership,reuse_buyer_package_membership,2500,2,2,2500,28000,1000,0.8141735792160034,-4.0,0.0,4,top_quantile,0.0,,,,,17.0,,10.0,1,ours_krr_pkg_exp_poly4_ctpt,good_count,50.0,23.0,0.1080398559570312,0.96,,,43,paper\main_text_experiments\runs\poly4_krr_main5k\seed_43
mscoco,uncertainty_badge,market_random_select,243,50,6,0.12,0.3743672966957092,-0.3743672966957092,1.4623403330915608e-05,0.0002289792028022,1,baseline_feature,0,0,1,none,none,none,5000,1,1,5000,28000,1000,1.1473939418792725,-4.0,0.0,4,top_quantile,0.0,,,,5.0,2.0,,38.0,1,baseline_random_noop,good_count,6.0,3.0,,,2.0,,43,paper\main_text_experiments\runs\poly4_krr_main5k\seed_43
mscoco,uncertainty_badge,market_cosine_select,243,50,0,0.0,-1.4793102741241455,1.4793102741241455,-2.312660285497259e-07,-0.0047168852761387,1,baseline_feature,0,0,1,none,none,none,5000,1,1,5000,28000,1000,1.1473939418792725,-4.0,0.0,4,top_quantile,0.0,,,,,,,,1,baseline_cosine_ctpt,good_count,0.0,,,,50.0,,43,paper\main_text_experiments\runs\poly4_krr_main5k\seed_43
mscoco,uncertainty_badge,market_uncertainty_select,243,50,44,0.88,4.972291946411133,-4.972291946411133,0.0001305532496189,0.0040834713727235,0,baseline_model_based,1,0,1,none,none,none,5000,1,1,5000,28000,1000,1.1473939418792725,-4.0,0.0,4,top_quantile,0.0,,,,3.0,16.0,,13.0,1,baseline_uncertainty_poly4_ctpt,good_count,44.0,18.0,,,,,43,paper\main_text_experiments\runs\poly4_krr_main5k\seed_43
mscoco,uncertainty_badge,market_coreset_select,243,50,0,0.0,-0.7387038469314575,0.7387038469314575,-1.092195543606067e-05,-0.0009721149690449,1,baseline_feature,0,0,1,none,none,none,5000,1,1,5000,28000,1000,1.1473939418792725,-4.0,0.0,4,top_quantile,0.0,,,,48.0,,,,1,baseline_coreset_all_distances_ctpt,good_count,0.0,,,,2.0,,43,paper\main_text_experiments\runs\poly4_krr_main5k\seed_43
mscoco,uncertainty_badge,market_badge_select,243,50,0,0.0,-0.7458735704421997,0.7458735704421997,-5.662441253662109e-06,-0.001556895324029,1,baseline_model_based,1,0,1,none,none,none,5000,1,1,5000,28000,1000,1.1473939418792725,-4.0,0.0,4,top_quantile,0.0,,,,32.0,,,,1,baseline_badge_components_poly4_ctpt,good_count,0.0,,,,18.0,,43,paper\main_text_experiments\runs\poly4_krr_main5k\seed_43
mscoco,uncertainty_badge,market_kmeans_center_select,243,50,50,1.0,4.437169075012207,-4.437169075012207,0.0001091623271349,0.0044751693494617,0,baseline_feature,0,0,1,none,none,none,5000,1,1,5000,28000,1000,1.1473939418792725,-4.0,0.0,4,top_quantile,0.0,,,,,19.0,,,1,baseline_kmeans_all_distances_ctpt,good_count,50.0,31.0,,,,,43,paper\main_text_experiments\runs\poly4_krr_main5k\seed_43
mscoco,uncertainty_badge,market_typiclust_select,243,50,50,1.0,4.458719253540039,-4.458719253540039,0.0001130282907979,0.0041397563181817,0,baseline_feature,0,0,1,none,none,none,5000,1,1,5000,28000,1000,1.1473939418792725,-4.0,0.0,4,top_quantile,0.0,,,,,21.0,,,1,baseline_typiclust_sqrt_poly4_ctpt,good_count,50.0,29.0,,,,,43,paper\main_text_experiments\runs\poly4_krr_main5k\seed_43
mscoco,uncertainty_badge,ours_kernel_ridge_student,243,50,47,0.94,4.8152289390563965,-4.8152289390563965,0.0001112055761041,0.0055888211354613,0,online_student,0,0,1,none,none,none,5000,1,1,5000,28000,1000,1.1473939418792725,-4.0,0.0,4,top_quantile,0.0,,,,,20.0,,5.0,1,ours_krr_row_exp_poly4_ctpt,good_count,47.0,25.0,0.2400131225585937,0.96,,,43,paper\main_text_experiments\runs\poly4_krr_main5k\seed_43
mscoco,uncertainty_badge,ours_sample_package_krr,243,50,45,0.9,4.9608306884765625,-4.9608306884765625,0.0001157438746304,0.0056186262518167,0,online_student,0,1,2,buyer_pca_synchronized_indices,mean_seller_phi_by_buyer_membership,reuse_buyer_package_membership,2500,2,2,2500,28000,1000,0.8141735792160034,-4.0,0.0,4,top_quantile,0.0,,,,,19.0,,10.0,1,ours_krr_pkg_exp_poly4_ctpt,good_count,45.0,21.0,0.1084709167480468,0.96,,,43,paper\main_text_experiments\runs\poly4_krr_main5k\seed_43
mscoco,cosine,market_random_select,243,50,6,0.12,0.0498456917703151,-0.0498456917703151,6.777047929062974e-06,-7.881378405727446e-05,1,baseline_feature,0,0,1,none,none,none,5000,1,1,5000,28000,1000,1.1473939418792725,-4.0,0.0,4,top_quantile,0.0,,,,,3.0,,4.0,1,baseline_random_noop,good_count,6.0,6.0,,,37.0,,43,paper\main_text_experiments\runs\poly4_krr_main5k\seed_43
mscoco,cosine,market_cosine_select,243,50,0,0.0,-0.6839900016784668,0.6839900016784668,9.059905892172536e-07,-0.002037811325863,1,baseline_feature,0,0,1,none,none,none,5000,1,1,5000,28000,1000,1.1473939418792725,-4.0,0.0,4,top_quantile,0.0,,,,,,,,1,baseline_cosine_ctpt,good_count,0.0,,,,50.0,,43,paper\main_text_experiments\runs\poly4_krr_main5k\seed_43
mscoco,cosine,market_uncertainty_select,243,50,47,0.94,5.205283164978027,-5.205283164978027,0.0001362633774988,0.0042962804436683,0,baseline_model_based,1,0,1,none,none,none,5000,1,1,5000,28000,1000,1.1473939418792725,-4.0,0.0,4,top_quantile,0.0,,,,,18.0,,9.0,1,baseline_uncertainty_poly4_ctpt,good_count,47.0,20.0,,,3.0,,43,paper\main_text_experiments\runs\poly4_krr_main5k\seed_43
mscoco,cosine,market_coreset_select,243,50,8,0.16,0.2046477645635604,-0.2046477645635604,3.075599579460686e-07,0.0011544553562998,1,baseline_feature,0,0,1,none,none,none,5000,1,1,5000,28000,1000,1.1473939418792725,-4.0,0.0,4,top_quantile,0.0,,,,,,8.0,,1,baseline_coreset_all_distances_ctpt,good_count,8.0,,,,42.0,,43,paper\main_text_experiments\runs\poly4_krr_main5k\seed_43
mscoco,cosine,market_badge_select,243,50,8,0.16,0.157649427652359,-0.157649427652359,5.046129444963299e-06,0.0004848730168305,1,baseline_model_based,1,0,1,none,none,none,5000,1,1,5000,28000,1000,1.1473939418792725,-4.0,0.0,4,top_quantile,0.0,,,,,,8.0,,1,baseline_badge_components_poly4_ctpt,good_count,8.0,,,,42.0,,43,paper\main_text_experiments\runs\poly4_krr_main5k\seed_43
mscoco,cosine,market_kmeans_center_select,243,50,32,0.64,2.3611936569213867,-2.3611936569213867,7.1102382207755e-05,0.0012153792195022,0,baseline_feature,0,0,1,none,none,none,5000,1,1,5000,28000,1000,1.1473939418792725,-4.0,0.0,4,top_quantile,0.0,,,,,11.0,,,1,baseline_kmeans_all_distances_ctpt,good_count,32.0,39.0,,,,,43,paper\main_text_experiments\runs\poly4_krr_main5k\seed_43
mscoco,cosine,market_typiclust_select,243,50,35,0.7,2.618734121322632,-2.618734121322632,7.515191828133538e-05,0.0016912814462557,0,baseline_feature,0,0,1,none,none,none,5000,1,1,5000,28000,1000,1.1473939418792725,-4.0,0.0,4,top_quantile,0.0,,,,,16.0,,,1,baseline_typiclust_sqrt_poly4_ctpt,good_count,35.0,34.0,,,,,43,paper\main_text_experiments\runs\poly4_krr_main5k\seed_43
mscoco,cosine,ours_kernel_ridge_student,243,50,50,1.0,4.791553974151611,-4.791553974151611,0.0001107656935346,0.0055522681213915,0,online_student,0,0,1,none,none,none,5000,1,1,5000,28000,1000,1.1473939418792725,-4.0,0.0,4,top_quantile,0.0,,,,,23.0,,2.0,1,ours_krr_row_exp_poly4_ctpt,good_count,50.0,25.0,0.2400131225585937,0.98,,,43,paper\main_text_experiments\runs\poly4_krr_main5k\seed_43
mscoco,cosine,ours_sample_package_krr,243,50,50,1.0,4.941940307617188,-4.941940307617188,0.0001191604169434,0.0051886485889554,0,online_student,0,1,2,buyer_pca_synchronized_indices,mean_seller_phi_by_buyer_membership,reuse_buyer_package_membership,2500,2,2,2500,28000,1000,0.8141735792160034,-4.0,0.0,4,top_quantile,0.0,,,,,21.0,,5.0,1,ours_krr_pkg_exp_poly4_ctpt,good_count,50.0,24.0,0.1080398559570312,0.92,,,43,paper\main_text_experiments\runs\poly4_krr_main5k\seed_43
mscoco,all_average,market_random_select,243,50,6,0.12,-0.7866390347480774,0.7866390347480774,-6.3157081058307085e-06,-0.0016309183556586,1,baseline_feature,0,0,1,none,none,none,5000,1,1,5000,28000,1000,1.1473939418792725,-4.0,0.0,4,top_quantile,0.0,,,,10.0,11.0,10.0,4.0,1,baseline_random_noop,good_count,6.0,8.0,,,7.0,,43,paper\main_text_experiments\runs\poly4_krr_main5k\seed_43
mscoco,all_average,market_cosine_select,243,50,0,0.0,-0.8640469908714294,0.8640469908714294,2.658367066032952e-06,-0.0028581612277776,1,baseline_feature,0,0,1,none,none,none,5000,1,1,5000,28000,1000,1.1473939418792725,-4.0,0.0,4,top_quantile,0.0,,,,,,,,1,baseline_cosine_ctpt,good_count,0.0,,,,50.0,,43,paper\main_text_experiments\runs\poly4_krr_main5k\seed_43
mscoco,all_average,market_uncertainty_select,243,50,47,0.94,5.167389392852783,-5.167389392852783,0.0001354801643174,0.0042461906559765,0,baseline_model_based,1,0,1,none,none,none,5000,1,1,5000,28000,1000,1.1473939418792725,-4.0,0.0,4,top_quantile,0.0,,,,2.0,16.0,,13.0,1,baseline_uncertainty_poly4_ctpt,good_count,47.0,18.0,,,1.0,,43,paper\main_text_experiments\runs\poly4_krr_main5k\seed_43
mscoco,all_average,market_coreset_select,243,50,0,0.0,-2.99556040763855,2.99556040763855,-8.349060954060405e-05,-0.0011974897934123,1,baseline_feature,0,0,1,none,none,none,5000,1,1,5000,28000,1000,1.1473939418792725,-4.0,0.0,4,top_quantile,0.0,,,,,,50.0,,1,baseline_coreset_all_distances_ctpt,good_count,0.0,,,,,,43,paper\main_text_experiments\runs\poly4_krr_main5k\seed_43
mscoco,all_average,market_badge_select,243,50,0,0.0,-3.007866621017456,3.007866621017456,-8.78632054082118e-05,-0.0007756315171718,1,baseline_model_based,1,0,1,none,none,none,5000,1,1,5000,28000,1000,1.1473939418792725,-4.0,0.0,4,top_quantile,0.0,,,,,,50.0,,1,baseline_badge_components_poly4_ctpt,good_count,0.0,,,,,,43,paper\main_text_experiments\runs\poly4_krr_main5k\seed_43
mscoco,all_average,market_kmeans_center_select,243,50,0,0.0,-1.320049285888672,1.320049285888672,-1.924037860590033e-06,-0.0039760922081768,1,baseline_feature,0,0,1,none,none,none,5000,1,1,5000,28000,1000,1.1473939418792725,-4.0,0.0,4,top_quantile,0.0,,,,,19.0,,,1,baseline_kmeans_all_distances_ctpt,good_count,0.0,31.0,,,,,43,paper\main_text_experiments\runs\poly4_krr_main5k\seed_43
mscoco,all_average,market_typiclust_select,243,50,1,0.02,-1.089510440826416,1.089510440826416,1.9419194359215908e-06,-0.0035757245495915,1,baseline_feature,0,0,1,none,none,none,5000,1,1,5000,28000,1000,1.1473939418792725,-4.0,0.0,4,top_quantile,0.0,,,,,20.0,,,1,baseline_typiclust_sqrt_poly4_ctpt,good_count,1.0,30.0,,,,,43,paper\main_text_experiments\runs\poly4_krr_main5k\seed_43
mscoco,all_average,ours_kernel_ridge_student,243,50,50,1.0,4.994171142578125,-4.994171142578125,0.0001160752799478,0.0057007507421076,0,online_student,0,0,1,none,none,none,5000,1,1,5000,28000,1000,1.1473939418792725,-4.0,0.0,4,top_quantile,0.0,,,,,21.0,,4.0,1,ours_krr_row_exp_poly4_ctpt,good_count,50.0,25.0,0.2400131225585937,0.92,,,43,paper\main_text_experiments\runs\poly4_krr_main5k\seed_43
mscoco,all_average,ours_sample_package_krr,243,50,50,1.0,4.943837642669678,-4.943837642669678,0.0001136875143856,0.0057775671593844,0,online_student,0,1,2,buyer_pca_synchronized_indices,mean_seller_phi_by_buyer_membership,reuse_buyer_package_membership,2500,2,2,2500,28000,1000,0.8141735792160034,-4.0,0.0,4,top_quantile,0.0,,,,,20.0,,13.0,1,ours_krr_pkg_exp_poly4_ctpt,good_count,50.0,17.0,0.1080398559570312,0.96,,,43,paper\main_text_experiments\runs\poly4_krr_main5k\seed_43
hateful_memes,noise,market_random_select,44,50,6,0.12,-0.199421614408493,0.199421614408493,-3.313183697173372e-05,0.0037062054034322,1,baseline_feature,0,0,1,none,none,none,5000,1,1,5000,28000,1000,1.0172555446624756,-4.0,0.0,4,top_quantile,0.0,,,,5.0,3.0,37.0,3.0,1,baseline_random_noop,good_count,6.0,2.0,,,,,44,paper\main_text_experiments\runs\poly4_krr_main5k\seed_44
hateful_memes,noise,market_cosine_select,44,50,1,0.02,-1.7969878911972046,1.7969878911972046,-0.0001825523359002,-0.0210558995604515,1,baseline_feature,0,0,1,none,none,none,5000,1,1,5000,28000,1000,1.0172555446624756,-4.0,0.0,4,top_quantile,0.0,,,,,,,50.0,1,baseline_cosine_ctpt,good_count,1.0,,,,,,44,paper\main_text_experiments\runs\poly4_krr_main5k\seed_44
hateful_memes,noise,market_uncertainty_select,44,50,0,0.0,-0.3559592962265014,0.3559592962265014,-6.60812875139527e-05,0.0034062364138662,1,baseline_model_based,1,0,1,none,none,none,5000,1,1,5000,28000,1000,1.0172555446624756,-4.0,0.0,4,top_quantile,0.0,,,,,,50.0,,1,baseline_uncertainty_poly4_ctpt,good_count,0.0,,,,,,44,paper\main_text_experiments\runs\poly4_krr_main5k\seed_44
hateful_memes,noise,market_coreset_select,44,50,0,0.0,-0.2418243736028671,0.2418243736028671,-3.3061503927456215e-05,0.0025801954325288,1,baseline_feature,0,0,1,none,none,none,5000,1,1,5000,28000,1000,1.0172555446624756,-4.0,0.0,4,top_quantile,0.0,,,,,,50.0,,1,baseline_coreset_all_distances_ctpt,good_count,0.0,,,,,,44,paper\main_text_experiments\runs\poly4_krr_main5k\seed_44
hateful_memes,noise,market_badge_select,44,50,0,0.0,-0.254233717918396,0.254233717918396,-3.181815191055648e-05,0.0021086521446704,1,baseline_model_based,1,0,1,none,none,none,5000,1,1,5000,28000,1000,1.0172555446624756,-4.0,0.0,4,top_quantile,0.0,,,,,,50.0,,1,baseline_badge_components_poly4_ctpt,good_count,0.0,,,,,,44,paper\main_text_experiments\runs\poly4_krr_main5k\seed_44
hateful_memes,noise,market_kmeans_center_select,44,50,47,0.94,2.636513948440552,-2.636513948440552,0.0003995072911493,0.0282217767089605,0,baseline_feature,0,0,1,none,none,none,5000,1,1,5000,28000,1000,1.0172555446624756,-4.0,0.0,4,top_quantile,0.0,,,,,19.0,,5.0,1,baseline_kmeans_all_distances_ctpt,good_count,47.0,26.0,,,,,44,paper\main_text_experiments\runs\poly4_krr_main5k\seed_44
hateful_memes,noise,market_typiclust_select,44,50,43,0.86,2.24143123626709,-2.24143123626709,0.0003616535686887,0.0222027450799942,0,baseline_feature,0,0,1,none,none,none,5000,1,1,5000,28000,1000,1.0172555446624756,-4.0,0.0,4,top_quantile,0.0,,,,,19.0,,8.0,1,baseline_typiclust_sqrt_poly4_ctpt,good_count,43.0,23.0,,,,,44,paper\main_text_experiments\runs\poly4_krr_main5k\seed_44
hateful_memes,noise,ours_kernel_ridge_student,44,50,46,0.92,2.7146689891815186,-2.7146689891815186,0.0004371845861896,0.0259062964469194,0,online_student,0,0,1,none,none,none,5000,1,1,5000,28000,1000,1.0172555446624756,-4.0,0.0,4,top_quantile,0.0,,,,,18.0,,8.0,1,ours_krr_row_exp_poly4_ctpt,good_count,46.0,24.0,0.1644287109375,0.9,,,44,paper\main_text_experiments\runs\poly4_krr_main5k\seed_44
hateful_memes,noise,ours_sample_package_krr,44,50,50,1.0,3.266587495803833,-3.266587495803833,0.0005175280384719,0.031125133857131,0,online_student,0,1,2,buyer_pca_synchronized_indices,mean_seller_phi_by_buyer_membership,reuse_buyer_package_membership,2500,2,2,2500,28000,1000,0.7499199509620667,-4.0,0.0,4,top_quantile,0.0,,,,,21.0,,9.0,1,ours_krr_pkg_exp_poly4_ctpt,good_count,50.0,20.0,0.12109375,0.96,,,44,paper\main_text_experiments\runs\poly4_krr_main5k\seed_44
hateful_memes,coreset_far_wrong,market_random_select,44,50,6,0.12,-0.1169718652963638,0.1169718652963638,-2.384185791015625e-05,0.0048008458688855,1,baseline_feature,0,0,1,none,none,none,5000,1,1,5000,28000,1000,1.0172555446624756,-4.0,0.0,4,top_quantile,0.0,,,,37.0,3.0,5.0,3.0,1,baseline_random_noop,good_count,6.0,2.0,,,,,44,paper\main_text_experiments\runs\poly4_krr_main5k\seed_44
hateful_memes,coreset_far_wrong,market_cosine_select,44,50,1,0.02,-1.7969878911972046,1.7969878911972046,-0.0001825523359002,-0.0210558995604515,1,baseline_feature,0,0,1,none,none,none,5000,1,1,5000,28000,1000,1.0172555446624756,-4.0,0.0,4,top_quantile,0.0,,,,,,,50.0,1,baseline_cosine_ctpt,good_count,1.0,,,,,,44,paper\main_text_experiments\runs\poly4_krr_main5k\seed_44
hateful_memes,coreset_far_wrong,market_uncertainty_select,44,50,0,0.0,-0.6154714822769165,0.6154714822769165,-0.0001479840284446,0.0060770367272198,1,baseline_model_based,1,0,1,none,none,none,5000,1,1,5000,28000,1000,1.0172555446624756,-4.0,0.0,4,top_quantile,0.0,,,,26.0,,24.0,,1,baseline_uncertainty_poly4_ctpt,good_count,0.0,,,,,,44,paper\main_text_experiments\runs\poly4_krr_main5k\seed_44
hateful_memes,coreset_far_wrong,market_coreset_select,44,50,0,0.0,-1.0556405782699585,1.0556405782699585,-0.0002856707433238,0.0104640293866395,1,baseline_feature,0,0,1,none,none,none,5000,1,1,5000,28000,1000,1.0172555446624756,-4.0,0.0,4,top_quantile,0.0,,,,,,50.0,,1,baseline_coreset_all_distances_ctpt,good_count,0.0,,,,,,44,paper\main_text_experiments\runs\poly4_krr_main5k\seed_44
hateful_memes,coreset_far_wrong,market_badge_select,44,50,0,0.0,-1.0915158987045288,1.0915158987045288,-0.0003213596355635,0.0136631755158305,1,baseline_model_based,1,0,1,none,none,none,5000,1,1,5000,28000,1000,1.0172555446624756,-4.0,0.0,4,top_quantile,0.0,,,,,,50.0,,1,baseline_badge_components_poly4_ctpt,good_count,0.0,,,,,,44,paper\main_text_experiments\runs\poly4_krr_main5k\seed_44
hateful_memes,coreset_far_wrong,market_kmeans_center_select,44,50,47,0.94,2.636513948440552,-2.636513948440552,0.0003995072911493,0.0282217767089605,0,baseline_feature,0,0,1,none,none,none,5000,1,1,5000,28000,1000,1.0172555446624756,-4.0,0.0,4,top_quantile,0.0,,,,,19.0,,5.0,1,baseline_kmeans_all_distances_ctpt,good_count,47.0,26.0,,,,,44,paper\main_text_experiments\runs\poly4_krr_main5k\seed_44
hateful_memes,coreset_far_wrong,market_typiclust_select,44,50,43,0.86,2.24143123626709,-2.24143123626709,0.0003616535686887,0.0222027450799942,0,baseline_feature,0,0,1,none,none,none,5000,1,1,5000,28000,1000,1.0172555446624756,-4.0,0.0,4,top_quantile,0.0,,,,,19.0,,8.0,1,baseline_typiclust_sqrt_poly4_ctpt,good_count,43.0,23.0,,,,,44,paper\main_text_experiments\runs\poly4_krr_main5k\seed_44
hateful_memes,coreset_far_wrong,ours_kernel_ridge_student,44,50,46,0.92,2.7474594116210938,-2.7474594116210938,0.0004338955914136,0.0271527152508497,0,online_student,0,0,1,none,none,none,5000,1,1,5000,28000,1000,1.0172555446624756,-4.0,0.0,4,top_quantile,0.0,,,,1.0,18.0,,7.0,1,ours_krr_row_exp_poly4_ctpt,good_count,46.0,24.0,0.1644287109375,0.9,,,44,paper\main_text_experiments\runs\poly4_krr_main5k\seed_44
hateful_memes,coreset_far_wrong,ours_sample_package_krr,44,50,47,0.94,3.069751501083374,-3.069751501083374,0.0004858231404796,0.029618265107274,0,online_student,0,1,2,buyer_pca_synchronized_indices,mean_seller_phi_by_buyer_membership,reuse_buyer_package_membership,2500,2,2,2500,28000,1000,0.7499199509620667,-4.0,0.0,4,top_quantile,0.0,,,,2.0,19.0,,9.0,1,ours_krr_pkg_exp_poly4_ctpt,good_count,47.0,20.0,0.12469482421875,0.96,,,44,paper\main_text_experiments\runs\poly4_krr_main5k\seed_44
hateful_memes,typiclust_dense,market_random_select,44,50,6,0.12,0.3229495882987976,-0.3229495882987976,6.769776518922299e-05,0.0057668532244861,1,baseline_feature,0,0,1,none,none,none,5000,1,1,5000,28000,1000,1.0172555446624756,-4.0,0.0,4,top_quantile,0.0,,,,1.0,6.0,,2.0,1,baseline_random_noop,good_count,6.0,39.0,,,2.0,,44,paper\main_text_experiments\runs\poly4_krr_main5k\seed_44
hateful_memes,typiclust_dense,market_cosine_select,44,50,9,0.18,-0.7678838968276978,0.7678838968276978,-2.614021286717616e-05,-0.0120918788015842,1,baseline_feature,0,0,1,none,none,none,5000,1,1,5000,28000,1000,1.0172555446624756,-4.0,0.0,4,top_quantile,0.0,,,,,,,,1,baseline_cosine_ctpt,good_count,9.0,,,,41.0,9.0,44,paper\main_text_experiments\runs\poly4_krr_main5k\seed_44
hateful_memes,typiclust_dense,market_uncertainty_select,44,50,15,0.3,0.4662970006465912,-0.4662970006465912,0.0002496778906788,-0.011589334346354,0,baseline_model_based,1,0,1,none,none,none,5000,1,1,5000,28000,1000,1.0172555446624756,-4.0,0.0,4,top_quantile,0.0,,,,,7.0,15.0,,1,baseline_uncertainty_poly4_ctpt,good_count,15.0,22.0,,,6.0,,44,paper\main_text_experiments\runs\poly4_krr_main5k\seed_44
hateful_memes,typiclust_dense,market_coreset_select,44,50,50,1.0,2.841914176940918,-2.841914176940918,0.0008505964069627,-0.0187528748065233,0,baseline_feature,0,0,1,none,none,none,5000,1,1,5000,28000,1000,1.0172555446624756,-4.0,0.0,4,top_quantile,0.0,,,,,,50.0,,1,baseline_coreset_all_distances_ctpt,good_count,50.0,,,,,,44,paper\main_text_experiments\runs\poly4_krr_main5k\seed_44
hateful_memes,typiclust_dense,market_badge_select,44,50,50,1.0,2.841914176940918,-2.841914176940918,0.0008505964069627,-0.0187528748065233,0,baseline_model_based,1,0,1,none,none,none,5000,1,1,5000,28000,1000,1.0172555446624756,-4.0,0.0,4,top_quantile,0.0,,,,,,50.0,,1,baseline_badge_components_poly4_ctpt,good_count,50.0,,,,,,44,paper\main_text_experiments\runs\poly4_krr_main5k\seed_44
hateful_memes,typiclust_dense,market_kmeans_center_select,44,50,1,0.02,-0.4629339575767517,0.4629339575767517,-3.364086069268524e-06,-0.0066978610120713,1,baseline_feature,0,0,1,none,none,none,5000,1,1,5000,28000,1000,1.0172555446624756,-4.0,0.0,4,top_quantile,0.0,,,,,11.0,,,1,baseline_kmeans_all_distances_ctpt,good_count,1.0,39.0,,,,,44,paper\main_text_experiments\runs\poly4_krr_main5k\seed_44
hateful_memes,typiclust_dense,market_typiclust_select,44,50,0,0.0,-0.702067494392395,0.702067494392395,-5.681037873728201e-05,-0.0067947572097182,1,baseline_feature,0,0,1,none,none,none,5000,1,1,5000,28000,1000,1.0172555446624756,-4.0,0.0,4,top_quantile,0.0,,,,,19.0,,,1,baseline_typiclust_sqrt_poly4_ctpt,good_count,0.0,26.0,,,5.0,,44,paper\main_text_experiments\runs\poly4_krr_main5k\seed_44
hateful_memes,typiclust_dense,ours_kernel_ridge_student,44,50,17,0.34,1.4814441204071045,-1.4814441204071045,0.0002205860655521,0.0185511857271194,0,online_student,0,0,1,none,none,none,5000,1,1,5000,28000,1000,1.0172555446624756,-4.0,0.0,4,top_quantile,0.0,,,,,11.0,,3.0,1,ours_krr_row_exp_poly4_ctpt,good_count,17.0,36.0,0.1698493957519531,0.9,,,44,paper\main_text_experiments\runs\poly4_krr_main5k\seed_44
hateful_memes,typiclust_dense,ours_sample_package_krr,44,50,31,0.62,2.2280023097991943,-2.2280023097991943,0.0003528618835844,0.0228697974234819,0,online_student,0,1,2,buyer_pca_synchronized_indices,mean_seller_phi_by_buyer_membership,reuse_buyer_package_membership,2500,2,2,2500,28000,1000,0.7499199509620667,-4.0,0.0,4,top_quantile,0.0,,,,,13.0,,10.0,1,ours_krr_pkg_exp_poly4_ctpt,good_count,31.0,27.0,0.123931884765625,0.92,,,44,paper\main_text_experiments\runs\poly4_krr_main5k\seed_44
hateful_memes,kmeans_center,market_random_select,44,50,6,0.12,0.4807026386260986,-0.4807026386260986,0.0001046252218657,0.0056368578225374,1,baseline_feature,0,0,1,none,none,none,5000,1,1,5000,28000,1000,1.0172555446624756,-4.0,0.0,4,top_quantile,0.0,,,,2.0,39.0,,2.0,1,baseline_random_noop,good_count,6.0,6.0,,,,1.0,44,paper\main_text_experiments\runs\poly4_krr_main5k\seed_44
hateful_memes,kmeans_center,market_cosine_select,44,50,50,1.0,2.932924509048462,-2.932924509048462,0.0005023574922233,0.0240908712148666,0,baseline_feature,0,0,1,none,none,none,5000,1,1,5000,28000,1000,1.0172555446624756,-4.0,0.0,4,top_quantile,0.0,,,,,,,30.0,1,baseline_cosine_ctpt,good_count,50.0,,,,12.0,8.0,44,paper\main_text_experiments\runs\poly4_krr_main5k\seed_44
hateful_memes,kmeans_center,market_uncertainty_select,44,50,13,0.26,0.3098578751087188,-0.3098578751087188,0.0002333009178983,-0.0138114346191287,0,baseline_model_based,1,0,1,none,none,none,5000,1,1,5000,28000,1000,1.0172555446624756,-4.0,0.0,4,top_quantile,0.0,,,,12.0,24.0,13.0,,1,baseline_uncertainty_poly4_ctpt,good_count,13.0,1.0,,,,,44,paper\main_text_experiments\runs\poly4_krr_main5k\seed_44
hateful_memes,kmeans_center,market_coreset_select,44,50,49,0.98,2.772015333175659,-2.772015333175659,0.0008372903103008,-0.0190501995384693,0,baseline_feature,0,0,1,none,none,none,5000,1,1,5000,28000,1000,1.0172555446624756,-4.0,0.0,4,top_quantile,0.0,,,,1.0,,49.0,,1,baseline_coreset_all_distances_ctpt,good_count,49.0,,,,,,44,paper\main_text_experiments\runs\poly4_krr_main5k\seed_44
hateful_memes,kmeans_center,market_badge_select,44,50,49,0.98,2.772015333175659,-2.772015333175659,0.0008372903103008,-0.0190501995384693,0,baseline_model_based,1,0,1,none,none,none,5000,1,1,5000,28000,1000,1.0172555446624756,-4.0,0.0,4,top_quantile,0.0,,,,1.0,,49.0,,1,baseline_badge_components_poly4_ctpt,good_count,49.0,,,,,,44,paper\main_text_experiments\runs\poly4_krr_main5k\seed_44
hateful_memes,kmeans_center,market_kmeans_center_select,44,50,1,0.02,-0.874503493309021,0.874503493309021,-4.7470330173382536e-05,-0.0124253500252962,1,baseline_feature,0,0,1,none,none,none,5000,1,1,5000,28000,1000,1.0172555446624756,-4.0,0.0,4,top_quantile,0.0,,,,,30.0,,,1,baseline_kmeans_all_distances_ctpt,good_count,1.0,20.0,,,,,44,paper\main_text_experiments\runs\poly4_krr_main5k\seed_44
hateful_memes,kmeans_center,market_typiclust_select,44,50,0,0.0,-0.4879792034626007,0.4879792034626007,-2.451777436363045e-05,-0.0049013257957994,1,baseline_feature,0,0,1,none,none,none,5000,1,1,5000,28000,1000,1.0172555446624756,-4.0,0.0,4,top_quantile,0.0,,,,,38.0,,,1,baseline_typiclust_sqrt_poly4_ctpt,good_count,0.0,12.0,,,,,44,paper\main_text_experiments\runs\poly4_krr_main5k\seed_44
hateful_memes,kmeans_center,ours_kernel_ridge_student,44,50,18,0.36,1.4852923154830933,-1.4852923154830933,0.0002224457275588,0.0184366591274738,0,online_student,0,0,1,none,none,none,5000,1,1,5000,28000,1000,1.0172555446624756,-4.0,0.0,4,top_quantile,0.0,,,,,37.0,,2.0,1,ours_krr_row_exp_poly4_ctpt,good_count,18.0,11.0,0.1712875366210937,0.88,,,44,paper\main_text_experiments\runs\poly4_krr_main5k\seed_44
hateful_memes,kmeans_center,ours_sample_package_krr,44,50,27,0.54,1.559870958328247,-1.559870958328247,0.0002635908022057,0.0156241366639733,0,online_student,0,1,2,buyer_pca_synchronized_indices,mean_seller_phi_by_buyer_membership,reuse_buyer_package_membership,2500,2,2,2500,28000,1000,0.7499199509620667,-4.0,0.0,4,top_quantile,0.0,,,,,28.0,,8.0,1,ours_krr_pkg_exp_poly4_ctpt,good_count,27.0,14.0,0.1266708374023437,0.8,,,44,paper\main_text_experiments\runs\poly4_krr_main5k\seed_44
hateful_memes,uncertainty_badge,market_random_select,44,50,6,0.12,0.4540439546108246,-0.4540439546108246,8.440017700195312e-05,0.0072830049321055,1,baseline_feature,0,0,1,none,none,none,5000,1,1,5000,28000,1000,1.0172555446624756,-4.0,0.0,4,top_quantile,0.0,,,,5.0,3.0,,38.0,1,baseline_random_noop,good_count,6.0,2.0,,,2.0,,44,paper\main_text_experiments\runs\poly4_krr_main5k\seed_44
hateful_memes,uncertainty_badge,market_cosine_select,44,50,0,0.0,-1.6097548007965088,1.6097548007965088,-0.0001929938734974,-0.0149072892963886,1,baseline_feature,0,0,1,none,none,none,5000,1,1,5000,28000,1000,1.0172555446624756,-4.0,0.0,4,top_quantile,0.0,,,,,,,,1,baseline_cosine_ctpt,good_count,0.0,,,,50.0,,44,paper\main_text_experiments\runs\poly4_krr_main5k\seed_44
hateful_memes,uncertainty_badge,market_uncertainty_select,44,50,0,0.0,-0.6661545634269714,0.6661545634269714,3.482818647171371e-05,-0.0164909083396196,1,baseline_model_based,1,0,1,none,none,none,5000,1,1,5000,28000,1000,1.0172555446624756,-4.0,0.0,4,top_quantile,0.0,,,,24.0,,,16.0,1,baseline_uncertainty_poly4_ctpt,good_count,0.0,,,,10.0,,44,paper\main_text_experiments\runs\poly4_krr_main5k\seed_44
hateful_memes,uncertainty_badge,market_coreset_select,44,50,0,0.0,-0.7584742903709412,0.7584742903709412,-6.364583896356635e-06,-0.0141405584290623,1,baseline_feature,0,0,1,none,none,none,5000,1,1,5000,28000,1000,1.0172555446624756,-4.0,0.0,4,top_quantile,0.0,,,,38.0,,,,1,baseline_coreset_all_distances_ctpt,good_count,0.0,,,,12.0,,44,paper\main_text_experiments\runs\poly4_krr_main5k\seed_44
hateful_memes,uncertainty_badge,market_badge_select,44,50,0,0.0,-0.8426257371902466,0.8426257371902466,-3.2303334592143074e-05,-0.0133464708924293,1,baseline_model_based,1,0,1,none,none,none,5000,1,1,5000,28000,1000,1.0172555446624756,-4.0,0.0,4,top_quantile,0.0,,,,18.0,,,,1,baseline_badge_components_poly4_ctpt,good_count,0.0,,,,32.0,,44,paper\main_text_experiments\runs\poly4_krr_main5k\seed_44
hateful_memes,uncertainty_badge,market_kmeans_center_select,44,50,27,0.54,1.5639642477035522,-1.5639642477035522,0.0002320992934983,0.0193894747644662,0,baseline_feature,0,0,1,none,none,none,5000,1,1,5000,28000,1000,1.0172555446624756,-4.0,0.0,4,top_quantile,0.0,,,,,11.0,,24.0,1,baseline_kmeans_all_distances_ctpt,good_count,27.0,15.0,,,,,44,paper\main_text_experiments\runs\poly4_krr_main5k\seed_44
hateful_memes,uncertainty_badge,market_typiclust_select,44,50,1,0.02,-0.1769192069768905,0.1769192069768905,3.0171870548656443e-06,0.0001010756168398,1,baseline_feature,0,0,1,none,none,none,5000,1,1,5000,28000,1000,1.0172555446624756,-4.0,0.0,4,top_quantile,0.0,,,,,,,42.0,1,baseline_typiclust_sqrt_poly4_ctpt,good_count,1.0,1.0,,,7.0,,44,paper\main_text_experiments\runs\poly4_krr_main5k\seed_44
hateful_memes,uncertainty_badge,ours_kernel_ridge_student,44,50,29,0.58,2.3169105052948,-2.3169105052948,0.000325878849253,0.0283474419265985,0,online_student,0,0,1,none,none,none,5000,1,1,5000,28000,1000,1.0172555446624756,-4.0,0.0,4,top_quantile,0.0,,,,,11.0,,23.0,1,ours_krr_row_exp_poly4_ctpt,good_count,29.0,16.0,0.1705398559570312,0.86,,,44,paper\main_text_experiments\runs\poly4_krr_main5k\seed_44
hateful_memes,uncertainty_badge,ours_sample_package_krr,44,50,37,0.74,2.619349718093872,-2.619349718093872,0.0004216563829686,0.0251968875527381,0,online_student,0,1,2,buyer_pca_synchronized_indices,mean_seller_phi_by_buyer_membership,reuse_buyer_package_membership,2500,2,2,2500,28000,1000,0.7499199509620667,-4.0,0.0,4,top_quantile,0.0,,,,,15.0,,21.0,1,ours_krr_pkg_exp_poly4_ctpt,good_count,37.0,14.0,0.1223907470703125,0.92,,,44,paper\main_text_experiments\runs\poly4_krr_main5k\seed_44
hateful_memes,cosine,market_random_select,44,50,6,0.12,-0.1292131543159485,0.1292131543159485,2.4616718292236328e-05,-0.0011498444946482,1,baseline_feature,0,0,1,none,none,none,5000,1,1,5000,28000,1000,1.0172555446624756,-4.0,0.0,4,top_quantile,0.0,,,,1.0,2.0,1.0,4.0,1,baseline_random_noop,good_count,6.0,5.0,,,37.0,,44,paper\main_text_experiments\runs\poly4_krr_main5k\seed_44
hateful_memes,cosine,market_cosine_select,44,50,0,0.0,-0.2934778034687042,0.2934778034687042,-4.0415525290882215e-05,0.0020725794602185,1,baseline_feature,0,0,1,none,none,none,5000,1,1,5000,28000,1000,1.0172555446624756,-4.0,0.0,4,top_quantile,0.0,,,,,,,,1,baseline_cosine_ctpt,good_count,0.0,,,,50.0,,44,paper\main_text_experiments\runs\poly4_krr_main5k\seed_44
hateful_memes,cosine,market_uncertainty_select,44,50,7,0.14,0.2350422292947769,-0.2350422292947769,0.0001057350600603,-0.0009682564414106,1,baseline_model_based,1,0,1,none,none,none,5000,1,1,5000,28000,1000,1.0172555446624756,-4.0,0.0,4,top_quantile,0.0,,,,,,7.0,,1,baseline_uncertainty_poly4_ctpt,good_count,7.0,,,,43.0,,44,paper\main_text_experiments\runs\poly4_krr_main5k\seed_44
hateful_memes,cosine,market_coreset_select,44,50,40,0.8,2.283825635910034,-2.283825635910034,0.0007140755769796,-0.0176099352538585,0,baseline_feature,0,0,1,none,none,none,5000,1,1,5000,28000,1000,1.0172555446624756,-4.0,0.0,4,top_quantile,0.0,,,,,,40.0,,1,baseline_coreset_all_distances_ctpt,good_count,40.0,,,,10.0,,44,paper\main_text_experiments\runs\poly4_krr_main5k\seed_44
hateful_memes,cosine,market_badge_select,44,50,40,0.8,2.285970687866211,-2.285970687866211,0.0007025766535662,-0.0162178929895162,0,baseline_model_based,1,0,1,none,none,none,5000,1,1,5000,28000,1000,1.0172555446624756,-4.0,0.0,4,top_quantile,0.0,,,,,,40.0,,1,baseline_badge_components_poly4_ctpt,good_count,40.0,,,,10.0,,44,paper\main_text_experiments\runs\poly4_krr_main5k\seed_44
hateful_memes,cosine,market_kmeans_center_select,44,50,18,0.36,-0.5426971912384033,0.5426971912384033,3.86726860597264e-05,-0.0136827686801552,0,baseline_feature,0,0,1,none,none,none,5000,1,1,5000,28000,1000,1.0172555446624756,-4.0,0.0,4,top_quantile,0.0,,,,,8.0,,,1,baseline_kmeans_all_distances_ctpt,good_count,18.0,42.0,,,,,44,paper\main_text_experiments\runs\poly4_krr_main5k\seed_44
hateful_memes,cosine,market_typiclust_select,44,50,2,0.04,-0.8236244916915894,0.8236244916915894,-5.3124429541639984e-05,-0.0104273883625864,1,baseline_feature,0,0,1,none,none,none,5000,1,1,5000,28000,1000,1.0172555446624756,-4.0,0.0,4,top_quantile,0.0,,,,,1.0,,1.0,1,baseline_typiclust_sqrt_poly4_ctpt,good_count,2.0,21.0,,,27.0,,44,paper\main_text_experiments\runs\poly4_krr_main5k\seed_44
hateful_memes,cosine,ours_kernel_ridge_student,44,50,45,0.9,2.5473031997680664,-2.5473031997680664,0.0004134488117415,0.0242507886141538,0,online_student,0,0,1,none,none,none,5000,1,1,5000,28000,1000,1.0172555446624756,-4.0,0.0,4,top_quantile,0.0,,,,,18.0,,4.0,1,ours_krr_row_exp_poly4_ctpt,good_count,45.0,28.0,0.1685104370117187,0.88,,,44,paper\main_text_experiments\runs\poly4_krr_main5k\seed_44
hateful_memes,cosine,ours_sample_package_krr,44,50,46,0.92,2.7174572944641118,-2.7174572944641118,0.0004395949945319,0.0256998538970947,0,online_student,0,1,2,buyer_pca_synchronized_indices,mean_seller_phi_by_buyer_membership,reuse_buyer_package_membership,2500,2,2,2500,28000,1000,0.7499199509620667,-4.0,0.0,4,top_quantile,0.0,,,,,19.0,,11.0,1,ours_krr_pkg_exp_poly4_ctpt,good_count,46.0,20.0,0.1210784912109375,0.96,,,44,paper\main_text_experiments\runs\poly4_krr_main5k\seed_44
hateful_memes,all_average,market_random_select,44,50,6,0.12,-1.6231276988983154,1.6231276988983154,-0.0001697599946055,-0.0179582182317972,1,baseline_feature,0,0,1,none,none,none,5000,1,1,5000,28000,1000,1.0172555446624756,-4.0,0.0,4,top_quantile,0.0,,,,2.0,11.0,7.0,9.0,1,baseline_random_noop,good_count,6.0,15.0,,,6.0,,44,paper\main_text_experiments\runs\poly4_krr_main5k\seed_44
hateful_memes,all_average,market_cosine_select,44,50,0,0.0,-1.4752647876739502,1.4752647876739502,-0.0001544642436783,-0.0158366337418556,1,baseline_feature,0,0,1,none,none,none,5000,1,1,5000,28000,1000,1.0172555446624756,-4.0,0.0,4,top_quantile,0.0,,,,,,,,1,baseline_cosine_ctpt,good_count,0.0,,,,50.0,,44,paper\main_text_experiments\runs\poly4_krr_main5k\seed_44
hateful_memes,all_average,market_uncertainty_select,44,50,1,0.02,-1.0309559106826782,1.0309559106826782,-0.0002302372449776,0.0046767289750278,1,baseline_model_based,1,0,1,none,none,none,5000,1,1,5000,28000,1000,1.0172555446624756,-4.0,0.0,4,top_quantile,0.0,,,,7.0,,43.0,,1,baseline_uncertainty_poly4_ctpt,good_count,1.0,,,,,,44,paper\main_text_experiments\runs\poly4_krr_main5k\seed_44
hateful_memes,all_average,market_coreset_select,44,50,0,0.0,-1.1713844537734983,1.1713844537734983,-0.0003289711603429,0.0124416444450616,1,baseline_feature,0,0,1,none,none,none,5000,1,1,5000,28000,1000,1.0172555446624756,-4.0,0.0,4,top_quantile,0.0,,,,,,50.0,,1,baseline_coreset_all_distances_ctpt,good_count,0.0,,,,,,44,paper\main_text_experiments\runs\poly4_krr_main5k\seed_44
hateful_memes,all_average,market_badge_select,44,50,0,0.0,-1.2593107223510742,1.2593107223510742,-0.0003642010560724,0.0142152952030301,1,baseline_model_based,1,0,1,none,none,none,5000,1,1,5000,28000,1000,1.0172555446624756,-4.0,0.0,4,top_quantile,0.0,,,,,,50.0,,1,baseline_badge_components_poly4_ctpt,good_count,0.0,,,,,,44,paper\main_text_experiments\runs\poly4_krr_main5k\seed_44
hateful_memes,all_average,market_kmeans_center_select,44,50,0,0.0,-1.6748385429382324,1.6748385429382324,-0.0001434099685866,-0.0223817396908998,1,baseline_feature,0,0,1,none,none,none,5000,1,1,5000,28000,1000,1.0172555446624756,-4.0,0.0,4,top_quantile,0.0,,,,,23.0,,1.0,1,baseline_kmeans_all_distances_ctpt,good_count,0.0,26.0,,,,,44,paper\main_text_experiments\runs\poly4_krr_main5k\seed_44
hateful_memes,all_average,market_typiclust_select,44,50,0,0.0,-0.7410632967948914,0.7410632967948914,-5.09226338181179e-05,-0.0085065877065062,1,baseline_feature,0,0,1,none,none,none,5000,1,1,5000,28000,1000,1.0172555446624756,-4.0,0.0,4,top_quantile,0.0,,,,,21.0,,3.0,1,baseline_typiclust_sqrt_poly4_ctpt,good_count,0.0,23.0,,,3.0,,44,paper\main_text_experiments\runs\poly4_krr_main5k\seed_44
hateful_memes,all_average,ours_kernel_ridge_student,44,50,32,0.64,1.00157368183136,-1.00157368183136,0.0001994538324652,0.0083549106493592,0,online_student,0,0,1,none,none,none,5000,1,1,5000,28000,1000,1.0172555446624756,-4.0,0.0,4,top_quantile,0.0,,,,1.0,20.0,,8.0,1,ours_krr_row_exp_poly4_ctpt,good_count,32.0,21.0,0.1685104370117187,0.86,,,44,paper\main_text_experiments\runs\poly4_krr_main5k\seed_44
hateful_memes,all_average,ours_sample_package_krr,44,50,27,0.54,0.3702249825000763,-0.3702249825000763,0.0001270270295208,0.0001226468448294,0,online_student,0,1,2,buyer_pca_synchronized_indices,mean_seller_phi_by_buyer_membership,reuse_buyer_package_membership,2500,2,2,2500,28000,1000,0.7499199509620667,-4.0,0.0,4,top_quantile,0.0,,,,,20.0,,11.0,1,ours_krr_pkg_exp_poly4_ctpt,good_count,27.0,19.0,0.1206512451171875,0.8,,,44,paper\main_text_experiments\runs\poly4_krr_main5k\seed_44
hatespeech,noise,market_random_select,144,50,3,0.06,-1.0337803363800049,1.0337803363800049,-6.734133057761937e-05,0.0004731153021566,1,baseline_feature,0,0,1,none,none,none,5000,1,1,5000,28000,1000,1.1208701133728027,-4.0,0.0,4,top_quantile,0.0,,,,7.0,2.0,33.0,8.0,1,baseline_random_noop,good_count,3.0,,,,,,44,paper\main_text_experiments\runs\poly4_krr_main5k\seed_44
hatespeech,noise,market_cosine_select,144,50,0,0.0,-1.2147082090377808,1.2147082090377808,-4.765272024087608e-05,-0.0174217857420444,1,baseline_feature,0,0,1,none,none,none,5000,1,1,5000,28000,1000,1.1208701133728027,-4.0,0.0,4,top_quantile,0.0,,,,,,,50.0,1,baseline_cosine_ctpt,good_count,0.0,,,,,,44,paper\main_text_experiments\runs\poly4_krr_main5k\seed_44
hatespeech,noise,market_uncertainty_select,144,50,0,0.0,-0.5111004710197449,0.5111004710197449,-3.516674041748047e-06,0.0070933252573013,1,baseline_model_based,1,0,1,none,none,none,5000,1,1,5000,28000,1000,1.1208701133728027,-4.0,0.0,4,top_quantile,0.0,,,,7.0,,33.0,10.0,1,baseline_uncertainty_poly4_ctpt,good_count,0.0,,,,,,44,paper\main_text_experiments\runs\poly4_krr_main5k\seed_44
hatespeech,noise,market_coreset_select,144,50,0,0.0,-1.1082921028137207,1.1082921028137207,-0.0001477479963796,0.0261591356247663,1,baseline_feature,0,0,1,none,none,none,5000,1,1,5000,28000,1000,1.1208701133728027,-4.0,0.0,4,top_quantile,0.0,,,,,,50.0,,1,baseline_coreset_all_distances_ctpt,good_count,0.0,,,,,,44,paper\main_text_experiments\runs\poly4_krr_main5k\seed_44
hatespeech,noise,market_badge_select,144,50,0,0.0,-1.1353697776794434,1.1353697776794434,-0.0001552450703456,0.0273811463266611,1,baseline_model_based,1,0,1,none,none,none,5000,1,1,5000,28000,1000,1.1208701133728027,-4.0,0.0,4,top_quantile,0.0,,,,,,50.0,,1,baseline_badge_components_poly4_ctpt,good_count,0.0,,,,,,44,paper\main_text_experiments\runs\poly4_krr_main5k\seed_44
hatespeech,noise,market_kmeans_center_select,144,50,50,1.0,3.1459054946899414,-3.1459054946899414,0.0003467834030743,0.0893600210547447,0,baseline_feature,0,0,1,none,none,none,5000,1,1,5000,28000,1000,1.1208701133728027,-4.0,0.0,4,top_quantile,0.0,,,,,19.0,,2.0,1,baseline_kmeans_all_distances_ctpt,good_count,50.0,29.0,,,,,44,paper\main_text_experiments\runs\poly4_krr_main5k\seed_44
hatespeech,noise,market_typiclust_select,144,50,50,1.0,3.144732713699341,-3.144732713699341,0.0003474378609098,0.089047260582447,0,baseline_feature,0,0,1,none,none,none,5000,1,1,5000,28000,1000,1.1208701133728027,-4.0,0.0,4,top_quantile,0.0,,,,,20.0,,2.0,1,baseline_typiclust_sqrt_poly4_ctpt,good_count,50.0,28.0,,,,,44,paper\main_text_experiments\runs\poly4_krr_main5k\seed_44
hatespeech,noise,ours_kernel_ridge_student,144,50,50,1.0,3.261035680770874,-3.261035680770874,0.0003703761030919,0.0872577726840972,0,online_student,0,0,1,none,none,none,5000,1,1,5000,28000,1000,1.1208701133728027,-4.0,0.0,4,top_quantile,0.0,,,,,19.0,,4.0,1,ours_krr_row_exp_poly4_ctpt,good_count,50.0,27.0,0.2707042694091797,0.78,,,44,paper\main_text_experiments\runs\poly4_krr_main5k\seed_44
hatespeech,noise,ours_sample_package_krr,144,50,50,1.0,3.4783408641815186,-3.4783408641815186,0.0004050481365993,0.0869714319705963,0,online_student,0,1,2,buyer_pca_synchronized_indices,mean_seller_phi_by_buyer_membership,reuse_buyer_package_membership,2500,2,2,2500,28000,1000,0.8178544044494629,-4.0,0.0,4,top_quantile,0.0,,,,,22.0,,6.0,1,ours_krr_pkg_exp_poly4_ctpt,good_count,50.0,22.0,0.1765556335449218,0.76,,,44,paper\main_text_experiments\runs\poly4_krr_main5k\seed_44
hatespeech,coreset_far_wrong,market_random_select,144,50,3,0.06,-0.6446208953857422,0.6446208953857422,-6.021261287969537e-05,0.0204863380640745,1,baseline_feature,0,0,1,none,none,none,5000,1,1,5000,28000,1000,1.1208701133728027,-4.0,0.0,4,top_quantile,0.0,,,,33.0,2.0,7.0,8.0,1,baseline_random_noop,good_count,3.0,,,,,,44,paper\main_text_experiments\runs\poly4_krr_main5k\seed_44
hatespeech,coreset_far_wrong,market_cosine_select,144,50,0,0.0,-1.2147082090377808,1.2147082090377808,-4.765272024087608e-05,-0.0174217857420444,1,baseline_feature,0,0,1,none,none,none,5000,1,1,5000,28000,1000,1.1208701133728027,-4.0,0.0,4,top_quantile,0.0,,,,,,,50.0,1,baseline_cosine_ctpt,good_count,0.0,,,,,,44,paper\main_text_experiments\runs\poly4_krr_main5k\seed_44
hatespeech,coreset_far_wrong,market_uncertainty_select,144,50,0,0.0,-0.3237395584583282,0.3237395584583282,-4.969835117663024e-06,0.0185530930757522,1,baseline_model_based,1,0,1,none,none,none,5000,1,1,5000,28000,1000,1.1208701133728027,-4.0,0.0,4,top_quantile,0.0,,,,37.0,,1.0,12.0,1,baseline_uncertainty_poly4_ctpt,good_count,0.0,,,,,,44,paper\main_text_experiments\runs\poly4_krr_main5k\seed_44
hatespeech,coreset_far_wrong,market_coreset_select,144,50,0,0.0,-1.9511717557907104,1.9511717557907104,-0.0003048694052267,0.0357230454683303,1,baseline_feature,0,0,1,none,none,none,5000,1,1,5000,28000,1000,1.1208701133728027,-4.0,0.0,4,top_quantile,0.0,,,,,,50.0,,1,baseline_coreset_all_distances_ctpt,good_count,0.0,,,,,,44,paper\main_text_experiments\runs\poly4_krr_main5k\seed_44
hatespeech,coreset_far_wrong,market_badge_select,144,50,0,0.0,-1.8415656089782717,1.8415656089782717,-0.0002830517187248,0.0339617952704429,1,baseline_model_based,1,0,1,none,none,none,5000,1,1,5000,28000,1000,1.1208701133728027,-4.0,0.0,4,top_quantile,0.0,,,,,,50.0,,1,baseline_badge_components_poly4_ctpt,good_count,0.0,,,,,,44,paper\main_text_experiments\runs\poly4_krr_main5k\seed_44
hatespeech,coreset_far_wrong,market_kmeans_center_select,144,50,50,1.0,3.1459054946899414,-3.1459054946899414,0.0003467834030743,0.0893600210547447,0,baseline_feature,0,0,1,none,none,none,5000,1,1,5000,28000,1000,1.1208701133728027,-4.0,0.0,4,top_quantile,0.0,,,,,19.0,,2.0,1,baseline_kmeans_all_distances_ctpt,good_count,50.0,29.0,,,,,44,paper\main_text_experiments\runs\poly4_krr_main5k\seed_44
hatespeech,coreset_far_wrong,market_typiclust_select,144,50,50,1.0,3.144732713699341,-3.144732713699341,0.0003474378609098,0.089047260582447,0,baseline_feature,0,0,1,none,none,none,5000,1,1,5000,28000,1000,1.1208701133728027,-4.0,0.0,4,top_quantile,0.0,,,,,20.0,,2.0,1,baseline_typiclust_sqrt_poly4_ctpt,good_count,50.0,28.0,,,,,44,paper\main_text_experiments\runs\poly4_krr_main5k\seed_44
hatespeech,coreset_far_wrong,ours_kernel_ridge_student,144,50,50,1.0,3.261035680770874,-3.261035680770874,0.0003703761030919,0.0872577726840972,0,online_student,0,0,1,none,none,none,5000,1,1,5000,28000,1000,1.1208701133728027,-4.0,0.0,4,top_quantile,0.0,,,,,19.0,,4.0,1,ours_krr_row_exp_poly4_ctpt,good_count,50.0,27.0,0.2707042694091797,0.78,,,44,paper\main_text_experiments\runs\poly4_krr_main5k\seed_44
hatespeech,coreset_far_wrong,ours_sample_package_krr,144,50,50,1.0,3.585838556289673,-3.585838556289673,0.0004205763398203,0.0874361097812652,0,online_student,0,1,2,buyer_pca_synchronized_indices,mean_seller_phi_by_buyer_membership,reuse_buyer_package_membership,2500,2,2,2500,28000,1000,0.8178544044494629,-4.0,0.0,4,top_quantile,0.0,,,,,22.0,,10.0,1,ours_krr_pkg_exp_poly4_ctpt,good_count,50.0,18.0,0.1820182800292968,0.88,,,44,paper\main_text_experiments\runs\poly4_krr_main5k\seed_44
hatespeech,typiclust_dense,market_random_select,144,50,3,0.06,0.1342183053493499,-0.1342183053493499,2.405405030003749e-05,0.0343983508646488,1,baseline_feature,0,0,1,none,none,none,5000,1,1,5000,28000,1000,1.1208701133728027,-4.0,0.0,4,top_quantile,0.0,,,,,9.0,,,1,baseline_random_noop,good_count,3.0,34.0,,,7.0,,44,paper\main_text_experiments\runs\poly4_krr_main5k\seed_44
hatespeech,typiclust_dense,market_cosine_select,144,50,4,0.08,-1.3267314434051514,1.3267314434051514,-5.328654992808879e-07,-0.0415459014475345,1,baseline_feature,0,0,1,none,none,none,5000,1,1,5000,28000,1000,1.1208701133728027,-4.0,0.0,4,top_quantile,0.0,,,,,,,,1,baseline_cosine_ctpt,good_count,4.0,,,,47.0,3.0,44,paper\main_text_experiments\runs\poly4_krr_main5k\seed_44
hatespeech,typiclust_dense,market_uncertainty_select,144,50,0,0.0,-0.051972571760416,0.051972571760416,1.8250942730446691e-06,0.0318507812917232,1,baseline_model_based,1,0,1,none,none,none,5000,1,1,5000,28000,1000,1.1208701133728027,-4.0,0.0,4,top_quantile,0.0,,,,,3.0,,,1,baseline_uncertainty_poly4_ctpt,good_count,0.0,46.0,,,1.0,,44,paper\main_text_experiments\runs\poly4_krr_main5k\seed_44
hatespeech,typiclust_dense,market_coreset_select,144,50,32,0.64,1.4545468091964722,-1.4545468091964722,0.0004060268402099,-0.0313158296048641,0,baseline_feature,0,0,1,none,none,none,5000,1,1,5000,28000,1000,1.1208701133728027,-4.0,0.0,4,top_quantile,0.0,,,,3.0,,28.0,,1,baseline_coreset_all_distances_ctpt,good_count,32.0,,,,19.0,,44,paper\main_text_experiments\runs\poly4_krr_main5k\seed_44
hatespeech,typiclust_dense,market_badge_select,144,50,29,0.58,1.2040717601776123,-1.2040717601776123,0.0003663849784061,-0.0311062950640916,0,baseline_model_based,1,0,1,none,none,none,5000,1,1,5000,28000,1000,1.1208701133728027,-4.0,0.0,4,top_quantile,0.0,,,,,,28.0,,1,baseline_badge_components_poly4_ctpt,good_count,29.0,,,,21.0,1.0,44,paper\main_text_experiments\runs\poly4_krr_main5k\seed_44
hatespeech,typiclust_dense,market_kmeans_center_select,144,50,6,0.12,1.278658390045166,-1.278658390045166,0.0001548516738694,0.0522362180054187,1,baseline_feature,0,0,1,none,none,none,5000,1,1,5000,28000,1000,1.1208701133728027,-4.0,0.0,4,top_quantile,0.0,,,,,7.0,,1.0,1,baseline_kmeans_all_distances_ctpt,good_count,6.0,42.0,,,,,44,paper\main_text_experiments\runs\poly4_krr_main5k\seed_44
hatespeech,typiclust_dense,market_typiclust_select,144,50,0,0.0,1.3250263929367063,-1.3250263929367063,7.373690459644422e-05,0.0852300524711608,1,baseline_feature,0,0,1,none,none,none,5000,1,1,5000,28000,1000,1.1208701133728027,-4.0,0.0,4,top_quantile,0.0,,,,,21.0,,,1,baseline_typiclust_sqrt_poly4_ctpt,good_count,0.0,29.0,,,,,44,paper\main_text_experiments\runs\poly4_krr_main5k\seed_44
hatespeech,typiclust_dense,ours_kernel_ridge_student,144,50,23,0.46,1.832236051559448,-1.832236051559448,0.0002260518085677,0.057902418076992,0,online_student,0,0,1,none,none,none,5000,1,1,5000,28000,1000,1.1208701133728027,-4.0,0.0,4,top_quantile,0.0,,,,,12.0,,4.0,1,ours_krr_row_exp_poly4_ctpt,good_count,23.0,34.0,0.2850055694580078,0.74,,,44,paper\main_text_experiments\runs\poly4_krr_main5k\seed_44
hatespeech,typiclust_dense,ours_sample_package_krr,144,50,35,0.7,2.4171996116638184,-2.4171996116638184,0.0002896165824495,0.0682488158345222,0,online_student,0,1,2,buyer_pca_synchronized_indices,mean_seller_phi_by_buyer_membership,reuse_buyer_package_membership,2500,2,2,2500,28000,1000,0.8178544044494629,-4.0,0.0,4,top_quantile,0.0,,,,,18.0,,7.0,1,ours_krr_pkg_exp_poly4_ctpt,good_count,35.0,25.0,0.1952323913574218,0.92,,,44,paper\main_text_experiments\runs\poly4_krr_main5k\seed_44
hatespeech,kmeans_center,market_random_select,144,50,3,0.06,-0.0632059946656227,0.0632059946656227,9.796619451662991e-06,0.0282192900776863,1,baseline_feature,0,0,1,none,none,none,5000,1,1,5000,28000,1000,1.1208701133728027,-4.0,0.0,4,top_quantile,0.0,,,,7.0,35.0,,1.0,1,baseline_random_noop,good_count,3.0,7.0,,,,,44,paper\main_text_experiments\runs\poly4_krr_main5k\seed_44
hatespeech,kmeans_center,market_cosine_select,144,50,37,0.74,2.050575256347656,-2.050575256347656,0.0002675390278454,0.0551312528550624,0,baseline_feature,0,0,1,none,none,none,5000,1,1,5000,28000,1000,1.1208701133728027,-4.0,0.0,4,top_quantile,0.0,,,,,13.0,,28.0,1,baseline_cosine_ctpt,good_count,37.0,2.0,,,4.0,3.0,44,paper\main_text_experiments\runs\poly4_krr_main5k\seed_44
hatespeech,kmeans_center,market_uncertainty_select,144,50,0,0.0,-0.0090754032135009,0.0090754032135009,2.1660328002326423e-06,0.0342229753732681,1,baseline_model_based,1,0,1,none,none,none,5000,1,1,5000,28000,1000,1.1208701133728027,-4.0,0.0,4,top_quantile,0.0,,,,1.0,49.0,,,1,baseline_uncertainty_poly4_ctpt,good_count,0.0,,,,,,44,paper\main_text_experiments\runs\poly4_krr_main5k\seed_44
hatespeech,kmeans_center,market_coreset_select,144,50,27,0.54,0.9171484112739564,-0.9171484112739564,0.0003552544221747,-0.0436679683625698,0,baseline_feature,0,0,1,none,none,none,5000,1,1,5000,28000,1000,1.1208701133728027,-4.0,0.0,4,top_quantile,0.0,,,,23.0,,26.0,,1,baseline_coreset_all_distances_ctpt,good_count,27.0,,,,,1.0,44,paper\main_text_experiments\runs\poly4_krr_main5k\seed_44
hatespeech,kmeans_center,market_badge_select,144,50,27,0.54,0.9171485304832458,-0.9171485304832458,0.0003552544221747,-0.0436679683625698,0,baseline_model_based,1,0,1,none,none,none,5000,1,1,5000,28000,1000,1.1208701133728027,-4.0,0.0,4,top_quantile,0.0,,,,23.0,,26.0,,1,baseline_badge_components_poly4_ctpt,good_count,27.0,,,,,1.0,44,paper\main_text_experiments\runs\poly4_krr_main5k\seed_44
hatespeech,kmeans_center,market_kmeans_center_select,144,50,5,0.1,1.1143805980682373,-1.1143805980682373,0.0001397013693349,0.0483219735324382,1,baseline_feature,0,0,1,none,none,none,5000,1,1,5000,28000,1000,1.1208701133728027,-4.0,0.0,4,top_quantile,0.0,,,,,38.0,,1.0,1,baseline_kmeans_all_distances_ctpt,good_count,5.0,11.0,,,,,44,paper\main_text_experiments\runs\poly4_krr_main5k\seed_44
hatespeech,kmeans_center,market_typiclust_select,144,50,2,0.04,1.5066677331924438,-1.5066677331924438,0.0001010155683616,0.0856267362833023,1,baseline_feature,0,0,1,none,none,none,5000,1,1,5000,28000,1000,1.1208701133728027,-4.0,0.0,4,top_quantile,0.0,,,,,38.0,,,1,baseline_typiclust_sqrt_poly4_ctpt,good_count,2.0,12.0,,,,,44,paper\main_text_experiments\runs\poly4_krr_main5k\seed_44
hatespeech,kmeans_center,ours_kernel_ridge_student,144,50,21,0.42,1.8045328855514529,-1.8045328855514529,0.0002219295565737,0.0578276775777339,0,online_student,0,0,1,none,none,none,5000,1,1,5000,28000,1000,1.1208701133728027,-4.0,0.0,4,top_quantile,0.0,,,,,32.0,,4.0,1,ours_krr_row_exp_poly4_ctpt,good_count,21.0,14.0,0.2840042114257812,0.74,,,44,paper\main_text_experiments\runs\poly4_krr_main5k\seed_44
hatespeech,kmeans_center,ours_sample_package_krr,144,50,41,0.82,2.495443344116211,-2.495443344116211,0.0003099346067756,0.0652201697230339,0,online_student,0,1,2,buyer_pca_synchronized_indices,mean_seller_phi_by_buyer_membership,reuse_buyer_package_membership,2500,2,2,2500,28000,1000,0.8178544044494629,-4.0,0.0,4,top_quantile,0.0,,,,,23.0,,6.0,1,ours_krr_pkg_exp_poly4_ctpt,good_count,41.0,21.0,0.1970367431640625,0.84,,,44,paper\main_text_experiments\runs\poly4_krr_main5k\seed_44
hatespeech,uncertainty_badge,market_random_select,144,50,3,0.06,-0.1502916365861892,0.1502916365861892,3.5328863305039704e-05,0.0136100649833679,1,baseline_feature,0,0,1,none,none,none,5000,1,1,5000,28000,1000,1.1208701133728027,-4.0,0.0,4,top_quantile,0.0,,,,7.0,1.0,,33.0,1,baseline_random_noop,good_count,3.0,2.0,,,7.0,,44,paper\main_text_experiments\runs\poly4_krr_main5k\seed_44
hatespeech,uncertainty_badge,market_cosine_select,144,50,0,0.0,-1.2955905199050903,1.2955905199050903,-1.572132168803364e-05,-0.0340593084692955,1,baseline_feature,0,0,1,none,none,none,5000,1,1,5000,28000,1000,1.1208701133728027,-4.0,0.0,4,top_quantile,0.0,,,,,,,,1,baseline_cosine_ctpt,good_count,0.0,,,,50.0,,44,paper\main_text_experiments\runs\poly4_krr_main5k\seed_44
hatespeech,uncertainty_badge,market_uncertainty_select,144,50,0,0.0,-0.6810657978057861,0.6810657978057861,8.757114301261026e-06,-0.0073937755078077,1,baseline_model_based,1,0,1,none,none,none,5000,1,1,5000,28000,1000,1.1208701133728027,-4.0,0.0,4,top_quantile,0.0,,,,11.0,,,27.0,1,baseline_uncertainty_poly4_ctpt,good_count,0.0,,,,12.0,,44,paper\main_text_experiments\runs\poly4_krr_main5k\seed_44
hatespeech,uncertainty_badge,market_coreset_select,144,50,0,0.0,-0.998046100139618,0.998046100139618,-3.7789344787597656e-05,-0.0084808357059955,1,baseline_feature,0,0,1,none,none,none,5000,1,1,5000,28000,1000,1.1208701133728027,-4.0,0.0,4,top_quantile,0.0,,,,39.0,,,,1,baseline_coreset_all_distances_ctpt,good_count,0.0,,,,11.0,,44,paper\main_text_experiments\runs\poly4_krr_main5k\seed_44
hatespeech,uncertainty_badge,market_badge_select,144,50,0,0.0,-1.0437103509902954,1.0437103509902954,-1.984000118682161e-05,-0.0178447198122739,1,baseline_model_based,1,0,1,none,none,none,5000,1,1,5000,28000,1000,1.1208701133728027,-4.0,0.0,4,top_quantile,0.0,,,,17.0,,,,1,baseline_badge_components_poly4_ctpt,good_count,0.0,,,,33.0,,44,paper\main_text_experiments\runs\poly4_krr_main5k\seed_44
hatespeech,uncertainty_badge,market_kmeans_center_select,144,50,44,0.88,3.0202796459198,-3.0202796459198,0.0003269541193731,0.0894452780485153,0,baseline_feature,0,0,1,none,none,none,5000,1,1,5000,28000,1000,1.1208701133728027,-4.0,0.0,4,top_quantile,0.0,,,,,18.0,,8.0,1,baseline_kmeans_all_distances_ctpt,good_count,44.0,24.0,,,,,44,paper\main_text_experiments\runs\poly4_krr_main5k\seed_44
hatespeech,uncertainty_badge,market_typiclust_select,144,50,29,0.58,2.513218879699707,-2.513218879699707,0.0002561569272074,0.08633903414011,0,baseline_feature,0,0,1,none,none,none,5000,1,1,5000,28000,1000,1.1208701133728027,-4.0,0.0,4,top_quantile,0.0,,,,,14.0,,20.0,1,baseline_typiclust_sqrt_poly4_ctpt,good_count,29.0,15.0,,,1.0,,44,paper\main_text_experiments\runs\poly4_krr_main5k\seed_44
hatespeech,uncertainty_badge,ours_kernel_ridge_student,144,50,42,0.84,3.0767226219177246,-3.0767226219177246,0.000342824467225,0.0868073254823684,0,online_student,0,0,1,none,none,none,5000,1,1,5000,28000,1000,1.1208701133728027,-4.0,0.0,4,top_quantile,0.0,,,,,16.0,,12.0,1,ours_krr_row_exp_poly4_ctpt,good_count,42.0,22.0,0.2707042694091797,0.78,,,44,paper\main_text_experiments\runs\poly4_krr_main5k\seed_44
hatespeech,uncertainty_badge,ours_sample_package_krr,144,50,42,0.84,3.3467671871185303,-3.3467671871185303,0.0003843629383482,0.087029792368412,0,online_student,0,1,2,buyer_pca_synchronized_indices,mean_seller_phi_by_buyer_membership,reuse_buyer_package_membership,2500,2,2,2500,28000,1000,0.8178544044494629,-4.0,0.0,4,top_quantile,0.0,,,,,17.0,,15.0,1,ours_krr_pkg_exp_poly4_ctpt,good_count,42.0,18.0,0.1907939910888672,0.84,,,44,paper\main_text_experiments\runs\poly4_krr_main5k\seed_44
hatespeech,cosine,market_random_select,144,50,3,0.06,-0.718920886516571,0.718920886516571,-2.0935534848831597e-05,0.0014891418395563,1,baseline_feature,0,0,1,none,none,none,5000,1,1,5000,28000,1000,1.1208701133728027,-4.0,0.0,4,top_quantile,0.0,,,,,2.0,,7.0,1,baseline_random_noop,good_count,3.0,8.0,,,33.0,,44,paper\main_text_experiments\runs\poly4_krr_main5k\seed_44
hatespeech,cosine,market_cosine_select,144,50,0,0.0,-0.5408658385276794,0.5408658385276794,1.0086298061651178e-05,0.0002789732825476,1,baseline_feature,0,0,1,none,none,none,5000,1,1,5000,28000,1000,1.1208701133728027,-4.0,0.0,4,top_quantile,0.0,,,,,,,,1,baseline_cosine_ctpt,good_count,0.0,,,,50.0,,44,paper\main_text_experiments\runs\poly4_krr_main5k\seed_44
hatespeech,cosine,market_uncertainty_select,144,50,0,0.0,-0.4664598107337951,0.4664598107337951,-7.672309948247857e-06,0.0112463450059294,1,baseline_model_based,1,0,1,none,none,none,5000,1,1,5000,28000,1000,1.1208701133728027,-4.0,0.0,4,top_quantile,0.0,,,,,,,5.0,1,baseline_uncertainty_poly4_ctpt,good_count,0.0,,,,45.0,,44,paper\main_text_experiments\runs\poly4_krr_main5k\seed_44
hatespeech,cosine,market_coreset_select,144,50,24,0.48,1.2269943952560425,-1.2269943952560425,0.0003532361879479,-0.0248602721840143,0,baseline_feature,0,0,1,none,none,none,5000,1,1,5000,28000,1000,1.1208701133728027,-4.0,0.0,4,top_quantile,0.0,,,,,,24.0,,1,baseline_coreset_all_distances_ctpt,good_count,24.0,,,,26.0,,44,paper\main_text_experiments\runs\poly4_krr_main5k\seed_44
hatespeech,cosine,market_badge_select,144,50,24,0.48,1.2509914636611938,-1.2509914636611938,0.0003410875797271,-0.0189251489937305,0,baseline_model_based,1,0,1,none,none,none,5000,1,1,5000,28000,1000,1.1208701133728027,-4.0,0.0,4,top_quantile,0.0,,,,,,24.0,,1,baseline_badge_components_poly4_ctpt,good_count,24.0,,,,26.0,,44,paper\main_text_experiments\runs\poly4_krr_main5k\seed_44
hatespeech,cosine,market_kmeans_center_select,144,50,38,0.76,1.6064218282699585,-1.6064218282699585,0.000218049288378,0.0477332696318626,0,baseline_feature,0,0,1,none,none,none,5000,1,1,5000,28000,1000,1.1208701133728027,-4.0,0.0,4,top_quantile,0.0,,,,,18.0,,2.0,1,baseline_kmeans_all_distances_ctpt,good_count,38.0,29.0,,,1.0,,44,paper\main_text_experiments\runs\poly4_krr_main5k\seed_44
hatespeech,cosine,market_typiclust_select,144,50,16,0.32,0.4809984266757965,-0.4809984266757965,4.2282343201804906e-05,0.0477971285581588,0,baseline_feature,0,0,1,none,none,none,5000,1,1,5000,28000,1000,1.1208701133728027,-4.0,0.0,4,top_quantile,0.0,,,,,8.0,,,1,baseline_typiclust_sqrt_poly4_ctpt,good_count,16.0,12.0,,,30.0,,44,paper\main_text_experiments\runs\poly4_krr_main5k\seed_44
hatespeech,cosine,ours_kernel_ridge_student,144,50,42,0.84,2.1295361518859863,-2.1295361518859863,0.0002726232924032,0.0578334107995033,0,online_student,0,0,1,none,none,none,5000,1,1,5000,28000,1000,1.1208701133728027,-4.0,0.0,4,top_quantile,0.0,,,,,16.0,,4.0,1,ours_krr_row_exp_poly4_ctpt,good_count,42.0,30.0,0.2737712860107422,0.76,,,44,paper\main_text_experiments\runs\poly4_krr_main5k\seed_44
hatespeech,cosine,ours_sample_package_krr,144,50,50,1.0,3.341537475585937,-3.341537475585937,0.0003840017307084,0.0868599638342857,0,online_student,0,1,2,buyer_pca_synchronized_indices,mean_seller_phi_by_buyer_membership,reuse_buyer_package_membership,2500,2,2,2500,28000,1000,0.8178544044494629,-4.0,0.0,4,top_quantile,0.0,,,,,21.0,,9.0,1,ours_krr_pkg_exp_poly4_ctpt,good_count,50.0,20.0,0.1907825469970703,0.88,,,44,paper\main_text_experiments\runs\poly4_krr_main5k\seed_44
hatespeech,all_average,market_random_select,144,50,3,0.06,-1.4415316581726074,1.4415316581726074,-0.0001300537551287,0.0001341564930044,1,baseline_feature,0,0,1,none,none,none,5000,1,1,5000,28000,1000,1.1208701133728027,-4.0,0.0,4,top_quantile,0.0,,,,9.0,7.0,7.0,3.0,1,baseline_random_noop,good_count,3.0,12.0,,,12.0,,44,paper\main_text_experiments\runs\poly4_krr_main5k\seed_44
hatespeech,all_average,market_cosine_select,144,50,0,0.0,-1.5292637348175049,1.5292637348175049,-3.3540723961777985e-05,-0.0410202927887439,1,baseline_feature,0,0,1,none,none,none,5000,1,1,5000,28000,1000,1.1208701133728027,-4.0,0.0,4,top_quantile,0.0,,,,,,,,1,baseline_cosine_ctpt,good_count,0.0,,,,50.0,,44,paper\main_text_experiments\runs\poly4_krr_main5k\seed_44
hatespeech,all_average,market_uncertainty_select,144,50,0,0.0,-0.6426439881324768,0.6426439881324768,1.827359119488392e-05,-0.0087089221924543,1,baseline_model_based,1,0,1,none,none,none,5000,1,1,5000,28000,1000,1.1208701133728027,-4.0,0.0,4,top_quantile,0.0,,,,15.0,7.0,3.0,15.0,1,baseline_uncertainty_poly4_ctpt,good_count,0.0,6.0,,,4.0,,44,paper\main_text_experiments\runs\poly4_krr_main5k\seed_44
hatespeech,all_average,market_coreset_select,144,50,0,0.0,-2.331146478652954,2.331146478652954,-0.0004060673818457,0.0513748936355114,1,baseline_feature,0,0,1,none,none,none,5000,1,1,5000,28000,1000,1.1208701133728027,-4.0,0.0,4,top_quantile,0.0,,,,,,50.0,,1,baseline_coreset_all_distances_ctpt,good_count,0.0,,,,,,44,paper\main_text_experiments\runs\poly4_krr_main5k\seed_44
hatespeech,all_average,market_badge_select,144,50,1,0.02,-2.0410776138305664,2.0410776138305664,-0.0003535437572281,0.0486617311835289,1,baseline_model_based,1,0,1,none,none,none,5000,1,1,5000,28000,1000,1.1208701133728027,-4.0,0.0,4,top_quantile,0.0,,,,,,50.0,,1,baseline_badge_components_poly4_ctpt,good_count,1.0,,,,,,44,paper\main_text_experiments\runs\poly4_krr_main5k\seed_44
hatespeech,all_average,market_kmeans_center_select,144,50,4,0.08,-0.6822857856750488,0.6822857856750488,-1.801013968361076e-05,0.0025313014630228,1,baseline_feature,0,0,1,none,none,none,5000,1,1,5000,28000,1000,1.1208701133728027,-4.0,0.0,4,top_quantile,0.0,,,,,20.0,,2.0,1,baseline_kmeans_all_distances_ctpt,good_count,4.0,27.0,,,1.0,,44,paper\main_text_experiments\runs\poly4_krr_main5k\seed_44
hatespeech,all_average,market_typiclust_select,144,50,0,0.0,1.066144585609436,-1.066144585609436,3.7311314372345805e-05,0.0837486535310745,1,baseline_feature,0,0,1,none,none,none,5000,1,1,5000,28000,1000,1.1208701133728027,-4.0,0.0,4,top_quantile,0.0,,,,,24.0,,,1,baseline_typiclust_sqrt_poly4_ctpt,good_count,0.0,24.0,,,2.0,,44,paper\main_text_experiments\runs\poly4_krr_main5k\seed_44
hatespeech,all_average,ours_kernel_ridge_student,144,50,36,0.72,1.275506615638733,-1.275506615638733,0.0001984953851206,0.0357539430260658,0,online_student,0,0,1,none,none,none,5000,1,1,5000,28000,1000,1.1208701133728027,-4.0,0.0,4,top_quantile,0.0,,,,,19.0,,5.0,1,ours_krr_row_exp_poly4_ctpt,good_count,36.0,26.0,0.2737712860107422,0.66,,,44,paper\main_text_experiments\runs\poly4_krr_main5k\seed_44
hatespeech,all_average,ours_sample_package_krr,144,50,34,0.68,1.1755543947219849,-1.1755543947219849,0.0002028703747782,0.0282961390912532,0,online_student,0,1,2,buyer_pca_synchronized_indices,mean_seller_phi_by_buyer_membership,reuse_buyer_package_membership,2500,2,2,2500,28000,1000,0.8178544044494629,-4.0,0.0,4,top_quantile,0.0,,,,,19.0,,10.0,1,ours_krr_pkg_exp_poly4_ctpt,good_count,34.0,21.0,0.1975822448730468,0.84,,,44,paper\main_text_experiments\runs\poly4_krr_main5k\seed_44
mscoco,noise,market_random_select,244,50,3,0.06,-0.3336327373981476,0.3336327373981476,-1.50203703697116e-07,0.0003052660904359,1,baseline_feature,0,0,1,none,none,none,5000,1,1,5000,28000,1000,0.96003395318985,-4.0,0.0,4,top_quantile,0.0,,,,5.0,,37.0,5.0,1,baseline_random_noop,good_count,3.0,,,,2.0,1.0,44,paper\main_text_experiments\runs\poly4_krr_main5k\seed_44
mscoco,noise,market_cosine_select,244,50,50,1.0,3.3128647804260254,-3.3128647804260254,1.0037422271125251e-06,0.0064286487177014,0,baseline_feature,0,0,1,none,none,none,5000,1,1,5000,28000,1000,0.96003395318985,-4.0,0.0,4,top_quantile,0.0,,,,,,,,1,baseline_cosine_ctpt,good_count,50.0,,,,,50.0,44,paper\main_text_experiments\runs\poly4_krr_main5k\seed_44
mscoco,noise,market_uncertainty_select,244,50,4,0.08,-0.2080655544996261,0.2080655544996261,-1.406669554171458e-07,0.000590314855799,1,baseline_model_based,1,0,1,none,none,none,5000,1,1,5000,28000,1000,0.96003395318985,-4.0,0.0,4,top_quantile,0.0,,,,8.0,,34.0,6.0,1,baseline_uncertainty_poly4_ctpt,good_count,4.0,,,,,2.0,44,paper\main_text_experiments\runs\poly4_krr_main5k\seed_44
mscoco,noise,market_coreset_select,244,50,0,0.0,0.2749358415603637,-0.2749358415603637,3.457069297496673e-08,0.0013463895302265,1,baseline_feature,0,0,1,none,none,none,5000,1,1,5000,28000,1000,0.96003395318985,-4.0,0.0,4,top_quantile,0.0,,,,,,50.0,,1,baseline_coreset_all_distances_ctpt,good_count,0.0,,,,,,44,paper\main_text_experiments\runs\poly4_krr_main5k\seed_44
mscoco,noise,market_badge_select,244,50,0,0.0,0.2168596684932708,-0.2168596684932708,-4.2915345943583816e-08,0.0013940732460469,1,baseline_model_based,1,0,1,none,none,none,5000,1,1,5000,28000,1000,0.96003395318985,-4.0,0.0,4,top_quantile,0.0,,,,,,50.0,,1,baseline_badge_components_poly4_ctpt,good_count,0.0,,,,,,44,paper\main_text_experiments\runs\poly4_krr_main5k\seed_44
mscoco,noise,market_kmeans_center_select,244,50,46,0.92,2.930003881454468,-2.930003881454468,2.1839141481905244e-06,0.0025887885130941,0,baseline_feature,0,0,1,none,none,none,5000,1,1,5000,28000,1000,0.96003395318985,-4.0,0.0,4,top_quantile,0.0,,,,,11.0,,7.0,1,baseline_kmeans_all_distances_ctpt,good_count,46.0,14.0,,,6.0,12.0,44,paper\main_text_experiments\runs\poly4_krr_main5k\seed_44
mscoco,noise,market_typiclust_select,244,50,50,1.0,3.2576727867126465,-3.2576727867126465,2.5331974029541016e-06,0.0025356891565024,0,baseline_feature,0,0,1,none,none,none,5000,1,1,5000,28000,1000,0.96003395318985,-4.0,0.0,4,top_quantile,0.0,,,,,13.0,,2.0,1,baseline_typiclust_sqrt_poly4_ctpt,good_count,50.0,15.0,,,12.0,8.0,44,paper\main_text_experiments\runs\poly4_krr_main5k\seed_44
mscoco,noise,ours_kernel_ridge_student,244,50,49,0.98,3.602016925811768,-3.602016925811768,6.091594855206495e-07,0.0081083616241812,0,online_student,0,0,1,none,none,none,5000,1,1,5000,28000,1000,0.96003395318985,-4.0,0.0,4,top_quantile,0.0,,,,,,1.0,,1,ours_krr_row_exp_poly4_ctpt,good_count,49.0,,0.1066055297851562,0.96,14.0,35.0,44,paper\main_text_experiments\runs\poly4_krr_main5k\seed_44
mscoco,noise,ours_sample_package_krr,244,50,46,0.92,3.320382595062256,-3.320382595062256,8.380413305530965e-07,0.0068541909568011,0,online_student,0,1,2,buyer_pca_synchronized_indices,mean_seller_phi_by_buyer_membership,reuse_buyer_package_membership,2500,2,2,2500,28000,1000,0.7175924181938171,-4.0,0.0,4,top_quantile,0.0,,,,2.0,,4.0,3.0,1,ours_krr_pkg_exp_poly4_ctpt,good_count,46.0,,0.0713434219360351,0.92,19.0,22.0,44,paper\main_text_experiments\runs\poly4_krr_main5k\seed_44
mscoco,coreset_far_wrong,market_random_select,244,50,3,0.06,-0.3844886124134063,0.3844886124134063,-2.646446262133395e-07,0.0004614738281816,1,baseline_feature,0,0,1,none,none,none,5000,1,1,5000,28000,1000,0.96003395318985,-4.0,0.0,4,top_quantile,0.0,,,,37.0,,5.0,5.0,1,baseline_random_noop,good_count,3.0,,,,2.0,1.0,44,paper\main_text_experiments\runs\poly4_krr_main5k\seed_44
mscoco,coreset_far_wrong,market_cosine_select,244,50,50,1.0,3.3128647804260254,-3.3128647804260254,1.0037422271125251e-06,0.0064286487177014,0,baseline_feature,0,0,1,none,none,none,5000,1,1,5000,28000,1000,0.96003395318985,-4.0,0.0,4,top_quantile,0.0,,,,,,,,1,baseline_cosine_ctpt,good_count,50.0,,,,,50.0,44,paper\main_text_experiments\runs\poly4_krr_main5k\seed_44
mscoco,coreset_far_wrong,market_uncertainty_select,244,50,4,0.08,-0.368848443031311,0.368848443031311,-1.692771860462017e-07,0.0002656099677551,1,baseline_model_based,1,0,1,none,none,none,5000,1,1,5000,28000,1000,0.96003395318985,-4.0,0.0,4,top_quantile,0.0,,,,32.0,,10.0,6.0,1,baseline_uncertainty_poly4_ctpt,good_count,4.0,,,,,2.0,44,paper\main_text_experiments\runs\poly4_krr_main5k\seed_44
mscoco,coreset_far_wrong,market_coreset_select,244,50,0,0.0,-0.8278350234031677,0.8278350234031677,-2.39610670860202e-07,-0.000689183245413,1,baseline_feature,0,0,1,none,none,none,5000,1,1,5000,28000,1000,0.96003395318985,-4.0,0.0,4,top_quantile,0.0,,,,,,50.0,,1,baseline_coreset_all_distances_ctpt,good_count,0.0,,,,,,44,paper\main_text_experiments\runs\poly4_krr_main5k\seed_44
mscoco,coreset_far_wrong,market_badge_select,244,50,0,0.0,-0.8198252320289612,0.8198252320289612,-1.525878872143949e-07,-0.000883292465005,1,baseline_model_based,1,0,1,none,none,none,5000,1,1,5000,28000,1000,0.96003395318985,-4.0,0.0,4,top_quantile,0.0,,,,,,50.0,,1,baseline_badge_components_poly4_ctpt,good_count,0.0,,,,,,44,paper\main_text_experiments\runs\poly4_krr_main5k\seed_44
mscoco,coreset_far_wrong,market_kmeans_center_select,244,50,46,0.92,2.930003881454468,-2.930003881454468,2.1839141481905244e-06,0.0025887885130941,0,baseline_feature,0,0,1,none,none,none,5000,1,1,5000,28000,1000,0.96003395318985,-4.0,0.0,4,top_quantile,0.0,,,,,11.0,,7.0,1,baseline_kmeans_all_distances_ctpt,good_count,46.0,14.0,,,6.0,12.0,44,paper\main_text_experiments\runs\poly4_krr_main5k\seed_44
mscoco,coreset_far_wrong,market_typiclust_select,244,50,50,1.0,3.2576727867126465,-3.2576727867126465,2.5331974029541016e-06,0.0025356891565024,0,baseline_feature,0,0,1,none,none,none,5000,1,1,5000,28000,1000,0.96003395318985,-4.0,0.0,4,top_quantile,0.0,,,,,13.0,,2.0,1,baseline_typiclust_sqrt_poly4_ctpt,good_count,50.0,15.0,,,12.0,8.0,44,paper\main_text_experiments\runs\poly4_krr_main5k\seed_44
mscoco,coreset_far_wrong,ours_kernel_ridge_student,244,50,50,1.0,3.603712558746338,-3.603712558746338,6.151199158921372e-07,0.0080978833138942,0,online_student,0,0,1,none,none,none,5000,1,1,5000,28000,1000,0.96003395318985,-4.0,0.0,4,top_quantile,0.0,,,,,,,,1,ours_krr_row_exp_poly4_ctpt,good_count,50.0,,0.1066055297851562,0.96,14.0,36.0,44,paper\main_text_experiments\runs\poly4_krr_main5k\seed_44
mscoco,coreset_far_wrong,ours_sample_package_krr,244,50,49,0.98,3.5401861667633057,-3.5401861667633057,9.500980127086224e-07,0.0071188891306519,0,online_student,0,1,2,buyer_pca_synchronized_indices,mean_seller_phi_by_buyer_membership,reuse_buyer_package_membership,2500,2,2,2500,28000,1000,0.7175924181938171,-4.0,0.0,4,top_quantile,0.0,,,,1.0,,,2.0,1,ours_krr_pkg_exp_poly4_ctpt,good_count,49.0,,0.0744848251342773,0.96,19.0,28.0,44,paper\main_text_experiments\runs\poly4_krr_main5k\seed_44
mscoco,typiclust_dense,market_random_select,244,50,3,0.06,-0.4230691790580749,0.4230691790580749,1.1920929132713809e-08,-0.0003127369564026,1,baseline_feature,0,0,1,none,none,none,5000,1,1,5000,28000,1000,0.96003395318985,-4.0,0.0,4,top_quantile,0.0,,,,,5.0,,,1,baseline_random_noop,good_count,3.0,37.0,,,7.0,1.0,44,paper\main_text_experiments\runs\poly4_krr_main5k\seed_44
mscoco,typiclust_dense,market_cosine_select,244,50,50,1.0,3.2182891368865967,-3.2182891368865967,8.010864007701457e-07,0.0066941664554178,0,baseline_feature,0,0,1,none,none,none,5000,1,1,5000,28000,1000,0.96003395318985,-4.0,0.0,4,top_quantile,0.0,,,,,,,,1,baseline_cosine_ctpt,good_count,50.0,,,,,50.0,44,paper\main_text_experiments\runs\poly4_krr_main5k\seed_44
mscoco,typiclust_dense,market_uncertainty_select,244,50,2,0.04,-0.5903154611587524,0.5903154611587524,1.1920929132713809e-08,-0.0007236061501316,1,baseline_model_based,1,0,1,none,none,none,5000,1,1,5000,28000,1000,0.96003395318985,-4.0,0.0,4,top_quantile,0.0,,,,,7.0,1.0,,1,baseline_uncertainty_poly4_ctpt,good_count,2.0,37.0,,,4.0,1.0,44,paper\main_text_experiments\runs\poly4_krr_main5k\seed_44
mscoco,typiclust_dense,market_coreset_select,244,50,50,1.0,2.5563244819641118,-2.5563244819641118,7.796287491146359e-07,0.005120649933815,0,baseline_feature,0,0,1,none,none,none,5000,1,1,5000,28000,1000,0.96003395318985,-4.0,0.0,4,top_quantile,0.0,,,,,,50.0,,1,baseline_coreset_all_distances_ctpt,good_count,50.0,,,,,,44,paper\main_text_experiments\runs\poly4_krr_main5k\seed_44
mscoco,typiclust_dense,market_badge_select,244,50,50,1.0,2.570523262023926,-2.570523262023926,7.808208692949847e-07,0.0051526040770113,0,baseline_model_based,1,0,1,none,none,none,5000,1,1,5000,28000,1000,0.96003395318985,-4.0,0.0,4,top_quantile,0.0,,,,,,50.0,,1,baseline_badge_components_poly4_ctpt,good_count,50.0,,,,,,44,paper\main_text_experiments\runs\poly4_krr_main5k\seed_44
mscoco,typiclust_dense,market_kmeans_center_select,244,50,0,0.0,-0.6992661952972412,0.6992661952972412,-2.3722648734292306e-07,-0.0003791890339925,1,baseline_feature,0,0,1,none,none,none,5000,1,1,5000,28000,1000,0.96003395318985,-4.0,0.0,4,top_quantile,0.0,,,,,16.0,,,1,baseline_kmeans_all_distances_ctpt,good_count,0.0,34.0,,,,,44,paper\main_text_experiments\runs\poly4_krr_main5k\seed_44
mscoco,typiclust_dense,market_typiclust_select,244,50,0,0.0,-0.469120979309082,0.469120979309082,-5.0067900048134106e-08,-0.0002735850284807,1,baseline_feature,0,0,1,none,none,none,5000,1,1,5000,28000,1000,0.96003395318985,-4.0,0.0,4,top_quantile,0.0,,,,,14.0,,,1,baseline_typiclust_sqrt_poly4_ctpt,good_count,0.0,36.0,,,,,44,paper\main_text_experiments\runs\poly4_krr_main5k\seed_44
mscoco,typiclust_dense,ours_kernel_ridge_student,244,50,47,0.94,3.000284194946289,-3.000284194946289,3.397464638510428e-07,0.0072919600643217,0,online_student,0,0,1,none,none,none,5000,1,1,5000,28000,1000,0.96003395318985,-4.0,0.0,4,top_quantile,0.0,,,,,,,,1,ours_krr_row_exp_poly4_ctpt,good_count,47.0,,0.1066055297851562,0.94,12.0,38.0,44,paper\main_text_experiments\runs\poly4_krr_main5k\seed_44
mscoco,typiclust_dense,ours_sample_package_krr,244,50,45,0.9,2.8282630443573,-2.8282630443573,8.320808433381899e-07,0.0056598563678562,0,online_student,0,1,2,buyer_pca_synchronized_indices,mean_seller_phi_by_buyer_membership,reuse_buyer_package_membership,2500,2,2,2500,28000,1000,0.7175924181938171,-4.0,0.0,4,top_quantile,0.0,,,,4.0,1.0,1.0,2.0,1,ours_krr_pkg_exp_poly4_ctpt,good_count,45.0,1.0,0.0744781494140625,0.92,17.0,24.0,44,paper\main_text_experiments\runs\poly4_krr_main5k\seed_44
mscoco,kmeans_center,market_random_select,244,50,3,0.06,-0.5013607740402222,0.5013607740402222,-8.82148754044465e-08,-0.0002590729855,1,baseline_feature,0,0,1,none,none,none,5000,1,1,5000,28000,1000,0.96003395318985,-4.0,0.0,4,top_quantile,0.0,,,,6.0,37.0,1.0,,1,baseline_random_noop,good_count,3.0,5.0,,,,1.0,44,paper\main_text_experiments\runs\poly4_krr_main5k\seed_44
mscoco,kmeans_center,market_cosine_select,244,50,50,1.0,3.150059700012207,-3.150059700012207,9.298324812334612e-07,0.0062102633528411,0,baseline_feature,0,0,1,none,none,none,5000,1,1,5000,28000,1000,0.96003395318985,-4.0,0.0,4,top_quantile,0.0,,,,,,,,1,baseline_cosine_ctpt,good_count,50.0,,,,,50.0,44,paper\main_text_experiments\runs\poly4_krr_main5k\seed_44
mscoco,kmeans_center,market_uncertainty_select,244,50,2,0.04,-0.610542356967926,0.610542356967926,-1.8477439311936905e-07,-0.0002900812251027,1,baseline_model_based,1,0,1,none,none,none,5000,1,1,5000,28000,1000,0.96003395318985,-4.0,0.0,4,top_quantile,0.0,,,,4.0,34.0,2.0,,1,baseline_uncertainty_poly4_ctpt,good_count,2.0,10.0,,,,,44,paper\main_text_experiments\runs\poly4_krr_main5k\seed_44
mscoco,kmeans_center,market_coreset_select,244,50,50,1.0,2.6390836238861084,-2.6390836238861084,8.642673492431641e-07,0.0051160329021513,0,baseline_feature,0,0,1,none,none,none,5000,1,1,5000,28000,1000,0.96003395318985,-4.0,0.0,4,top_quantile,0.0,,,,,,50.0,,1,baseline_coreset_all_distances_ctpt,good_count,50.0,,,,,,44,paper\main_text_experiments\runs\poly4_krr_main5k\seed_44
mscoco,kmeans_center,market_badge_select,244,50,50,1.0,2.61382269859314,-2.61382269859314,7.534027304245683e-07,0.0053263334557414,0,baseline_model_based,1,0,1,none,none,none,5000,1,1,5000,28000,1000,0.96003395318985,-4.0,0.0,4,top_quantile,0.0,,,,,,50.0,,1,baseline_badge_components_poly4_ctpt,good_count,50.0,,,,,,44,paper\main_text_experiments\runs\poly4_krr_main5k\seed_44
mscoco,kmeans_center,market_kmeans_center_select,244,50,0,0.0,-0.6363164782524109,0.6363164782524109,-2.0742416495522773e-07,-0.0002977568365167,1,baseline_feature,0,0,1,none,none,none,5000,1,1,5000,28000,1000,0.96003395318985,-4.0,0.0,4,top_quantile,0.0,,,,,31.0,,,1,baseline_kmeans_all_distances_ctpt,good_count,0.0,19.0,,,,,44,paper\main_text_experiments\runs\poly4_krr_main5k\seed_44
mscoco,kmeans_center,market_typiclust_select,244,50,0,0.0,-0.4655178189277649,0.4655178189277649,-4.887580828949467e-08,-0.0002676617295946,1,baseline_feature,0,0,1,none,none,none,5000,1,1,5000,28000,1000,0.96003395318985,-4.0,0.0,4,top_quantile,0.0,,,,,30.0,,,1,baseline_typiclust_sqrt_poly4_ctpt,good_count,0.0,20.0,,,,,44,paper\main_text_experiments\runs\poly4_krr_main5k\seed_44
mscoco,kmeans_center,ours_kernel_ridge_student,244,50,50,1.0,3.4449779987335205,-3.4449779987335205,3.98159016867794e-07,0.0082409279420971,0,online_student,0,0,1,none,none,none,5000,1,1,5000,28000,1000,0.96003395318985,-4.0,0.0,4,top_quantile,0.0,,,,,,1.0,,1,ours_krr_row_exp_poly4_ctpt,good_count,50.0,,0.1066055297851562,0.96,8.0,41.0,44,paper\main_text_experiments\runs\poly4_krr_main5k\seed_44
mscoco,kmeans_center,ours_sample_package_krr,244,50,46,0.92,3.2575011253356934,-3.2575011253356934,6.318092573565082e-07,0.0072063547559082,0,online_student,0,1,2,buyer_pca_synchronized_indices,mean_seller_phi_by_buyer_membership,reuse_buyer_package_membership,2500,2,2,2500,28000,1000,0.7175924181938171,-4.0,0.0,4,top_quantile,0.0,,,,2.0,3.0,2.0,,1,ours_krr_pkg_exp_poly4_ctpt,good_count,46.0,,0.0754508972167968,0.96,16.0,27.0,44,paper\main_text_experiments\runs\poly4_krr_main5k\seed_44
mscoco,uncertainty_badge,market_random_select,244,50,3,0.06,-0.2309911847114563,0.2309911847114563,5.36441788767661e-08,5.6635391956660897e-05,1,baseline_feature,0,0,1,none,none,none,5000,1,1,5000,28000,1000,0.96003395318985,-4.0,0.0,4,top_quantile,0.0,,,,5.0,,,37.0,1,baseline_random_noop,good_count,3.0,,,,7.0,1.0,44,paper\main_text_experiments\runs\poly4_krr_main5k\seed_44
mscoco,uncertainty_badge,market_cosine_select,244,50,50,1.0,3.3128647804260254,-3.3128647804260254,1.0037422271125251e-06,0.0064286487177014,0,baseline_feature,0,0,1,none,none,none,5000,1,1,5000,28000,1000,0.96003395318985,-4.0,0.0,4,top_quantile,0.0,,,,,,,,1,baseline_cosine_ctpt,good_count,50.0,,,,,50.0,44,paper\main_text_experiments\runs\poly4_krr_main5k\seed_44
mscoco,uncertainty_badge,market_uncertainty_select,244,50,3,0.06,-0.1866336315870285,0.1866336315870285,-5.9604645663569045e-09,0.0003120364272035,1,baseline_model_based,1,0,1,none,none,none,5000,1,1,5000,28000,1000,0.96003395318985,-4.0,0.0,4,top_quantile,0.0,,,,7.0,,,38.0,1,baseline_uncertainty_poly4_ctpt,good_count,3.0,,,,4.0,1.0,44,paper\main_text_experiments\runs\poly4_krr_main5k\seed_44
mscoco,uncertainty_badge,market_coreset_select,244,50,1,0.02,-1.0155242681503296,1.0155242681503296,-1.3232231310666978e-07,-0.0014138466212898,1,baseline_feature,0,0,1,none,none,none,5000,1,1,5000,28000,1000,0.96003395318985,-4.0,0.0,4,top_quantile,0.0,,,,46.0,,1.0,,1,baseline_coreset_all_distances_ctpt,good_count,1.0,,,,3.0,,44,paper\main_text_experiments\runs\poly4_krr_main5k\seed_44
mscoco,uncertainty_badge,market_badge_select,244,50,2,0.04,-1.1279698610305786,1.1279698610305786,-1.9311904964069981e-07,-0.0015407304745167,1,baseline_model_based,1,0,1,none,none,none,5000,1,1,5000,28000,1000,0.96003395318985,-4.0,0.0,4,top_quantile,0.0,,,,31.0,,1.0,,1,baseline_badge_components_poly4_ctpt,good_count,2.0,,,,17.0,1.0,44,paper\main_text_experiments\runs\poly4_krr_main5k\seed_44
mscoco,uncertainty_badge,market_kmeans_center_select,244,50,30,0.6,1.8852674961090088,-1.8852674961090088,1.3303756531968247e-06,0.0021190785337239,0,baseline_feature,0,0,1,none,none,none,5000,1,1,5000,28000,1000,0.96003395318985,-4.0,0.0,4,top_quantile,0.0,,,,,8.0,,21.0,1,baseline_kmeans_all_distances_ctpt,good_count,30.0,11.0,,,3.0,7.0,44,paper\main_text_experiments\runs\poly4_krr_main5k\seed_44
mscoco,uncertainty_badge,market_typiclust_select,244,50,40,0.8,2.530282974243164,-2.530282974243164,1.989603106267168e-06,0.0020841644145548,0,baseline_feature,0,0,1,none,none,none,5000,1,1,5000,28000,1000,0.96003395318985,-4.0,0.0,4,top_quantile,0.0,,,,,12.0,,11.0,1,baseline_typiclust_sqrt_poly4_ctpt,good_count,40.0,14.0,,,7.0,6.0,44,paper\main_text_experiments\runs\poly4_krr_main5k\seed_44
mscoco,uncertainty_badge,ours_kernel_ridge_student,244,50,49,0.98,3.458488702774048,-3.458488702774048,6.079673653403006e-07,0.0077586881816387,0,online_student,0,0,1,none,none,none,5000,1,1,5000,28000,1000,0.96003395318985,-4.0,0.0,4,top_quantile,0.0,,,,,,,,1,ours_krr_row_exp_poly4_ctpt,good_count,49.0,,0.1066055297851562,0.96,15.0,35.0,44,paper\main_text_experiments\runs\poly4_krr_main5k\seed_44
mscoco,uncertainty_badge,ours_sample_package_krr,244,50,44,0.88,3.1937777996063232,-3.1937777996063232,9.191036269839968e-07,0.0063440199010074,0,online_student,0,1,2,buyer_pca_synchronized_indices,mean_seller_phi_by_buyer_membership,reuse_buyer_package_membership,2500,2,2,2500,28000,1000,0.7175924181938171,-4.0,0.0,4,top_quantile,0.0,,,,,,,9.0,1,ours_krr_pkg_exp_poly4_ctpt,good_count,44.0,,0.0862331390380859,0.92,16.0,25.0,44,paper\main_text_experiments\runs\poly4_krr_main5k\seed_44
mscoco,cosine,market_random_select,244,50,3,0.06,-0.3240501284599304,0.3240501284599304,-2.7418137094059606e-08,2.716351264098193e-05,1,baseline_feature,0,0,1,none,none,none,5000,1,1,5000,28000,1000,0.96003395318985,-4.0,0.0,4,top_quantile,0.0,,,,,,2.0,5.0,1,baseline_random_noop,good_count,3.0,5.0,,,37.0,1.0,44,paper\main_text_experiments\runs\poly4_krr_main5k\seed_44
mscoco,cosine,market_cosine_select,244,50,50,1.0,4.2632341384887695,-4.2632341384887695,2.033710416071699e-06,0.0062331007793545,0,baseline_feature,0,0,1,none,none,none,5000,1,1,5000,28000,1000,0.96003395318985,-4.0,0.0,4,top_quantile,0.0,,,,,,,,1,baseline_cosine_ctpt,good_count,50.0,,,,,50.0,44,paper\main_text_experiments\runs\poly4_krr_main5k\seed_44
mscoco,cosine,market_uncertainty_select,244,50,6,0.12,-0.5022008419036865,0.5022008419036865,-4.649162121950212e-08,-0.0003636369365267,1,baseline_model_based,1,0,1,none,none,none,5000,1,1,5000,28000,1000,0.96003395318985,-4.0,0.0,4,top_quantile,0.0,,,,3.0,,2.0,4.0,1,baseline_uncertainty_poly4_ctpt,good_count,6.0,9.0,,,31.0,1.0,44,paper\main_text_experiments\runs\poly4_krr_main5k\seed_44
mscoco,cosine,market_coreset_select,244,50,50,1.0,2.3944005966186523,-2.3944005966186523,6.592273962269246e-07,0.0050186431035399,0,baseline_feature,0,0,1,none,none,none,5000,1,1,5000,28000,1000,0.96003395318985,-4.0,0.0,4,top_quantile,0.0,,,,,,50.0,,1,baseline_coreset_all_distances_ctpt,good_count,50.0,,,,,,44,paper\main_text_experiments\runs\poly4_krr_main5k\seed_44
mscoco,cosine,market_badge_select,244,50,50,1.0,2.392288446426392,-2.392288446426392,6.091594855206495e-07,0.0051364544779062,0,baseline_model_based,1,0,1,none,none,none,5000,1,1,5000,28000,1000,0.96003395318985,-4.0,0.0,4,top_quantile,0.0,,,,,,50.0,,1,baseline_badge_components_poly4_ctpt,good_count,50.0,,,,,,44,paper\main_text_experiments\runs\poly4_krr_main5k\seed_44
mscoco,cosine,market_kmeans_center_select,244,50,10,0.2,-0.2750300168991089,0.2750300168991089,4.100799628758978e-07,-0.0009271994931623,0,baseline_feature,0,0,1,none,none,none,5000,1,1,5000,28000,1000,0.96003395318985,-4.0,0.0,4,top_quantile,0.0,,,,,5.0,,,1,baseline_kmeans_all_distances_ctpt,good_count,10.0,39.0,,,5.0,1.0,44,paper\main_text_experiments\runs\poly4_krr_main5k\seed_44
mscoco,cosine,market_typiclust_select,244,50,7,0.14,-0.8267442584037781,0.8267442584037781,2.1457672971791908e-08,-0.0013278630794957,1,baseline_feature,0,0,1,none,none,none,5000,1,1,5000,28000,1000,0.96003395318985,-4.0,0.0,4,top_quantile,0.0,,,,,3.0,,,1,baseline_typiclust_sqrt_poly4_ctpt,good_count,7.0,45.0,,,2.0,,44,paper\main_text_experiments\runs\poly4_krr_main5k\seed_44
mscoco,cosine,ours_kernel_ridge_student,244,50,38,0.76,3.1329421997070312,-3.1329421997070312,6.234645866243227e-07,0.0069208554923534,0,online_student,0,0,1,none,none,none,5000,1,1,5000,28000,1000,0.96003395318985,-4.0,0.0,4,top_quantile,0.0,,,,,,1.0,,1,ours_krr_row_exp_poly4_ctpt,good_count,38.0,,0.1066055297851562,0.96,27.0,22.0,44,paper\main_text_experiments\runs\poly4_krr_main5k\seed_44
mscoco,cosine,ours_sample_package_krr,244,50,27,0.54,2.2203235626220703,-2.2203235626220703,5.221367018748424e-07,0.0049277795478701,0,online_student,0,1,2,buyer_pca_synchronized_indices,mean_seller_phi_by_buyer_membership,reuse_buyer_package_membership,2500,2,2,2500,28000,1000,0.7175924181938171,-4.0,0.0,4,top_quantile,0.0,,,,1.0,,2.0,4.0,1,ours_krr_pkg_exp_poly4_ctpt,good_count,27.0,,0.0834379196166992,0.96,31.0,12.0,44,paper\main_text_experiments\runs\poly4_krr_main5k\seed_44
mscoco,all_average,market_random_select,244,50,3,0.06,-0.8708604574203491,0.8708604574203491,-1.0967254837623841e-07,-0.0011140981223434,1,baseline_feature,0,0,1,none,none,none,5000,1,1,5000,28000,1000,0.96003395318985,-4.0,0.0,4,top_quantile,0.0,,,,5.0,11.0,12.0,8.0,1,baseline_random_noop,good_count,3.0,5.0,,,9.0,,44,paper\main_text_experiments\runs\poly4_krr_main5k\seed_44
mscoco,all_average,market_cosine_select,244,50,50,1.0,3.770587205886841,-3.770587205886841,1.3160705520931517e-06,0.0067858342081308,0,baseline_feature,0,0,1,none,none,none,5000,1,1,5000,28000,1000,0.96003395318985,-4.0,0.0,4,top_quantile,0.0,,,,,,,,1,baseline_cosine_ctpt,good_count,50.0,,,,,50.0,44,paper\main_text_experiments\runs\poly4_krr_main5k\seed_44
mscoco,all_average,market_uncertainty_select,244,50,4,0.08,-0.7124511003494263,0.7124511003494263,-1.9431114139933925e-07,-0.0005170087097212,1,baseline_model_based,1,0,1,none,none,none,5000,1,1,5000,28000,1000,0.96003395318985,-4.0,0.0,4,top_quantile,0.0,,,,10.0,6.0,10.0,8.0,1,baseline_uncertainty_poly4_ctpt,good_count,4.0,6.0,,,9.0,1.0,44,paper\main_text_experiments\runs\poly4_krr_main5k\seed_44
mscoco,all_average,market_coreset_select,244,50,3,0.06,-0.7155178785324097,0.7155178785324097,-3.337860050578456e-07,-0.0001818988093873,1,baseline_feature,0,0,1,none,none,none,5000,1,1,5000,28000,1000,0.96003395318985,-4.0,0.0,4,top_quantile,0.0,,,,,,50.0,,1,baseline_coreset_all_distances_ctpt,good_count,3.0,,,,,,44,paper\main_text_experiments\runs\poly4_krr_main5k\seed_44
mscoco,all_average,market_badge_select,244,50,2,0.04,-0.7333114743232727,0.7333114743232727,-2.157688072657038e-07,-0.0005155414110049,1,baseline_model_based,1,0,1,none,none,none,5000,1,1,5000,28000,1000,0.96003395318985,-4.0,0.0,4,top_quantile,0.0,,,,,,50.0,,1,baseline_badge_components_poly4_ctpt,good_count,2.0,,,,,,44,paper\main_text_experiments\runs\poly4_krr_main5k\seed_44
mscoco,all_average,market_kmeans_center_select,244,50,0,0.0,-1.0535247325897217,1.0535247325897217,-5.29289252426679e-07,-0.0005319837364368,1,baseline_feature,0,0,1,none,none,none,5000,1,1,5000,28000,1000,0.96003395318985,-4.0,0.0,4,top_quantile,0.0,,,,,24.0,,,1,baseline_kmeans_all_distances_ctpt,good_count,0.0,26.0,,,,,44,paper\main_text_experiments\runs\poly4_krr_main5k\seed_44
mscoco,all_average,market_typiclust_select,244,50,0,0.0,-0.7830856442451477,0.7830856442451477,-1.621246354943651e-07,-0.0007696066168136,1,baseline_feature,0,0,1,none,none,none,5000,1,1,5000,28000,1000,0.96003395318985,-4.0,0.0,4,top_quantile,0.0,,,,,22.0,,,1,baseline_typiclust_sqrt_poly4_ctpt,good_count,0.0,28.0,,,,,44,paper\main_text_experiments\runs\poly4_krr_main5k\seed_44
mscoco,all_average,ours_kernel_ridge_student,244,50,47,0.94,3.3188998699188232,-3.3188998699188232,8.29696659820911e-07,0.0068710474297404,0,online_student,0,0,1,none,none,none,5000,1,1,5000,28000,1000,0.96003395318985,-4.0,0.0,4,top_quantile,0.0,,,,,,1.0,,1,ours_krr_row_exp_poly4_ctpt,good_count,47.0,,0.1066055297851562,0.98,11.0,38.0,44,paper\main_text_experiments\runs\poly4_krr_main5k\seed_44
mscoco,all_average,ours_sample_package_krr,244,50,45,0.9,3.047156572341919,-3.047156572341919,8.678436529407918e-07,0.0061097498983144,0,online_student,0,1,2,buyer_pca_synchronized_indices,mean_seller_phi_by_buyer_membership,reuse_buyer_package_membership,2500,2,2,2500,28000,1000,0.7175924181938171,-4.0,0.0,4,top_quantile,0.0,,,,9.0,,7.0,4.0,1,ours_krr_pkg_exp_poly4_ctpt,good_count,45.0,2.0,0.0723018646240234,0.92,12.0,16.0,44,paper\main_text_experiments\runs\poly4_krr_main5k\seed_44
